[2026-09-11 22:27:35.347] [info] Total 19754 configurations loaded.
[2026-09-11 22:27:35.348] [info] Total 84 rules loaded.
[2026-09-11 22:27:35.356] [info] Total 671 combined rules loaded.
[2026-09-11 22:27:35.423] [info] 0/11165
[2026-09-11 22:27:35.424] [info] 1/11165
[2026-09-11 22:27:35.424] [info] 2/11165
[2026-09-11 22:27:35.425] [info] 3/11165
[2026-09-11 22:27:35.425] [info] 4/11165
[2026-09-11 22:27:35.425] [info] 5/11165
[2026-09-11 22:27:35.426] [info] 6/11165
[2026-09-11 22:27:35.426] [info] 7/11165
[2026-09-11 22:27:35.427] [info] 8/11165
[2026-09-11 22:27:35.427] [info] 9/11165
[2026-09-11 22:27:35.427] [info] 10/11165
[2026-09-11 22:27:35.428] [info] 11/11165
[2026-09-11 22:27:35.428] [info] 12/11165
[2026-09-11 22:27:35.429] [info] 13/11165
[2026-09-11 22:27:35.429] [info] 14/11165
[2026-09-11 22:27:35.430] [info] 15/11165
[2026-09-11 22:27:35.430] [info] 16/11165
[2026-09-11 22:27:35.430] [info] 17/11165
[2026-09-11 22:27:35.431] [info] 18/11165
[2026-09-11 22:27:35.431] [info] 19/11165
[2026-09-11 22:27:35.431] [info] 20/11165
[2026-09-11 22:27:35.432] [info] 21/11165
[2026-09-11 22:27:35.432] [info] 22/11165
[2026-09-11 22:27:35.433] [info] 23/11165
[2026-09-11 22:27:35.433] [info] 24/11165
[2026-09-11 22:27:35.433] [info] 25/11165
[2026-09-11 22:27:35.434] [info] 26/11165
[2026-09-11 22:27:35.434] [info] 27/11165
[2026-09-11 22:27:35.435] [info] 28/11165
[2026-09-11 22:27:35.435] [info] 29/11165
[2026-09-11 22:27:35.435] [info] 30/11165
[2026-09-11 22:27:35.436] [info] 31/11165
[2026-09-11 22:27:35.436] [info] 32/11165
[2026-09-11 22:27:35.437] [info] 33/11165
[2026-09-11 22:27:35.437] [info] 34/11165
[2026-09-11 22:27:35.437] [info] 35/11165
[2026-09-11 22:27:35.438] [info] 36/11165
[2026-09-11 22:27:35.438] [info] 37/11165
[2026-09-11 22:27:35.439] [info] 38/11165
[2026-09-11 22:27:35.439] [info] 39/11165
[2026-09-11 22:27:35.439] [info] 40/11165
[2026-09-11 22:27:35.440] [info] 41/11165
[2026-09-11 22:27:35.440] [info] 42/11165
[2026-09-11 22:27:35.441] [info] 43/11165
[2026-09-11 22:27:35.441] [info] 44/11165
[2026-09-11 22:27:35.441] [info] 45/11165
[2026-09-11 22:27:35.442] [info] 46/11165
[2026-09-11 22:27:35.442] [info] 47/11165
[2026-09-11 22:27:35.443] [info] 48/11165
[2026-09-11 22:27:35.443] [info] 49/11165
[2026-09-11 22:27:35.444] [info] 50/11165
[2026-09-11 22:27:35.444] [info] 51/11165
[2026-09-11 22:27:35.445] [info] 52/11165
[2026-09-11 22:27:35.445] [info] 53/11165
[2026-09-11 22:27:35.445] [info] 54/11165
[2026-09-11 22:27:35.446] [info] 55/11165
[2026-09-11 22:27:35.446] [info] 56/11165
[2026-09-11 22:27:35.447] [info] 57/11165
[2026-09-11 22:27:35.447] [info] 58/11165
[2026-09-11 22:27:35.447] [info] 59/11165
[2026-09-11 22:27:35.448] [info] 60/11165
[2026-09-11 22:27:35.448] [info] 61/11165
[2026-09-11 22:27:35.449] [info] 62/11165
[2026-09-11 22:27:35.449] [info] 63/11165
[2026-09-11 22:27:35.449] [info] 64/11165
[2026-09-11 22:27:35.450] [info] 65/11165
[2026-09-11 22:27:35.450] [info] 66/11165
[2026-09-11 22:27:35.451] [info] 67/11165
[2026-09-11 22:27:35.451] [info] 68/11165
[2026-09-11 22:27:35.451] [info] 69/11165
[2026-09-11 22:27:35.452] [info] 70/11165
[2026-09-11 22:27:35.452] [info] 71/11165
[2026-09-11 22:27:35.453] [info] 72/11165
[2026-09-11 22:27:35.453] [info] 73/11165
[2026-09-11 22:27:35.453] [info] 74/11165
[2026-09-11 22:27:35.454] [info] 75/11165
[2026-09-11 22:27:35.454] [info] 76/11165
[2026-09-11 22:27:35.455] [info] 77/11165
[2026-09-11 22:27:35.455] [info] 78/11165
[2026-09-11 22:27:35.455] [info] 79/11165
[2026-09-11 22:27:35.456] [info] 80/11165
[2026-09-11 22:27:35.456] [info] 81/11165
[2026-09-11 22:27:35.456] [info] 82/11165
[2026-09-11 22:27:35.457] [info] 83/11165
[2026-09-11 22:27:35.457] [info] 84/11165
[2026-09-11 22:27:35.458] [info] 85/11165
[2026-09-11 22:27:35.458] [info] 86/11165
[2026-09-11 22:27:35.458] [info] 87/11165
[2026-09-11 22:27:35.459] [info] 88/11165
[2026-09-11 22:27:35.459] [info] 89/11165
[2026-09-11 22:27:35.459] [info] 90/11165
[2026-09-11 22:27:35.460] [info] 91/11165
[2026-09-11 22:27:35.460] [info] 92/11165
[2026-09-11 22:27:35.461] [info] 93/11165
[2026-09-11 22:27:35.461] [info] 94/11165
[2026-09-11 22:27:35.461] [info] 95/11165
[2026-09-11 22:27:35.462] [info] 96/11165
[2026-09-11 22:27:35.462] [info] 97/11165
[2026-09-11 22:27:35.463] [info] 98/11165
[2026-09-11 22:27:35.463] [info] 99/11165
[2026-09-11 22:27:35.463] [info] 100/11165
[2026-09-11 22:27:35.464] [info] 101/11165
[2026-09-11 22:27:35.464] [info] 102/11165
[2026-09-11 22:27:35.465] [info] 103/11165
[2026-09-11 22:27:35.465] [info] 104/11165
[2026-09-11 22:27:35.466] [info] 105/11165
[2026-09-11 22:27:35.467] [info] 106/11165
[2026-09-11 22:27:35.468] [info] 107/11165
[2026-09-11 22:27:35.470] [info] 108/11165
[2026-09-11 22:27:35.470] [info] 109/11165
[2026-09-11 22:27:35.472] [info] 110/11165
[2026-09-11 22:27:35.474] [info] 111/11165
[2026-09-11 22:27:35.476] [info] 112/11165
[2026-09-11 22:27:35.477] [info] 113/11165
[2026-09-11 22:27:35.478] [info] 114/11165
[2026-09-11 22:27:35.480] [info] 115/11165
[2026-09-11 22:27:35.481] [info] 116/11165
[2026-09-11 22:27:35.481] [info] 117/11165
[2026-09-11 22:27:35.482] [info] 118/11165
[2026-09-11 22:27:35.483] [info] 119/11165
[2026-09-11 22:27:35.484] [info] 120/11165
[2026-09-11 22:27:35.485] [info] 121/11165
[2026-09-11 22:27:35.485] [info] 122/11165
[2026-09-11 22:27:35.488] [info] 123/11165
[2026-09-11 22:27:35.490] [info] 124/11165
[2026-09-11 22:27:35.490] [info] 125/11165
[2026-09-11 22:27:35.491] [info] 126/11165
[2026-09-11 22:27:35.496] [info] 127/11165
[2026-09-11 22:27:35.498] [info] 128/11165
[2026-09-11 22:27:35.500] [info] 129/11165
[2026-09-11 22:27:35.503] [info] 130/11165
[2026-09-11 22:27:35.510] [info] 131/11165
[2026-09-11 22:27:35.514] [info] 132/11165
[2026-09-11 22:27:35.517] [info] 133/11165
[2026-09-11 22:27:35.520] [info] 134/11165
[2026-09-11 22:27:35.524] [info] 135/11165
[2026-09-11 22:27:35.527] [info] 136/11165
[2026-09-11 22:27:35.529] [info] 137/11165
[2026-09-11 22:27:35.530] [info] 138/11165
[2026-09-11 22:27:35.533] [info] 139/11165
[2026-09-11 22:27:35.535] [info] 140/11165
[2026-09-11 22:27:35.536] [info] 141/11165
[2026-09-11 22:27:35.537] [info] 142/11165
[2026-09-11 22:27:35.542] [info] 143/11165
[2026-09-11 22:27:35.546] [info] 144/11165
[2026-09-11 22:27:35.549] [info] 145/11165
[2026-09-11 22:27:35.553] [info] 146/11165
[2026-09-11 22:27:35.558] [info] 147/11165
[2026-09-11 22:27:35.562] [info] 148/11165
[2026-09-11 22:27:35.566] [info] 149/11165
[2026-09-11 22:27:35.572] [info] 150/11165
[2026-09-11 22:27:35.580] [info] 151/11165
[2026-09-11 22:27:35.587] [info] 152/11165
[2026-09-11 22:27:35.593] [info] 153/11165
[2026-09-11 22:27:35.597] [info] 154/11165
[2026-09-11 22:27:35.603] [info] 155/11165
[2026-09-11 22:27:35.607] [info] 156/11165
[2026-09-11 22:27:35.611] [info] 157/11165
[2026-09-11 22:27:35.614] [info] 158/11165
[2026-09-11 22:27:35.619] [info] 159/11165
[2026-09-11 22:27:35.622] [info] 160/11165
[2026-09-11 22:27:35.625] [info] 161/11165
[2026-09-11 22:27:35.626] [info] 162/11165
[2026-09-11 22:27:35.630] [info] 163/11165
[2026-09-11 22:27:35.632] [info] 164/11165
[2026-09-11 22:27:35.634] [info] 165/11165
[2026-09-11 22:27:35.637] [info] 166/11165
[2026-09-11 22:27:35.641] [info] 167/11165
[2026-09-11 22:27:35.644] [info] 168/11165
[2026-09-11 22:27:35.646] [info] 169/11165
[2026-09-11 22:27:35.650] [info] 170/11165
[2026-09-11 22:27:35.657] [info] 171/11165
[2026-09-11 22:27:35.662] [info] 172/11165
[2026-09-11 22:27:35.666] [info] 173/11165
[2026-09-11 22:27:35.668] [info] 174/11165
[2026-09-11 22:27:35.673] [info] 175/11165
[2026-09-11 22:27:35.676] [info] 176/11165
[2026-09-11 22:27:35.678] [info] 177/11165
[2026-09-11 22:27:35.680] [info] 178/11165
[2026-09-11 22:27:35.684] [info] 179/11165
[2026-09-11 22:27:35.686] [info] 180/11165
[2026-09-11 22:27:35.688] [info] 181/11165
[2026-09-11 22:27:35.688] [info] 182/11165
[2026-09-11 22:27:35.691] [info] 183/11165
[2026-09-11 22:27:35.693] [info] 184/11165
[2026-09-11 22:27:35.694] [info] 185/11165
[2026-09-11 22:27:35.695] [info] 186/11165
[2026-09-11 22:27:35.698] [info] 187/11165
[2026-09-11 22:27:35.700] [info] 188/11165
[2026-09-11 22:27:35.701] [info] 189/11165
[2026-09-11 22:27:35.704] [info] 190/11165
[2026-09-11 22:27:35.709] [info] 191/11165
[2026-09-11 22:27:35.713] [info] 192/11165
[2026-09-11 22:27:35.715] [info] 193/11165
[2026-09-11 22:27:35.717] [info] 194/11165
[2026-09-11 22:27:35.721] [info] 195/11165
[2026-09-11 22:27:35.723] [info] 196/11165
[2026-09-11 22:27:35.725] [info] 197/11165
[2026-09-11 22:27:35.726] [info] 198/11165
[2026-09-11 22:27:35.728] [info] 199/11165
[2026-09-11 22:27:35.730] [info] 200/11165
[2026-09-11 22:27:35.730] [info] 201/11165
[2026-09-11 22:27:35.731] [info] 202/11165
[2026-09-11 22:27:35.735] [info] 203/11165
[2026-09-11 22:27:35.739] [info] 204/11165
[2026-09-11 22:27:35.742] [info] 205/11165
[2026-09-11 22:27:35.744] [info] 206/11165
[2026-09-11 22:27:35.749] [info] 207/11165
[2026-09-11 22:27:35.753] [info] 208/11165
[2026-09-11 22:27:35.756] [info] 209/11165
[2026-09-11 22:27:35.760] [info] 210/11165
[2026-09-11 22:27:35.768] [info] 211/11165
[2026-09-11 22:27:35.774] [info] 212/11165
[2026-09-11 22:27:35.778] [info] 213/11165
[2026-09-11 22:27:35.782] [info] 214/11165
[2026-09-11 22:27:35.787] [info] 215/11165
[2026-09-11 22:27:35.791] [info] 216/11165
[2026-09-11 22:27:35.795] [info] 217/11165
[2026-09-11 22:27:35.798] [info] 218/11165
[2026-09-11 22:27:35.802] [info] 219/11165
[2026-09-11 22:27:35.805] [info] 220/11165
[2026-09-11 22:27:35.808] [info] 221/11165
[2026-09-11 22:27:35.809] [info] 222/11165
[2026-09-11 22:27:35.814] [info] 223/11165
[2026-09-11 22:27:35.818] [info] 224/11165
[2026-09-11 22:27:35.821] [info] 225/11165
[2026-09-11 22:27:35.825] [info] 226/11165
[2026-09-11 22:27:35.830] [info] 227/11165
[2026-09-11 22:27:35.834] [info] 228/11165
[2026-09-11 22:27:35.837] [info] 229/11165
[2026-09-11 22:27:35.843] [info] 230/11165
[2026-09-11 22:27:35.851] [info] 231/11165
[2026-09-11 22:27:35.857] [info] 232/11165
[2026-09-11 22:27:35.861] [info] 233/11165
[2026-09-11 22:27:35.865] [info] 234/11165
[2026-09-11 22:27:35.871] [info] 235/11165
[2026-09-11 22:27:35.876] [info] 236/11165
[2026-09-11 22:27:35.880] [info] 237/11165
[2026-09-11 22:27:35.883] [info] 238/11165
[2026-09-11 22:27:35.888] [info] 239/11165
[2026-09-11 22:27:35.891] [info] 240/11165
[2026-09-11 22:27:35.894] [info] 241/11165
[2026-09-11 22:27:35.897] [info] 242/11165
[2026-09-11 22:27:35.904] [info] 243/11165
[2026-09-11 22:27:35.911] [info] 244/11165
[2026-09-11 22:27:35.916] [info] 245/11165
[2026-09-11 22:27:35.922] [info] 246/11165
[2026-09-11 22:27:35.930] [info] 247/11165
[2026-09-11 22:27:35.937] [info] 248/11165
[2026-09-11 22:27:35.942] [info] 249/11165
[2026-09-11 22:27:35.951] [info] 250/11165
[2026-09-11 22:27:35.962] [info] 251/11165
[2026-09-11 22:27:35.971] [info] 252/11165
[2026-09-11 22:27:35.979] [info] 253/11165
[2026-09-11 22:27:35.986] [info] 254/11165
[2026-09-11 22:27:35.994] [info] 255/11165
[2026-09-11 22:27:36.001] [info] 256/11165
[2026-09-11 22:27:36.008] [info] 257/11165
[2026-09-11 22:27:36.013] [info] 258/11165
[2026-09-11 22:27:36.020] [info] 259/11165
[2026-09-11 22:27:36.026] [info] 260/11165
[2026-09-11 22:27:36.031] [info] 261/11165
[2026-09-11 22:27:36.033] [info] 262/11165
[2026-09-11 22:27:36.038] [info] 263/11165
[2026-09-11 22:27:36.043] [info] 264/11165
[2026-09-11 22:27:36.046] [info] 265/11165
[2026-09-11 22:27:36.050] [info] 266/11165
[2026-09-11 22:27:36.056] [info] 267/11165
[2026-09-11 22:27:36.061] [info] 268/11165
[2026-09-11 22:27:36.065] [info] 269/11165
[2026-09-11 22:27:36.071] [info] 270/11165
[2026-09-11 22:27:36.079] [info] 271/11165
[2026-09-11 22:27:36.085] [info] 272/11165
[2026-09-11 22:27:36.091] [info] 273/11165
[2026-09-11 22:27:36.095] [info] 274/11165
[2026-09-11 22:27:36.102] [info] 275/11165
[2026-09-11 22:27:36.106] [info] 276/11165
[2026-09-11 22:27:36.110] [info] 277/11165
[2026-09-11 22:27:36.114] [info] 278/11165
[2026-09-11 22:27:36.119] [info] 279/11165
[2026-09-11 22:27:36.123] [info] 280/11165
[2026-09-11 22:27:36.127] [info] 281/11165
[2026-09-11 22:27:36.128] [info] 282/11165
[2026-09-11 22:27:36.133] [info] 283/11165
[2026-09-11 22:27:36.137] [info] 284/11165
[2026-09-11 22:27:36.139] [info] 285/11165
[2026-09-11 22:27:36.142] [info] 286/11165
[2026-09-11 22:27:36.147] [info] 287/11165
[2026-09-11 22:27:36.150] [info] 288/11165
[2026-09-11 22:27:36.153] [info] 289/11165
[2026-09-11 22:27:36.157] [info] 290/11165
[2026-09-11 22:27:36.164] [info] 291/11165
[2026-09-11 22:27:36.169] [info] 292/11165
[2026-09-11 22:27:36.173] [info] 293/11165
[2026-09-11 22:27:36.177] [info] 294/11165
[2026-09-11 22:27:36.182] [info] 295/11165
[2026-09-11 22:27:36.186] [info] 296/11165
[2026-09-11 22:27:36.189] [info] 297/11165
[2026-09-11 22:27:36.191] [info] 298/11165
[2026-09-11 22:27:36.195] [info] 299/11165
[2026-09-11 22:27:36.198] [info] 300/11165
[2026-09-11 22:27:36.201] [info] 301/11165
[2026-09-11 22:27:36.201] [info] 302/11165
[2026-09-11 22:27:36.205] [info] 303/11165
[2026-09-11 22:27:36.207] [info] 304/11165
[2026-09-11 22:27:36.208] [info] 305/11165
[2026-09-11 22:27:36.210] [info] 306/11165
[2026-09-11 22:27:36.214] [info] 307/11165
[2026-09-11 22:27:36.217] [info] 308/11165
[2026-09-11 22:27:36.218] [info] 309/11165
[2026-09-11 22:27:36.222] [info] 310/11165
[2026-09-11 22:27:36.229] [info] 311/11165
[2026-09-11 22:27:36.233] [info] 312/11165
[2026-09-11 22:27:36.237] [info] 313/11165
[2026-09-11 22:27:36.239] [info] 314/11165
[2026-09-11 22:27:36.244] [info] 315/11165
[2026-09-11 22:27:36.247] [info] 316/11165
[2026-09-11 22:27:36.249] [info] 317/11165
[2026-09-11 22:27:36.251] [info] 318/11165
[2026-09-11 22:27:36.254] [info] 319/11165
[2026-09-11 22:27:36.256] [info] 320/11165
[2026-09-11 22:27:36.257] [info] 321/11165
[2026-09-11 22:27:36.258] [info] 322/11165
[2026-09-11 22:27:36.262] [info] 323/11165
[2026-09-11 22:27:36.265] [info] 324/11165
[2026-09-11 22:27:36.267] [info] 325/11165
[2026-09-11 22:27:36.269] [info] 326/11165
[2026-09-11 22:27:36.273] [info] 327/11165
[2026-09-11 22:27:36.276] [info] 328/11165
[2026-09-11 22:27:36.278] [info] 329/11165
[2026-09-11 22:27:36.283] [info] 330/11165
[2026-09-11 22:27:36.290] [info] 331/11165
[2026-09-11 22:27:36.294] [info] 332/11165
[2026-09-11 22:27:36.298] [info] 333/11165
[2026-09-11 22:27:36.301] [info] 334/11165
[2026-09-11 22:27:36.306] [info] 335/11165
[2026-09-11 22:27:36.309] [info] 336/11165
[2026-09-11 22:27:36.312] [info] 337/11165
[2026-09-11 22:27:36.314] [info] 338/11165
[2026-09-11 22:27:36.317] [info] 339/11165
[2026-09-11 22:27:36.320] [info] 340/11165
[2026-09-11 22:27:36.322] [info] 341/11165
[2026-09-11 22:27:36.323] [info] 342/11165
[2026-09-11 22:27:36.329] [info] 343/11165
[2026-09-11 22:27:36.334] [info] 344/11165
[2026-09-11 22:27:36.338] [info] 345/11165
[2026-09-11 22:27:36.342] [info] 346/11165
[2026-09-11 22:27:36.348] [info] 347/11165
[2026-09-11 22:27:36.353] [info] 348/11165
[2026-09-11 22:27:36.357] [info] 349/11165
[2026-09-11 22:27:36.364] [info] 350/11165
[2026-09-11 22:27:36.375] [info] 351/11165
[2026-09-11 22:27:36.375] [info] 352/11165
[2026-09-11 22:27:36.376] [info] 353/11165
[2026-09-11 22:27:36.383] [info] 354/11165
[2026-09-11 22:27:36.393] [info] 355/11165
[2026-09-11 22:27:36.393] [info] 356/11165
[2026-09-11 22:27:36.393] [info] 357/11165
[2026-09-11 22:27:36.400] [info] 358/11165
[2026-09-11 22:27:36.406] [info] 359/11165
[2026-09-11 22:27:36.407] [info] 360/11165
[2026-09-11 22:27:36.407] [info] 361/11165
[2026-09-11 22:27:36.408] [info] 362/11165
[2026-09-11 22:27:36.413] [info] 363/11165
[2026-09-11 22:27:36.416] [info] 364/11165
[2026-09-11 22:27:36.418] [info] 365/11165
[2026-09-11 22:27:36.421] [info] 366/11165
[2026-09-11 22:27:36.425] [info] 367/11165
[2026-09-11 22:27:36.429] [info] 368/11165
[2026-09-11 22:27:36.431] [info] 369/11165
[2026-09-11 22:27:36.436] [info] 370/11165
[2026-09-11 22:27:36.443] [info] 371/11165
[2026-09-11 22:27:36.444] [info] 372/11165
[2026-09-11 22:27:36.444] [info] 373/11165
[2026-09-11 22:27:36.447] [info] 374/11165
[2026-09-11 22:27:36.452] [info] 375/11165
[2026-09-11 22:27:36.452] [info] 376/11165
[2026-09-11 22:27:36.453] [info] 377/11165
[2026-09-11 22:27:36.455] [info] 378/11165
[2026-09-11 22:27:36.459] [info] 379/11165
[2026-09-11 22:27:36.459] [info] 380/11165
[2026-09-11 22:27:36.459] [info] 381/11165
[2026-09-11 22:27:36.460] [info] 382/11165
[2026-09-11 22:27:36.464] [info] 383/11165
[2026-09-11 22:27:36.466] [info] 384/11165
[2026-09-11 22:27:36.467] [info] 385/11165
[2026-09-11 22:27:36.469] [info] 386/11165
[2026-09-11 22:27:36.473] [info] 387/11165
[2026-09-11 22:27:36.475] [info] 388/11165
[2026-09-11 22:27:36.476] [info] 389/11165
[2026-09-11 22:27:36.479] [info] 390/11165
[2026-09-11 22:27:36.485] [info] 391/11165
[2026-09-11 22:27:36.486] [info] 392/11165
[2026-09-11 22:27:36.486] [info] 393/11165
[2026-09-11 22:27:36.488] [info] 394/11165
[2026-09-11 22:27:36.493] [info] 395/11165
[2026-09-11 22:27:36.493] [info] 396/11165
[2026-09-11 22:27:36.493] [info] 397/11165
[2026-09-11 22:27:36.495] [info] 398/11165
[2026-09-11 22:27:36.498] [info] 399/11165
[2026-09-11 22:27:36.498] [info] 400/11165
[2026-09-11 22:27:36.499] [info] 401/11165
[2026-09-11 22:27:36.499] [info] 402/11165
[2026-09-11 22:27:36.502] [info] 403/11165
[2026-09-11 22:27:36.503] [info] 404/11165
[2026-09-11 22:27:36.504] [info] 405/11165
[2026-09-11 22:27:36.505] [info] 406/11165
[2026-09-11 22:27:36.508] [info] 407/11165
[2026-09-11 22:27:36.510] [info] 408/11165
[2026-09-11 22:27:36.510] [info] 409/11165
[2026-09-11 22:27:36.514] [info] 410/11165
[2026-09-11 22:27:36.519] [info] 411/11165
[2026-09-11 22:27:36.523] [info] 412/11165
[2026-09-11 22:27:36.525] [info] 413/11165
[2026-09-11 22:27:36.527] [info] 414/11165
[2026-09-11 22:27:36.531] [info] 415/11165
[2026-09-11 22:27:36.533] [info] 416/11165
[2026-09-11 22:27:36.534] [info] 417/11165
[2026-09-11 22:27:36.535] [info] 418/11165
[2026-09-11 22:27:36.537] [info] 419/11165
[2026-09-11 22:27:36.539] [info] 420/11165
[2026-09-11 22:27:36.539] [info] 421/11165
[2026-09-11 22:27:36.540] [info] 422/11165
[2026-09-11 22:27:36.543] [info] 423/11165
[2026-09-11 22:27:36.544] [info] 424/11165
[2026-09-11 22:27:36.545] [info] 425/11165
[2026-09-11 22:27:36.546] [info] 426/11165
[2026-09-11 22:27:36.550] [info] 427/11165
[2026-09-11 22:27:36.552] [info] 428/11165
[2026-09-11 22:27:36.553] [info] 429/11165
[2026-09-11 22:27:36.556] [info] 430/11165
[2026-09-11 22:27:36.562] [info] 431/11165
[2026-09-11 22:27:36.566] [info] 432/11165
[2026-09-11 22:27:36.569] [info] 433/11165
[2026-09-11 22:27:36.571] [info] 434/11165
[2026-09-11 22:27:36.575] [info] 435/11165
[2026-09-11 22:27:36.577] [info] 436/11165
[2026-09-11 22:27:36.579] [info] 437/11165
[2026-09-11 22:27:36.580] [info] 438/11165
[2026-09-11 22:27:36.582] [info] 439/11165
[2026-09-11 22:27:36.582] [info] 440/11165
[2026-09-11 22:27:36.583] [info] 441/11165
[2026-09-11 22:27:36.584] [info] 442/11165
[2026-09-11 22:27:36.588] [info] 443/11165
[2026-09-11 22:27:36.592] [info] 444/11165
[2026-09-11 22:27:36.594] [info] 445/11165
[2026-09-11 22:27:36.597] [info] 446/11165
[2026-09-11 22:27:36.602] [info] 447/11165
[2026-09-11 22:27:36.605] [info] 448/11165
[2026-09-11 22:27:36.608] [info] 449/11165
[2026-09-11 22:27:36.614] [info] 450/11165
[2026-09-11 22:27:36.622] [info] 451/11165
[2026-09-11 22:27:36.622] [info] 452/11165
[2026-09-11 22:27:36.622] [info] 453/11165
[2026-09-11 22:27:36.626] [info] 454/11165
[2026-09-11 22:27:36.632] [info] 455/11165
[2026-09-11 22:27:36.632] [info] 456/11165
[2026-09-11 22:27:36.632] [info] 457/11165
[2026-09-11 22:27:36.635] [info] 458/11165
[2026-09-11 22:27:36.639] [info] 459/11165
[2026-09-11 22:27:36.639] [info] 460/11165
[2026-09-11 22:27:36.639] [info] 461/11165
[2026-09-11 22:27:36.640] [info] 462/11165
[2026-09-11 22:27:36.644] [info] 463/11165
[2026-09-11 22:27:36.646] [info] 464/11165
[2026-09-11 22:27:36.647] [info] 465/11165
[2026-09-11 22:27:36.649] [info] 466/11165
[2026-09-11 22:27:36.653] [info] 467/11165
[2026-09-11 22:27:36.655] [info] 468/11165
[2026-09-11 22:27:36.657] [info] 469/11165
[2026-09-11 22:27:36.661] [info] 470/11165
[2026-09-11 22:27:36.667] [info] 471/11165
[2026-09-11 22:27:36.667] [info] 472/11165
[2026-09-11 22:27:36.668] [info] 473/11165
[2026-09-11 22:27:36.670] [info] 474/11165
[2026-09-11 22:27:36.674] [info] 475/11165
[2026-09-11 22:27:36.674] [info] 476/11165
[2026-09-11 22:27:36.675] [info] 477/11165
[2026-09-11 22:27:36.676] [info] 478/11165
[2026-09-11 22:27:36.679] [info] 479/11165
[2026-09-11 22:27:36.680] [info] 480/11165
[2026-09-11 22:27:36.680] [info] 481/11165
[2026-09-11 22:27:36.680] [info] 482/11165
[2026-09-11 22:27:36.683] [info] 483/11165
[2026-09-11 22:27:36.685] [info] 484/11165
[2026-09-11 22:27:36.685] [info] 485/11165
[2026-09-11 22:27:36.686] [info] 486/11165
[2026-09-11 22:27:36.689] [info] 487/11165
[2026-09-11 22:27:36.691] [info] 488/11165
[2026-09-11 22:27:36.691] [info] 489/11165
[2026-09-11 22:27:36.694] [info] 490/11165
[2026-09-11 22:27:36.699] [info] 491/11165
[2026-09-11 22:27:36.700] [info] 492/11165
[2026-09-11 22:27:36.700] [info] 493/11165
[2026-09-11 22:27:36.702] [info] 494/11165
[2026-09-11 22:27:36.705] [info] 495/11165
[2026-09-11 22:27:36.706] [info] 496/11165
[2026-09-11 22:27:36.706] [info] 497/11165
[2026-09-11 22:27:36.707] [info] 498/11165
[2026-09-11 22:27:36.709] [info] 499/11165
[2026-09-11 22:27:36.709] [info] 500/11165
[2026-09-11 22:27:36.710] [info] 501/11165
[2026-09-11 22:27:36.710] [info] 502/11165
[2026-09-11 22:27:36.711] [info] 503/11165
[2026-09-11 22:27:36.711] [info] 504/11165
[2026-09-11 22:27:36.712] [info] 505/11165
[2026-09-11 22:27:36.712] [info] 506/11165
[2026-09-11 22:27:36.713] [info] 507/11165
[2026-09-11 22:27:36.713] [info] 508/11165
[2026-09-11 22:27:36.714] [info] 509/11165
[2026-09-11 22:27:36.714] [info] 510/11165
[2026-09-11 22:27:36.715] [info] 511/11165
[2026-09-11 22:27:36.715] [info] 512/11165
[2026-09-11 22:27:36.716] [info] 513/11165
[2026-09-11 22:27:36.716] [info] 514/11165
[2026-09-11 22:27:36.717] [info] 515/11165
[2026-09-11 22:27:36.717] [info] 516/11165
[2026-09-11 22:27:36.717] [info] 517/11165
[2026-09-11 22:27:36.718] [info] 518/11165
[2026-09-11 22:27:36.721] [info] 519/11165
[2026-09-11 22:27:36.722] [info] 520/11165
[2026-09-11 22:27:36.723] [info] 521/11165
[2026-09-11 22:27:36.724] [info] 522/11165
[2026-09-11 22:27:36.728] [info] 523/11165
[2026-09-11 22:27:36.730] [info] 524/11165
[2026-09-11 22:27:36.731] [info] 525/11165
[2026-09-11 22:27:36.735] [info] 526/11165
[2026-09-11 22:27:36.741] [info] 527/11165
[2026-09-11 22:27:36.745] [info] 528/11165
[2026-09-11 22:27:36.748] [info] 529/11165
[2026-09-11 22:27:36.751] [info] 530/11165
[2026-09-11 22:27:36.755] [info] 531/11165
[2026-09-11 22:27:36.758] [info] 532/11165
[2026-09-11 22:27:36.760] [info] 533/11165
[2026-09-11 22:27:36.761] [info] 534/11165
[2026-09-11 22:27:36.764] [info] 535/11165
[2026-09-11 22:27:36.765] [info] 536/11165
[2026-09-11 22:27:36.766] [info] 537/11165
[2026-09-11 22:27:36.768] [info] 538/11165
[2026-09-11 22:27:36.773] [info] 539/11165
[2026-09-11 22:27:36.777] [info] 540/11165
[2026-09-11 22:27:36.780] [info] 541/11165
[2026-09-11 22:27:36.784] [info] 542/11165
[2026-09-11 22:27:36.789] [info] 543/11165
[2026-09-11 22:27:36.793] [info] 544/11165
[2026-09-11 22:27:36.797] [info] 545/11165
[2026-09-11 22:27:36.803] [info] 546/11165
[2026-09-11 22:27:36.812] [info] 547/11165
[2026-09-11 22:27:36.819] [info] 548/11165
[2026-09-11 22:27:36.825] [info] 549/11165
[2026-09-11 22:27:36.829] [info] 550/11165
[2026-09-11 22:27:36.835] [info] 551/11165
[2026-09-11 22:27:36.840] [info] 552/11165
[2026-09-11 22:27:36.844] [info] 553/11165
[2026-09-11 22:27:36.847] [info] 554/11165
[2026-09-11 22:27:36.851] [info] 555/11165
[2026-09-11 22:27:36.854] [info] 556/11165
[2026-09-11 22:27:36.857] [info] 557/11165
[2026-09-11 22:27:36.858] [info] 558/11165
[2026-09-11 22:27:36.862] [info] 559/11165
[2026-09-11 22:27:36.865] [info] 560/11165
[2026-09-11 22:27:36.866] [info] 561/11165
[2026-09-11 22:27:36.869] [info] 562/11165
[2026-09-11 22:27:36.873] [info] 563/11165
[2026-09-11 22:27:36.876] [info] 564/11165
[2026-09-11 22:27:36.878] [info] 565/11165
[2026-09-11 22:27:36.882] [info] 566/11165
[2026-09-11 22:27:36.889] [info] 567/11165
[2026-09-11 22:27:36.894] [info] 568/11165
[2026-09-11 22:27:36.898] [info] 569/11165
[2026-09-11 22:27:36.900] [info] 570/11165
[2026-09-11 22:27:36.905] [info] 571/11165
[2026-09-11 22:27:36.908] [info] 572/11165
[2026-09-11 22:27:36.910] [info] 573/11165
[2026-09-11 22:27:36.912] [info] 574/11165
[2026-09-11 22:27:36.915] [info] 575/11165
[2026-09-11 22:27:36.917] [info] 576/11165
[2026-09-11 22:27:36.919] [info] 577/11165
[2026-09-11 22:27:36.920] [info] 578/11165
[2026-09-11 22:27:36.923] [info] 579/11165
[2026-09-11 22:27:36.924] [info] 580/11165
[2026-09-11 22:27:36.925] [info] 581/11165
[2026-09-11 22:27:36.926] [info] 582/11165
[2026-09-11 22:27:36.930] [info] 583/11165
[2026-09-11 22:27:36.932] [info] 584/11165
[2026-09-11 22:27:36.933] [info] 585/11165
[2026-09-11 22:27:36.936] [info] 586/11165
[2026-09-11 22:27:36.941] [info] 587/11165
[2026-09-11 22:27:36.945] [info] 588/11165
[2026-09-11 22:27:36.948] [info] 589/11165
[2026-09-11 22:27:36.949] [info] 590/11165
[2026-09-11 22:27:36.953] [info] 591/11165
[2026-09-11 22:27:36.955] [info] 592/11165
[2026-09-11 22:27:36.957] [info] 593/11165
[2026-09-11 22:27:36.958] [info] 594/11165
[2026-09-11 22:27:36.961] [info] 595/11165
[2026-09-11 22:27:36.962] [info] 596/11165
[2026-09-11 22:27:36.963] [info] 597/11165
[2026-09-11 22:27:36.965] [info] 598/11165
[2026-09-11 22:27:36.966] [info] 599/11165
[2026-09-11 22:27:36.967] [info] 600/11165
[2026-09-11 22:27:36.968] [info] 601/11165
[2026-09-11 22:27:36.971] [info] 602/11165
[2026-09-11 22:27:36.972] [info] 603/11165
[2026-09-11 22:27:36.973] [info] 604/11165
[2026-09-11 22:27:36.975] [info] 605/11165
[2026-09-11 22:27:36.979] [info] 606/11165
[2026-09-11 22:27:36.982] [info] 607/11165
[2026-09-11 22:27:36.984] [info] 608/11165
[2026-09-11 22:27:36.985] [info] 609/11165
[2026-09-11 22:27:36.988] [info] 610/11165
[2026-09-11 22:27:36.990] [info] 611/11165
[2026-09-11 22:27:36.991] [info] 612/11165
[2026-09-11 22:27:36.992] [info] 613/11165
[2026-09-11 22:27:36.994] [info] 614/11165
[2026-09-11 22:27:36.995] [info] 615/11165
[2026-09-11 22:27:36.996] [info] 616/11165
[2026-09-11 22:27:36.997] [info] 617/11165
[2026-09-11 22:27:37.001] [info] 618/11165
[2026-09-11 22:27:37.003] [info] 619/11165
[2026-09-11 22:27:37.004] [info] 620/11165
[2026-09-11 22:27:37.005] [info] 621/11165
[2026-09-11 22:27:37.009] [info] 622/11165
[2026-09-11 22:27:37.011] [info] 623/11165
[2026-09-11 22:27:37.013] [info] 624/11165
[2026-09-11 22:27:37.017] [info] 625/11165
[2026-09-11 22:27:37.023] [info] 626/11165
[2026-09-11 22:27:37.027] [info] 627/11165
[2026-09-11 22:27:37.031] [info] 628/11165
[2026-09-11 22:27:37.033] [info] 629/11165
[2026-09-11 22:27:37.038] [info] 630/11165
[2026-09-11 22:27:37.041] [info] 631/11165
[2026-09-11 22:27:37.043] [info] 632/11165
[2026-09-11 22:27:37.044] [info] 633/11165
[2026-09-11 22:27:37.047] [info] 634/11165
[2026-09-11 22:27:37.049] [info] 635/11165
[2026-09-11 22:27:37.051] [info] 636/11165
[2026-09-11 22:27:37.054] [info] 637/11165
[2026-09-11 22:27:37.060] [info] 638/11165
[2026-09-11 22:27:37.064] [info] 639/11165
[2026-09-11 22:27:37.067] [info] 640/11165
[2026-09-11 22:27:37.071] [info] 641/11165
[2026-09-11 22:27:37.076] [info] 642/11165
[2026-09-11 22:27:37.081] [info] 643/11165
[2026-09-11 22:27:37.084] [info] 644/11165
[2026-09-11 22:27:37.091] [info] 645/11165
[2026-09-11 22:27:37.100] [info] 646/11165
[2026-09-11 22:27:37.107] [info] 647/11165
[2026-09-11 22:27:37.112] [info] 648/11165
[2026-09-11 22:27:37.117] [info] 649/11165
[2026-09-11 22:27:37.123] [info] 650/11165
[2026-09-11 22:27:37.128] [info] 651/11165
[2026-09-11 22:27:37.133] [info] 652/11165
[2026-09-11 22:27:37.137] [info] 653/11165
[2026-09-11 22:27:37.142] [info] 654/11165
[2026-09-11 22:27:37.145] [info] 655/11165
[2026-09-11 22:27:37.148] [info] 656/11165
[2026-09-11 22:27:37.151] [info] 657/11165
[2026-09-11 22:27:37.155] [info] 658/11165
[2026-09-11 22:27:37.158] [info] 659/11165
[2026-09-11 22:27:37.160] [info] 660/11165
[2026-09-11 22:27:37.163] [info] 661/11165
[2026-09-11 22:27:37.167] [info] 662/11165
[2026-09-11 22:27:37.171] [info] 663/11165
[2026-09-11 22:27:37.173] [info] 664/11165
[2026-09-11 22:27:37.178] [info] 665/11165
[2026-09-11 22:27:37.185] [info] 666/11165
[2026-09-11 22:27:37.190] [info] 667/11165
[2026-09-11 22:27:37.194] [info] 668/11165
[2026-09-11 22:27:37.197] [info] 669/11165
[2026-09-11 22:27:37.202] [info] 670/11165
[2026-09-11 22:27:37.205] [info] 671/11165
[2026-09-11 22:27:37.208] [info] 672/11165
[2026-09-11 22:27:37.210] [info] 673/11165
[2026-09-11 22:27:37.214] [info] 674/11165
[2026-09-11 22:27:37.216] [info] 675/11165
[2026-09-11 22:27:37.218] [info] 676/11165
[2026-09-11 22:27:37.219] [info] 677/11165
[2026-09-11 22:27:37.223] [info] 678/11165
[2026-09-11 22:27:37.225] [info] 679/11165
[2026-09-11 22:27:37.226] [info] 680/11165
[2026-09-11 22:27:37.227] [info] 681/11165
[2026-09-11 22:27:37.230] [info] 682/11165
[2026-09-11 22:27:37.233] [info] 683/11165
[2026-09-11 22:27:37.234] [info] 684/11165
[2026-09-11 22:27:37.237] [info] 685/11165
[2026-09-11 22:27:37.243] [info] 686/11165
[2026-09-11 22:27:37.247] [info] 687/11165
[2026-09-11 22:27:37.249] [info] 688/11165
[2026-09-11 22:27:37.251] [info] 689/11165
[2026-09-11 22:27:37.255] [info] 690/11165
[2026-09-11 22:27:37.258] [info] 691/11165
[2026-09-11 22:27:37.259] [info] 692/11165
[2026-09-11 22:27:37.261] [info] 693/11165
[2026-09-11 22:27:37.263] [info] 694/11165
[2026-09-11 22:27:37.265] [info] 695/11165
[2026-09-11 22:27:37.266] [info] 696/11165
[2026-09-11 22:27:37.271] [info] 697/11165
[2026-09-11 22:27:37.275] [info] 698/11165
[2026-09-11 22:27:37.278] [info] 699/11165
[2026-09-11 22:27:37.280] [info] 700/11165
[2026-09-11 22:27:37.286] [info] 701/11165
[2026-09-11 22:27:37.290] [info] 702/11165
[2026-09-11 22:27:37.293] [info] 703/11165
[2026-09-11 22:27:37.298] [info] 704/11165
[2026-09-11 22:27:37.306] [info] 705/11165
[2026-09-11 22:27:37.312] [info] 706/11165
[2026-09-11 22:27:37.317] [info] 707/11165
[2026-09-11 22:27:37.321] [info] 708/11165
[2026-09-11 22:27:37.327] [info] 709/11165
[2026-09-11 22:27:37.331] [info] 710/11165
[2026-09-11 22:27:37.335] [info] 711/11165
[2026-09-11 22:27:37.338] [info] 712/11165
[2026-09-11 22:27:37.343] [info] 713/11165
[2026-09-11 22:27:37.346] [info] 714/11165
[2026-09-11 22:27:37.349] [info] 715/11165
[2026-09-11 22:27:37.353] [info] 716/11165
[2026-09-11 22:27:37.358] [info] 717/11165
[2026-09-11 22:27:37.362] [info] 718/11165
[2026-09-11 22:27:37.366] [info] 719/11165
[2026-09-11 22:27:37.369] [info] 720/11165
[2026-09-11 22:27:37.375] [info] 721/11165
[2026-09-11 22:27:37.379] [info] 722/11165
[2026-09-11 22:27:37.383] [info] 723/11165
[2026-09-11 22:27:37.388] [info] 724/11165
[2026-09-11 22:27:37.396] [info] 725/11165
[2026-09-11 22:27:37.402] [info] 726/11165
[2026-09-11 22:27:37.407] [info] 727/11165
[2026-09-11 22:27:37.412] [info] 728/11165
[2026-09-11 22:27:37.418] [info] 729/11165
[2026-09-11 22:27:37.423] [info] 730/11165
[2026-09-11 22:27:37.427] [info] 731/11165
[2026-09-11 22:27:37.431] [info] 732/11165
[2026-09-11 22:27:37.436] [info] 733/11165
[2026-09-11 22:27:37.440] [info] 734/11165
[2026-09-11 22:27:37.443] [info] 735/11165
[2026-09-11 22:27:37.449] [info] 736/11165
[2026-09-11 22:27:37.457] [info] 737/11165
[2026-09-11 22:27:37.464] [info] 738/11165
[2026-09-11 22:27:37.470] [info] 739/11165
[2026-09-11 22:27:37.476] [info] 740/11165
[2026-09-11 22:27:37.484] [info] 741/11165
[2026-09-11 22:27:37.491] [info] 742/11165
[2026-09-11 22:27:37.497] [info] 743/11165
[2026-09-11 22:27:37.506] [info] 744/11165
[2026-09-11 22:27:37.518] [info] 745/11165
[2026-09-11 22:27:37.527] [info] 746/11165
[2026-09-11 22:27:37.535] [info] 747/11165
[2026-09-11 22:27:37.542] [info] 748/11165
[2026-09-11 22:27:37.551] [info] 749/11165
[2026-09-11 22:27:37.558] [info] 750/11165
[2026-09-11 22:27:37.565] [info] 751/11165
[2026-09-11 22:27:37.571] [info] 752/11165
[2026-09-11 22:27:37.578] [info] 753/11165
[2026-09-11 22:27:37.584] [info] 754/11165
[2026-09-11 22:27:37.590] [info] 755/11165
[2026-09-11 22:27:37.594] [info] 756/11165
[2026-09-11 22:27:37.600] [info] 757/11165
[2026-09-11 22:27:37.604] [info] 758/11165
[2026-09-11 22:27:37.608] [info] 759/11165
[2026-09-11 22:27:37.612] [info] 760/11165
[2026-09-11 22:27:37.619] [info] 761/11165
[2026-09-11 22:27:37.624] [info] 762/11165
[2026-09-11 22:27:37.628] [info] 763/11165
[2026-09-11 22:27:37.634] [info] 764/11165
[2026-09-11 22:27:37.643] [info] 765/11165
[2026-09-11 22:27:37.650] [info] 766/11165
[2026-09-11 22:27:37.655] [info] 767/11165
[2026-09-11 22:27:37.660] [info] 768/11165
[2026-09-11 22:27:37.667] [info] 769/11165
[2026-09-11 22:27:37.672] [info] 770/11165
[2026-09-11 22:27:37.676] [info] 771/11165
[2026-09-11 22:27:37.680] [info] 772/11165
[2026-09-11 22:27:37.685] [info] 773/11165
[2026-09-11 22:27:37.690] [info] 774/11165
[2026-09-11 22:27:37.693] [info] 775/11165
[2026-09-11 22:27:37.696] [info] 776/11165
[2026-09-11 22:27:37.701] [info] 777/11165
[2026-09-11 22:27:37.704] [info] 778/11165
[2026-09-11 22:27:37.707] [info] 779/11165
[2026-09-11 22:27:37.710] [info] 780/11165
[2026-09-11 22:27:37.715] [info] 781/11165
[2026-09-11 22:27:37.719] [info] 782/11165
[2026-09-11 22:27:37.722] [info] 783/11165
[2026-09-11 22:27:37.726] [info] 784/11165
[2026-09-11 22:27:37.734] [info] 785/11165
[2026-09-11 22:27:37.739] [info] 786/11165
[2026-09-11 22:27:37.743] [info] 787/11165
[2026-09-11 22:27:37.747] [info] 788/11165
[2026-09-11 22:27:37.752] [info] 789/11165
[2026-09-11 22:27:37.756] [info] 790/11165
[2026-09-11 22:27:37.760] [info] 791/11165
[2026-09-11 22:27:37.763] [info] 792/11165
[2026-09-11 22:27:37.767] [info] 793/11165
[2026-09-11 22:27:37.770] [info] 794/11165
[2026-09-11 22:27:37.773] [info] 795/11165
[2026-09-11 22:27:37.777] [info] 796/11165
[2026-09-11 22:27:37.779] [info] 797/11165
[2026-09-11 22:27:37.781] [info] 798/11165
[2026-09-11 22:27:37.783] [info] 799/11165
[2026-09-11 22:27:37.787] [info] 800/11165
[2026-09-11 22:27:37.789] [info] 801/11165
[2026-09-11 22:27:37.791] [info] 802/11165
[2026-09-11 22:27:37.796] [info] 803/11165
[2026-09-11 22:27:37.802] [info] 804/11165
[2026-09-11 22:27:37.807] [info] 805/11165
[2026-09-11 22:27:37.810] [info] 806/11165
[2026-09-11 22:27:37.813] [info] 807/11165
[2026-09-11 22:27:37.818] [info] 808/11165
[2026-09-11 22:27:37.821] [info] 809/11165
[2026-09-11 22:27:37.823] [info] 810/11165
[2026-09-11 22:27:37.825] [info] 811/11165
[2026-09-11 22:27:37.829] [info] 812/11165
[2026-09-11 22:27:37.831] [info] 813/11165
[2026-09-11 22:27:37.833] [info] 814/11165
[2026-09-11 22:27:37.836] [info] 815/11165
[2026-09-11 22:27:37.840] [info] 816/11165
[2026-09-11 22:27:37.843] [info] 817/11165
[2026-09-11 22:27:37.845] [info] 818/11165
[2026-09-11 22:27:37.847] [info] 819/11165
[2026-09-11 22:27:37.852] [info] 820/11165
[2026-09-11 22:27:37.855] [info] 821/11165
[2026-09-11 22:27:37.857] [info] 822/11165
[2026-09-11 22:27:37.862] [info] 823/11165
[2026-09-11 22:27:37.869] [info] 824/11165
[2026-09-11 22:27:37.874] [info] 825/11165
[2026-09-11 22:27:37.878] [info] 826/11165
[2026-09-11 22:27:37.881] [info] 827/11165
[2026-09-11 22:27:37.886] [info] 828/11165
[2026-09-11 22:27:37.889] [info] 829/11165
[2026-09-11 22:27:37.892] [info] 830/11165
[2026-09-11 22:27:37.894] [info] 831/11165
[2026-09-11 22:27:37.898] [info] 832/11165
[2026-09-11 22:27:37.898] [info] 833/11165
[2026-09-11 22:27:37.899] [info] 834/11165
[2026-09-11 22:27:37.903] [info] 835/11165
[2026-09-11 22:27:37.909] [info] 836/11165
[2026-09-11 22:27:37.914] [info] 837/11165
[2026-09-11 22:27:37.918] [info] 838/11165
[2026-09-11 22:27:37.922] [info] 839/11165
[2026-09-11 22:27:37.929] [info] 840/11165
[2026-09-11 22:27:37.935] [info] 841/11165
[2026-09-11 22:27:37.939] [info] 842/11165
[2026-09-11 22:27:37.946] [info] 843/11165
[2026-09-11 22:27:37.956] [info] 844/11165
[2026-09-11 22:27:37.957] [info] 845/11165
[2026-09-11 22:27:37.957] [info] 846/11165
[2026-09-11 22:27:37.962] [info] 847/11165
[2026-09-11 22:27:37.969] [info] 848/11165
[2026-09-11 22:27:37.969] [info] 849/11165
[2026-09-11 22:27:37.970] [info] 850/11165
[2026-09-11 22:27:37.974] [info] 851/11165
[2026-09-11 22:27:37.979] [info] 852/11165
[2026-09-11 22:27:37.979] [info] 853/11165
[2026-09-11 22:27:37.980] [info] 854/11165
[2026-09-11 22:27:37.982] [info] 855/11165
[2026-09-11 22:27:37.987] [info] 856/11165
[2026-09-11 22:27:37.990] [info] 857/11165
[2026-09-11 22:27:37.993] [info] 858/11165
[2026-09-11 22:27:37.996] [info] 859/11165
[2026-09-11 22:27:38.000] [info] 860/11165
[2026-09-11 22:27:38.004] [info] 861/11165
[2026-09-11 22:27:38.007] [info] 862/11165
[2026-09-11 22:27:38.012] [info] 863/11165
[2026-09-11 22:27:38.019] [info] 864/11165
[2026-09-11 22:27:38.020] [info] 865/11165
[2026-09-11 22:27:38.020] [info] 866/11165
[2026-09-11 22:27:38.024] [info] 867/11165
[2026-09-11 22:27:38.029] [info] 868/11165
[2026-09-11 22:27:38.029] [info] 869/11165
[2026-09-11 22:27:38.030] [info] 870/11165
[2026-09-11 22:27:38.032] [info] 871/11165
[2026-09-11 22:27:38.036] [info] 872/11165
[2026-09-11 22:27:38.037] [info] 873/11165
[2026-09-11 22:27:38.037] [info] 874/11165
[2026-09-11 22:27:38.039] [info] 875/11165
[2026-09-11 22:27:38.043] [info] 876/11165
[2026-09-11 22:27:38.046] [info] 877/11165
[2026-09-11 22:27:38.047] [info] 878/11165
[2026-09-11 22:27:38.049] [info] 879/11165
[2026-09-11 22:27:38.054] [info] 880/11165
[2026-09-11 22:27:38.056] [info] 881/11165
[2026-09-11 22:27:38.057] [info] 882/11165
[2026-09-11 22:27:38.061] [info] 883/11165
[2026-09-11 22:27:38.067] [info] 884/11165
[2026-09-11 22:27:38.067] [info] 885/11165
[2026-09-11 22:27:38.068] [info] 886/11165
[2026-09-11 22:27:38.070] [info] 887/11165
[2026-09-11 22:27:38.075] [info] 888/11165
[2026-09-11 22:27:38.075] [info] 889/11165
[2026-09-11 22:27:38.075] [info] 890/11165
[2026-09-11 22:27:38.077] [info] 891/11165
[2026-09-11 22:27:38.081] [info] 892/11165
[2026-09-11 22:27:38.081] [info] 893/11165
[2026-09-11 22:27:38.081] [info] 894/11165
[2026-09-11 22:27:38.084] [info] 895/11165
[2026-09-11 22:27:38.086] [info] 896/11165
[2026-09-11 22:27:38.087] [info] 897/11165
[2026-09-11 22:27:38.088] [info] 898/11165
[2026-09-11 22:27:38.091] [info] 899/11165
[2026-09-11 22:27:38.093] [info] 900/11165
[2026-09-11 22:27:38.094] [info] 901/11165
[2026-09-11 22:27:38.097] [info] 902/11165
[2026-09-11 22:27:38.103] [info] 903/11165
[2026-09-11 22:27:38.107] [info] 904/11165
[2026-09-11 22:27:38.109] [info] 905/11165
[2026-09-11 22:27:38.112] [info] 906/11165
[2026-09-11 22:27:38.115] [info] 907/11165
[2026-09-11 22:27:38.118] [info] 908/11165
[2026-09-11 22:27:38.119] [info] 909/11165
[2026-09-11 22:27:38.120] [info] 910/11165
[2026-09-11 22:27:38.123] [info] 911/11165
[2026-09-11 22:27:38.124] [info] 912/11165
[2026-09-11 22:27:38.125] [info] 913/11165
[2026-09-11 22:27:38.126] [info] 914/11165
[2026-09-11 22:27:38.129] [info] 915/11165
[2026-09-11 22:27:38.132] [info] 916/11165
[2026-09-11 22:27:38.133] [info] 917/11165
[2026-09-11 22:27:38.134] [info] 918/11165
[2026-09-11 22:27:38.138] [info] 919/11165
[2026-09-11 22:27:38.140] [info] 920/11165
[2026-09-11 22:27:38.142] [info] 921/11165
[2026-09-11 22:27:38.145] [info] 922/11165
[2026-09-11 22:27:38.151] [info] 923/11165
[2026-09-11 22:27:38.156] [info] 924/11165
[2026-09-11 22:27:38.158] [info] 925/11165
[2026-09-11 22:27:38.161] [info] 926/11165
[2026-09-11 22:27:38.165] [info] 927/11165
[2026-09-11 22:27:38.165] [info] 928/11165
[2026-09-11 22:27:38.166] [info] 929/11165
[2026-09-11 22:27:38.167] [info] 930/11165
[2026-09-11 22:27:38.170] [info] 931/11165
[2026-09-11 22:27:38.170] [info] 932/11165
[2026-09-11 22:27:38.170] [info] 933/11165
[2026-09-11 22:27:38.173] [info] 934/11165
[2026-09-11 22:27:38.178] [info] 935/11165
[2026-09-11 22:27:38.181] [info] 936/11165
[2026-09-11 22:27:38.184] [info] 937/11165
[2026-09-11 22:27:38.187] [info] 938/11165
[2026-09-11 22:27:38.192] [info] 939/11165
[2026-09-11 22:27:38.196] [info] 940/11165
[2026-09-11 22:27:38.199] [info] 941/11165
[2026-09-11 22:27:38.205] [info] 942/11165
[2026-09-11 22:27:38.213] [info] 943/11165
[2026-09-11 22:27:38.213] [info] 944/11165
[2026-09-11 22:27:38.214] [info] 945/11165
[2026-09-11 22:27:38.217] [info] 946/11165
[2026-09-11 22:27:38.223] [info] 947/11165
[2026-09-11 22:27:38.223] [info] 948/11165
[2026-09-11 22:27:38.224] [info] 949/11165
[2026-09-11 22:27:38.226] [info] 950/11165
[2026-09-11 22:27:38.230] [info] 951/11165
[2026-09-11 22:27:38.230] [info] 952/11165
[2026-09-11 22:27:38.231] [info] 953/11165
[2026-09-11 22:27:38.233] [info] 954/11165
[2026-09-11 22:27:38.236] [info] 955/11165
[2026-09-11 22:27:38.238] [info] 956/11165
[2026-09-11 22:27:38.240] [info] 957/11165
[2026-09-11 22:27:38.242] [info] 958/11165
[2026-09-11 22:27:38.246] [info] 959/11165
[2026-09-11 22:27:38.248] [info] 960/11165
[2026-09-11 22:27:38.249] [info] 961/11165
[2026-09-11 22:27:38.253] [info] 962/11165
[2026-09-11 22:27:38.259] [info] 963/11165
[2026-09-11 22:27:38.259] [info] 964/11165
[2026-09-11 22:27:38.260] [info] 965/11165
[2026-09-11 22:27:38.262] [info] 966/11165
[2026-09-11 22:27:38.267] [info] 967/11165
[2026-09-11 22:27:38.267] [info] 968/11165
[2026-09-11 22:27:38.267] [info] 969/11165
[2026-09-11 22:27:38.269] [info] 970/11165
[2026-09-11 22:27:38.272] [info] 971/11165
[2026-09-11 22:27:38.272] [info] 972/11165
[2026-09-11 22:27:38.273] [info] 973/11165
[2026-09-11 22:27:38.274] [info] 974/11165
[2026-09-11 22:27:38.277] [info] 975/11165
[2026-09-11 22:27:38.278] [info] 976/11165
[2026-09-11 22:27:38.279] [info] 977/11165
[2026-09-11 22:27:38.280] [info] 978/11165
[2026-09-11 22:27:38.283] [info] 979/11165
[2026-09-11 22:27:38.284] [info] 980/11165
[2026-09-11 22:27:38.284] [info] 981/11165
[2026-09-11 22:27:38.287] [info] 982/11165
[2026-09-11 22:27:38.292] [info] 983/11165
[2026-09-11 22:27:38.293] [info] 984/11165
[2026-09-11 22:27:38.293] [info] 985/11165
[2026-09-11 22:27:38.295] [info] 986/11165
[2026-09-11 22:27:38.299] [info] 987/11165
[2026-09-11 22:27:38.299] [info] 988/11165
[2026-09-11 22:27:38.299] [info] 989/11165
[2026-09-11 22:27:38.300] [info] 990/11165
[2026-09-11 22:27:38.303] [info] 991/11165
[2026-09-11 22:27:38.303] [info] 992/11165
[2026-09-11 22:27:38.303] [info] 993/11165
[2026-09-11 22:27:38.308] [info] 994/11165
[2026-09-11 22:27:38.316] [info] 995/11165
[2026-09-11 22:27:38.322] [info] 996/11165
[2026-09-11 22:27:38.326] [info] 997/11165
[2026-09-11 22:27:38.330] [info] 998/11165
[2026-09-11 22:27:38.336] [info] 999/11165
[2026-09-11 22:27:38.340] [info] 1000/11165
[2026-09-11 22:27:38.343] [info] 1001/11165
[2026-09-11 22:27:38.346] [info] 1002/11165
[2026-09-11 22:27:38.351] [info] 1003/11165
[2026-09-11 22:27:38.354] [info] 1004/11165
[2026-09-11 22:27:38.357] [info] 1005/11165
[2026-09-11 22:27:38.359] [info] 1006/11165
[2026-09-11 22:27:38.364] [info] 1007/11165
[2026-09-11 22:27:38.367] [info] 1008/11165
[2026-09-11 22:27:38.370] [info] 1009/11165
[2026-09-11 22:27:38.374] [info] 1010/11165
[2026-09-11 22:27:38.379] [info] 1011/11165
[2026-09-11 22:27:38.383] [info] 1012/11165
[2026-09-11 22:27:38.386] [info] 1013/11165
[2026-09-11 22:27:38.392] [info] 1014/11165
[2026-09-11 22:27:38.400] [info] 1015/11165
[2026-09-11 22:27:38.406] [info] 1016/11165
[2026-09-11 22:27:38.411] [info] 1017/11165
[2026-09-11 22:27:38.415] [info] 1018/11165
[2026-09-11 22:27:38.421] [info] 1019/11165
[2026-09-11 22:27:38.425] [info] 1020/11165
[2026-09-11 22:27:38.429] [info] 1021/11165
[2026-09-11 22:27:38.432] [info] 1022/11165
[2026-09-11 22:27:38.437] [info] 1023/11165
[2026-09-11 22:27:38.441] [info] 1024/11165
[2026-09-11 22:27:38.443] [info] 1025/11165
[2026-09-11 22:27:38.448] [info] 1026/11165
[2026-09-11 22:27:38.455] [info] 1027/11165
[2026-09-11 22:27:38.460] [info] 1028/11165
[2026-09-11 22:27:38.464] [info] 1029/11165
[2026-09-11 22:27:38.470] [info] 1030/11165
[2026-09-11 22:27:38.477] [info] 1031/11165
[2026-09-11 22:27:38.482] [info] 1032/11165
[2026-09-11 22:27:38.487] [info] 1033/11165
[2026-09-11 22:27:38.495] [info] 1034/11165
[2026-09-11 22:27:38.506] [info] 1035/11165
[2026-09-11 22:27:38.514] [info] 1036/11165
[2026-09-11 22:27:38.521] [info] 1037/11165
[2026-09-11 22:27:38.527] [info] 1038/11165
[2026-09-11 22:27:38.535] [info] 1039/11165
[2026-09-11 22:27:38.541] [info] 1040/11165
[2026-09-11 22:27:38.547] [info] 1041/11165
[2026-09-11 22:27:38.552] [info] 1042/11165
[2026-09-11 22:27:38.558] [info] 1043/11165
[2026-09-11 22:27:38.563] [info] 1044/11165
[2026-09-11 22:27:38.567] [info] 1045/11165
[2026-09-11 22:27:38.571] [info] 1046/11165
[2026-09-11 22:27:38.576] [info] 1047/11165
[2026-09-11 22:27:38.580] [info] 1048/11165
[2026-09-11 22:27:38.584] [info] 1049/11165
[2026-09-11 22:27:38.588] [info] 1050/11165
[2026-09-11 22:27:38.594] [info] 1051/11165
[2026-09-11 22:27:38.599] [info] 1052/11165
[2026-09-11 22:27:38.603] [info] 1053/11165
[2026-09-11 22:27:38.609] [info] 1054/11165
[2026-09-11 22:27:38.618] [info] 1055/11165
[2026-09-11 22:27:38.625] [info] 1056/11165
[2026-09-11 22:27:38.630] [info] 1057/11165
[2026-09-11 22:27:38.635] [info] 1058/11165
[2026-09-11 22:27:38.641] [info] 1059/11165
[2026-09-11 22:27:38.646] [info] 1060/11165
[2026-09-11 22:27:38.650] [info] 1061/11165
[2026-09-11 22:27:38.654] [info] 1062/11165
[2026-09-11 22:27:38.659] [info] 1063/11165
[2026-09-11 22:27:38.663] [info] 1064/11165
[2026-09-11 22:27:38.667] [info] 1065/11165
[2026-09-11 22:27:38.670] [info] 1066/11165
[2026-09-11 22:27:38.674] [info] 1067/11165
[2026-09-11 22:27:38.678] [info] 1068/11165
[2026-09-11 22:27:38.680] [info] 1069/11165
[2026-09-11 22:27:38.684] [info] 1070/11165
[2026-09-11 22:27:38.688] [info] 1071/11165
[2026-09-11 22:27:38.692] [info] 1072/11165
[2026-09-11 22:27:38.695] [info] 1073/11165
[2026-09-11 22:27:38.700] [info] 1074/11165
[2026-09-11 22:27:38.707] [info] 1075/11165
[2026-09-11 22:27:38.713] [info] 1076/11165
[2026-09-11 22:27:38.717] [info] 1077/11165
[2026-09-11 22:27:38.721] [info] 1078/11165
[2026-09-11 22:27:38.726] [info] 1079/11165
[2026-09-11 22:27:38.731] [info] 1080/11165
[2026-09-11 22:27:38.734] [info] 1081/11165
[2026-09-11 22:27:38.737] [info] 1082/11165
[2026-09-11 22:27:38.741] [info] 1083/11165
[2026-09-11 22:27:38.745] [info] 1084/11165
[2026-09-11 22:27:38.747] [info] 1085/11165
[2026-09-11 22:27:38.751] [info] 1086/11165
[2026-09-11 22:27:38.754] [info] 1087/11165
[2026-09-11 22:27:38.757] [info] 1088/11165
[2026-09-11 22:27:38.762] [info] 1089/11165
[2026-09-11 22:27:38.766] [info] 1090/11165
[2026-09-11 22:27:38.770] [info] 1091/11165
[2026-09-11 22:27:38.775] [info] 1092/11165
[2026-09-11 22:27:38.783] [info] 1093/11165
[2026-09-11 22:27:38.789] [info] 1094/11165
[2026-09-11 22:27:38.794] [info] 1095/11165
[2026-09-11 22:27:38.798] [info] 1096/11165
[2026-09-11 22:27:38.804] [info] 1097/11165
[2026-09-11 22:27:38.809] [info] 1098/11165
[2026-09-11 22:27:38.812] [info] 1099/11165
[2026-09-11 22:27:38.816] [info] 1100/11165
[2026-09-11 22:27:38.820] [info] 1101/11165
[2026-09-11 22:27:38.824] [info] 1102/11165
[2026-09-11 22:27:38.827] [info] 1103/11165
[2026-09-11 22:27:38.831] [info] 1104/11165
[2026-09-11 22:27:38.836] [info] 1105/11165
[2026-09-11 22:27:38.840] [info] 1106/11165
[2026-09-11 22:27:38.844] [info] 1107/11165
[2026-09-11 22:27:38.847] [info] 1108/11165
[2026-09-11 22:27:38.853] [info] 1109/11165
[2026-09-11 22:27:38.857] [info] 1110/11165
[2026-09-11 22:27:38.861] [info] 1111/11165
[2026-09-11 22:27:38.867] [info] 1112/11165
[2026-09-11 22:27:38.875] [info] 1113/11165
[2026-09-11 22:27:38.881] [info] 1114/11165
[2026-09-11 22:27:38.886] [info] 1115/11165
[2026-09-11 22:27:38.891] [info] 1116/11165
[2026-09-11 22:27:38.897] [info] 1117/11165
[2026-09-11 22:27:38.902] [info] 1118/11165
[2026-09-11 22:27:38.906] [info] 1119/11165
[2026-09-11 22:27:38.910] [info] 1120/11165
[2026-09-11 22:27:38.915] [info] 1121/11165
[2026-09-11 22:27:38.919] [info] 1122/11165
[2026-09-11 22:27:38.922] [info] 1123/11165
[2026-09-11 22:27:38.927] [info] 1124/11165
[2026-09-11 22:27:38.934] [info] 1125/11165
[2026-09-11 22:27:38.940] [info] 1126/11165
[2026-09-11 22:27:38.945] [info] 1127/11165
[2026-09-11 22:27:38.951] [info] 1128/11165
[2026-09-11 22:27:38.958] [info] 1129/11165
[2026-09-11 22:27:38.964] [info] 1130/11165
[2026-09-11 22:27:38.970] [info] 1131/11165
[2026-09-11 22:27:38.978] [info] 1132/11165
[2026-09-11 22:27:38.989] [info] 1133/11165
[2026-09-11 22:27:38.997] [info] 1134/11165
[2026-09-11 22:27:39.005] [info] 1135/11165
[2026-09-11 22:27:39.011] [info] 1136/11165
[2026-09-11 22:27:39.019] [info] 1137/11165
[2026-09-11 22:27:39.026] [info] 1138/11165
[2026-09-11 22:27:39.032] [info] 1139/11165
[2026-09-11 22:27:39.037] [info] 1140/11165
[2026-09-11 22:27:39.043] [info] 1141/11165
[2026-09-11 22:27:39.049] [info] 1142/11165
[2026-09-11 22:27:39.055] [info] 1143/11165
[2026-09-11 22:27:39.060] [info] 1144/11165
[2026-09-11 22:27:39.068] [info] 1145/11165
[2026-09-11 22:27:39.073] [info] 1146/11165
[2026-09-11 22:27:39.077] [info] 1147/11165
[2026-09-11 22:27:39.082] [info] 1148/11165
[2026-09-11 22:27:39.088] [info] 1149/11165
[2026-09-11 22:27:39.093] [info] 1150/11165
[2026-09-11 22:27:39.098] [info] 1151/11165
[2026-09-11 22:27:39.104] [info] 1152/11165
[2026-09-11 22:27:39.113] [info] 1153/11165
[2026-09-11 22:27:39.120] [info] 1154/11165
[2026-09-11 22:27:39.126] [info] 1155/11165
[2026-09-11 22:27:39.131] [info] 1156/11165
[2026-09-11 22:27:39.139] [info] 1157/11165
[2026-09-11 22:27:39.145] [info] 1158/11165
[2026-09-11 22:27:39.150] [info] 1159/11165
[2026-09-11 22:27:39.154] [info] 1160/11165
[2026-09-11 22:27:39.159] [info] 1161/11165
[2026-09-11 22:27:39.164] [info] 1162/11165
[2026-09-11 22:27:39.168] [info] 1163/11165
[2026-09-11 22:27:39.171] [info] 1164/11165
[2026-09-11 22:27:39.176] [info] 1165/11165
[2026-09-11 22:27:39.180] [info] 1166/11165
[2026-09-11 22:27:39.183] [info] 1167/11165
[2026-09-11 22:27:39.187] [info] 1168/11165
[2026-09-11 22:27:39.192] [info] 1169/11165
[2026-09-11 22:27:39.196] [info] 1170/11165
[2026-09-11 22:27:39.199] [info] 1171/11165
[2026-09-11 22:27:39.205] [info] 1172/11165
[2026-09-11 22:27:39.212] [info] 1173/11165
[2026-09-11 22:27:39.218] [info] 1174/11165
[2026-09-11 22:27:39.223] [info] 1175/11165
[2026-09-11 22:27:39.227] [info] 1176/11165
[2026-09-11 22:27:39.233] [info] 1177/11165
[2026-09-11 22:27:39.237] [info] 1178/11165
[2026-09-11 22:27:39.241] [info] 1179/11165
[2026-09-11 22:27:39.244] [info] 1180/11165
[2026-09-11 22:27:39.249] [info] 1181/11165
[2026-09-11 22:27:39.253] [info] 1182/11165
[2026-09-11 22:27:39.256] [info] 1183/11165
[2026-09-11 22:27:39.263] [info] 1184/11165
[2026-09-11 22:27:39.268] [info] 1185/11165
[2026-09-11 22:27:39.272] [info] 1186/11165
[2026-09-11 22:27:39.280] [info] 1187/11165
[2026-09-11 22:27:39.287] [info] 1188/11165
[2026-09-11 22:27:39.293] [info] 1189/11165
[2026-09-11 22:27:39.301] [info] 1190/11165
[2026-09-11 22:27:39.311] [info] 1191/11165
[2026-09-11 22:27:39.320] [info] 1192/11165
[2026-09-11 22:27:39.327] [info] 1193/11165
[2026-09-11 22:27:39.334] [info] 1194/11165
[2026-09-11 22:27:39.343] [info] 1195/11165
[2026-09-11 22:27:39.350] [info] 1196/11165
[2026-09-11 22:27:39.356] [info] 1197/11165
[2026-09-11 22:27:39.362] [info] 1198/11165
[2026-09-11 22:27:39.369] [info] 1199/11165
[2026-09-11 22:27:39.376] [info] 1200/11165
[2026-09-11 22:27:39.381] [info] 1201/11165
[2026-09-11 22:27:39.388] [info] 1202/11165
[2026-09-11 22:27:39.396] [info] 1203/11165
[2026-09-11 22:27:39.402] [info] 1204/11165
[2026-09-11 22:27:39.408] [info] 1205/11165
[2026-09-11 22:27:39.415] [info] 1206/11165
[2026-09-11 22:27:39.423] [info] 1207/11165
[2026-09-11 22:27:39.430] [info] 1208/11165
[2026-09-11 22:27:39.436] [info] 1209/11165
[2026-09-11 22:27:39.444] [info] 1210/11165
[2026-09-11 22:27:39.455] [info] 1211/11165
[2026-09-11 22:27:39.464] [info] 1212/11165
[2026-09-11 22:27:39.471] [info] 1213/11165
[2026-09-11 22:27:39.478] [info] 1214/11165
[2026-09-11 22:27:39.487] [info] 1215/11165
[2026-09-11 22:27:39.495] [info] 1216/11165
[2026-09-11 22:27:39.501] [info] 1217/11165
[2026-09-11 22:27:39.508] [info] 1218/11165
[2026-09-11 22:27:39.515] [info] 1219/11165
[2026-09-11 22:27:39.522] [info] 1220/11165
[2026-09-11 22:27:39.527] [info] 1221/11165
[2026-09-11 22:27:39.536] [info] 1222/11165
[2026-09-11 22:27:39.546] [info] 1223/11165
[2026-09-11 22:27:39.556] [info] 1224/11165
[2026-09-11 22:27:39.564] [info] 1225/11165
[2026-09-11 22:27:39.573] [info] 1226/11165
[2026-09-11 22:27:39.584] [info] 1227/11165
[2026-09-11 22:27:39.594] [info] 1228/11165
[2026-09-11 22:27:39.603] [info] 1229/11165
[2026-09-11 22:27:39.614] [info] 1230/11165
[2026-09-11 22:27:39.628] [info] 1231/11165
[2026-09-11 22:27:39.640] [info] 1232/11165
[2026-09-11 22:27:39.651] [info] 1233/11165
[2026-09-11 22:27:39.661] [info] 1234/11165
[2026-09-11 22:27:39.672] [info] 1235/11165
[2026-09-11 22:27:39.682] [info] 1236/11165
[2026-09-11 22:27:39.691] [info] 1237/11165
[2026-09-11 22:27:39.700] [info] 1238/11165
[2026-09-11 22:27:39.710] [info] 1239/11165
[2026-09-11 22:27:39.718] [info] 1240/11165
[2026-09-11 22:27:39.726] [info] 1241/11165
[2026-09-11 22:27:39.733] [info] 1242/11165
[2026-09-11 22:27:39.742] [info] 1243/11165
[2026-09-11 22:27:39.749] [info] 1244/11165
[2026-09-11 22:27:39.756] [info] 1245/11165
[2026-09-11 22:27:39.763] [info] 1246/11165
[2026-09-11 22:27:39.772] [info] 1247/11165
[2026-09-11 22:27:39.780] [info] 1248/11165
[2026-09-11 22:27:39.787] [info] 1249/11165
[2026-09-11 22:27:39.796] [info] 1250/11165
[2026-09-11 22:27:39.807] [info] 1251/11165
[2026-09-11 22:27:39.817] [info] 1252/11165
[2026-09-11 22:27:39.826] [info] 1253/11165
[2026-09-11 22:27:39.834] [info] 1254/11165
[2026-09-11 22:27:39.843] [info] 1255/11165
[2026-09-11 22:27:39.851] [info] 1256/11165
[2026-09-11 22:27:39.858] [info] 1257/11165
[2026-09-11 22:27:39.865] [info] 1258/11165
[2026-09-11 22:27:39.873] [info] 1259/11165
[2026-09-11 22:27:39.880] [info] 1260/11165
[2026-09-11 22:27:39.887] [info] 1261/11165
[2026-09-11 22:27:39.892] [info] 1262/11165
[2026-09-11 22:27:39.900] [info] 1263/11165
[2026-09-11 22:27:39.906] [info] 1264/11165
[2026-09-11 22:27:39.911] [info] 1265/11165
[2026-09-11 22:27:39.917] [info] 1266/11165
[2026-09-11 22:27:39.925] [info] 1267/11165
[2026-09-11 22:27:39.932] [info] 1268/11165
[2026-09-11 22:27:39.937] [info] 1269/11165
[2026-09-11 22:27:39.945] [info] 1270/11165
[2026-09-11 22:27:39.954] [info] 1271/11165
[2026-09-11 22:27:39.962] [info] 1272/11165
[2026-09-11 22:27:39.969] [info] 1273/11165
[2026-09-11 22:27:39.975] [info] 1274/11165
[2026-09-11 22:27:39.983] [info] 1275/11165
[2026-09-11 22:27:39.990] [info] 1276/11165
[2026-09-11 22:27:39.996] [info] 1277/11165
[2026-09-11 22:27:40.002] [info] 1278/11165
[2026-09-11 22:27:40.009] [info] 1279/11165
[2026-09-11 22:27:40.015] [info] 1280/11165
[2026-09-11 22:27:40.020] [info] 1281/11165
[2026-09-11 22:27:40.025] [info] 1282/11165
[2026-09-11 22:27:40.028] [info] 1283/11165
[2026-09-11 22:27:40.031] [info] 1284/11165
[2026-09-11 22:27:40.037] [info] 1285/11165
[2026-09-11 22:27:40.041] [info] 1286/11165
[2026-09-11 22:27:40.045] [info] 1287/11165
[2026-09-11 22:27:40.051] [info] 1288/11165
[2026-09-11 22:27:40.060] [info] 1289/11165
[2026-09-11 22:27:40.066] [info] 1290/11165
[2026-09-11 22:27:40.072] [info] 1291/11165
[2026-09-11 22:27:40.076] [info] 1292/11165
[2026-09-11 22:27:40.083] [info] 1293/11165
[2026-09-11 22:27:40.088] [info] 1294/11165
[2026-09-11 22:27:40.092] [info] 1295/11165
[2026-09-11 22:27:40.096] [info] 1296/11165
[2026-09-11 22:27:40.101] [info] 1297/11165
[2026-09-11 22:27:40.106] [info] 1298/11165
[2026-09-11 22:27:40.109] [info] 1299/11165
[2026-09-11 22:27:40.114] [info] 1300/11165
[2026-09-11 22:27:40.120] [info] 1301/11165
[2026-09-11 22:27:40.124] [info] 1302/11165
[2026-09-11 22:27:40.128] [info] 1303/11165
[2026-09-11 22:27:40.134] [info] 1304/11165
[2026-09-11 22:27:40.141] [info] 1305/11165
[2026-09-11 22:27:40.146] [info] 1306/11165
[2026-09-11 22:27:40.151] [info] 1307/11165
[2026-09-11 22:27:40.157] [info] 1308/11165
[2026-09-11 22:27:40.166] [info] 1309/11165
[2026-09-11 22:27:40.173] [info] 1310/11165
[2026-09-11 22:27:40.178] [info] 1311/11165
[2026-09-11 22:27:40.184] [info] 1312/11165
[2026-09-11 22:27:40.190] [info] 1313/11165
[2026-09-11 22:27:40.196] [info] 1314/11165
[2026-09-11 22:27:40.201] [info] 1315/11165
[2026-09-11 22:27:40.205] [info] 1316/11165
[2026-09-11 22:27:40.210] [info] 1317/11165
[2026-09-11 22:27:40.215] [info] 1318/11165
[2026-09-11 22:27:40.219] [info] 1319/11165
[2026-09-11 22:27:40.225] [info] 1320/11165
[2026-09-11 22:27:40.233] [info] 1321/11165
[2026-09-11 22:27:40.239] [info] 1322/11165
[2026-09-11 22:27:40.245] [info] 1323/11165
[2026-09-11 22:27:40.252] [info] 1324/11165
[2026-09-11 22:27:40.260] [info] 1325/11165
[2026-09-11 22:27:40.267] [info] 1326/11165
[2026-09-11 22:27:40.273] [info] 1327/11165
[2026-09-11 22:27:40.282] [info] 1328/11165
[2026-09-11 22:27:40.294] [info] 1329/11165
[2026-09-11 22:27:40.294] [info] 1330/11165
[2026-09-11 22:27:40.294] [info] 1331/11165
[2026-09-11 22:27:40.302] [info] 1332/11165
[2026-09-11 22:27:40.310] [info] 1333/11165
[2026-09-11 22:27:40.311] [info] 1334/11165
[2026-09-11 22:27:40.311] [info] 1335/11165
[2026-09-11 22:27:40.317] [info] 1336/11165
[2026-09-11 22:27:40.324] [info] 1337/11165
[2026-09-11 22:27:40.325] [info] 1338/11165
[2026-09-11 22:27:40.325] [info] 1339/11165
[2026-09-11 22:27:40.330] [info] 1340/11165
[2026-09-11 22:27:40.336] [info] 1341/11165
[2026-09-11 22:27:40.341] [info] 1342/11165
[2026-09-11 22:27:40.345] [info] 1343/11165
[2026-09-11 22:27:40.350] [info] 1344/11165
[2026-09-11 22:27:40.357] [info] 1345/11165
[2026-09-11 22:27:40.362] [info] 1346/11165
[2026-09-11 22:27:40.367] [info] 1347/11165
[2026-09-11 22:27:40.373] [info] 1348/11165
[2026-09-11 22:27:40.383] [info] 1349/11165
[2026-09-11 22:27:40.383] [info] 1350/11165
[2026-09-11 22:27:40.383] [info] 1351/11165
[2026-09-11 22:27:40.388] [info] 1352/11165
[2026-09-11 22:27:40.395] [info] 1353/11165
[2026-09-11 22:27:40.396] [info] 1354/11165
[2026-09-11 22:27:40.396] [info] 1355/11165
[2026-09-11 22:27:40.401] [info] 1356/11165
[2026-09-11 22:27:40.406] [info] 1357/11165
[2026-09-11 22:27:40.407] [info] 1358/11165
[2026-09-11 22:27:40.407] [info] 1359/11165
[2026-09-11 22:27:40.411] [info] 1360/11165
[2026-09-11 22:27:40.417] [info] 1361/11165
[2026-09-11 22:27:40.422] [info] 1362/11165
[2026-09-11 22:27:40.425] [info] 1363/11165
[2026-09-11 22:27:40.429] [info] 1364/11165
[2026-09-11 22:27:40.435] [info] 1365/11165
[2026-09-11 22:27:40.440] [info] 1366/11165
[2026-09-11 22:27:40.440] [info] 1367/11165
[2026-09-11 22:27:40.446] [info] 1368/11165
[2026-09-11 22:27:40.454] [info] 1369/11165
[2026-09-11 22:27:40.455] [info] 1370/11165
[2026-09-11 22:27:40.455] [info] 1371/11165
[2026-09-11 22:27:40.460] [info] 1372/11165
[2026-09-11 22:27:40.466] [info] 1373/11165
[2026-09-11 22:27:40.466] [info] 1374/11165
[2026-09-11 22:27:40.467] [info] 1375/11165
[2026-09-11 22:27:40.471] [info] 1376/11165
[2026-09-11 22:27:40.476] [info] 1377/11165
[2026-09-11 22:27:40.476] [info] 1378/11165
[2026-09-11 22:27:40.477] [info] 1379/11165
[2026-09-11 22:27:40.480] [info] 1380/11165
[2026-09-11 22:27:40.482] [info] 1381/11165
[2026-09-11 22:27:40.484] [info] 1382/11165
[2026-09-11 22:27:40.489] [info] 1383/11165
[2026-09-11 22:27:40.493] [info] 1384/11165
[2026-09-11 22:27:40.495] [info] 1385/11165
[2026-09-11 22:27:40.500] [info] 1386/11165
[2026-09-11 22:27:40.507] [info] 1387/11165
[2026-09-11 22:27:40.513] [info] 1388/11165
[2026-09-11 22:27:40.517] [info] 1389/11165
[2026-09-11 22:27:40.520] [info] 1390/11165
[2026-09-11 22:27:40.526] [info] 1391/11165
[2026-09-11 22:27:40.529] [info] 1392/11165
[2026-09-11 22:27:40.533] [info] 1393/11165
[2026-09-11 22:27:40.535] [info] 1394/11165
[2026-09-11 22:27:40.539] [info] 1395/11165
[2026-09-11 22:27:40.542] [info] 1396/11165
[2026-09-11 22:27:40.545] [info] 1397/11165
[2026-09-11 22:27:40.547] [info] 1398/11165
[2026-09-11 22:27:40.552] [info] 1399/11165
[2026-09-11 22:27:40.555] [info] 1400/11165
[2026-09-11 22:27:40.558] [info] 1401/11165
[2026-09-11 22:27:40.561] [info] 1402/11165
[2026-09-11 22:27:40.566] [info] 1403/11165
[2026-09-11 22:27:40.570] [info] 1404/11165
[2026-09-11 22:27:40.572] [info] 1405/11165
[2026-09-11 22:27:40.577] [info] 1406/11165
[2026-09-11 22:27:40.585] [info] 1407/11165
[2026-09-11 22:27:40.590] [info] 1408/11165
[2026-09-11 22:27:40.595] [info] 1409/11165
[2026-09-11 22:27:40.599] [info] 1410/11165
[2026-09-11 22:27:40.604] [info] 1411/11165
[2026-09-11 22:27:40.608] [info] 1412/11165
[2026-09-11 22:27:40.612] [info] 1413/11165
[2026-09-11 22:27:40.615] [info] 1414/11165
[2026-09-11 22:27:40.619] [info] 1415/11165
[2026-09-11 22:27:40.619] [info] 1416/11165
[2026-09-11 22:27:40.620] [info] 1417/11165
[2026-09-11 22:27:40.624] [info] 1418/11165
[2026-09-11 22:27:40.630] [info] 1419/11165
[2026-09-11 22:27:40.635] [info] 1420/11165
[2026-09-11 22:27:40.639] [info] 1421/11165
[2026-09-11 22:27:40.644] [info] 1422/11165
[2026-09-11 22:27:40.650] [info] 1423/11165
[2026-09-11 22:27:40.655] [info] 1424/11165
[2026-09-11 22:27:40.660] [info] 1425/11165
[2026-09-11 22:27:40.667] [info] 1426/11165
[2026-09-11 22:27:40.677] [info] 1427/11165
[2026-09-11 22:27:40.677] [info] 1428/11165
[2026-09-11 22:27:40.677] [info] 1429/11165
[2026-09-11 22:27:40.683] [info] 1430/11165
[2026-09-11 22:27:40.690] [info] 1431/11165
[2026-09-11 22:27:40.690] [info] 1432/11165
[2026-09-11 22:27:40.691] [info] 1433/11165
[2026-09-11 22:27:40.695] [info] 1434/11165
[2026-09-11 22:27:40.700] [info] 1435/11165
[2026-09-11 22:27:40.701] [info] 1436/11165
[2026-09-11 22:27:40.701] [info] 1437/11165
[2026-09-11 22:27:40.704] [info] 1438/11165
[2026-09-11 22:27:40.709] [info] 1439/11165
[2026-09-11 22:27:40.713] [info] 1440/11165
[2026-09-11 22:27:40.716] [info] 1441/11165
[2026-09-11 22:27:40.720] [info] 1442/11165
[2026-09-11 22:27:40.725] [info] 1443/11165
[2026-09-11 22:27:40.730] [info] 1444/11165
[2026-09-11 22:27:40.733] [info] 1445/11165
[2026-09-11 22:27:40.739] [info] 1446/11165
[2026-09-11 22:27:40.747] [info] 1447/11165
[2026-09-11 22:27:40.747] [info] 1448/11165
[2026-09-11 22:27:40.748] [info] 1449/11165
[2026-09-11 22:27:40.752] [info] 1450/11165
[2026-09-11 22:27:40.757] [info] 1451/11165
[2026-09-11 22:27:40.758] [info] 1452/11165
[2026-09-11 22:27:40.758] [info] 1453/11165
[2026-09-11 22:27:40.761] [info] 1454/11165
[2026-09-11 22:27:40.766] [info] 1455/11165
[2026-09-11 22:27:40.766] [info] 1456/11165
[2026-09-11 22:27:40.767] [info] 1457/11165
[2026-09-11 22:27:40.769] [info] 1458/11165
[2026-09-11 22:27:40.774] [info] 1459/11165
[2026-09-11 22:27:40.777] [info] 1460/11165
[2026-09-11 22:27:40.779] [info] 1461/11165
[2026-09-11 22:27:40.782] [info] 1462/11165
[2026-09-11 22:27:40.787] [info] 1463/11165
[2026-09-11 22:27:40.791] [info] 1464/11165
[2026-09-11 22:27:40.791] [info] 1465/11165
[2026-09-11 22:27:40.795] [info] 1466/11165
[2026-09-11 22:27:40.802] [info] 1467/11165
[2026-09-11 22:27:40.803] [info] 1468/11165
[2026-09-11 22:27:40.803] [info] 1469/11165
[2026-09-11 22:27:40.806] [info] 1470/11165
[2026-09-11 22:27:40.812] [info] 1471/11165
[2026-09-11 22:27:40.812] [info] 1472/11165
[2026-09-11 22:27:40.812] [info] 1473/11165
[2026-09-11 22:27:40.815] [info] 1474/11165
[2026-09-11 22:27:40.819] [info] 1475/11165
[2026-09-11 22:27:40.819] [info] 1476/11165
[2026-09-11 22:27:40.820] [info] 1477/11165
[2026-09-11 22:27:40.822] [info] 1478/11165
[2026-09-11 22:27:40.827] [info] 1479/11165
[2026-09-11 22:27:40.830] [info] 1480/11165
[2026-09-11 22:27:40.832] [info] 1481/11165
[2026-09-11 22:27:40.833] [info] 1482/11165
[2026-09-11 22:27:40.837] [info] 1483/11165
[2026-09-11 22:27:40.839] [info] 1484/11165
[2026-09-11 22:27:40.840] [info] 1485/11165
[2026-09-11 22:27:40.842] [info] 1486/11165
[2026-09-11 22:27:40.845] [info] 1487/11165
[2026-09-11 22:27:40.848] [info] 1488/11165
[2026-09-11 22:27:40.850] [info] 1489/11165
[2026-09-11 22:27:40.852] [info] 1490/11165
[2026-09-11 22:27:40.856] [info] 1491/11165
[2026-09-11 22:27:40.859] [info] 1492/11165
[2026-09-11 22:27:40.861] [info] 1493/11165
[2026-09-11 22:27:40.865] [info] 1494/11165
[2026-09-11 22:27:40.872] [info] 1495/11165
[2026-09-11 22:27:40.877] [info] 1496/11165
[2026-09-11 22:27:40.880] [info] 1497/11165
[2026-09-11 22:27:40.883] [info] 1498/11165
[2026-09-11 22:27:40.888] [info] 1499/11165
[2026-09-11 22:27:40.891] [info] 1500/11165
[2026-09-11 22:27:40.894] [info] 1501/11165
[2026-09-11 22:27:40.895] [info] 1502/11165
[2026-09-11 22:27:40.899] [info] 1503/11165
[2026-09-11 22:27:40.901] [info] 1504/11165
[2026-09-11 22:27:40.903] [info] 1505/11165
[2026-09-11 22:27:40.907] [info] 1506/11165
[2026-09-11 22:27:40.912] [info] 1507/11165
[2026-09-11 22:27:40.916] [info] 1508/11165
[2026-09-11 22:27:40.920] [info] 1509/11165
[2026-09-11 22:27:40.924] [info] 1510/11165
[2026-09-11 22:27:40.930] [info] 1511/11165
[2026-09-11 22:27:40.934] [info] 1512/11165
[2026-09-11 22:27:40.938] [info] 1513/11165
[2026-09-11 22:27:40.945] [info] 1514/11165
[2026-09-11 22:27:40.955] [info] 1515/11165
[2026-09-11 22:27:40.962] [info] 1516/11165
[2026-09-11 22:27:40.968] [info] 1517/11165
[2026-09-11 22:27:40.973] [info] 1518/11165
[2026-09-11 22:27:40.979] [info] 1519/11165
[2026-09-11 22:27:40.984] [info] 1520/11165
[2026-09-11 22:27:40.989] [info] 1521/11165
[2026-09-11 22:27:40.992] [info] 1522/11165
[2026-09-11 22:27:40.997] [info] 1523/11165
[2026-09-11 22:27:41.001] [info] 1524/11165
[2026-09-11 22:27:41.004] [info] 1525/11165
[2026-09-11 22:27:41.007] [info] 1526/11165
[2026-09-11 22:27:41.011] [info] 1527/11165
[2026-09-11 22:27:41.015] [info] 1528/11165
[2026-09-11 22:27:41.017] [info] 1529/11165
[2026-09-11 22:27:41.020] [info] 1530/11165
[2026-09-11 22:27:41.025] [info] 1531/11165
[2026-09-11 22:27:41.028] [info] 1532/11165
[2026-09-11 22:27:41.031] [info] 1533/11165
[2026-09-11 22:27:41.036] [info] 1534/11165
[2026-09-11 22:27:41.044] [info] 1535/11165
[2026-09-11 22:27:41.049] [info] 1536/11165
[2026-09-11 22:27:41.053] [info] 1537/11165
[2026-09-11 22:27:41.057] [info] 1538/11165
[2026-09-11 22:27:41.062] [info] 1539/11165
[2026-09-11 22:27:41.065] [info] 1540/11165
[2026-09-11 22:27:41.068] [info] 1541/11165
[2026-09-11 22:27:41.070] [info] 1542/11165
[2026-09-11 22:27:41.074] [info] 1543/11165
[2026-09-11 22:27:41.077] [info] 1544/11165
[2026-09-11 22:27:41.079] [info] 1545/11165
[2026-09-11 22:27:41.081] [info] 1546/11165
[2026-09-11 22:27:41.084] [info] 1547/11165
[2026-09-11 22:27:41.087] [info] 1548/11165
[2026-09-11 22:27:41.088] [info] 1549/11165
[2026-09-11 22:27:41.090] [info] 1550/11165
[2026-09-11 22:27:41.094] [info] 1551/11165
[2026-09-11 22:27:41.096] [info] 1552/11165
[2026-09-11 22:27:41.098] [info] 1553/11165
[2026-09-11 22:27:41.102] [info] 1554/11165
[2026-09-11 22:27:41.108] [info] 1555/11165
[2026-09-11 22:27:41.112] [info] 1556/11165
[2026-09-11 22:27:41.115] [info] 1557/11165
[2026-09-11 22:27:41.118] [info] 1558/11165
[2026-09-11 22:27:41.122] [info] 1559/11165
[2026-09-11 22:27:41.125] [info] 1560/11165
[2026-09-11 22:27:41.127] [info] 1561/11165
[2026-09-11 22:27:41.128] [info] 1562/11165
[2026-09-11 22:27:41.132] [info] 1563/11165
[2026-09-11 22:27:41.135] [info] 1564/11165
[2026-09-11 22:27:41.136] [info] 1565/11165
[2026-09-11 22:27:41.138] [info] 1566/11165
[2026-09-11 22:27:41.140] [info] 1567/11165
[2026-09-11 22:27:41.144] [info] 1568/11165
[2026-09-11 22:27:41.147] [info] 1569/11165
[2026-09-11 22:27:41.149] [info] 1570/11165
[2026-09-11 22:27:41.153] [info] 1571/11165
[2026-09-11 22:27:41.160] [info] 1572/11165
[2026-09-11 22:27:41.165] [info] 1573/11165
[2026-09-11 22:27:41.169] [info] 1574/11165
[2026-09-11 22:27:41.172] [info] 1575/11165
[2026-09-11 22:27:41.177] [info] 1576/11165
[2026-09-11 22:27:41.180] [info] 1577/11165
[2026-09-11 22:27:41.183] [info] 1578/11165
[2026-09-11 22:27:41.185] [info] 1579/11165
[2026-09-11 22:27:41.188] [info] 1580/11165
[2026-09-11 22:27:41.191] [info] 1581/11165
[2026-09-11 22:27:41.193] [info] 1582/11165
[2026-09-11 22:27:41.195] [info] 1583/11165
[2026-09-11 22:27:41.199] [info] 1584/11165
[2026-09-11 22:27:41.202] [info] 1585/11165
[2026-09-11 22:27:41.204] [info] 1586/11165
[2026-09-11 22:27:41.207] [info] 1587/11165
[2026-09-11 22:27:41.211] [info] 1588/11165
[2026-09-11 22:27:41.215] [info] 1589/11165
[2026-09-11 22:27:41.217] [info] 1590/11165
[2026-09-11 22:27:41.221] [info] 1591/11165
[2026-09-11 22:27:41.229] [info] 1592/11165
[2026-09-11 22:27:41.234] [info] 1593/11165
[2026-09-11 22:27:41.238] [info] 1594/11165
[2026-09-11 22:27:41.241] [info] 1595/11165
[2026-09-11 22:27:41.246] [info] 1596/11165
[2026-09-11 22:27:41.249] [info] 1597/11165
[2026-09-11 22:27:41.252] [info] 1598/11165
[2026-09-11 22:27:41.254] [info] 1599/11165
[2026-09-11 22:27:41.258] [info] 1600/11165
[2026-09-11 22:27:41.261] [info] 1601/11165
[2026-09-11 22:27:41.263] [info] 1602/11165
[2026-09-11 22:27:41.267] [info] 1603/11165
[2026-09-11 22:27:41.273] [info] 1604/11165
[2026-09-11 22:27:41.278] [info] 1605/11165
[2026-09-11 22:27:41.282] [info] 1606/11165
[2026-09-11 22:27:41.287] [info] 1607/11165
[2026-09-11 22:27:41.293] [info] 1608/11165
[2026-09-11 22:27:41.298] [info] 1609/11165
[2026-09-11 22:27:41.302] [info] 1610/11165
[2026-09-11 22:27:41.309] [info] 1611/11165
[2026-09-11 22:27:41.319] [info] 1612/11165
[2026-09-11 22:27:41.327] [info] 1613/11165
[2026-09-11 22:27:41.333] [info] 1614/11165
[2026-09-11 22:27:41.338] [info] 1615/11165
[2026-09-11 22:27:41.345] [info] 1616/11165
[2026-09-11 22:27:41.351] [info] 1617/11165
[2026-09-11 22:27:41.355] [info] 1618/11165
[2026-09-11 22:27:41.359] [info] 1619/11165
[2026-09-11 22:27:41.365] [info] 1620/11165
[2026-09-11 22:27:41.369] [info] 1621/11165
[2026-09-11 22:27:41.373] [info] 1622/11165
[2026-09-11 22:27:41.375] [info] 1623/11165
[2026-09-11 22:27:41.380] [info] 1624/11165
[2026-09-11 22:27:41.384] [info] 1625/11165
[2026-09-11 22:27:41.386] [info] 1626/11165
[2026-09-11 22:27:41.390] [info] 1627/11165
[2026-09-11 22:27:41.395] [info] 1628/11165
[2026-09-11 22:27:41.395] [info] 1629/11165
[2026-09-11 22:27:41.396] [info] 1630/11165
[2026-09-11 22:27:41.401] [info] 1631/11165
[2026-09-11 22:27:41.409] [info] 1632/11165
[2026-09-11 22:27:41.409] [info] 1633/11165
[2026-09-11 22:27:41.409] [info] 1634/11165
[2026-09-11 22:27:41.413] [info] 1635/11165
[2026-09-11 22:27:41.418] [info] 1636/11165
[2026-09-11 22:27:41.419] [info] 1637/11165
[2026-09-11 22:27:41.419] [info] 1638/11165
[2026-09-11 22:27:41.422] [info] 1639/11165
[2026-09-11 22:27:41.426] [info] 1640/11165
[2026-09-11 22:27:41.426] [info] 1641/11165
[2026-09-11 22:27:41.427] [info] 1642/11165
[2026-09-11 22:27:41.429] [info] 1643/11165
[2026-09-11 22:27:41.433] [info] 1644/11165
[2026-09-11 22:27:41.435] [info] 1645/11165
[2026-09-11 22:27:41.436] [info] 1646/11165
[2026-09-11 22:27:41.438] [info] 1647/11165
[2026-09-11 22:27:41.442] [info] 1648/11165
[2026-09-11 22:27:41.442] [info] 1649/11165
[2026-09-11 22:27:41.443] [info] 1650/11165
[2026-09-11 22:27:41.447] [info] 1651/11165
[2026-09-11 22:27:41.453] [info] 1652/11165
[2026-09-11 22:27:41.453] [info] 1653/11165
[2026-09-11 22:27:41.454] [info] 1654/11165
[2026-09-11 22:27:41.457] [info] 1655/11165
[2026-09-11 22:27:41.461] [info] 1656/11165
[2026-09-11 22:27:41.461] [info] 1657/11165
[2026-09-11 22:27:41.462] [info] 1658/11165
[2026-09-11 22:27:41.462] [info] 1659/11165
[2026-09-11 22:27:41.466] [info] 1660/11165
[2026-09-11 22:27:41.466] [info] 1661/11165
[2026-09-11 22:27:41.466] [info] 1662/11165
[2026-09-11 22:27:41.470] [info] 1663/11165
[2026-09-11 22:27:41.473] [info] 1664/11165
[2026-09-11 22:27:41.479] [info] 1665/11165
[2026-09-11 22:27:41.484] [info] 1666/11165
[2026-09-11 22:27:41.488] [info] 1667/11165
[2026-09-11 22:27:41.494] [info] 1668/11165
[2026-09-11 22:27:41.502] [info] 1669/11165
[2026-09-11 22:27:41.509] [info] 1670/11165
[2026-09-11 22:27:41.514] [info] 1671/11165
[2026-09-11 22:27:41.519] [info] 1672/11165
[2026-09-11 22:27:41.526] [info] 1673/11165
[2026-09-11 22:27:41.531] [info] 1674/11165
[2026-09-11 22:27:41.535] [info] 1675/11165
[2026-09-11 22:27:41.539] [info] 1676/11165
[2026-09-11 22:27:41.545] [info] 1677/11165
[2026-09-11 22:27:41.549] [info] 1678/11165
[2026-09-11 22:27:41.553] [info] 1679/11165
[2026-09-11 22:27:41.557] [info] 1680/11165
[2026-09-11 22:27:41.563] [info] 1681/11165
[2026-09-11 22:27:41.568] [info] 1682/11165
[2026-09-11 22:27:41.572] [info] 1683/11165
[2026-09-11 22:27:41.576] [info] 1684/11165
[2026-09-11 22:27:41.583] [info] 1685/11165
[2026-09-11 22:27:41.588] [info] 1686/11165
[2026-09-11 22:27:41.592] [info] 1687/11165
[2026-09-11 22:27:41.598] [info] 1688/11165
[2026-09-11 22:27:41.607] [info] 1689/11165
[2026-09-11 22:27:41.615] [info] 1690/11165
[2026-09-11 22:27:41.621] [info] 1691/11165
[2026-09-11 22:27:41.626] [info] 1692/11165
[2026-09-11 22:27:41.633] [info] 1693/11165
[2026-09-11 22:27:41.639] [info] 1694/11165
[2026-09-11 22:27:41.644] [info] 1695/11165
[2026-09-11 22:27:41.648] [info] 1696/11165
[2026-09-11 22:27:41.653] [info] 1697/11165
[2026-09-11 22:27:41.654] [info] 1698/11165
[2026-09-11 22:27:41.654] [info] 1699/11165
[2026-09-11 22:27:41.661] [info] 1700/11165
[2026-09-11 22:27:41.670] [info] 1701/11165
[2026-09-11 22:27:41.678] [info] 1702/11165
[2026-09-11 22:27:41.684] [info] 1703/11165
[2026-09-11 22:27:41.691] [info] 1704/11165
[2026-09-11 22:27:41.700] [info] 1705/11165
[2026-09-11 22:27:41.708] [info] 1706/11165
[2026-09-11 22:27:41.709] [info] 1707/11165
[2026-09-11 22:27:41.718] [info] 1708/11165
[2026-09-11 22:27:41.731] [info] 1709/11165
[2026-09-11 22:27:41.731] [info] 1710/11165
[2026-09-11 22:27:41.731] [info] 1711/11165
[2026-09-11 22:27:41.732] [info] 1712/11165
[2026-09-11 22:27:41.732] [info] 1713/11165
[2026-09-11 22:27:41.732] [info] 1714/11165
[2026-09-11 22:27:41.733] [info] 1715/11165
[2026-09-11 22:27:41.733] [info] 1716/11165
[2026-09-11 22:27:41.734] [info] 1717/11165
[2026-09-11 22:27:41.734] [info] 1718/11165
[2026-09-11 22:27:41.734] [info] 1719/11165
[2026-09-11 22:27:41.739] [info] 1720/11165
[2026-09-11 22:27:41.746] [info] 1721/11165
[2026-09-11 22:27:41.751] [info] 1722/11165
[2026-09-11 22:27:41.752] [info] 1723/11165
[2026-09-11 22:27:41.757] [info] 1724/11165
[2026-09-11 22:27:41.764] [info] 1725/11165
[2026-09-11 22:27:41.764] [info] 1726/11165
[2026-09-11 22:27:41.765] [info] 1727/11165
[2026-09-11 22:27:41.772] [info] 1728/11165
[2026-09-11 22:27:41.781] [info] 1729/11165
[2026-09-11 22:27:41.782] [info] 1730/11165
[2026-09-11 22:27:41.782] [info] 1731/11165
[2026-09-11 22:27:41.783] [info] 1732/11165
[2026-09-11 22:27:41.783] [info] 1733/11165
[2026-09-11 22:27:41.783] [info] 1734/11165
[2026-09-11 22:27:41.784] [info] 1735/11165
[2026-09-11 22:27:41.784] [info] 1736/11165
[2026-09-11 22:27:41.784] [info] 1737/11165
[2026-09-11 22:27:41.785] [info] 1738/11165
[2026-09-11 22:27:41.785] [info] 1739/11165
[2026-09-11 22:27:41.789] [info] 1740/11165
[2026-09-11 22:27:41.794] [info] 1741/11165
[2026-09-11 22:27:41.799] [info] 1742/11165
[2026-09-11 22:27:41.799] [info] 1743/11165
[2026-09-11 22:27:41.803] [info] 1744/11165
[2026-09-11 22:27:41.809] [info] 1745/11165
[2026-09-11 22:27:41.809] [info] 1746/11165
[2026-09-11 22:27:41.809] [info] 1747/11165
[2026-09-11 22:27:41.815] [info] 1748/11165
[2026-09-11 22:27:41.823] [info] 1749/11165
[2026-09-11 22:27:41.823] [info] 1750/11165
[2026-09-11 22:27:41.824] [info] 1751/11165
[2026-09-11 22:27:41.824] [info] 1752/11165
[2026-09-11 22:27:41.824] [info] 1753/11165
[2026-09-11 22:27:41.825] [info] 1754/11165
[2026-09-11 22:27:41.825] [info] 1755/11165
[2026-09-11 22:27:41.825] [info] 1756/11165
[2026-09-11 22:27:41.826] [info] 1757/11165
[2026-09-11 22:27:41.826] [info] 1758/11165
[2026-09-11 22:27:41.826] [info] 1759/11165
[2026-09-11 22:27:41.828] [info] 1760/11165
[2026-09-11 22:27:41.830] [info] 1761/11165
[2026-09-11 22:27:41.835] [info] 1762/11165
[2026-09-11 22:27:41.838] [info] 1763/11165
[2026-09-11 22:27:41.840] [info] 1764/11165
[2026-09-11 22:27:41.845] [info] 1765/11165
[2026-09-11 22:27:41.852] [info] 1766/11165
[2026-09-11 22:27:41.857] [info] 1767/11165
[2026-09-11 22:27:41.860] [info] 1768/11165
[2026-09-11 22:27:41.864] [info] 1769/11165
[2026-09-11 22:27:41.869] [info] 1770/11165
[2026-09-11 22:27:41.872] [info] 1771/11165
[2026-09-11 22:27:41.875] [info] 1772/11165
[2026-09-11 22:27:41.877] [info] 1773/11165
[2026-09-11 22:27:41.881] [info] 1774/11165
[2026-09-11 22:27:41.881] [info] 1775/11165
[2026-09-11 22:27:41.881] [info] 1776/11165
[2026-09-11 22:27:41.884] [info] 1777/11165
[2026-09-11 22:27:41.888] [info] 1778/11165
[2026-09-11 22:27:41.892] [info] 1779/11165
[2026-09-11 22:27:41.894] [info] 1780/11165
[2026-09-11 22:27:41.897] [info] 1781/11165
[2026-09-11 22:27:41.902] [info] 1782/11165
[2026-09-11 22:27:41.905] [info] 1783/11165
[2026-09-11 22:27:41.908] [info] 1784/11165
[2026-09-11 22:27:41.913] [info] 1785/11165
[2026-09-11 22:27:41.920] [info] 1786/11165
[2026-09-11 22:27:41.926] [info] 1787/11165
[2026-09-11 22:27:41.930] [info] 1788/11165
[2026-09-11 22:27:41.934] [info] 1789/11165
[2026-09-11 22:27:41.939] [info] 1790/11165
[2026-09-11 22:27:41.939] [info] 1791/11165
[2026-09-11 22:27:41.940] [info] 1792/11165
[2026-09-11 22:27:41.940] [info] 1793/11165
[2026-09-11 22:27:41.944] [info] 1794/11165
[2026-09-11 22:27:41.944] [info] 1795/11165
[2026-09-11 22:27:41.945] [info] 1796/11165
[2026-09-11 22:27:41.949] [info] 1797/11165
[2026-09-11 22:27:41.956] [info] 1798/11165
[2026-09-11 22:27:41.961] [info] 1799/11165
[2026-09-11 22:27:41.965] [info] 1800/11165
[2026-09-11 22:27:41.970] [info] 1801/11165
[2026-09-11 22:27:41.976] [info] 1802/11165
[2026-09-11 22:27:41.982] [info] 1803/11165
[2026-09-11 22:27:41.982] [info] 1804/11165
[2026-09-11 22:27:41.990] [info] 1805/11165
[2026-09-11 22:27:42.000] [info] 1806/11165
[2026-09-11 22:27:42.000] [info] 1807/11165
[2026-09-11 22:27:42.001] [info] 1808/11165
[2026-09-11 22:27:42.001] [info] 1809/11165
[2026-09-11 22:27:42.001] [info] 1810/11165
[2026-09-11 22:27:42.002] [info] 1811/11165
[2026-09-11 22:27:42.002] [info] 1812/11165
[2026-09-11 22:27:42.002] [info] 1813/11165
[2026-09-11 22:27:42.003] [info] 1814/11165
[2026-09-11 22:27:42.003] [info] 1815/11165
[2026-09-11 22:27:42.003] [info] 1816/11165
[2026-09-11 22:27:42.006] [info] 1817/11165
[2026-09-11 22:27:42.011] [info] 1818/11165
[2026-09-11 22:27:42.015] [info] 1819/11165
[2026-09-11 22:27:42.015] [info] 1820/11165
[2026-09-11 22:27:42.018] [info] 1821/11165
[2026-09-11 22:27:42.023] [info] 1822/11165
[2026-09-11 22:27:42.024] [info] 1823/11165
[2026-09-11 22:27:42.024] [info] 1824/11165
[2026-09-11 22:27:42.029] [info] 1825/11165
[2026-09-11 22:27:42.037] [info] 1826/11165
[2026-09-11 22:27:42.038] [info] 1827/11165
[2026-09-11 22:27:42.038] [info] 1828/11165
[2026-09-11 22:27:42.038] [info] 1829/11165
[2026-09-11 22:27:42.039] [info] 1830/11165
[2026-09-11 22:27:42.039] [info] 1831/11165
[2026-09-11 22:27:42.039] [info] 1832/11165
[2026-09-11 22:27:42.040] [info] 1833/11165
[2026-09-11 22:27:42.040] [info] 1834/11165
[2026-09-11 22:27:42.040] [info] 1835/11165
[2026-09-11 22:27:42.041] [info] 1836/11165
[2026-09-11 22:27:42.043] [info] 1837/11165
[2026-09-11 22:27:42.047] [info] 1838/11165
[2026-09-11 22:27:42.050] [info] 1839/11165
[2026-09-11 22:27:42.050] [info] 1840/11165
[2026-09-11 22:27:42.053] [info] 1841/11165
[2026-09-11 22:27:42.057] [info] 1842/11165
[2026-09-11 22:27:42.057] [info] 1843/11165
[2026-09-11 22:27:42.058] [info] 1844/11165
[2026-09-11 22:27:42.062] [info] 1845/11165
[2026-09-11 22:27:42.069] [info] 1846/11165
[2026-09-11 22:27:42.069] [info] 1847/11165
[2026-09-11 22:27:42.069] [info] 1848/11165
[2026-09-11 22:27:42.070] [info] 1849/11165
[2026-09-11 22:27:42.070] [info] 1850/11165
[2026-09-11 22:27:42.070] [info] 1851/11165
[2026-09-11 22:27:42.071] [info] 1852/11165
[2026-09-11 22:27:42.071] [info] 1853/11165
[2026-09-11 22:27:42.071] [info] 1854/11165
[2026-09-11 22:27:42.072] [info] 1855/11165
[2026-09-11 22:27:42.072] [info] 1856/11165
[2026-09-11 22:27:42.073] [info] 1857/11165
[2026-09-11 22:27:42.075] [info] 1858/11165
[2026-09-11 22:27:42.078] [info] 1859/11165
[2026-09-11 22:27:42.081] [info] 1860/11165
[2026-09-11 22:27:42.082] [info] 1861/11165
[2026-09-11 22:27:42.086] [info] 1862/11165
[2026-09-11 22:27:42.093] [info] 1863/11165
[2026-09-11 22:27:42.097] [info] 1864/11165
[2026-09-11 22:27:42.100] [info] 1865/11165
[2026-09-11 22:27:42.102] [info] 1866/11165
[2026-09-11 22:27:42.107] [info] 1867/11165
[2026-09-11 22:27:42.107] [info] 1868/11165
[2026-09-11 22:27:42.107] [info] 1869/11165
[2026-09-11 22:27:42.109] [info] 1870/11165
[2026-09-11 22:27:42.112] [info] 1871/11165
[2026-09-11 22:27:42.112] [info] 1872/11165
[2026-09-11 22:27:42.113] [info] 1873/11165
[2026-09-11 22:27:42.115] [info] 1874/11165
[2026-09-11 22:27:42.118] [info] 1875/11165
[2026-09-11 22:27:42.121] [info] 1876/11165
[2026-09-11 22:27:42.122] [info] 1877/11165
[2026-09-11 22:27:42.124] [info] 1878/11165
[2026-09-11 22:27:42.128] [info] 1879/11165
[2026-09-11 22:27:42.131] [info] 1880/11165
[2026-09-11 22:27:42.133] [info] 1881/11165
[2026-09-11 22:27:42.138] [info] 1882/11165
[2026-09-11 22:27:42.145] [info] 1883/11165
[2026-09-11 22:27:42.145] [info] 1884/11165
[2026-09-11 22:27:42.145] [info] 1885/11165
[2026-09-11 22:27:42.146] [info] 1886/11165
[2026-09-11 22:27:42.151] [info] 1887/11165
[2026-09-11 22:27:42.151] [info] 1888/11165
[2026-09-11 22:27:42.151] [info] 1889/11165
[2026-09-11 22:27:42.152] [info] 1890/11165
[2026-09-11 22:27:42.152] [info] 1891/11165
[2026-09-11 22:27:42.152] [info] 1892/11165
[2026-09-11 22:27:42.153] [info] 1893/11165
[2026-09-11 22:27:42.156] [info] 1894/11165
[2026-09-11 22:27:42.161] [info] 1895/11165
[2026-09-11 22:27:42.165] [info] 1896/11165
[2026-09-11 22:27:42.168] [info] 1897/11165
[2026-09-11 22:27:42.172] [info] 1898/11165
[2026-09-11 22:27:42.178] [info] 1899/11165
[2026-09-11 22:27:42.182] [info] 1900/11165
[2026-09-11 22:27:42.183] [info] 1901/11165
[2026-09-11 22:27:42.189] [info] 1902/11165
[2026-09-11 22:27:42.198] [info] 1903/11165
[2026-09-11 22:27:42.198] [info] 1904/11165
[2026-09-11 22:27:42.199] [info] 1905/11165
[2026-09-11 22:27:42.199] [info] 1906/11165
[2026-09-11 22:27:42.200] [info] 1907/11165
[2026-09-11 22:27:42.200] [info] 1908/11165
[2026-09-11 22:27:42.200] [info] 1909/11165
[2026-09-11 22:27:42.201] [info] 1910/11165
[2026-09-11 22:27:42.201] [info] 1911/11165
[2026-09-11 22:27:42.201] [info] 1912/11165
[2026-09-11 22:27:42.202] [info] 1913/11165
[2026-09-11 22:27:42.204] [info] 1914/11165
[2026-09-11 22:27:42.208] [info] 1915/11165
[2026-09-11 22:27:42.211] [info] 1916/11165
[2026-09-11 22:27:42.211] [info] 1917/11165
[2026-09-11 22:27:42.214] [info] 1918/11165
[2026-09-11 22:27:42.219] [info] 1919/11165
[2026-09-11 22:27:42.219] [info] 1920/11165
[2026-09-11 22:27:42.219] [info] 1921/11165
[2026-09-11 22:27:42.224] [info] 1922/11165
[2026-09-11 22:27:42.231] [info] 1923/11165
[2026-09-11 22:27:42.232] [info] 1924/11165
[2026-09-11 22:27:42.232] [info] 1925/11165
[2026-09-11 22:27:42.232] [info] 1926/11165
[2026-09-11 22:27:42.233] [info] 1927/11165
[2026-09-11 22:27:42.233] [info] 1928/11165
[2026-09-11 22:27:42.233] [info] 1929/11165
[2026-09-11 22:27:42.234] [info] 1930/11165
[2026-09-11 22:27:42.234] [info] 1931/11165
[2026-09-11 22:27:42.234] [info] 1932/11165
[2026-09-11 22:27:42.235] [info] 1933/11165
[2026-09-11 22:27:42.236] [info] 1934/11165
[2026-09-11 22:27:42.240] [info] 1935/11165
[2026-09-11 22:27:42.242] [info] 1936/11165
[2026-09-11 22:27:42.242] [info] 1937/11165
[2026-09-11 22:27:42.244] [info] 1938/11165
[2026-09-11 22:27:42.248] [info] 1939/11165
[2026-09-11 22:27:42.248] [info] 1940/11165
[2026-09-11 22:27:42.249] [info] 1941/11165
[2026-09-11 22:27:42.252] [info] 1942/11165
[2026-09-11 22:27:42.258] [info] 1943/11165
[2026-09-11 22:27:42.259] [info] 1944/11165
[2026-09-11 22:27:42.259] [info] 1945/11165
[2026-09-11 22:27:42.259] [info] 1946/11165
[2026-09-11 22:27:42.260] [info] 1947/11165
[2026-09-11 22:27:42.260] [info] 1948/11165
[2026-09-11 22:27:42.260] [info] 1949/11165
[2026-09-11 22:27:42.261] [info] 1950/11165
[2026-09-11 22:27:42.261] [info] 1951/11165
[2026-09-11 22:27:42.261] [info] 1952/11165
[2026-09-11 22:27:42.262] [info] 1953/11165
[2026-09-11 22:27:42.262] [info] 1954/11165
[2026-09-11 22:27:42.265] [info] 1955/11165
[2026-09-11 22:27:42.266] [info] 1956/11165
[2026-09-11 22:27:42.267] [info] 1957/11165
[2026-09-11 22:27:42.267] [info] 1958/11165
[2026-09-11 22:27:42.270] [info] 1959/11165
[2026-09-11 22:27:42.272] [info] 1960/11165
[2026-09-11 22:27:42.273] [info] 1961/11165
[2026-09-11 22:27:42.274] [info] 1962/11165
[2026-09-11 22:27:42.278] [info] 1963/11165
[2026-09-11 22:27:42.280] [info] 1964/11165
[2026-09-11 22:27:42.281] [info] 1965/11165
[2026-09-11 22:27:42.284] [info] 1966/11165
[2026-09-11 22:27:42.290] [info] 1967/11165
[2026-09-11 22:27:42.294] [info] 1968/11165
[2026-09-11 22:27:42.297] [info] 1969/11165
[2026-09-11 22:27:42.299] [info] 1970/11165
[2026-09-11 22:27:42.303] [info] 1971/11165
[2026-09-11 22:27:42.305] [info] 1972/11165
[2026-09-11 22:27:42.307] [info] 1973/11165
[2026-09-11 22:27:42.308] [info] 1974/11165
[2026-09-11 22:27:42.311] [info] 1975/11165
[2026-09-11 22:27:42.312] [info] 1976/11165
[2026-09-11 22:27:42.313] [info] 1977/11165
[2026-09-11 22:27:42.316] [info] 1978/11165
[2026-09-11 22:27:42.320] [info] 1979/11165
[2026-09-11 22:27:42.324] [info] 1980/11165
[2026-09-11 22:27:42.327] [info] 1981/11165
[2026-09-11 22:27:42.330] [info] 1982/11165
[2026-09-11 22:27:42.335] [info] 1983/11165
[2026-09-11 22:27:42.339] [info] 1984/11165
[2026-09-11 22:27:42.342] [info] 1985/11165
[2026-09-11 22:27:42.348] [info] 1986/11165
[2026-09-11 22:27:42.356] [info] 1987/11165
[2026-09-11 22:27:42.363] [info] 1988/11165
[2026-09-11 22:27:42.368] [info] 1989/11165
[2026-09-11 22:27:42.372] [info] 1990/11165
[2026-09-11 22:27:42.378] [info] 1991/11165
[2026-09-11 22:27:42.382] [info] 1992/11165
[2026-09-11 22:27:42.386] [info] 1993/11165
[2026-09-11 22:27:42.388] [info] 1994/11165
[2026-09-11 22:27:42.393] [info] 1995/11165
[2026-09-11 22:27:42.396] [info] 1996/11165
[2026-09-11 22:27:42.398] [info] 1997/11165
[2026-09-11 22:27:42.400] [info] 1998/11165
[2026-09-11 22:27:42.403] [info] 1999/11165
[2026-09-11 22:27:42.405] [info] 2000/11165
[2026-09-11 22:27:42.407] [info] 2001/11165
[2026-09-11 22:27:42.409] [info] 2002/11165
[2026-09-11 22:27:42.413] [info] 2003/11165
[2026-09-11 22:27:42.416] [info] 2004/11165
[2026-09-11 22:27:42.416] [info] 2005/11165
[2026-09-11 22:27:42.420] [info] 2006/11165
[2026-09-11 22:27:42.427] [info] 2007/11165
[2026-09-11 22:27:42.427] [info] 2008/11165
[2026-09-11 22:27:42.428] [info] 2009/11165
[2026-09-11 22:27:42.430] [info] 2010/11165
[2026-09-11 22:27:42.434] [info] 2011/11165
[2026-09-11 22:27:42.435] [info] 2012/11165
[2026-09-11 22:27:42.435] [info] 2013/11165
[2026-09-11 22:27:42.437] [info] 2014/11165
[2026-09-11 22:27:42.440] [info] 2015/11165
[2026-09-11 22:27:42.440] [info] 2016/11165
[2026-09-11 22:27:42.440] [info] 2017/11165
[2026-09-11 22:27:42.441] [info] 2018/11165
[2026-09-11 22:27:42.444] [info] 2019/11165
[2026-09-11 22:27:42.445] [info] 2020/11165
[2026-09-11 22:27:42.446] [info] 2021/11165
[2026-09-11 22:27:42.447] [info] 2022/11165
[2026-09-11 22:27:42.450] [info] 2023/11165
[2026-09-11 22:27:42.450] [info] 2024/11165
[2026-09-11 22:27:42.451] [info] 2025/11165
[2026-09-11 22:27:42.453] [info] 2026/11165
[2026-09-11 22:27:42.459] [info] 2027/11165
[2026-09-11 22:27:42.459] [info] 2028/11165
[2026-09-11 22:27:42.459] [info] 2029/11165
[2026-09-11 22:27:42.461] [info] 2030/11165
[2026-09-11 22:27:42.465] [info] 2031/11165
[2026-09-11 22:27:42.465] [info] 2032/11165
[2026-09-11 22:27:42.465] [info] 2033/11165
[2026-09-11 22:27:42.466] [info] 2034/11165
[2026-09-11 22:27:42.468] [info] 2035/11165
[2026-09-11 22:27:42.469] [info] 2036/11165
[2026-09-11 22:27:42.469] [info] 2037/11165
[2026-09-11 22:27:42.470] [info] 2038/11165
[2026-09-11 22:27:42.473] [info] 2039/11165
[2026-09-11 22:27:42.475] [info] 2040/11165
[2026-09-11 22:27:42.476] [info] 2041/11165
[2026-09-11 22:27:42.479] [info] 2042/11165
[2026-09-11 22:27:42.485] [info] 2043/11165
[2026-09-11 22:27:42.489] [info] 2044/11165
[2026-09-11 22:27:42.492] [info] 2045/11165
[2026-09-11 22:27:42.494] [info] 2046/11165
[2026-09-11 22:27:42.498] [info] 2047/11165
[2026-09-11 22:27:42.500] [info] 2048/11165
[2026-09-11 22:27:42.501] [info] 2049/11165
[2026-09-11 22:27:42.502] [info] 2050/11165
[2026-09-11 22:27:42.505] [info] 2051/11165
[2026-09-11 22:27:42.506] [info] 2052/11165
[2026-09-11 22:27:42.507] [info] 2053/11165
[2026-09-11 22:27:42.508] [info] 2054/11165
[2026-09-11 22:27:42.512] [info] 2055/11165
[2026-09-11 22:27:42.514] [info] 2056/11165
[2026-09-11 22:27:42.515] [info] 2057/11165
[2026-09-11 22:27:42.516] [info] 2058/11165
[2026-09-11 22:27:42.520] [info] 2059/11165
[2026-09-11 22:27:42.522] [info] 2060/11165
[2026-09-11 22:27:42.523] [info] 2061/11165
[2026-09-11 22:27:42.527] [info] 2062/11165
[2026-09-11 22:27:42.533] [info] 2063/11165
[2026-09-11 22:27:42.537] [info] 2064/11165
[2026-09-11 22:27:42.540] [info] 2065/11165
[2026-09-11 22:27:42.542] [info] 2066/11165
[2026-09-11 22:27:42.546] [info] 2067/11165
[2026-09-11 22:27:42.549] [info] 2068/11165
[2026-09-11 22:27:42.551] [info] 2069/11165
[2026-09-11 22:27:42.552] [info] 2070/11165
[2026-09-11 22:27:42.555] [info] 2071/11165
[2026-09-11 22:27:42.556] [info] 2072/11165
[2026-09-11 22:27:42.557] [info] 2073/11165
[2026-09-11 22:27:42.561] [info] 2074/11165
[2026-09-11 22:27:42.566] [info] 2075/11165
[2026-09-11 22:27:42.569] [info] 2076/11165
[2026-09-11 22:27:42.572] [info] 2077/11165
[2026-09-11 22:27:42.576] [info] 2078/11165
[2026-09-11 22:27:42.581] [info] 2079/11165
[2026-09-11 22:27:42.586] [info] 2080/11165
[2026-09-11 22:27:42.589] [info] 2081/11165
[2026-09-11 22:27:42.595] [info] 2082/11165
[2026-09-11 22:27:42.604] [info] 2083/11165
[2026-09-11 22:27:42.604] [info] 2084/11165
[2026-09-11 22:27:42.604] [info] 2085/11165
[2026-09-11 22:27:42.609] [info] 2086/11165
[2026-09-11 22:27:42.615] [info] 2087/11165
[2026-09-11 22:27:42.615] [info] 2088/11165
[2026-09-11 22:27:42.615] [info] 2089/11165
[2026-09-11 22:27:42.618] [info] 2090/11165
[2026-09-11 22:27:42.623] [info] 2091/11165
[2026-09-11 22:27:42.623] [info] 2092/11165
[2026-09-11 22:27:42.623] [info] 2093/11165
[2026-09-11 22:27:42.625] [info] 2094/11165
[2026-09-11 22:27:42.629] [info] 2095/11165
[2026-09-11 22:27:42.632] [info] 2096/11165
[2026-09-11 22:27:42.632] [info] 2097/11165
[2026-09-11 22:27:42.634] [info] 2098/11165
[2026-09-11 22:27:42.639] [info] 2099/11165
[2026-09-11 22:27:42.639] [info] 2100/11165
[2026-09-11 22:27:42.639] [info] 2101/11165
[2026-09-11 22:27:42.644] [info] 2102/11165
[2026-09-11 22:27:42.651] [info] 2103/11165
[2026-09-11 22:27:42.651] [info] 2104/11165
[2026-09-11 22:27:42.651] [info] 2105/11165
[2026-09-11 22:27:42.654] [info] 2106/11165
[2026-09-11 22:27:42.659] [info] 2107/11165
[2026-09-11 22:27:42.659] [info] 2108/11165
[2026-09-11 22:27:42.659] [info] 2109/11165
[2026-09-11 22:27:42.660] [info] 2110/11165
[2026-09-11 22:27:42.663] [info] 2111/11165
[2026-09-11 22:27:42.664] [info] 2112/11165
[2026-09-11 22:27:42.664] [info] 2113/11165
[2026-09-11 22:27:42.665] [info] 2114/11165
[2026-09-11 22:27:42.668] [info] 2115/11165
[2026-09-11 22:27:42.669] [info] 2116/11165
[2026-09-11 22:27:42.670] [info] 2117/11165
[2026-09-11 22:27:42.671] [info] 2118/11165
[2026-09-11 22:27:42.674] [info] 2119/11165
[2026-09-11 22:27:42.674] [info] 2120/11165
[2026-09-11 22:27:42.675] [info] 2121/11165
[2026-09-11 22:27:42.678] [info] 2122/11165
[2026-09-11 22:27:42.683] [info] 2123/11165
[2026-09-11 22:27:42.684] [info] 2124/11165
[2026-09-11 22:27:42.684] [info] 2125/11165
[2026-09-11 22:27:42.684] [info] 2126/11165
[2026-09-11 22:27:42.685] [info] 2127/11165
[2026-09-11 22:27:42.685] [info] 2128/11165
[2026-09-11 22:27:42.685] [info] 2129/11165
[2026-09-11 22:27:42.686] [info] 2130/11165
[2026-09-11 22:27:42.686] [info] 2131/11165
[2026-09-11 22:27:42.686] [info] 2132/11165
[2026-09-11 22:27:42.687] [info] 2133/11165
[2026-09-11 22:27:42.688] [info] 2134/11165
[2026-09-11 22:27:42.693] [info] 2135/11165
[2026-09-11 22:27:42.697] [info] 2136/11165
[2026-09-11 22:27:42.699] [info] 2137/11165
[2026-09-11 22:27:42.704] [info] 2138/11165
[2026-09-11 22:27:42.711] [info] 2139/11165
[2026-09-11 22:27:42.717] [info] 2140/11165
[2026-09-11 22:27:42.721] [info] 2141/11165
[2026-09-11 22:27:42.724] [info] 2142/11165
[2026-09-11 22:27:42.730] [info] 2143/11165
[2026-09-11 22:27:42.733] [info] 2144/11165
[2026-09-11 22:27:42.736] [info] 2145/11165
[2026-09-11 22:27:42.739] [info] 2146/11165
[2026-09-11 22:27:42.743] [info] 2147/11165
[2026-09-11 22:27:42.746] [info] 2148/11165
[2026-09-11 22:27:42.748] [info] 2149/11165
[2026-09-11 22:27:42.751] [info] 2150/11165
[2026-09-11 22:27:42.756] [info] 2151/11165
[2026-09-11 22:27:42.760] [info] 2152/11165
[2026-09-11 22:27:42.763] [info] 2153/11165
[2026-09-11 22:27:42.766] [info] 2154/11165
[2026-09-11 22:27:42.771] [info] 2155/11165
[2026-09-11 22:27:42.775] [info] 2156/11165
[2026-09-11 22:27:42.778] [info] 2157/11165
[2026-09-11 22:27:42.783] [info] 2158/11165
[2026-09-11 22:27:42.790] [info] 2159/11165
[2026-09-11 22:27:42.796] [info] 2160/11165
[2026-09-11 22:27:42.800] [info] 2161/11165
[2026-09-11 22:27:42.804] [info] 2162/11165
[2026-09-11 22:27:42.810] [info] 2163/11165
[2026-09-11 22:27:42.815] [info] 2164/11165
[2026-09-11 22:27:42.819] [info] 2165/11165
[2026-09-11 22:27:42.821] [info] 2166/11165
[2026-09-11 22:27:42.826] [info] 2167/11165
[2026-09-11 22:27:42.826] [info] 2168/11165
[2026-09-11 22:27:42.827] [info] 2169/11165
[2026-09-11 22:27:42.832] [info] 2170/11165
[2026-09-11 22:27:42.840] [info] 2171/11165
[2026-09-11 22:27:42.846] [info] 2172/11165
[2026-09-11 22:27:42.852] [info] 2173/11165
[2026-09-11 22:27:42.857] [info] 2174/11165
[2026-09-11 22:27:42.865] [info] 2175/11165
[2026-09-11 22:27:42.872] [info] 2176/11165
[2026-09-11 22:27:42.872] [info] 2177/11165
[2026-09-11 22:27:42.881] [info] 2178/11165
[2026-09-11 22:27:42.891] [info] 2179/11165
[2026-09-11 22:27:42.892] [info] 2180/11165
[2026-09-11 22:27:42.892] [info] 2181/11165
[2026-09-11 22:27:42.893] [info] 2182/11165
[2026-09-11 22:27:42.893] [info] 2183/11165
[2026-09-11 22:27:42.893] [info] 2184/11165
[2026-09-11 22:27:42.894] [info] 2185/11165
[2026-09-11 22:27:42.894] [info] 2186/11165
[2026-09-11 22:27:42.895] [info] 2187/11165
[2026-09-11 22:27:42.895] [info] 2188/11165
[2026-09-11 22:27:42.895] [info] 2189/11165
[2026-09-11 22:27:42.899] [info] 2190/11165
[2026-09-11 22:27:42.904] [info] 2191/11165
[2026-09-11 22:27:42.909] [info] 2192/11165
[2026-09-11 22:27:42.909] [info] 2193/11165
[2026-09-11 22:27:42.913] [info] 2194/11165
[2026-09-11 22:27:42.919] [info] 2195/11165
[2026-09-11 22:27:42.919] [info] 2196/11165
[2026-09-11 22:27:42.920] [info] 2197/11165
[2026-09-11 22:27:42.926] [info] 2198/11165
[2026-09-11 22:27:42.934] [info] 2199/11165
[2026-09-11 22:27:42.934] [info] 2200/11165
[2026-09-11 22:27:42.935] [info] 2201/11165
[2026-09-11 22:27:42.935] [info] 2202/11165
[2026-09-11 22:27:42.935] [info] 2203/11165
[2026-09-11 22:27:42.936] [info] 2204/11165
[2026-09-11 22:27:42.936] [info] 2205/11165
[2026-09-11 22:27:42.936] [info] 2206/11165
[2026-09-11 22:27:42.937] [info] 2207/11165
[2026-09-11 22:27:42.937] [info] 2208/11165
[2026-09-11 22:27:42.937] [info] 2209/11165
[2026-09-11 22:27:42.940] [info] 2210/11165
[2026-09-11 22:27:42.944] [info] 2211/11165
[2026-09-11 22:27:42.947] [info] 2212/11165
[2026-09-11 22:27:42.948] [info] 2213/11165
[2026-09-11 22:27:42.950] [info] 2214/11165
[2026-09-11 22:27:42.955] [info] 2215/11165
[2026-09-11 22:27:42.955] [info] 2216/11165
[2026-09-11 22:27:42.956] [info] 2217/11165
[2026-09-11 22:27:42.960] [info] 2218/11165
[2026-09-11 22:27:42.966] [info] 2219/11165
[2026-09-11 22:27:42.967] [info] 2220/11165
[2026-09-11 22:27:42.967] [info] 2221/11165
[2026-09-11 22:27:42.967] [info] 2222/11165
[2026-09-11 22:27:42.968] [info] 2223/11165
[2026-09-11 22:27:42.968] [info] 2224/11165
[2026-09-11 22:27:42.969] [info] 2225/11165
[2026-09-11 22:27:42.969] [info] 2226/11165
[2026-09-11 22:27:42.969] [info] 2227/11165
[2026-09-11 22:27:42.970] [info] 2228/11165
[2026-09-11 22:27:42.970] [info] 2229/11165
[2026-09-11 22:27:42.971] [info] 2230/11165
[2026-09-11 22:27:42.975] [info] 2231/11165
[2026-09-11 22:27:42.977] [info] 2232/11165
[2026-09-11 22:27:42.979] [info] 2233/11165
[2026-09-11 22:27:42.982] [info] 2234/11165
[2026-09-11 22:27:42.989] [info] 2235/11165
[2026-09-11 22:27:42.993] [info] 2236/11165
[2026-09-11 22:27:42.996] [info] 2237/11165
[2026-09-11 22:27:42.998] [info] 2238/11165
[2026-09-11 22:27:43.003] [info] 2239/11165
[2026-09-11 22:27:43.005] [info] 2240/11165
[2026-09-11 22:27:43.007] [info] 2241/11165
[2026-09-11 22:27:43.009] [info] 2242/11165
[2026-09-11 22:27:43.012] [info] 2243/11165
[2026-09-11 22:27:43.012] [info] 2244/11165
[2026-09-11 22:27:43.012] [info] 2245/11165
[2026-09-11 22:27:43.015] [info] 2246/11165
[2026-09-11 22:27:43.018] [info] 2247/11165
[2026-09-11 22:27:43.021] [info] 2248/11165
[2026-09-11 22:27:43.023] [info] 2249/11165
[2026-09-11 22:27:43.025] [info] 2250/11165
[2026-09-11 22:27:43.029] [info] 2251/11165
[2026-09-11 22:27:43.032] [info] 2252/11165
[2026-09-11 22:27:43.033] [info] 2253/11165
[2026-09-11 22:27:43.038] [info] 2254/11165
[2026-09-11 22:27:43.044] [info] 2255/11165
[2026-09-11 22:27:43.049] [info] 2256/11165
[2026-09-11 22:27:43.052] [info] 2257/11165
[2026-09-11 22:27:43.055] [info] 2258/11165
[2026-09-11 22:27:43.060] [info] 2259/11165
[2026-09-11 22:27:43.060] [info] 2260/11165
[2026-09-11 22:27:43.060] [info] 2261/11165
[2026-09-11 22:27:43.061] [info] 2262/11165
[2026-09-11 22:27:43.064] [info] 2263/11165
[2026-09-11 22:27:43.065] [info] 2264/11165
[2026-09-11 22:27:43.065] [info] 2265/11165
[2026-09-11 22:27:43.069] [info] 2266/11165
[2026-09-11 22:27:43.074] [info] 2267/11165
[2026-09-11 22:27:43.079] [info] 2268/11165
[2026-09-11 22:27:43.082] [info] 2269/11165
[2026-09-11 22:27:43.086] [info] 2270/11165
[2026-09-11 22:27:43.092] [info] 2271/11165
[2026-09-11 22:27:43.097] [info] 2272/11165
[2026-09-11 22:27:43.097] [info] 2273/11165
[2026-09-11 22:27:43.104] [info] 2274/11165
[2026-09-11 22:27:43.114] [info] 2275/11165
[2026-09-11 22:27:43.114] [info] 2276/11165
[2026-09-11 22:27:43.114] [info] 2277/11165
[2026-09-11 22:27:43.115] [info] 2278/11165
[2026-09-11 22:27:43.115] [info] 2279/11165
[2026-09-11 22:27:43.115] [info] 2280/11165
[2026-09-11 22:27:43.116] [info] 2281/11165
[2026-09-11 22:27:43.116] [info] 2282/11165
[2026-09-11 22:27:43.117] [info] 2283/11165
[2026-09-11 22:27:43.117] [info] 2284/11165
[2026-09-11 22:27:43.117] [info] 2285/11165
[2026-09-11 22:27:43.119] [info] 2286/11165
[2026-09-11 22:27:43.124] [info] 2287/11165
[2026-09-11 22:27:43.126] [info] 2288/11165
[2026-09-11 22:27:43.127] [info] 2289/11165
[2026-09-11 22:27:43.129] [info] 2290/11165
[2026-09-11 22:27:43.136] [info] 2291/11165
[2026-09-11 22:27:43.136] [info] 2292/11165
[2026-09-11 22:27:43.137] [info] 2293/11165
[2026-09-11 22:27:43.143] [info] 2294/11165
[2026-09-11 22:27:43.150] [info] 2295/11165
[2026-09-11 22:27:43.151] [info] 2296/11165
[2026-09-11 22:27:43.151] [info] 2297/11165
[2026-09-11 22:27:43.151] [info] 2298/11165
[2026-09-11 22:27:43.152] [info] 2299/11165
[2026-09-11 22:27:43.152] [info] 2300/11165
[2026-09-11 22:27:43.152] [info] 2301/11165
[2026-09-11 22:27:43.153] [info] 2302/11165
[2026-09-11 22:27:43.153] [info] 2303/11165
[2026-09-11 22:27:43.153] [info] 2304/11165
[2026-09-11 22:27:43.154] [info] 2305/11165
[2026-09-11 22:27:43.155] [info] 2306/11165
[2026-09-11 22:27:43.159] [info] 2307/11165
[2026-09-11 22:27:43.161] [info] 2308/11165
[2026-09-11 22:27:43.161] [info] 2309/11165
[2026-09-11 22:27:43.163] [info] 2310/11165
[2026-09-11 22:27:43.167] [info] 2311/11165
[2026-09-11 22:27:43.167] [info] 2312/11165
[2026-09-11 22:27:43.168] [info] 2313/11165
[2026-09-11 22:27:43.171] [info] 2314/11165
[2026-09-11 22:27:43.177] [info] 2315/11165
[2026-09-11 22:27:43.177] [info] 2316/11165
[2026-09-11 22:27:43.178] [info] 2317/11165
[2026-09-11 22:27:43.178] [info] 2318/11165
[2026-09-11 22:27:43.178] [info] 2319/11165
[2026-09-11 22:27:43.179] [info] 2320/11165
[2026-09-11 22:27:43.179] [info] 2321/11165
[2026-09-11 22:27:43.179] [info] 2322/11165
[2026-09-11 22:27:43.180] [info] 2323/11165
[2026-09-11 22:27:43.180] [info] 2324/11165
[2026-09-11 22:27:43.180] [info] 2325/11165
[2026-09-11 22:27:43.181] [info] 2326/11165
[2026-09-11 22:27:43.184] [info] 2327/11165
[2026-09-11 22:27:43.186] [info] 2328/11165
[2026-09-11 22:27:43.187] [info] 2329/11165
[2026-09-11 22:27:43.190] [info] 2330/11165
[2026-09-11 22:27:43.196] [info] 2331/11165
[2026-09-11 22:27:43.199] [info] 2332/11165
[2026-09-11 22:27:43.202] [info] 2333/11165
[2026-09-11 22:27:43.204] [info] 2334/11165
[2026-09-11 22:27:43.207] [info] 2335/11165
[2026-09-11 22:27:43.208] [info] 2336/11165
[2026-09-11 22:27:43.208] [info] 2337/11165
[2026-09-11 22:27:43.209] [info] 2338/11165
[2026-09-11 22:27:43.211] [info] 2339/11165
[2026-09-11 22:27:43.212] [info] 2340/11165
[2026-09-11 22:27:43.212] [info] 2341/11165
[2026-09-11 22:27:43.213] [info] 2342/11165
[2026-09-11 22:27:43.216] [info] 2343/11165
[2026-09-11 22:27:43.218] [info] 2344/11165
[2026-09-11 22:27:43.218] [info] 2345/11165
[2026-09-11 22:27:43.220] [info] 2346/11165
[2026-09-11 22:27:43.223] [info] 2347/11165
[2026-09-11 22:27:43.225] [info] 2348/11165
[2026-09-11 22:27:43.226] [info] 2349/11165
[2026-09-11 22:27:43.229] [info] 2350/11165
[2026-09-11 22:27:43.235] [info] 2351/11165
[2026-09-11 22:27:43.236] [info] 2352/11165
[2026-09-11 22:27:43.236] [info] 2353/11165
[2026-09-11 22:27:43.236] [info] 2354/11165
[2026-09-11 22:27:43.240] [info] 2355/11165
[2026-09-11 22:27:43.241] [info] 2356/11165
[2026-09-11 22:27:43.241] [info] 2357/11165
[2026-09-11 22:27:43.241] [info] 2358/11165
[2026-09-11 22:27:43.242] [info] 2359/11165
[2026-09-11 22:27:43.242] [info] 2360/11165
[2026-09-11 22:27:43.242] [info] 2361/11165
[2026-09-11 22:27:43.245] [info] 2362/11165
[2026-09-11 22:27:43.249] [info] 2363/11165
[2026-09-11 22:27:43.253] [info] 2364/11165
[2026-09-11 22:27:43.255] [info] 2365/11165
[2026-09-11 22:27:43.258] [info] 2366/11165
[2026-09-11 22:27:43.263] [info] 2367/11165
[2026-09-11 22:27:43.266] [info] 2368/11165
[2026-09-11 22:27:43.267] [info] 2369/11165
[2026-09-11 22:27:43.272] [info] 2370/11165
[2026-09-11 22:27:43.281] [info] 2371/11165
[2026-09-11 22:27:43.281] [info] 2372/11165
[2026-09-11 22:27:43.281] [info] 2373/11165
[2026-09-11 22:27:43.282] [info] 2374/11165
[2026-09-11 22:27:43.282] [info] 2375/11165
[2026-09-11 22:27:43.282] [info] 2376/11165
[2026-09-11 22:27:43.283] [info] 2377/11165
[2026-09-11 22:27:43.283] [info] 2378/11165
[2026-09-11 22:27:43.283] [info] 2379/11165
[2026-09-11 22:27:43.284] [info] 2380/11165
[2026-09-11 22:27:43.284] [info] 2381/11165
[2026-09-11 22:27:43.286] [info] 2382/11165
[2026-09-11 22:27:43.289] [info] 2383/11165
[2026-09-11 22:27:43.291] [info] 2384/11165
[2026-09-11 22:27:43.291] [info] 2385/11165
[2026-09-11 22:27:43.293] [info] 2386/11165
[2026-09-11 22:27:43.297] [info] 2387/11165
[2026-09-11 22:27:43.298] [info] 2388/11165
[2026-09-11 22:27:43.298] [info] 2389/11165
[2026-09-11 22:27:43.302] [info] 2390/11165
[2026-09-11 22:27:43.308] [info] 2391/11165
[2026-09-11 22:27:43.309] [info] 2392/11165
[2026-09-11 22:27:43.309] [info] 2393/11165
[2026-09-11 22:27:43.309] [info] 2394/11165
[2026-09-11 22:27:43.310] [info] 2395/11165
[2026-09-11 22:27:43.310] [info] 2396/11165
[2026-09-11 22:27:43.310] [info] 2397/11165
[2026-09-11 22:27:43.311] [info] 2398/11165
[2026-09-11 22:27:43.311] [info] 2399/11165
[2026-09-11 22:27:43.311] [info] 2400/11165
[2026-09-11 22:27:43.312] [info] 2401/11165
[2026-09-11 22:27:43.313] [info] 2402/11165
[2026-09-11 22:27:43.315] [info] 2403/11165
[2026-09-11 22:27:43.317] [info] 2404/11165
[2026-09-11 22:27:43.317] [info] 2405/11165
[2026-09-11 22:27:43.318] [info] 2406/11165
[2026-09-11 22:27:43.321] [info] 2407/11165
[2026-09-11 22:27:43.322] [info] 2408/11165
[2026-09-11 22:27:43.322] [info] 2409/11165
[2026-09-11 22:27:43.325] [info] 2410/11165
[2026-09-11 22:27:43.330] [info] 2411/11165
[2026-09-11 22:27:43.331] [info] 2412/11165
[2026-09-11 22:27:43.331] [info] 2413/11165
[2026-09-11 22:27:43.331] [info] 2414/11165
[2026-09-11 22:27:43.332] [info] 2415/11165
[2026-09-11 22:27:43.332] [info] 2416/11165
[2026-09-11 22:27:43.332] [info] 2417/11165
[2026-09-11 22:27:43.333] [info] 2418/11165
[2026-09-11 22:27:43.333] [info] 2419/11165
[2026-09-11 22:27:43.333] [info] 2420/11165
[2026-09-11 22:27:43.334] [info] 2421/11165
[2026-09-11 22:27:43.335] [info] 2422/11165
[2026-09-11 22:27:43.338] [info] 2423/11165
[2026-09-11 22:27:43.341] [info] 2424/11165
[2026-09-11 22:27:43.342] [info] 2425/11165
[2026-09-11 22:27:43.345] [info] 2426/11165
[2026-09-11 22:27:43.352] [info] 2427/11165
[2026-09-11 22:27:43.356] [info] 2428/11165
[2026-09-11 22:27:43.359] [info] 2429/11165
[2026-09-11 22:27:43.361] [info] 2430/11165
[2026-09-11 22:27:43.365] [info] 2431/11165
[2026-09-11 22:27:43.368] [info] 2432/11165
[2026-09-11 22:27:43.370] [info] 2433/11165
[2026-09-11 22:27:43.371] [info] 2434/11165
[2026-09-11 22:27:43.374] [info] 2435/11165
[2026-09-11 22:27:43.375] [info] 2436/11165
[2026-09-11 22:27:43.377] [info] 2437/11165
[2026-09-11 22:27:43.378] [info] 2438/11165
[2026-09-11 22:27:43.379] [info] 2439/11165
[2026-09-11 22:27:43.380] [info] 2440/11165
[2026-09-11 22:27:43.380] [info] 2441/11165
[2026-09-11 22:27:43.385] [info] 2442/11165
[2026-09-11 22:27:43.388] [info] 2443/11165
[2026-09-11 22:27:43.389] [info] 2444/11165
[2026-09-11 22:27:43.393] [info] 2445/11165
[2026-09-11 22:27:43.400] [info] 2446/11165
[2026-09-11 22:27:43.405] [info] 2447/11165
[2026-09-11 22:27:43.408] [info] 2448/11165
[2026-09-11 22:27:43.411] [info] 2449/11165
[2026-09-11 22:27:43.416] [info] 2450/11165
[2026-09-11 22:27:43.419] [info] 2451/11165
[2026-09-11 22:27:43.421] [info] 2452/11165
[2026-09-11 22:27:43.422] [info] 2453/11165
[2026-09-11 22:27:43.426] [info] 2454/11165
[2026-09-11 22:27:43.428] [info] 2455/11165
[2026-09-11 22:27:43.429] [info] 2456/11165
[2026-09-11 22:27:43.434] [info] 2457/11165
[2026-09-11 22:27:43.438] [info] 2458/11165
[2026-09-11 22:27:43.442] [info] 2459/11165
[2026-09-11 22:27:43.446] [info] 2460/11165
[2026-09-11 22:27:43.451] [info] 2461/11165
[2026-09-11 22:27:43.456] [info] 2462/11165
[2026-09-11 22:27:43.459] [info] 2463/11165
[2026-09-11 22:27:43.466] [info] 2464/11165
[2026-09-11 22:27:43.475] [info] 2465/11165
[2026-09-11 22:27:43.482] [info] 2466/11165
[2026-09-11 22:27:43.488] [info] 2467/11165
[2026-09-11 22:27:43.493] [info] 2468/11165
[2026-09-11 22:27:43.499] [info] 2469/11165
[2026-09-11 22:27:43.504] [info] 2470/11165
[2026-09-11 22:27:43.508] [info] 2471/11165
[2026-09-11 22:27:43.511] [info] 2472/11165
[2026-09-11 22:27:43.515] [info] 2473/11165
[2026-09-11 22:27:43.519] [info] 2474/11165
[2026-09-11 22:27:43.522] [info] 2475/11165
[2026-09-11 22:27:43.526] [info] 2476/11165
[2026-09-11 22:27:43.529] [info] 2477/11165
[2026-09-11 22:27:43.531] [info] 2478/11165
[2026-09-11 22:27:43.534] [info] 2479/11165
[2026-09-11 22:27:43.538] [info] 2480/11165
[2026-09-11 22:27:43.541] [info] 2481/11165
[2026-09-11 22:27:43.544] [info] 2482/11165
[2026-09-11 22:27:43.548] [info] 2483/11165
[2026-09-11 22:27:43.555] [info] 2484/11165
[2026-09-11 22:27:43.561] [info] 2485/11165
[2026-09-11 22:27:43.565] [info] 2486/11165
[2026-09-11 22:27:43.568] [info] 2487/11165
[2026-09-11 22:27:43.573] [info] 2488/11165
[2026-09-11 22:27:43.576] [info] 2489/11165
[2026-09-11 22:27:43.578] [info] 2490/11165
[2026-09-11 22:27:43.580] [info] 2491/11165
[2026-09-11 22:27:43.584] [info] 2492/11165
[2026-09-11 22:27:43.587] [info] 2493/11165
[2026-09-11 22:27:43.589] [info] 2494/11165
[2026-09-11 22:27:43.592] [info] 2495/11165
[2026-09-11 22:27:43.594] [info] 2496/11165
[2026-09-11 22:27:43.595] [info] 2497/11165
[2026-09-11 22:27:43.596] [info] 2498/11165
[2026-09-11 22:27:43.600] [info] 2499/11165
[2026-09-11 22:27:43.602] [info] 2500/11165
[2026-09-11 22:27:43.603] [info] 2501/11165
[2026-09-11 22:27:43.606] [info] 2502/11165
[2026-09-11 22:27:43.612] [info] 2503/11165
[2026-09-11 22:27:43.616] [info] 2504/11165
[2026-09-11 22:27:43.619] [info] 2505/11165
[2026-09-11 22:27:43.621] [info] 2506/11165
[2026-09-11 22:27:43.625] [info] 2507/11165
[2026-09-11 22:27:43.627] [info] 2508/11165
[2026-09-11 22:27:43.629] [info] 2509/11165
[2026-09-11 22:27:43.630] [info] 2510/11165
[2026-09-11 22:27:43.633] [info] 2511/11165
[2026-09-11 22:27:43.634] [info] 2512/11165
[2026-09-11 22:27:43.635] [info] 2513/11165
[2026-09-11 22:27:43.637] [info] 2514/11165
[2026-09-11 22:27:43.642] [info] 2515/11165
[2026-09-11 22:27:43.646] [info] 2516/11165
[2026-09-11 22:27:43.649] [info] 2517/11165
[2026-09-11 22:27:43.655] [info] 2518/11165
[2026-09-11 22:27:43.663] [info] 2519/11165
[2026-09-11 22:27:43.669] [info] 2520/11165
[2026-09-11 22:27:43.673] [info] 2521/11165
[2026-09-11 22:27:43.677] [info] 2522/11165
[2026-09-11 22:27:43.683] [info] 2523/11165
[2026-09-11 22:27:43.688] [info] 2524/11165
[2026-09-11 22:27:43.691] [info] 2525/11165
[2026-09-11 22:27:43.695] [info] 2526/11165
[2026-09-11 22:27:43.699] [info] 2527/11165
[2026-09-11 22:27:43.703] [info] 2528/11165
[2026-09-11 22:27:43.706] [info] 2529/11165
[2026-09-11 22:27:43.711] [info] 2530/11165
[2026-09-11 22:27:43.715] [info] 2531/11165
[2026-09-11 22:27:43.719] [info] 2532/11165
[2026-09-11 22:27:43.722] [info] 2533/11165
[2026-09-11 22:27:43.728] [info] 2534/11165
[2026-09-11 22:27:43.732] [info] 2535/11165
[2026-09-11 22:27:43.736] [info] 2536/11165
[2026-09-11 22:27:43.742] [info] 2537/11165
[2026-09-11 22:27:43.750] [info] 2538/11165
[2026-09-11 22:27:43.756] [info] 2539/11165
[2026-09-11 22:27:43.761] [info] 2540/11165
[2026-09-11 22:27:43.766] [info] 2541/11165
[2026-09-11 22:27:43.772] [info] 2542/11165
[2026-09-11 22:27:43.777] [info] 2543/11165
[2026-09-11 22:27:43.781] [info] 2544/11165
[2026-09-11 22:27:43.784] [info] 2545/11165
[2026-09-11 22:27:43.789] [info] 2546/11165
[2026-09-11 22:27:43.793] [info] 2547/11165
[2026-09-11 22:27:43.797] [info] 2548/11165
[2026-09-11 22:27:43.805] [info] 2549/11165
[2026-09-11 22:27:43.811] [info] 2550/11165
[2026-09-11 22:27:43.817] [info] 2551/11165
[2026-09-11 22:27:43.824] [info] 2552/11165
[2026-09-11 22:27:43.832] [info] 2553/11165
[2026-09-11 22:27:43.839] [info] 2554/11165
[2026-09-11 22:27:43.845] [info] 2555/11165
[2026-09-11 22:27:43.854] [info] 2556/11165
[2026-09-11 22:27:43.865] [info] 2557/11165
[2026-09-11 22:27:43.875] [info] 2558/11165
[2026-09-11 22:27:43.884] [info] 2559/11165
[2026-09-11 22:27:43.891] [info] 2560/11165
[2026-09-11 22:27:43.900] [info] 2561/11165
[2026-09-11 22:27:43.907] [info] 2562/11165
[2026-09-11 22:27:43.914] [info] 2563/11165
[2026-09-11 22:27:43.920] [info] 2564/11165
[2026-09-11 22:27:43.928] [info] 2565/11165
[2026-09-11 22:27:43.934] [info] 2566/11165
[2026-09-11 22:27:43.939] [info] 2567/11165
[2026-09-11 22:27:43.945] [info] 2568/11165
[2026-09-11 22:27:43.950] [info] 2569/11165
[2026-09-11 22:27:43.954] [info] 2570/11165
[2026-09-11 22:27:43.958] [info] 2571/11165
[2026-09-11 22:27:43.965] [info] 2572/11165
[2026-09-11 22:27:43.970] [info] 2573/11165
[2026-09-11 22:27:43.974] [info] 2574/11165
[2026-09-11 22:27:43.980] [info] 2575/11165
[2026-09-11 22:27:43.989] [info] 2576/11165
[2026-09-11 22:27:43.996] [info] 2577/11165
[2026-09-11 22:27:44.002] [info] 2578/11165
[2026-09-11 22:27:44.007] [info] 2579/11165
[2026-09-11 22:27:44.014] [info] 2580/11165
[2026-09-11 22:27:44.020] [info] 2581/11165
[2026-09-11 22:27:44.024] [info] 2582/11165
[2026-09-11 22:27:44.028] [info] 2583/11165
[2026-09-11 22:27:44.034] [info] 2584/11165
[2026-09-11 22:27:44.038] [info] 2585/11165
[2026-09-11 22:27:44.042] [info] 2586/11165
[2026-09-11 22:27:44.047] [info] 2587/11165
[2026-09-11 22:27:44.051] [info] 2588/11165
[2026-09-11 22:27:44.053] [info] 2589/11165
[2026-09-11 22:27:44.056] [info] 2590/11165
[2026-09-11 22:27:44.061] [info] 2591/11165
[2026-09-11 22:27:44.065] [info] 2592/11165
[2026-09-11 22:27:44.068] [info] 2593/11165
[2026-09-11 22:27:44.073] [info] 2594/11165
[2026-09-11 22:27:44.080] [info] 2595/11165
[2026-09-11 22:27:44.085] [info] 2596/11165
[2026-09-11 22:27:44.089] [info] 2597/11165
[2026-09-11 22:27:44.093] [info] 2598/11165
[2026-09-11 22:27:44.099] [info] 2599/11165
[2026-09-11 22:27:44.102] [info] 2600/11165
[2026-09-11 22:27:44.106] [info] 2601/11165
[2026-09-11 22:27:44.109] [info] 2602/11165
[2026-09-11 22:27:44.113] [info] 2603/11165
[2026-09-11 22:27:44.116] [info] 2604/11165
[2026-09-11 22:27:44.119] [info] 2605/11165
[2026-09-11 22:27:44.120] [info] 2606/11165
[2026-09-11 22:27:44.124] [info] 2607/11165
[2026-09-11 22:27:44.127] [info] 2608/11165
[2026-09-11 22:27:44.129] [info] 2609/11165
[2026-09-11 22:27:44.134] [info] 2610/11165
[2026-09-11 22:27:44.141] [info] 2611/11165
[2026-09-11 22:27:44.146] [info] 2612/11165
[2026-09-11 22:27:44.149] [info] 2613/11165
[2026-09-11 22:27:44.152] [info] 2614/11165
[2026-09-11 22:27:44.157] [info] 2615/11165
[2026-09-11 22:27:44.160] [info] 2616/11165
[2026-09-11 22:27:44.163] [info] 2617/11165
[2026-09-11 22:27:44.165] [info] 2618/11165
[2026-09-11 22:27:44.168] [info] 2619/11165
[2026-09-11 22:27:44.171] [info] 2620/11165
[2026-09-11 22:27:44.172] [info] 2621/11165
[2026-09-11 22:27:44.177] [info] 2622/11165
[2026-09-11 22:27:44.180] [info] 2623/11165
[2026-09-11 22:27:44.182] [info] 2624/11165
[2026-09-11 22:27:44.185] [info] 2625/11165
[2026-09-11 22:27:44.189] [info] 2626/11165
[2026-09-11 22:27:44.192] [info] 2627/11165
[2026-09-11 22:27:44.195] [info] 2628/11165
[2026-09-11 22:27:44.199] [info] 2629/11165
[2026-09-11 22:27:44.206] [info] 2630/11165
[2026-09-11 22:27:44.211] [info] 2631/11165
[2026-09-11 22:27:44.215] [info] 2632/11165
[2026-09-11 22:27:44.219] [info] 2633/11165
[2026-09-11 22:27:44.224] [info] 2634/11165
[2026-09-11 22:27:44.227] [info] 2635/11165
[2026-09-11 22:27:44.230] [info] 2636/11165
[2026-09-11 22:27:44.232] [info] 2637/11165
[2026-09-11 22:27:44.236] [info] 2638/11165
[2026-09-11 22:27:44.239] [info] 2639/11165
[2026-09-11 22:27:44.241] [info] 2640/11165
[2026-09-11 22:27:44.247] [info] 2641/11165
[2026-09-11 22:27:44.251] [info] 2642/11165
[2026-09-11 22:27:44.255] [info] 2643/11165
[2026-09-11 22:27:44.260] [info] 2644/11165
[2026-09-11 22:27:44.266] [info] 2645/11165
[2026-09-11 22:27:44.272] [info] 2646/11165
[2026-09-11 22:27:44.276] [info] 2647/11165
[2026-09-11 22:27:44.283] [info] 2648/11165
[2026-09-11 22:27:44.293] [info] 2649/11165
[2026-09-11 22:27:44.300] [info] 2650/11165
[2026-09-11 22:27:44.307] [info] 2651/11165
[2026-09-11 22:27:44.312] [info] 2652/11165
[2026-09-11 22:27:44.319] [info] 2653/11165
[2026-09-11 22:27:44.325] [info] 2654/11165
[2026-09-11 22:27:44.330] [info] 2655/11165
[2026-09-11 22:27:44.334] [info] 2656/11165
[2026-09-11 22:27:44.339] [info] 2657/11165
[2026-09-11 22:27:44.343] [info] 2658/11165
[2026-09-11 22:27:44.347] [info] 2659/11165
[2026-09-11 22:27:44.351] [info] 2660/11165
[2026-09-11 22:27:44.355] [info] 2661/11165
[2026-09-11 22:27:44.357] [info] 2662/11165
[2026-09-11 22:27:44.360] [info] 2663/11165
[2026-09-11 22:27:44.365] [info] 2664/11165
[2026-09-11 22:27:44.368] [info] 2665/11165
[2026-09-11 22:27:44.371] [info] 2666/11165
[2026-09-11 22:27:44.376] [info] 2667/11165
[2026-09-11 22:27:44.383] [info] 2668/11165
[2026-09-11 22:27:44.389] [info] 2669/11165
[2026-09-11 22:27:44.393] [info] 2670/11165
[2026-09-11 22:27:44.397] [info] 2671/11165
[2026-09-11 22:27:44.402] [info] 2672/11165
[2026-09-11 22:27:44.405] [info] 2673/11165
[2026-09-11 22:27:44.408] [info] 2674/11165
[2026-09-11 22:27:44.411] [info] 2675/11165
[2026-09-11 22:27:44.415] [info] 2676/11165
[2026-09-11 22:27:44.418] [info] 2677/11165
[2026-09-11 22:27:44.420] [info] 2678/11165
[2026-09-11 22:27:44.424] [info] 2679/11165
[2026-09-11 22:27:44.426] [info] 2680/11165
[2026-09-11 22:27:44.427] [info] 2681/11165
[2026-09-11 22:27:44.429] [info] 2682/11165
[2026-09-11 22:27:44.433] [info] 2683/11165
[2026-09-11 22:27:44.436] [info] 2684/11165
[2026-09-11 22:27:44.438] [info] 2685/11165
[2026-09-11 22:27:44.442] [info] 2686/11165
[2026-09-11 22:27:44.448] [info] 2687/11165
[2026-09-11 22:27:44.452] [info] 2688/11165
[2026-09-11 22:27:44.455] [info] 2689/11165
[2026-09-11 22:27:44.458] [info] 2690/11165
[2026-09-11 22:27:44.462] [info] 2691/11165
[2026-09-11 22:27:44.465] [info] 2692/11165
[2026-09-11 22:27:44.467] [info] 2693/11165
[2026-09-11 22:27:44.469] [info] 2694/11165
[2026-09-11 22:27:44.472] [info] 2695/11165
[2026-09-11 22:27:44.475] [info] 2696/11165
[2026-09-11 22:27:44.476] [info] 2697/11165
[2026-09-11 22:27:44.477] [info] 2698/11165
[2026-09-11 22:27:44.480] [info] 2699/11165
[2026-09-11 22:27:44.482] [info] 2700/11165
[2026-09-11 22:27:44.483] [info] 2701/11165
[2026-09-11 22:27:44.487] [info] 2702/11165
[2026-09-11 22:27:44.492] [info] 2703/11165
[2026-09-11 22:27:44.496] [info] 2704/11165
[2026-09-11 22:27:44.499] [info] 2705/11165
[2026-09-11 22:27:44.501] [info] 2706/11165
[2026-09-11 22:27:44.505] [info] 2707/11165
[2026-09-11 22:27:44.507] [info] 2708/11165
[2026-09-11 22:27:44.509] [info] 2709/11165
[2026-09-11 22:27:44.510] [info] 2710/11165
[2026-09-11 22:27:44.513] [info] 2711/11165
[2026-09-11 22:27:44.514] [info] 2712/11165
[2026-09-11 22:27:44.515] [info] 2713/11165
[2026-09-11 22:27:44.518] [info] 2714/11165
[2026-09-11 22:27:44.520] [info] 2715/11165
[2026-09-11 22:27:44.521] [info] 2716/11165
[2026-09-11 22:27:44.522] [info] 2717/11165
[2026-09-11 22:27:44.526] [info] 2718/11165
[2026-09-11 22:27:44.528] [info] 2719/11165
[2026-09-11 22:27:44.529] [info] 2720/11165
[2026-09-11 22:27:44.533] [info] 2721/11165
[2026-09-11 22:27:44.539] [info] 2722/11165
[2026-09-11 22:27:44.543] [info] 2723/11165
[2026-09-11 22:27:44.546] [info] 2724/11165
[2026-09-11 22:27:44.548] [info] 2725/11165
[2026-09-11 22:27:44.553] [info] 2726/11165
[2026-09-11 22:27:44.555] [info] 2727/11165
[2026-09-11 22:27:44.557] [info] 2728/11165
[2026-09-11 22:27:44.558] [info] 2729/11165
[2026-09-11 22:27:44.561] [info] 2730/11165
[2026-09-11 22:27:44.563] [info] 2731/11165
[2026-09-11 22:27:44.563] [info] 2732/11165
[2026-09-11 22:27:44.568] [info] 2733/11165
[2026-09-11 22:27:44.571] [info] 2734/11165
[2026-09-11 22:27:44.574] [info] 2735/11165
[2026-09-11 22:27:44.577] [info] 2736/11165
[2026-09-11 22:27:44.582] [info] 2737/11165
[2026-09-11 22:27:44.586] [info] 2738/11165
[2026-09-11 22:27:44.589] [info] 2739/11165
[2026-09-11 22:27:44.595] [info] 2740/11165
[2026-09-11 22:27:44.603] [info] 2741/11165
[2026-09-11 22:27:44.610] [info] 2742/11165
[2026-09-11 22:27:44.610] [info] 2743/11165
[2026-09-11 22:27:44.615] [info] 2744/11165
[2026-09-11 22:27:44.621] [info] 2745/11165
[2026-09-11 22:27:44.625] [info] 2746/11165
[2026-09-11 22:27:44.626] [info] 2747/11165
[2026-09-11 22:27:44.628] [info] 2748/11165
[2026-09-11 22:27:44.632] [info] 2749/11165
[2026-09-11 22:27:44.636] [info] 2750/11165
[2026-09-11 22:27:44.636] [info] 2751/11165
[2026-09-11 22:27:44.640] [info] 2752/11165
[2026-09-11 22:27:44.642] [info] 2753/11165
[2026-09-11 22:27:44.644] [info] 2754/11165
[2026-09-11 22:27:44.646] [info] 2755/11165
[2026-09-11 22:27:44.650] [info] 2756/11165
[2026-09-11 22:27:44.653] [info] 2757/11165
[2026-09-11 22:27:44.654] [info] 2758/11165
[2026-09-11 22:27:44.659] [info] 2759/11165
[2026-09-11 22:27:44.665] [info] 2760/11165
[2026-09-11 22:27:44.670] [info] 2761/11165
[2026-09-11 22:27:44.671] [info] 2762/11165
[2026-09-11 22:27:44.673] [info] 2763/11165
[2026-09-11 22:27:44.678] [info] 2764/11165
[2026-09-11 22:27:44.680] [info] 2765/11165
[2026-09-11 22:27:44.681] [info] 2766/11165
[2026-09-11 22:27:44.682] [info] 2767/11165
[2026-09-11 22:27:44.686] [info] 2768/11165
[2026-09-11 22:27:44.688] [info] 2769/11165
[2026-09-11 22:27:44.688] [info] 2770/11165
[2026-09-11 22:27:44.691] [info] 2771/11165
[2026-09-11 22:27:44.693] [info] 2772/11165
[2026-09-11 22:27:44.694] [info] 2773/11165
[2026-09-11 22:27:44.695] [info] 2774/11165
[2026-09-11 22:27:44.698] [info] 2775/11165
[2026-09-11 22:27:44.700] [info] 2776/11165
[2026-09-11 22:27:44.700] [info] 2777/11165
[2026-09-11 22:27:44.703] [info] 2778/11165
[2026-09-11 22:27:44.709] [info] 2779/11165
[2026-09-11 22:27:44.713] [info] 2780/11165
[2026-09-11 22:27:44.713] [info] 2781/11165
[2026-09-11 22:27:44.715] [info] 2782/11165
[2026-09-11 22:27:44.719] [info] 2783/11165
[2026-09-11 22:27:44.721] [info] 2784/11165
[2026-09-11 22:27:44.721] [info] 2785/11165
[2026-09-11 22:27:44.722] [info] 2786/11165
[2026-09-11 22:27:44.725] [info] 2787/11165
[2026-09-11 22:27:44.726] [info] 2788/11165
[2026-09-11 22:27:44.727] [info] 2789/11165
[2026-09-11 22:27:44.727] [info] 2790/11165
[2026-09-11 22:27:44.731] [info] 2791/11165
[2026-09-11 22:27:44.734] [info] 2792/11165
[2026-09-11 22:27:44.735] [info] 2793/11165
[2026-09-11 22:27:44.739] [info] 2794/11165
[2026-09-11 22:27:44.745] [info] 2795/11165
[2026-09-11 22:27:44.750] [info] 2796/11165
[2026-09-11 22:27:44.753] [info] 2797/11165
[2026-09-11 22:27:44.756] [info] 2798/11165
[2026-09-11 22:27:44.760] [info] 2799/11165
[2026-09-11 22:27:44.763] [info] 2800/11165
[2026-09-11 22:27:44.765] [info] 2801/11165
[2026-09-11 22:27:44.767] [info] 2802/11165
[2026-09-11 22:27:44.770] [info] 2803/11165
[2026-09-11 22:27:44.772] [info] 2804/11165
[2026-09-11 22:27:44.773] [info] 2805/11165
[2026-09-11 22:27:44.778] [info] 2806/11165
[2026-09-11 22:27:44.782] [info] 2807/11165
[2026-09-11 22:27:44.785] [info] 2808/11165
[2026-09-11 22:27:44.789] [info] 2809/11165
[2026-09-11 22:27:44.795] [info] 2810/11165
[2026-09-11 22:27:44.799] [info] 2811/11165
[2026-09-11 22:27:44.803] [info] 2812/11165
[2026-09-11 22:27:44.809] [info] 2813/11165
[2026-09-11 22:27:44.818] [info] 2814/11165
[2026-09-11 22:27:44.825] [info] 2815/11165
[2026-09-11 22:27:44.831] [info] 2816/11165
[2026-09-11 22:27:44.836] [info] 2817/11165
[2026-09-11 22:27:44.842] [info] 2818/11165
[2026-09-11 22:27:44.847] [info] 2819/11165
[2026-09-11 22:27:44.851] [info] 2820/11165
[2026-09-11 22:27:44.854] [info] 2821/11165
[2026-09-11 22:27:44.858] [info] 2822/11165
[2026-09-11 22:27:44.862] [info] 2823/11165
[2026-09-11 22:27:44.865] [info] 2824/11165
[2026-09-11 22:27:44.869] [info] 2825/11165
[2026-09-11 22:27:44.872] [info] 2826/11165
[2026-09-11 22:27:44.874] [info] 2827/11165
[2026-09-11 22:27:44.876] [info] 2828/11165
[2026-09-11 22:27:44.881] [info] 2829/11165
[2026-09-11 22:27:44.884] [info] 2830/11165
[2026-09-11 22:27:44.886] [info] 2831/11165
[2026-09-11 22:27:44.891] [info] 2832/11165
[2026-09-11 22:27:44.898] [info] 2833/11165
[2026-09-11 22:27:44.903] [info] 2834/11165
[2026-09-11 22:27:44.907] [info] 2835/11165
[2026-09-11 22:27:44.910] [info] 2836/11165
[2026-09-11 22:27:44.915] [info] 2837/11165
[2026-09-11 22:27:44.918] [info] 2838/11165
[2026-09-11 22:27:44.921] [info] 2839/11165
[2026-09-11 22:27:44.923] [info] 2840/11165
[2026-09-11 22:27:44.926] [info] 2841/11165
[2026-09-11 22:27:44.929] [info] 2842/11165
[2026-09-11 22:27:44.931] [info] 2843/11165
[2026-09-11 22:27:44.934] [info] 2844/11165
[2026-09-11 22:27:44.936] [info] 2845/11165
[2026-09-11 22:27:44.937] [info] 2846/11165
[2026-09-11 22:27:44.938] [info] 2847/11165
[2026-09-11 22:27:44.942] [info] 2848/11165
[2026-09-11 22:27:44.944] [info] 2849/11165
[2026-09-11 22:27:44.945] [info] 2850/11165
[2026-09-11 22:27:44.949] [info] 2851/11165
[2026-09-11 22:27:44.954] [info] 2852/11165
[2026-09-11 22:27:44.958] [info] 2853/11165
[2026-09-11 22:27:44.961] [info] 2854/11165
[2026-09-11 22:27:44.963] [info] 2855/11165
[2026-09-11 22:27:44.967] [info] 2856/11165
[2026-09-11 22:27:44.970] [info] 2857/11165
[2026-09-11 22:27:44.972] [info] 2858/11165
[2026-09-11 22:27:44.973] [info] 2859/11165
[2026-09-11 22:27:44.976] [info] 2860/11165
[2026-09-11 22:27:44.977] [info] 2861/11165
[2026-09-11 22:27:44.979] [info] 2862/11165
[2026-09-11 22:27:44.982] [info] 2863/11165
[2026-09-11 22:27:44.985] [info] 2864/11165
[2026-09-11 22:27:44.986] [info] 2865/11165
[2026-09-11 22:27:44.990] [info] 2866/11165
[2026-09-11 22:27:44.997] [info] 2867/11165
[2026-09-11 22:27:45.001] [info] 2868/11165
[2026-09-11 22:27:45.004] [info] 2869/11165
[2026-09-11 22:27:45.007] [info] 2870/11165
[2026-09-11 22:27:45.011] [info] 2871/11165
[2026-09-11 22:27:45.014] [info] 2872/11165
[2026-09-11 22:27:45.016] [info] 2873/11165
[2026-09-11 22:27:45.018] [info] 2874/11165
[2026-09-11 22:27:45.021] [info] 2875/11165
[2026-09-11 22:27:45.023] [info] 2876/11165
[2026-09-11 22:27:45.024] [info] 2877/11165
[2026-09-11 22:27:45.025] [info] 2878/11165
[2026-09-11 22:27:45.026] [info] 2879/11165
[2026-09-11 22:27:45.026] [info] 2880/11165
[2026-09-11 22:27:45.028] [info] 2881/11165
[2026-09-11 22:27:45.032] [info] 2882/11165
[2026-09-11 22:27:45.034] [info] 2883/11165
[2026-09-11 22:27:45.036] [info] 2884/11165
[2026-09-11 22:27:45.040] [info] 2885/11165
[2026-09-11 22:27:45.047] [info] 2886/11165
[2026-09-11 22:27:45.053] [info] 2887/11165
[2026-09-11 22:27:45.056] [info] 2888/11165
[2026-09-11 22:27:45.059] [info] 2889/11165
[2026-09-11 22:27:45.064] [info] 2890/11165
[2026-09-11 22:27:45.067] [info] 2891/11165
[2026-09-11 22:27:45.069] [info] 2892/11165
[2026-09-11 22:27:45.071] [info] 2893/11165
[2026-09-11 22:27:45.074] [info] 2894/11165
[2026-09-11 22:27:45.077] [info] 2895/11165
[2026-09-11 22:27:45.078] [info] 2896/11165
[2026-09-11 22:27:45.084] [info] 2897/11165
[2026-09-11 22:27:45.088] [info] 2898/11165
[2026-09-11 22:27:45.092] [info] 2899/11165
[2026-09-11 22:27:45.096] [info] 2900/11165
[2026-09-11 22:27:45.101] [info] 2901/11165
[2026-09-11 22:27:45.106] [info] 2902/11165
[2026-09-11 22:27:45.110] [info] 2903/11165
[2026-09-11 22:27:45.117] [info] 2904/11165
[2026-09-11 22:27:45.126] [info] 2905/11165
[2026-09-11 22:27:45.134] [info] 2906/11165
[2026-09-11 22:27:45.141] [info] 2907/11165
[2026-09-11 22:27:45.146] [info] 2908/11165
[2026-09-11 22:27:45.153] [info] 2909/11165
[2026-09-11 22:27:45.158] [info] 2910/11165
[2026-09-11 22:27:45.163] [info] 2911/11165
[2026-09-11 22:27:45.166] [info] 2912/11165
[2026-09-11 22:27:45.171] [info] 2913/11165
[2026-09-11 22:27:45.175] [info] 2914/11165
[2026-09-11 22:27:45.178] [info] 2915/11165
[2026-09-11 22:27:45.183] [info] 2916/11165
[2026-09-11 22:27:45.186] [info] 2917/11165
[2026-09-11 22:27:45.188] [info] 2918/11165
[2026-09-11 22:27:45.191] [info] 2919/11165
[2026-09-11 22:27:45.196] [info] 2920/11165
[2026-09-11 22:27:45.199] [info] 2921/11165
[2026-09-11 22:27:45.202] [info] 2922/11165
[2026-09-11 22:27:45.207] [info] 2923/11165
[2026-09-11 22:27:45.214] [info] 2924/11165
[2026-09-11 22:27:45.220] [info] 2925/11165
[2026-09-11 22:27:45.224] [info] 2926/11165
[2026-09-11 22:27:45.228] [info] 2927/11165
[2026-09-11 22:27:45.233] [info] 2928/11165
[2026-09-11 22:27:45.236] [info] 2929/11165
[2026-09-11 22:27:45.239] [info] 2930/11165
[2026-09-11 22:27:45.242] [info] 2931/11165
[2026-09-11 22:27:45.246] [info] 2932/11165
[2026-09-11 22:27:45.249] [info] 2933/11165
[2026-09-11 22:27:45.251] [info] 2934/11165
[2026-09-11 22:27:45.254] [info] 2935/11165
[2026-09-11 22:27:45.257] [info] 2936/11165
[2026-09-11 22:27:45.258] [info] 2937/11165
[2026-09-11 22:27:45.259] [info] 2938/11165
[2026-09-11 22:27:45.263] [info] 2939/11165
[2026-09-11 22:27:45.266] [info] 2940/11165
[2026-09-11 22:27:45.267] [info] 2941/11165
[2026-09-11 22:27:45.271] [info] 2942/11165
[2026-09-11 22:27:45.277] [info] 2943/11165
[2026-09-11 22:27:45.281] [info] 2944/11165
[2026-09-11 22:27:45.284] [info] 2945/11165
[2026-09-11 22:27:45.286] [info] 2946/11165
[2026-09-11 22:27:45.290] [info] 2947/11165
[2026-09-11 22:27:45.293] [info] 2948/11165
[2026-09-11 22:27:45.295] [info] 2949/11165
[2026-09-11 22:27:45.296] [info] 2950/11165
[2026-09-11 22:27:45.300] [info] 2951/11165
[2026-09-11 22:27:45.302] [info] 2952/11165
[2026-09-11 22:27:45.303] [info] 2953/11165
[2026-09-11 22:27:45.308] [info] 2954/11165
[2026-09-11 22:27:45.313] [info] 2955/11165
[2026-09-11 22:27:45.316] [info] 2956/11165
[2026-09-11 22:27:45.322] [info] 2957/11165
[2026-09-11 22:27:45.330] [info] 2958/11165
[2026-09-11 22:27:45.337] [info] 2959/11165
[2026-09-11 22:27:45.341] [info] 2960/11165
[2026-09-11 22:27:45.346] [info] 2961/11165
[2026-09-11 22:27:45.352] [info] 2962/11165
[2026-09-11 22:27:45.357] [info] 2963/11165
[2026-09-11 22:27:45.361] [info] 2964/11165
[2026-09-11 22:27:45.365] [info] 2965/11165
[2026-09-11 22:27:45.370] [info] 2966/11165
[2026-09-11 22:27:45.374] [info] 2967/11165
[2026-09-11 22:27:45.377] [info] 2968/11165
[2026-09-11 22:27:45.383] [info] 2969/11165
[2026-09-11 22:27:45.387] [info] 2970/11165
[2026-09-11 22:27:45.391] [info] 2971/11165
[2026-09-11 22:27:45.395] [info] 2972/11165
[2026-09-11 22:27:45.401] [info] 2973/11165
[2026-09-11 22:27:45.405] [info] 2974/11165
[2026-09-11 22:27:45.409] [info] 2975/11165
[2026-09-11 22:27:45.415] [info] 2976/11165
[2026-09-11 22:27:45.423] [info] 2977/11165
[2026-09-11 22:27:45.430] [info] 2978/11165
[2026-09-11 22:27:45.435] [info] 2979/11165
[2026-09-11 22:27:45.440] [info] 2980/11165
[2026-09-11 22:27:45.446] [info] 2981/11165
[2026-09-11 22:27:45.452] [info] 2982/11165
[2026-09-11 22:27:45.456] [info] 2983/11165
[2026-09-11 22:27:45.460] [info] 2984/11165
[2026-09-11 22:27:45.465] [info] 2985/11165
[2026-09-11 22:27:45.469] [info] 2986/11165
[2026-09-11 22:27:45.473] [info] 2987/11165
[2026-09-11 22:27:45.481] [info] 2988/11165
[2026-09-11 22:27:45.488] [info] 2989/11165
[2026-09-11 22:27:45.494] [info] 2990/11165
[2026-09-11 22:27:45.501] [info] 2991/11165
[2026-09-11 22:27:45.509] [info] 2992/11165
[2026-09-11 22:27:45.516] [info] 2993/11165
[2026-09-11 22:27:45.523] [info] 2994/11165
[2026-09-11 22:27:45.532] [info] 2995/11165
[2026-09-11 22:27:45.544] [info] 2996/11165
[2026-09-11 22:27:45.554] [info] 2997/11165
[2026-09-11 22:27:45.562] [info] 2998/11165
[2026-09-11 22:27:45.570] [info] 2999/11165
[2026-09-11 22:27:45.579] [info] 3000/11165
[2026-09-11 22:27:45.586] [info] 3001/11165
[2026-09-11 22:27:45.593] [info] 3002/11165
[2026-09-11 22:27:45.600] [info] 3003/11165
[2026-09-11 22:27:45.607] [info] 3004/11165
[2026-09-11 22:27:45.614] [info] 3005/11165
[2026-09-11 22:27:45.619] [info] 3006/11165
[2026-09-11 22:27:45.626] [info] 3007/11165
[2026-09-11 22:27:45.631] [info] 3008/11165
[2026-09-11 22:27:45.635] [info] 3009/11165
[2026-09-11 22:27:45.640] [info] 3010/11165
[2026-09-11 22:27:45.646] [info] 3011/11165
[2026-09-11 22:27:45.651] [info] 3012/11165
[2026-09-11 22:27:45.656] [info] 3013/11165
[2026-09-11 22:27:45.663] [info] 3014/11165
[2026-09-11 22:27:45.672] [info] 3015/11165
[2026-09-11 22:27:45.679] [info] 3016/11165
[2026-09-11 22:27:45.685] [info] 3017/11165
[2026-09-11 22:27:45.690] [info] 3018/11165
[2026-09-11 22:27:45.697] [info] 3019/11165
[2026-09-11 22:27:45.702] [info] 3020/11165
[2026-09-11 22:27:45.707] [info] 3021/11165
[2026-09-11 22:27:45.712] [info] 3022/11165
[2026-09-11 22:27:45.717] [info] 3023/11165
[2026-09-11 22:27:45.722] [info] 3024/11165
[2026-09-11 22:27:45.726] [info] 3025/11165
[2026-09-11 22:27:45.731] [info] 3026/11165
[2026-09-11 22:27:45.735] [info] 3027/11165
[2026-09-11 22:27:45.738] [info] 3028/11165
[2026-09-11 22:27:45.741] [info] 3029/11165
[2026-09-11 22:27:45.747] [info] 3030/11165
[2026-09-11 22:27:45.751] [info] 3031/11165
[2026-09-11 22:27:45.754] [info] 3032/11165
[2026-09-11 22:27:45.759] [info] 3033/11165
[2026-09-11 22:27:45.766] [info] 3034/11165
[2026-09-11 22:27:45.772] [info] 3035/11165
[2026-09-11 22:27:45.776] [info] 3036/11165
[2026-09-11 22:27:45.780] [info] 3037/11165
[2026-09-11 22:27:45.786] [info] 3038/11165
[2026-09-11 22:27:45.790] [info] 3039/11165
[2026-09-11 22:27:45.794] [info] 3040/11165
[2026-09-11 22:27:45.797] [info] 3041/11165
[2026-09-11 22:27:45.802] [info] 3042/11165
[2026-09-11 22:27:45.805] [info] 3043/11165
[2026-09-11 22:27:45.808] [info] 3044/11165
[2026-09-11 22:27:45.813] [info] 3045/11165
[2026-09-11 22:27:45.817] [info] 3046/11165
[2026-09-11 22:27:45.819] [info] 3047/11165
[2026-09-11 22:27:45.823] [info] 3048/11165
[2026-09-11 22:27:45.831] [info] 3049/11165
[2026-09-11 22:27:45.836] [info] 3050/11165
[2026-09-11 22:27:45.840] [info] 3051/11165
[2026-09-11 22:27:45.843] [info] 3052/11165
[2026-09-11 22:27:45.848] [info] 3053/11165
[2026-09-11 22:27:45.851] [info] 3054/11165
[2026-09-11 22:27:45.854] [info] 3055/11165
[2026-09-11 22:27:45.856] [info] 3056/11165
[2026-09-11 22:27:45.860] [info] 3057/11165
[2026-09-11 22:27:45.863] [info] 3058/11165
[2026-09-11 22:27:45.865] [info] 3059/11165
[2026-09-11 22:27:45.870] [info] 3060/11165
[2026-09-11 22:27:45.873] [info] 3061/11165
[2026-09-11 22:27:45.875] [info] 3062/11165
[2026-09-11 22:27:45.878] [info] 3063/11165
[2026-09-11 22:27:45.883] [info] 3064/11165
[2026-09-11 22:27:45.886] [info] 3065/11165
[2026-09-11 22:27:45.889] [info] 3066/11165
[2026-09-11 22:27:45.893] [info] 3067/11165
[2026-09-11 22:27:45.901] [info] 3068/11165
[2026-09-11 22:27:45.906] [info] 3069/11165
[2026-09-11 22:27:45.910] [info] 3070/11165
[2026-09-11 22:27:45.914] [info] 3071/11165
[2026-09-11 22:27:45.919] [info] 3072/11165
[2026-09-11 22:27:45.923] [info] 3073/11165
[2026-09-11 22:27:45.926] [info] 3074/11165
[2026-09-11 22:27:45.929] [info] 3075/11165
[2026-09-11 22:27:45.933] [info] 3076/11165
[2026-09-11 22:27:45.936] [info] 3077/11165
[2026-09-11 22:27:45.936] [info] 3078/11165
[2026-09-11 22:27:45.943] [info] 3079/11165
[2026-09-11 22:27:45.948] [info] 3080/11165
[2026-09-11 22:27:45.952] [info] 3081/11165
[2026-09-11 22:27:45.957] [info] 3082/11165
[2026-09-11 22:27:45.963] [info] 3083/11165
[2026-09-11 22:27:45.969] [info] 3084/11165
[2026-09-11 22:27:45.973] [info] 3085/11165
[2026-09-11 22:27:45.981] [info] 3086/11165
[2026-09-11 22:27:45.991] [info] 3087/11165
[2026-09-11 22:27:46.000] [info] 3088/11165
[2026-09-11 22:27:46.000] [info] 3089/11165
[2026-09-11 22:27:46.006] [info] 3090/11165
[2026-09-11 22:27:46.013] [info] 3091/11165
[2026-09-11 22:27:46.019] [info] 3092/11165
[2026-09-11 22:27:46.019] [info] 3093/11165
[2026-09-11 22:27:46.024] [info] 3094/11165
[2026-09-11 22:27:46.029] [info] 3095/11165
[2026-09-11 22:27:46.034] [info] 3096/11165
[2026-09-11 22:27:46.034] [info] 3097/11165
[2026-09-11 22:27:46.039] [info] 3098/11165
[2026-09-11 22:27:46.043] [info] 3099/11165
[2026-09-11 22:27:46.045] [info] 3100/11165
[2026-09-11 22:27:46.049] [info] 3101/11165
[2026-09-11 22:27:46.054] [info] 3102/11165
[2026-09-11 22:27:46.057] [info] 3103/11165
[2026-09-11 22:27:46.060] [info] 3104/11165
[2026-09-11 22:27:46.066] [info] 3105/11165
[2026-09-11 22:27:46.074] [info] 3106/11165
[2026-09-11 22:27:46.080] [info] 3107/11165
[2026-09-11 22:27:46.080] [info] 3108/11165
[2026-09-11 22:27:46.084] [info] 3109/11165
[2026-09-11 22:27:46.089] [info] 3110/11165
[2026-09-11 22:27:46.093] [info] 3111/11165
[2026-09-11 22:27:46.093] [info] 3112/11165
[2026-09-11 22:27:46.096] [info] 3113/11165
[2026-09-11 22:27:46.101] [info] 3114/11165
[2026-09-11 22:27:46.104] [info] 3115/11165
[2026-09-11 22:27:46.104] [info] 3116/11165
[2026-09-11 22:27:46.108] [info] 3117/11165
[2026-09-11 22:27:46.111] [info] 3118/11165
[2026-09-11 22:27:46.113] [info] 3119/11165
[2026-09-11 22:27:46.115] [info] 3120/11165
[2026-09-11 22:27:46.120] [info] 3121/11165
[2026-09-11 22:27:46.123] [info] 3122/11165
[2026-09-11 22:27:46.123] [info] 3123/11165
[2026-09-11 22:27:46.127] [info] 3124/11165
[2026-09-11 22:27:46.134] [info] 3125/11165
[2026-09-11 22:27:46.140] [info] 3126/11165
[2026-09-11 22:27:46.140] [info] 3127/11165
[2026-09-11 22:27:46.143] [info] 3128/11165
[2026-09-11 22:27:46.148] [info] 3129/11165
[2026-09-11 22:27:46.151] [info] 3130/11165
[2026-09-11 22:27:46.152] [info] 3131/11165
[2026-09-11 22:27:46.154] [info] 3132/11165
[2026-09-11 22:27:46.158] [info] 3133/11165
[2026-09-11 22:27:46.160] [info] 3134/11165
[2026-09-11 22:27:46.161] [info] 3135/11165
[2026-09-11 22:27:46.164] [info] 3136/11165
[2026-09-11 22:27:46.167] [info] 3137/11165
[2026-09-11 22:27:46.168] [info] 3138/11165
[2026-09-11 22:27:46.171] [info] 3139/11165
[2026-09-11 22:27:46.178] [info] 3140/11165
[2026-09-11 22:27:46.182] [info] 3141/11165
[2026-09-11 22:27:46.184] [info] 3142/11165
[2026-09-11 22:27:46.187] [info] 3143/11165
[2026-09-11 22:27:46.191] [info] 3144/11165
[2026-09-11 22:27:46.194] [info] 3145/11165
[2026-09-11 22:27:46.195] [info] 3146/11165
[2026-09-11 22:27:46.197] [info] 3147/11165
[2026-09-11 22:27:46.200] [info] 3148/11165
[2026-09-11 22:27:46.201] [info] 3149/11165
[2026-09-11 22:27:46.202] [info] 3150/11165
[2026-09-11 22:27:46.206] [info] 3151/11165
[2026-09-11 22:27:46.208] [info] 3152/11165
[2026-09-11 22:27:46.209] [info] 3153/11165
[2026-09-11 22:27:46.211] [info] 3154/11165
[2026-09-11 22:27:46.215] [info] 3155/11165
[2026-09-11 22:27:46.217] [info] 3156/11165
[2026-09-11 22:27:46.218] [info] 3157/11165
[2026-09-11 22:27:46.222] [info] 3158/11165
[2026-09-11 22:27:46.229] [info] 3159/11165
[2026-09-11 22:27:46.233] [info] 3160/11165
[2026-09-11 22:27:46.236] [info] 3161/11165
[2026-09-11 22:27:46.238] [info] 3162/11165
[2026-09-11 22:27:46.243] [info] 3163/11165
[2026-09-11 22:27:46.246] [info] 3164/11165
[2026-09-11 22:27:46.246] [info] 3165/11165
[2026-09-11 22:27:46.247] [info] 3166/11165
[2026-09-11 22:27:46.250] [info] 3167/11165
[2026-09-11 22:27:46.251] [info] 3168/11165
[2026-09-11 22:27:46.251] [info] 3169/11165
[2026-09-11 22:27:46.256] [info] 3170/11165
[2026-09-11 22:27:46.260] [info] 3171/11165
[2026-09-11 22:27:46.263] [info] 3172/11165
[2026-09-11 22:27:46.266] [info] 3173/11165
[2026-09-11 22:27:46.271] [info] 3174/11165
[2026-09-11 22:27:46.275] [info] 3175/11165
[2026-09-11 22:27:46.278] [info] 3176/11165
[2026-09-11 22:27:46.285] [info] 3177/11165
[2026-09-11 22:27:46.293] [info] 3178/11165
[2026-09-11 22:27:46.294] [info] 3179/11165
[2026-09-11 22:27:46.294] [info] 3180/11165
[2026-09-11 22:27:46.298] [info] 3181/11165
[2026-09-11 22:27:46.304] [info] 3182/11165
[2026-09-11 22:27:46.305] [info] 3183/11165
[2026-09-11 22:27:46.305] [info] 3184/11165
[2026-09-11 22:27:46.308] [info] 3185/11165
[2026-09-11 22:27:46.312] [info] 3186/11165
[2026-09-11 22:27:46.313] [info] 3187/11165
[2026-09-11 22:27:46.313] [info] 3188/11165
[2026-09-11 22:27:46.317] [info] 3189/11165
[2026-09-11 22:27:46.319] [info] 3190/11165
[2026-09-11 22:27:46.321] [info] 3191/11165
[2026-09-11 22:27:46.323] [info] 3192/11165
[2026-09-11 22:27:46.328] [info] 3193/11165
[2026-09-11 22:27:46.331] [info] 3194/11165
[2026-09-11 22:27:46.331] [info] 3195/11165
[2026-09-11 22:27:46.335] [info] 3196/11165
[2026-09-11 22:27:46.342] [info] 3197/11165
[2026-09-11 22:27:46.343] [info] 3198/11165
[2026-09-11 22:27:46.343] [info] 3199/11165
[2026-09-11 22:27:46.346] [info] 3200/11165
[2026-09-11 22:27:46.350] [info] 3201/11165
[2026-09-11 22:27:46.351] [info] 3202/11165
[2026-09-11 22:27:46.351] [info] 3203/11165
[2026-09-11 22:27:46.353] [info] 3204/11165
[2026-09-11 22:27:46.356] [info] 3205/11165
[2026-09-11 22:27:46.357] [info] 3206/11165
[2026-09-11 22:27:46.357] [info] 3207/11165
[2026-09-11 22:27:46.360] [info] 3208/11165
[2026-09-11 22:27:46.362] [info] 3209/11165
[2026-09-11 22:27:46.363] [info] 3210/11165
[2026-09-11 22:27:46.365] [info] 3211/11165
[2026-09-11 22:27:46.368] [info] 3212/11165
[2026-09-11 22:27:46.369] [info] 3213/11165
[2026-09-11 22:27:46.369] [info] 3214/11165
[2026-09-11 22:27:46.372] [info] 3215/11165
[2026-09-11 22:27:46.378] [info] 3216/11165
[2026-09-11 22:27:46.378] [info] 3217/11165
[2026-09-11 22:27:46.379] [info] 3218/11165
[2026-09-11 22:27:46.381] [info] 3219/11165
[2026-09-11 22:27:46.385] [info] 3220/11165
[2026-09-11 22:27:46.385] [info] 3221/11165
[2026-09-11 22:27:46.386] [info] 3222/11165
[2026-09-11 22:27:46.387] [info] 3223/11165
[2026-09-11 22:27:46.390] [info] 3224/11165
[2026-09-11 22:27:46.390] [info] 3225/11165
[2026-09-11 22:27:46.390] [info] 3226/11165
[2026-09-11 22:27:46.396] [info] 3227/11165
[2026-09-11 22:27:46.404] [info] 3228/11165
[2026-09-11 22:27:46.411] [info] 3229/11165
[2026-09-11 22:27:46.416] [info] 3230/11165
[2026-09-11 22:27:46.421] [info] 3231/11165
[2026-09-11 22:27:46.427] [info] 3232/11165
[2026-09-11 22:27:46.432] [info] 3233/11165
[2026-09-11 22:27:46.436] [info] 3234/11165
[2026-09-11 22:27:46.440] [info] 3235/11165
[2026-09-11 22:27:46.445] [info] 3236/11165
[2026-09-11 22:27:46.449] [info] 3237/11165
[2026-09-11 22:27:46.452] [info] 3238/11165
[2026-09-11 22:27:46.459] [info] 3239/11165
[2026-09-11 22:27:46.465] [info] 3240/11165
[2026-09-11 22:27:46.470] [info] 3241/11165
[2026-09-11 22:27:46.476] [info] 3242/11165
[2026-09-11 22:27:46.483] [info] 3243/11165
[2026-09-11 22:27:46.489] [info] 3244/11165
[2026-09-11 22:27:46.494] [info] 3245/11165
[2026-09-11 22:27:46.503] [info] 3246/11165
[2026-09-11 22:27:46.513] [info] 3247/11165
[2026-09-11 22:27:46.522] [info] 3248/11165
[2026-09-11 22:27:46.530] [info] 3249/11165
[2026-09-11 22:27:46.536] [info] 3250/11165
[2026-09-11 22:27:46.544] [info] 3251/11165
[2026-09-11 22:27:46.551] [info] 3252/11165
[2026-09-11 22:27:46.557] [info] 3253/11165
[2026-09-11 22:27:46.562] [info] 3254/11165
[2026-09-11 22:27:46.568] [info] 3255/11165
[2026-09-11 22:27:46.573] [info] 3256/11165
[2026-09-11 22:27:46.578] [info] 3257/11165
[2026-09-11 22:27:46.584] [info] 3258/11165
[2026-09-11 22:27:46.588] [info] 3259/11165
[2026-09-11 22:27:46.592] [info] 3260/11165
[2026-09-11 22:27:46.597] [info] 3261/11165
[2026-09-11 22:27:46.603] [info] 3262/11165
[2026-09-11 22:27:46.608] [info] 3263/11165
[2026-09-11 22:27:46.612] [info] 3264/11165
[2026-09-11 22:27:46.619] [info] 3265/11165
[2026-09-11 22:27:46.627] [info] 3266/11165
[2026-09-11 22:27:46.634] [info] 3267/11165
[2026-09-11 22:27:46.640] [info] 3268/11165
[2026-09-11 22:27:46.645] [info] 3269/11165
[2026-09-11 22:27:46.652] [info] 3270/11165
[2026-09-11 22:27:46.657] [info] 3271/11165
[2026-09-11 22:27:46.661] [info] 3272/11165
[2026-09-11 22:27:46.665] [info] 3273/11165
[2026-09-11 22:27:46.671] [info] 3274/11165
[2026-09-11 22:27:46.675] [info] 3275/11165
[2026-09-11 22:27:46.679] [info] 3276/11165
[2026-09-11 22:27:46.684] [info] 3277/11165
[2026-09-11 22:27:46.688] [info] 3278/11165
[2026-09-11 22:27:46.691] [info] 3279/11165
[2026-09-11 22:27:46.694] [info] 3280/11165
[2026-09-11 22:27:46.699] [info] 3281/11165
[2026-09-11 22:27:46.704] [info] 3282/11165
[2026-09-11 22:27:46.707] [info] 3283/11165
[2026-09-11 22:27:46.712] [info] 3284/11165
[2026-09-11 22:27:46.719] [info] 3285/11165
[2026-09-11 22:27:46.725] [info] 3286/11165
[2026-09-11 22:27:46.730] [info] 3287/11165
[2026-09-11 22:27:46.734] [info] 3288/11165
[2026-09-11 22:27:46.740] [info] 3289/11165
[2026-09-11 22:27:46.744] [info] 3290/11165
[2026-09-11 22:27:46.748] [info] 3291/11165
[2026-09-11 22:27:46.751] [info] 3292/11165
[2026-09-11 22:27:46.756] [info] 3293/11165
[2026-09-11 22:27:46.760] [info] 3294/11165
[2026-09-11 22:27:46.763] [info] 3295/11165
[2026-09-11 22:27:46.767] [info] 3296/11165
[2026-09-11 22:27:46.771] [info] 3297/11165
[2026-09-11 22:27:46.776] [info] 3298/11165
[2026-09-11 22:27:46.785] [info] 3299/11165
[2026-09-11 22:27:46.791] [info] 3300/11165
[2026-09-11 22:27:46.796] [info] 3301/11165
[2026-09-11 22:27:46.800] [info] 3302/11165
[2026-09-11 22:27:46.807] [info] 3303/11165
[2026-09-11 22:27:46.811] [info] 3304/11165
[2026-09-11 22:27:46.815] [info] 3305/11165
[2026-09-11 22:27:46.819] [info] 3306/11165
[2026-09-11 22:27:46.824] [info] 3307/11165
[2026-09-11 22:27:46.828] [info] 3308/11165
[2026-09-11 22:27:46.831] [info] 3309/11165
[2026-09-11 22:27:46.837] [info] 3310/11165
[2026-09-11 22:27:46.842] [info] 3311/11165
[2026-09-11 22:27:46.845] [info] 3312/11165
[2026-09-11 22:27:46.849] [info] 3313/11165
[2026-09-11 22:27:46.855] [info] 3314/11165
[2026-09-11 22:27:46.860] [info] 3315/11165
[2026-09-11 22:27:46.864] [info] 3316/11165
[2026-09-11 22:27:46.870] [info] 3317/11165
[2026-09-11 22:27:46.878] [info] 3318/11165
[2026-09-11 22:27:46.884] [info] 3319/11165
[2026-09-11 22:27:46.890] [info] 3320/11165
[2026-09-11 22:27:46.895] [info] 3321/11165
[2026-09-11 22:27:46.901] [info] 3322/11165
[2026-09-11 22:27:46.906] [info] 3323/11165
[2026-09-11 22:27:46.911] [info] 3324/11165
[2026-09-11 22:27:46.914] [info] 3325/11165
[2026-09-11 22:27:46.920] [info] 3326/11165
[2026-09-11 22:27:46.924] [info] 3327/11165
[2026-09-11 22:27:46.927] [info] 3328/11165
[2026-09-11 22:27:46.935] [info] 3329/11165
[2026-09-11 22:27:46.941] [info] 3330/11165
[2026-09-11 22:27:46.946] [info] 3331/11165
[2026-09-11 22:27:46.952] [info] 3332/11165
[2026-09-11 22:27:46.959] [info] 3333/11165
[2026-09-11 22:27:46.966] [info] 3334/11165
[2026-09-11 22:27:46.971] [info] 3335/11165
[2026-09-11 22:27:46.980] [info] 3336/11165
[2026-09-11 22:27:46.991] [info] 3337/11165
[2026-09-11 22:27:47.000] [info] 3338/11165
[2026-09-11 22:27:47.008] [info] 3339/11165
[2026-09-11 22:27:47.015] [info] 3340/11165
[2026-09-11 22:27:47.023] [info] 3341/11165
[2026-09-11 22:27:47.031] [info] 3342/11165
[2026-09-11 22:27:47.037] [info] 3343/11165
[2026-09-11 22:27:47.042] [info] 3344/11165
[2026-09-11 22:27:47.049] [info] 3345/11165
[2026-09-11 22:27:47.054] [info] 3346/11165
[2026-09-11 22:27:47.059] [info] 3347/11165
[2026-09-11 22:27:47.066] [info] 3348/11165
[2026-09-11 22:27:47.071] [info] 3349/11165
[2026-09-11 22:27:47.075] [info] 3350/11165
[2026-09-11 22:27:47.080] [info] 3351/11165
[2026-09-11 22:27:47.086] [info] 3352/11165
[2026-09-11 22:27:47.092] [info] 3353/11165
[2026-09-11 22:27:47.096] [info] 3354/11165
[2026-09-11 22:27:47.103] [info] 3355/11165
[2026-09-11 22:27:47.112] [info] 3356/11165
[2026-09-11 22:27:47.119] [info] 3357/11165
[2026-09-11 22:27:47.125] [info] 3358/11165
[2026-09-11 22:27:47.131] [info] 3359/11165
[2026-09-11 22:27:47.139] [info] 3360/11165
[2026-09-11 22:27:47.145] [info] 3361/11165
[2026-09-11 22:27:47.150] [info] 3362/11165
[2026-09-11 22:27:47.154] [info] 3363/11165
[2026-09-11 22:27:47.160] [info] 3364/11165
[2026-09-11 22:27:47.165] [info] 3365/11165
[2026-09-11 22:27:47.169] [info] 3366/11165
[2026-09-11 22:27:47.174] [info] 3367/11165
[2026-09-11 22:27:47.178] [info] 3368/11165
[2026-09-11 22:27:47.182] [info] 3369/11165
[2026-09-11 22:27:47.186] [info] 3370/11165
[2026-09-11 22:27:47.191] [info] 3371/11165
[2026-09-11 22:27:47.196] [info] 3372/11165
[2026-09-11 22:27:47.196] [info] 3373/11165
[2026-09-11 22:27:47.201] [info] 3374/11165
[2026-09-11 22:27:47.209] [info] 3375/11165
[2026-09-11 22:27:47.215] [info] 3376/11165
[2026-09-11 22:27:47.216] [info] 3377/11165
[2026-09-11 22:27:47.220] [info] 3378/11165
[2026-09-11 22:27:47.226] [info] 3379/11165
[2026-09-11 22:27:47.231] [info] 3380/11165
[2026-09-11 22:27:47.231] [info] 3381/11165
[2026-09-11 22:27:47.235] [info] 3382/11165
[2026-09-11 22:27:47.240] [info] 3383/11165
[2026-09-11 22:27:47.244] [info] 3384/11165
[2026-09-11 22:27:47.244] [info] 3385/11165
[2026-09-11 22:27:47.251] [info] 3386/11165
[2026-09-11 22:27:47.257] [info] 3387/11165
[2026-09-11 22:27:47.265] [info] 3388/11165
[2026-09-11 22:27:47.276] [info] 3389/11165
[2026-09-11 22:27:47.285] [info] 3390/11165
[2026-09-11 22:27:47.292] [info] 3391/11165
[2026-09-11 22:27:47.299] [info] 3392/11165
[2026-09-11 22:27:47.308] [info] 3393/11165
[2026-09-11 22:27:47.315] [info] 3394/11165
[2026-09-11 22:27:47.322] [info] 3395/11165
[2026-09-11 22:27:47.328] [info] 3396/11165
[2026-09-11 22:27:47.336] [info] 3397/11165
[2026-09-11 22:27:47.342] [info] 3398/11165
[2026-09-11 22:27:47.348] [info] 3399/11165
[2026-09-11 22:27:47.357] [info] 3400/11165
[2026-09-11 22:27:47.364] [info] 3401/11165
[2026-09-11 22:27:47.370] [info] 3402/11165
[2026-09-11 22:27:47.377] [info] 3403/11165
[2026-09-11 22:27:47.385] [info] 3404/11165
[2026-09-11 22:27:47.392] [info] 3405/11165
[2026-09-11 22:27:47.399] [info] 3406/11165
[2026-09-11 22:27:47.407] [info] 3407/11165
[2026-09-11 22:27:47.418] [info] 3408/11165
[2026-09-11 22:27:47.427] [info] 3409/11165
[2026-09-11 22:27:47.435] [info] 3410/11165
[2026-09-11 22:27:47.442] [info] 3411/11165
[2026-09-11 22:27:47.451] [info] 3412/11165
[2026-09-11 22:27:47.459] [info] 3413/11165
[2026-09-11 22:27:47.466] [info] 3414/11165
[2026-09-11 22:27:47.472] [info] 3415/11165
[2026-09-11 22:27:47.480] [info] 3416/11165
[2026-09-11 22:27:47.487] [info] 3417/11165
[2026-09-11 22:27:47.493] [info] 3418/11165
[2026-09-11 22:27:47.504] [info] 3419/11165
[2026-09-11 22:27:47.513] [info] 3420/11165
[2026-09-11 22:27:47.522] [info] 3421/11165
[2026-09-11 22:27:47.531] [info] 3422/11165
[2026-09-11 22:27:47.542] [info] 3423/11165
[2026-09-11 22:27:47.552] [info] 3424/11165
[2026-09-11 22:27:47.561] [info] 3425/11165
[2026-09-11 22:27:47.572] [info] 3426/11165
[2026-09-11 22:27:47.587] [info] 3427/11165
[2026-09-11 22:27:47.599] [info] 3428/11165
[2026-09-11 22:27:47.610] [info] 3429/11165
[2026-09-11 22:27:47.621] [info] 3430/11165
[2026-09-11 22:27:47.633] [info] 3431/11165
[2026-09-11 22:27:47.643] [info] 3432/11165
[2026-09-11 22:27:47.644] [info] 3433/11165
[2026-09-11 22:27:47.652] [info] 3434/11165
[2026-09-11 22:27:47.662] [info] 3435/11165
[2026-09-11 22:27:47.671] [info] 3436/11165
[2026-09-11 22:27:47.672] [info] 3437/11165
[2026-09-11 22:27:47.681] [info] 3438/11165
[2026-09-11 22:27:47.688] [info] 3439/11165
[2026-09-11 22:27:47.695] [info] 3440/11165
[2026-09-11 22:27:47.703] [info] 3441/11165
[2026-09-11 22:27:47.712] [info] 3442/11165
[2026-09-11 22:27:47.720] [info] 3443/11165
[2026-09-11 22:27:47.720] [info] 3444/11165
[2026-09-11 22:27:47.729] [info] 3445/11165
[2026-09-11 22:27:47.741] [info] 3446/11165
[2026-09-11 22:27:47.742] [info] 3447/11165
[2026-09-11 22:27:47.742] [info] 3448/11165
[2026-09-11 22:27:47.750] [info] 3449/11165
[2026-09-11 22:27:47.759] [info] 3450/11165
[2026-09-11 22:27:47.760] [info] 3451/11165
[2026-09-11 22:27:47.760] [info] 3452/11165
[2026-09-11 22:27:47.767] [info] 3453/11165
[2026-09-11 22:27:47.775] [info] 3454/11165
[2026-09-11 22:27:47.776] [info] 3455/11165
[2026-09-11 22:27:47.776] [info] 3456/11165
[2026-09-11 22:27:47.784] [info] 3457/11165
[2026-09-11 22:27:47.790] [info] 3458/11165
[2026-09-11 22:27:47.796] [info] 3459/11165
[2026-09-11 22:27:47.802] [info] 3460/11165
[2026-09-11 22:27:47.810] [info] 3461/11165
[2026-09-11 22:27:47.810] [info] 3462/11165
[2026-09-11 22:27:47.811] [info] 3463/11165
[2026-09-11 22:27:47.818] [info] 3464/11165
[2026-09-11 22:27:47.828] [info] 3465/11165
[2026-09-11 22:27:47.829] [info] 3466/11165
[2026-09-11 22:27:47.829] [info] 3467/11165
[2026-09-11 22:27:47.836] [info] 3468/11165
[2026-09-11 22:27:47.844] [info] 3469/11165
[2026-09-11 22:27:47.844] [info] 3470/11165
[2026-09-11 22:27:47.845] [info] 3471/11165
[2026-09-11 22:27:47.851] [info] 3472/11165
[2026-09-11 22:27:47.858] [info] 3473/11165
[2026-09-11 22:27:47.858] [info] 3474/11165
[2026-09-11 22:27:47.859] [info] 3475/11165
[2026-09-11 22:27:47.864] [info] 3476/11165
[2026-09-11 22:27:47.868] [info] 3477/11165
[2026-09-11 22:27:47.874] [info] 3478/11165
[2026-09-11 22:27:47.883] [info] 3479/11165
[2026-09-11 22:27:47.889] [info] 3480/11165
[2026-09-11 22:27:47.895] [info] 3481/11165
[2026-09-11 22:27:47.900] [info] 3482/11165
[2026-09-11 22:27:47.907] [info] 3483/11165
[2026-09-11 22:27:47.912] [info] 3484/11165
[2026-09-11 22:27:47.916] [info] 3485/11165
[2026-09-11 22:27:47.921] [info] 3486/11165
[2026-09-11 22:27:47.926] [info] 3487/11165
[2026-09-11 22:27:47.931] [info] 3488/11165
[2026-09-11 22:27:47.935] [info] 3489/11165
[2026-09-11 22:27:47.941] [info] 3490/11165
[2026-09-11 22:27:47.946] [info] 3491/11165
[2026-09-11 22:27:47.950] [info] 3492/11165
[2026-09-11 22:27:47.955] [info] 3493/11165
[2026-09-11 22:27:47.962] [info] 3494/11165
[2026-09-11 22:27:47.967] [info] 3495/11165
[2026-09-11 22:27:47.971] [info] 3496/11165
[2026-09-11 22:27:47.978] [info] 3497/11165
[2026-09-11 22:27:47.987] [info] 3498/11165
[2026-09-11 22:27:47.994] [info] 3499/11165
[2026-09-11 22:27:48.000] [info] 3500/11165
[2026-09-11 22:27:48.005] [info] 3501/11165
[2026-09-11 22:27:48.013] [info] 3502/11165
[2026-09-11 22:27:48.018] [info] 3503/11165
[2026-09-11 22:27:48.023] [info] 3504/11165
[2026-09-11 22:27:48.028] [info] 3505/11165
[2026-09-11 22:27:48.033] [info] 3506/11165
[2026-09-11 22:27:48.038] [info] 3507/11165
[2026-09-11 22:27:48.039] [info] 3508/11165
[2026-09-11 22:27:48.047] [info] 3509/11165
[2026-09-11 22:27:48.053] [info] 3510/11165
[2026-09-11 22:27:48.060] [info] 3511/11165
[2026-09-11 22:27:48.066] [info] 3512/11165
[2026-09-11 22:27:48.074] [info] 3513/11165
[2026-09-11 22:27:48.082] [info] 3514/11165
[2026-09-11 22:27:48.088] [info] 3515/11165
[2026-09-11 22:27:48.097] [info] 3516/11165
[2026-09-11 22:27:48.109] [info] 3517/11165
[2026-09-11 22:27:48.109] [info] 3518/11165
[2026-09-11 22:27:48.110] [info] 3519/11165
[2026-09-11 22:27:48.117] [info] 3520/11165
[2026-09-11 22:27:48.126] [info] 3521/11165
[2026-09-11 22:27:48.126] [info] 3522/11165
[2026-09-11 22:27:48.127] [info] 3523/11165
[2026-09-11 22:27:48.133] [info] 3524/11165
[2026-09-11 22:27:48.142] [info] 3525/11165
[2026-09-11 22:27:48.142] [info] 3526/11165
[2026-09-11 22:27:48.142] [info] 3527/11165
[2026-09-11 22:27:48.149] [info] 3528/11165
[2026-09-11 22:27:48.155] [info] 3529/11165
[2026-09-11 22:27:48.160] [info] 3530/11165
[2026-09-11 22:27:48.165] [info] 3531/11165
[2026-09-11 22:27:48.172] [info] 3532/11165
[2026-09-11 22:27:48.177] [info] 3533/11165
[2026-09-11 22:27:48.178] [info] 3534/11165
[2026-09-11 22:27:48.185] [info] 3535/11165
[2026-09-11 22:27:48.194] [info] 3536/11165
[2026-09-11 22:27:48.195] [info] 3537/11165
[2026-09-11 22:27:48.195] [info] 3538/11165
[2026-09-11 22:27:48.201] [info] 3539/11165
[2026-09-11 22:27:48.208] [info] 3540/11165
[2026-09-11 22:27:48.208] [info] 3541/11165
[2026-09-11 22:27:48.209] [info] 3542/11165
[2026-09-11 22:27:48.214] [info] 3543/11165
[2026-09-11 22:27:48.220] [info] 3544/11165
[2026-09-11 22:27:48.221] [info] 3545/11165
[2026-09-11 22:27:48.221] [info] 3546/11165
[2026-09-11 22:27:48.227] [info] 3547/11165
[2026-09-11 22:27:48.232] [info] 3548/11165
[2026-09-11 22:27:48.236] [info] 3549/11165
[2026-09-11 22:27:48.240] [info] 3550/11165
[2026-09-11 22:27:48.246] [info] 3551/11165
[2026-09-11 22:27:48.247] [info] 3552/11165
[2026-09-11 22:27:48.247] [info] 3553/11165
[2026-09-11 22:27:48.253] [info] 3554/11165
[2026-09-11 22:27:48.261] [info] 3555/11165
[2026-09-11 22:27:48.262] [info] 3556/11165
[2026-09-11 22:27:48.262] [info] 3557/11165
[2026-09-11 22:27:48.267] [info] 3558/11165
[2026-09-11 22:27:48.273] [info] 3559/11165
[2026-09-11 22:27:48.274] [info] 3560/11165
[2026-09-11 22:27:48.274] [info] 3561/11165
[2026-09-11 22:27:48.278] [info] 3562/11165
[2026-09-11 22:27:48.284] [info] 3563/11165
[2026-09-11 22:27:48.284] [info] 3564/11165
[2026-09-11 22:27:48.284] [info] 3565/11165
[2026-09-11 22:27:48.288] [info] 3566/11165
[2026-09-11 22:27:48.291] [info] 3567/11165
[2026-09-11 22:27:48.296] [info] 3568/11165
[2026-09-11 22:27:48.304] [info] 3569/11165
[2026-09-11 22:27:48.309] [info] 3570/11165
[2026-09-11 22:27:48.314] [info] 3571/11165
[2026-09-11 22:27:48.318] [info] 3572/11165
[2026-09-11 22:27:48.323] [info] 3573/11165
[2026-09-11 22:27:48.328] [info] 3574/11165
[2026-09-11 22:27:48.331] [info] 3575/11165
[2026-09-11 22:27:48.334] [info] 3576/11165
[2026-09-11 22:27:48.338] [info] 3577/11165
[2026-09-11 22:27:48.342] [info] 3578/11165
[2026-09-11 22:27:48.345] [info] 3579/11165
[2026-09-11 22:27:48.349] [info] 3580/11165
[2026-09-11 22:27:48.353] [info] 3581/11165
[2026-09-11 22:27:48.356] [info] 3582/11165
[2026-09-11 22:27:48.359] [info] 3583/11165
[2026-09-11 22:27:48.365] [info] 3584/11165
[2026-09-11 22:27:48.369] [info] 3585/11165
[2026-09-11 22:27:48.372] [info] 3586/11165
[2026-09-11 22:27:48.377] [info] 3587/11165
[2026-09-11 22:27:48.385] [info] 3588/11165
[2026-09-11 22:27:48.391] [info] 3589/11165
[2026-09-11 22:27:48.395] [info] 3590/11165
[2026-09-11 22:27:48.399] [info] 3591/11165
[2026-09-11 22:27:48.405] [info] 3592/11165
[2026-09-11 22:27:48.410] [info] 3593/11165
[2026-09-11 22:27:48.410] [info] 3594/11165
[2026-09-11 22:27:48.413] [info] 3595/11165
[2026-09-11 22:27:48.418] [info] 3596/11165
[2026-09-11 22:27:48.418] [info] 3597/11165
[2026-09-11 22:27:48.418] [info] 3598/11165
[2026-09-11 22:27:48.425] [info] 3599/11165
[2026-09-11 22:27:48.430] [info] 3600/11165
[2026-09-11 22:27:48.434] [info] 3601/11165
[2026-09-11 22:27:48.439] [info] 3602/11165
[2026-09-11 22:27:48.446] [info] 3603/11165
[2026-09-11 22:27:48.451] [info] 3604/11165
[2026-09-11 22:27:48.456] [info] 3605/11165
[2026-09-11 22:27:48.463] [info] 3606/11165
[2026-09-11 22:27:48.473] [info] 3607/11165
[2026-09-11 22:27:48.474] [info] 3608/11165
[2026-09-11 22:27:48.474] [info] 3609/11165
[2026-09-11 22:27:48.480] [info] 3610/11165
[2026-09-11 22:27:48.488] [info] 3611/11165
[2026-09-11 22:27:48.488] [info] 3612/11165
[2026-09-11 22:27:48.488] [info] 3613/11165
[2026-09-11 22:27:48.493] [info] 3614/11165
[2026-09-11 22:27:48.498] [info] 3615/11165
[2026-09-11 22:27:48.499] [info] 3616/11165
[2026-09-11 22:27:48.499] [info] 3617/11165
[2026-09-11 22:27:48.505] [info] 3618/11165
[2026-09-11 22:27:48.509] [info] 3619/11165
[2026-09-11 22:27:48.512] [info] 3620/11165
[2026-09-11 22:27:48.516] [info] 3621/11165
[2026-09-11 22:27:48.522] [info] 3622/11165
[2026-09-11 22:27:48.526] [info] 3623/11165
[2026-09-11 22:27:48.527] [info] 3624/11165
[2026-09-11 22:27:48.532] [info] 3625/11165
[2026-09-11 22:27:48.541] [info] 3626/11165
[2026-09-11 22:27:48.541] [info] 3627/11165
[2026-09-11 22:27:48.542] [info] 3628/11165
[2026-09-11 22:27:48.546] [info] 3629/11165
[2026-09-11 22:27:48.552] [info] 3630/11165
[2026-09-11 22:27:48.552] [info] 3631/11165
[2026-09-11 22:27:48.553] [info] 3632/11165
[2026-09-11 22:27:48.556] [info] 3633/11165
[2026-09-11 22:27:48.561] [info] 3634/11165
[2026-09-11 22:27:48.562] [info] 3635/11165
[2026-09-11 22:27:48.562] [info] 3636/11165
[2026-09-11 22:27:48.567] [info] 3637/11165
[2026-09-11 22:27:48.570] [info] 3638/11165
[2026-09-11 22:27:48.573] [info] 3639/11165
[2026-09-11 22:27:48.576] [info] 3640/11165
[2026-09-11 22:27:48.581] [info] 3641/11165
[2026-09-11 22:27:48.582] [info] 3642/11165
[2026-09-11 22:27:48.582] [info] 3643/11165
[2026-09-11 22:27:48.587] [info] 3644/11165
[2026-09-11 22:27:48.594] [info] 3645/11165
[2026-09-11 22:27:48.594] [info] 3646/11165
[2026-09-11 22:27:48.594] [info] 3647/11165
[2026-09-11 22:27:48.598] [info] 3648/11165
[2026-09-11 22:27:48.604] [info] 3649/11165
[2026-09-11 22:27:48.604] [info] 3650/11165
[2026-09-11 22:27:48.604] [info] 3651/11165
[2026-09-11 22:27:48.607] [info] 3652/11165
[2026-09-11 22:27:48.612] [info] 3653/11165
[2026-09-11 22:27:48.612] [info] 3654/11165
[2026-09-11 22:27:48.612] [info] 3655/11165
[2026-09-11 22:27:48.615] [info] 3656/11165
[2026-09-11 22:27:48.621] [info] 3657/11165
[2026-09-11 22:27:48.624] [info] 3658/11165
[2026-09-11 22:27:48.627] [info] 3659/11165
[2026-09-11 22:27:48.629] [info] 3660/11165
[2026-09-11 22:27:48.633] [info] 3661/11165
[2026-09-11 22:27:48.635] [info] 3662/11165
[2026-09-11 22:27:48.637] [info] 3663/11165
[2026-09-11 22:27:48.643] [info] 3664/11165
[2026-09-11 22:27:48.647] [info] 3665/11165
[2026-09-11 22:27:48.651] [info] 3666/11165
[2026-09-11 22:27:48.656] [info] 3667/11165
[2026-09-11 22:27:48.662] [info] 3668/11165
[2026-09-11 22:27:48.667] [info] 3669/11165
[2026-09-11 22:27:48.671] [info] 3670/11165
[2026-09-11 22:27:48.678] [info] 3671/11165
[2026-09-11 22:27:48.688] [info] 3672/11165
[2026-09-11 22:27:48.695] [info] 3673/11165
[2026-09-11 22:27:48.702] [info] 3674/11165
[2026-09-11 22:27:48.707] [info] 3675/11165
[2026-09-11 22:27:48.714] [info] 3676/11165
[2026-09-11 22:27:48.719] [info] 3677/11165
[2026-09-11 22:27:48.723] [info] 3678/11165
[2026-09-11 22:27:48.727] [info] 3679/11165
[2026-09-11 22:27:48.732] [info] 3680/11165
[2026-09-11 22:27:48.736] [info] 3681/11165
[2026-09-11 22:27:48.740] [info] 3682/11165
[2026-09-11 22:27:48.745] [info] 3683/11165
[2026-09-11 22:27:48.748] [info] 3684/11165
[2026-09-11 22:27:48.750] [info] 3685/11165
[2026-09-11 22:27:48.754] [info] 3686/11165
[2026-09-11 22:27:48.759] [info] 3687/11165
[2026-09-11 22:27:48.762] [info] 3688/11165
[2026-09-11 22:27:48.763] [info] 3689/11165
[2026-09-11 22:27:48.768] [info] 3690/11165
[2026-09-11 22:27:48.776] [info] 3691/11165
[2026-09-11 22:27:48.781] [info] 3692/11165
[2026-09-11 22:27:48.782] [info] 3693/11165
[2026-09-11 22:27:48.785] [info] 3694/11165
[2026-09-11 22:27:48.791] [info] 3695/11165
[2026-09-11 22:27:48.794] [info] 3696/11165
[2026-09-11 22:27:48.795] [info] 3697/11165
[2026-09-11 22:27:48.797] [info] 3698/11165
[2026-09-11 22:27:48.801] [info] 3699/11165
[2026-09-11 22:27:48.804] [info] 3700/11165
[2026-09-11 22:27:48.805] [info] 3701/11165
[2026-09-11 22:27:48.809] [info] 3702/11165
[2026-09-11 22:27:48.812] [info] 3703/11165
[2026-09-11 22:27:48.814] [info] 3704/11165
[2026-09-11 22:27:48.816] [info] 3705/11165
[2026-09-11 22:27:48.820] [info] 3706/11165
[2026-09-11 22:27:48.821] [info] 3707/11165
[2026-09-11 22:27:48.821] [info] 3708/11165
[2026-09-11 22:27:48.825] [info] 3709/11165
[2026-09-11 22:27:48.831] [info] 3710/11165
[2026-09-11 22:27:48.832] [info] 3711/11165
[2026-09-11 22:27:48.832] [info] 3712/11165
[2026-09-11 22:27:48.835] [info] 3713/11165
[2026-09-11 22:27:48.840] [info] 3714/11165
[2026-09-11 22:27:48.840] [info] 3715/11165
[2026-09-11 22:27:48.840] [info] 3716/11165
[2026-09-11 22:27:48.842] [info] 3717/11165
[2026-09-11 22:27:48.846] [info] 3718/11165
[2026-09-11 22:27:48.846] [info] 3719/11165
[2026-09-11 22:27:48.847] [info] 3720/11165
[2026-09-11 22:27:48.849] [info] 3721/11165
[2026-09-11 22:27:48.854] [info] 3722/11165
[2026-09-11 22:27:48.861] [info] 3723/11165
[2026-09-11 22:27:48.866] [info] 3724/11165
[2026-09-11 22:27:48.870] [info] 3725/11165
[2026-09-11 22:27:48.873] [info] 3726/11165
[2026-09-11 22:27:48.878] [info] 3727/11165
[2026-09-11 22:27:48.881] [info] 3728/11165
[2026-09-11 22:27:48.884] [info] 3729/11165
[2026-09-11 22:27:48.886] [info] 3730/11165
[2026-09-11 22:27:48.890] [info] 3731/11165
[2026-09-11 22:27:48.893] [info] 3732/11165
[2026-09-11 22:27:48.895] [info] 3733/11165
[2026-09-11 22:27:48.900] [info] 3734/11165
[2026-09-11 22:27:48.903] [info] 3735/11165
[2026-09-11 22:27:48.905] [info] 3736/11165
[2026-09-11 22:27:48.908] [info] 3737/11165
[2026-09-11 22:27:48.913] [info] 3738/11165
[2026-09-11 22:27:48.916] [info] 3739/11165
[2026-09-11 22:27:48.919] [info] 3740/11165
[2026-09-11 22:27:48.924] [info] 3741/11165
[2026-09-11 22:27:48.931] [info] 3742/11165
[2026-09-11 22:27:48.936] [info] 3743/11165
[2026-09-11 22:27:48.940] [info] 3744/11165
[2026-09-11 22:27:48.944] [info] 3745/11165
[2026-09-11 22:27:48.949] [info] 3746/11165
[2026-09-11 22:27:48.953] [info] 3747/11165
[2026-09-11 22:27:48.956] [info] 3748/11165
[2026-09-11 22:27:48.959] [info] 3749/11165
[2026-09-11 22:27:48.963] [info] 3750/11165
[2026-09-11 22:27:48.965] [info] 3751/11165
[2026-09-11 22:27:48.968] [info] 3752/11165
[2026-09-11 22:27:48.974] [info] 3753/11165
[2026-09-11 22:27:48.979] [info] 3754/11165
[2026-09-11 22:27:48.983] [info] 3755/11165
[2026-09-11 22:27:48.988] [info] 3756/11165
[2026-09-11 22:27:48.995] [info] 3757/11165
[2026-09-11 22:27:49.000] [info] 3758/11165
[2026-09-11 22:27:49.005] [info] 3759/11165
[2026-09-11 22:27:49.012] [info] 3760/11165
[2026-09-11 22:27:49.022] [info] 3761/11165
[2026-09-11 22:27:49.030] [info] 3762/11165
[2026-09-11 22:27:49.030] [info] 3763/11165
[2026-09-11 22:27:49.035] [info] 3764/11165
[2026-09-11 22:27:49.043] [info] 3765/11165
[2026-09-11 22:27:49.048] [info] 3766/11165
[2026-09-11 22:27:49.049] [info] 3767/11165
[2026-09-11 22:27:49.053] [info] 3768/11165
[2026-09-11 22:27:49.058] [info] 3769/11165
[2026-09-11 22:27:49.063] [info] 3770/11165
[2026-09-11 22:27:49.063] [info] 3771/11165
[2026-09-11 22:27:49.068] [info] 3772/11165
[2026-09-11 22:27:49.072] [info] 3773/11165
[2026-09-11 22:27:49.072] [info] 3774/11165
[2026-09-11 22:27:49.076] [info] 3775/11165
[2026-09-11 22:27:49.081] [info] 3776/11165
[2026-09-11 22:27:49.081] [info] 3777/11165
[2026-09-11 22:27:49.082] [info] 3778/11165
[2026-09-11 22:27:49.087] [info] 3779/11165
[2026-09-11 22:27:49.095] [info] 3780/11165
[2026-09-11 22:27:49.096] [info] 3781/11165
[2026-09-11 22:27:49.096] [info] 3782/11165
[2026-09-11 22:27:49.100] [info] 3783/11165
[2026-09-11 22:27:49.105] [info] 3784/11165
[2026-09-11 22:27:49.106] [info] 3785/11165
[2026-09-11 22:27:49.106] [info] 3786/11165
[2026-09-11 22:27:49.109] [info] 3787/11165
[2026-09-11 22:27:49.114] [info] 3788/11165
[2026-09-11 22:27:49.114] [info] 3789/11165
[2026-09-11 22:27:49.114] [info] 3790/11165
[2026-09-11 22:27:49.119] [info] 3791/11165
[2026-09-11 22:27:49.122] [info] 3792/11165
[2026-09-11 22:27:49.122] [info] 3793/11165
[2026-09-11 22:27:49.124] [info] 3794/11165
[2026-09-11 22:27:49.129] [info] 3795/11165
[2026-09-11 22:27:49.129] [info] 3796/11165
[2026-09-11 22:27:49.130] [info] 3797/11165
[2026-09-11 22:27:49.135] [info] 3798/11165
[2026-09-11 22:27:49.142] [info] 3799/11165
[2026-09-11 22:27:49.143] [info] 3800/11165
[2026-09-11 22:27:49.143] [info] 3801/11165
[2026-09-11 22:27:49.146] [info] 3802/11165
[2026-09-11 22:27:49.147] [info] 3803/11165
[2026-09-11 22:27:49.147] [info] 3804/11165
[2026-09-11 22:27:49.147] [info] 3805/11165
[2026-09-11 22:27:49.148] [info] 3806/11165
[2026-09-11 22:27:49.148] [info] 3807/11165
[2026-09-11 22:27:49.148] [info] 3808/11165
[2026-09-11 22:27:49.149] [info] 3809/11165
[2026-09-11 22:27:49.153] [info] 3810/11165
[2026-09-11 22:27:49.160] [info] 3811/11165
[2026-09-11 22:27:49.168] [info] 3812/11165
[2026-09-11 22:27:49.175] [info] 3813/11165
[2026-09-11 22:27:49.181] [info] 3814/11165
[2026-09-11 22:27:49.186] [info] 3815/11165
[2026-09-11 22:27:49.193] [info] 3816/11165
[2026-09-11 22:27:49.199] [info] 3817/11165
[2026-09-11 22:27:49.203] [info] 3818/11165
[2026-09-11 22:27:49.208] [info] 3819/11165
[2026-09-11 22:27:49.213] [info] 3820/11165
[2026-09-11 22:27:49.218] [info] 3821/11165
[2026-09-11 22:27:49.222] [info] 3822/11165
[2026-09-11 22:27:49.229] [info] 3823/11165
[2026-09-11 22:27:49.234] [info] 3824/11165
[2026-09-11 22:27:49.238] [info] 3825/11165
[2026-09-11 22:27:49.243] [info] 3826/11165
[2026-09-11 22:27:49.250] [info] 3827/11165
[2026-09-11 22:27:49.255] [info] 3828/11165
[2026-09-11 22:27:49.259] [info] 3829/11165
[2026-09-11 22:27:49.266] [info] 3830/11165
[2026-09-11 22:27:49.275] [info] 3831/11165
[2026-09-11 22:27:49.282] [info] 3832/11165
[2026-09-11 22:27:49.288] [info] 3833/11165
[2026-09-11 22:27:49.294] [info] 3834/11165
[2026-09-11 22:27:49.301] [info] 3835/11165
[2026-09-11 22:27:49.307] [info] 3836/11165
[2026-09-11 22:27:49.312] [info] 3837/11165
[2026-09-11 22:27:49.316] [info] 3838/11165
[2026-09-11 22:27:49.322] [info] 3839/11165
[2026-09-11 22:27:49.327] [info] 3840/11165
[2026-09-11 22:27:49.327] [info] 3841/11165
[2026-09-11 22:27:49.336] [info] 3842/11165
[2026-09-11 22:27:49.344] [info] 3843/11165
[2026-09-11 22:27:49.351] [info] 3844/11165
[2026-09-11 22:27:49.358] [info] 3845/11165
[2026-09-11 22:27:49.368] [info] 3846/11165
[2026-09-11 22:27:49.376] [info] 3847/11165
[2026-09-11 22:27:49.376] [info] 3848/11165
[2026-09-11 22:27:49.386] [info] 3849/11165
[2026-09-11 22:27:49.399] [info] 3850/11165
[2026-09-11 22:27:49.399] [info] 3851/11165
[2026-09-11 22:27:49.400] [info] 3852/11165
[2026-09-11 22:27:49.408] [info] 3853/11165
[2026-09-11 22:27:49.408] [info] 3854/11165
[2026-09-11 22:27:49.409] [info] 3855/11165
[2026-09-11 22:27:49.409] [info] 3856/11165
[2026-09-11 22:27:49.409] [info] 3857/11165
[2026-09-11 22:27:49.410] [info] 3858/11165
[2026-09-11 22:27:49.410] [info] 3859/11165
[2026-09-11 22:27:49.411] [info] 3860/11165
[2026-09-11 22:27:49.418] [info] 3861/11165
[2026-09-11 22:27:49.424] [info] 3862/11165
[2026-09-11 22:27:49.425] [info] 3863/11165
[2026-09-11 22:27:49.430] [info] 3864/11165
[2026-09-11 22:27:49.438] [info] 3865/11165
[2026-09-11 22:27:49.438] [info] 3866/11165
[2026-09-11 22:27:49.438] [info] 3867/11165
[2026-09-11 22:27:49.446] [info] 3868/11165
[2026-09-11 22:27:49.456] [info] 3869/11165
[2026-09-11 22:27:49.456] [info] 3870/11165
[2026-09-11 22:27:49.457] [info] 3871/11165
[2026-09-11 22:27:49.462] [info] 3872/11165
[2026-09-11 22:27:49.463] [info] 3873/11165
[2026-09-11 22:27:49.463] [info] 3874/11165
[2026-09-11 22:27:49.464] [info] 3875/11165
[2026-09-11 22:27:49.464] [info] 3876/11165
[2026-09-11 22:27:49.464] [info] 3877/11165
[2026-09-11 22:27:49.465] [info] 3878/11165
[2026-09-11 22:27:49.465] [info] 3879/11165
[2026-09-11 22:27:49.471] [info] 3880/11165
[2026-09-11 22:27:49.476] [info] 3881/11165
[2026-09-11 22:27:49.476] [info] 3882/11165
[2026-09-11 22:27:49.480] [info] 3883/11165
[2026-09-11 22:27:49.486] [info] 3884/11165
[2026-09-11 22:27:49.487] [info] 3885/11165
[2026-09-11 22:27:49.487] [info] 3886/11165
[2026-09-11 22:27:49.493] [info] 3887/11165
[2026-09-11 22:27:49.501] [info] 3888/11165
[2026-09-11 22:27:49.502] [info] 3889/11165
[2026-09-11 22:27:49.502] [info] 3890/11165
[2026-09-11 22:27:49.507] [info] 3891/11165
[2026-09-11 22:27:49.507] [info] 3892/11165
[2026-09-11 22:27:49.507] [info] 3893/11165
[2026-09-11 22:27:49.508] [info] 3894/11165
[2026-09-11 22:27:49.508] [info] 3895/11165
[2026-09-11 22:27:49.508] [info] 3896/11165
[2026-09-11 22:27:49.509] [info] 3897/11165
[2026-09-11 22:27:49.509] [info] 3898/11165
[2026-09-11 22:27:49.512] [info] 3899/11165
[2026-09-11 22:27:49.516] [info] 3900/11165
[2026-09-11 22:27:49.524] [info] 3901/11165
[2026-09-11 22:27:49.529] [info] 3902/11165
[2026-09-11 22:27:49.533] [info] 3903/11165
[2026-09-11 22:27:49.537] [info] 3904/11165
[2026-09-11 22:27:49.542] [info] 3905/11165
[2026-09-11 22:27:49.546] [info] 3906/11165
[2026-09-11 22:27:49.549] [info] 3907/11165
[2026-09-11 22:27:49.551] [info] 3908/11165
[2026-09-11 22:27:49.556] [info] 3909/11165
[2026-09-11 22:27:49.559] [info] 3910/11165
[2026-09-11 22:27:49.559] [info] 3911/11165
[2026-09-11 22:27:49.564] [info] 3912/11165
[2026-09-11 22:27:49.567] [info] 3913/11165
[2026-09-11 22:27:49.570] [info] 3914/11165
[2026-09-11 22:27:49.573] [info] 3915/11165
[2026-09-11 22:27:49.578] [info] 3916/11165
[2026-09-11 22:27:49.582] [info] 3917/11165
[2026-09-11 22:27:49.585] [info] 3918/11165
[2026-09-11 22:27:49.590] [info] 3919/11165
[2026-09-11 22:27:49.598] [info] 3920/11165
[2026-09-11 22:27:49.604] [info] 3921/11165
[2026-09-11 22:27:49.608] [info] 3922/11165
[2026-09-11 22:27:49.612] [info] 3923/11165
[2026-09-11 22:27:49.618] [info] 3924/11165
[2026-09-11 22:27:49.618] [info] 3925/11165
[2026-09-11 22:27:49.619] [info] 3926/11165
[2026-09-11 22:27:49.622] [info] 3927/11165
[2026-09-11 22:27:49.626] [info] 3928/11165
[2026-09-11 22:27:49.627] [info] 3929/11165
[2026-09-11 22:27:49.627] [info] 3930/11165
[2026-09-11 22:27:49.634] [info] 3931/11165
[2026-09-11 22:27:49.639] [info] 3932/11165
[2026-09-11 22:27:49.644] [info] 3933/11165
[2026-09-11 22:27:49.649] [info] 3934/11165
[2026-09-11 22:27:49.656] [info] 3935/11165
[2026-09-11 22:27:49.662] [info] 3936/11165
[2026-09-11 22:27:49.662] [info] 3937/11165
[2026-09-11 22:27:49.670] [info] 3938/11165
[2026-09-11 22:27:49.680] [info] 3939/11165
[2026-09-11 22:27:49.681] [info] 3940/11165
[2026-09-11 22:27:49.681] [info] 3941/11165
[2026-09-11 22:27:49.687] [info] 3942/11165
[2026-09-11 22:27:49.687] [info] 3943/11165
[2026-09-11 22:27:49.688] [info] 3944/11165
[2026-09-11 22:27:49.688] [info] 3945/11165
[2026-09-11 22:27:49.689] [info] 3946/11165
[2026-09-11 22:27:49.689] [info] 3947/11165
[2026-09-11 22:27:49.689] [info] 3948/11165
[2026-09-11 22:27:49.690] [info] 3949/11165
[2026-09-11 22:27:49.695] [info] 3950/11165
[2026-09-11 22:27:49.699] [info] 3951/11165
[2026-09-11 22:27:49.699] [info] 3952/11165
[2026-09-11 22:27:49.703] [info] 3953/11165
[2026-09-11 22:27:49.708] [info] 3954/11165
[2026-09-11 22:27:49.708] [info] 3955/11165
[2026-09-11 22:27:49.709] [info] 3956/11165
[2026-09-11 22:27:49.714] [info] 3957/11165
[2026-09-11 22:27:49.722] [info] 3958/11165
[2026-09-11 22:27:49.723] [info] 3959/11165
[2026-09-11 22:27:49.723] [info] 3960/11165
[2026-09-11 22:27:49.727] [info] 3961/11165
[2026-09-11 22:27:49.728] [info] 3962/11165
[2026-09-11 22:27:49.728] [info] 3963/11165
[2026-09-11 22:27:49.728] [info] 3964/11165
[2026-09-11 22:27:49.729] [info] 3965/11165
[2026-09-11 22:27:49.729] [info] 3966/11165
[2026-09-11 22:27:49.729] [info] 3967/11165
[2026-09-11 22:27:49.730] [info] 3968/11165
[2026-09-11 22:27:49.734] [info] 3969/11165
[2026-09-11 22:27:49.737] [info] 3970/11165
[2026-09-11 22:27:49.738] [info] 3971/11165
[2026-09-11 22:27:49.740] [info] 3972/11165
[2026-09-11 22:27:49.745] [info] 3973/11165
[2026-09-11 22:27:49.745] [info] 3974/11165
[2026-09-11 22:27:49.746] [info] 3975/11165
[2026-09-11 22:27:49.750] [info] 3976/11165
[2026-09-11 22:27:49.757] [info] 3977/11165
[2026-09-11 22:27:49.758] [info] 3978/11165
[2026-09-11 22:27:49.758] [info] 3979/11165
[2026-09-11 22:27:49.761] [info] 3980/11165
[2026-09-11 22:27:49.762] [info] 3981/11165
[2026-09-11 22:27:49.762] [info] 3982/11165
[2026-09-11 22:27:49.762] [info] 3983/11165
[2026-09-11 22:27:49.763] [info] 3984/11165
[2026-09-11 22:27:49.763] [info] 3985/11165
[2026-09-11 22:27:49.763] [info] 3986/11165
[2026-09-11 22:27:49.764] [info] 3987/11165
[2026-09-11 22:27:49.766] [info] 3988/11165
[2026-09-11 22:27:49.770] [info] 3989/11165
[2026-09-11 22:27:49.776] [info] 3990/11165
[2026-09-11 22:27:49.781] [info] 3991/11165
[2026-09-11 22:27:49.784] [info] 3992/11165
[2026-09-11 22:27:49.787] [info] 3993/11165
[2026-09-11 22:27:49.792] [info] 3994/11165
[2026-09-11 22:27:49.795] [info] 3995/11165
[2026-09-11 22:27:49.795] [info] 3996/11165
[2026-09-11 22:27:49.797] [info] 3997/11165
[2026-09-11 22:27:49.801] [info] 3998/11165
[2026-09-11 22:27:49.801] [info] 3999/11165
[2026-09-11 22:27:49.801] [info] 4000/11165
[2026-09-11 22:27:49.805] [info] 4001/11165
[2026-09-11 22:27:49.808] [info] 4002/11165
[2026-09-11 22:27:49.810] [info] 4003/11165
[2026-09-11 22:27:49.812] [info] 4004/11165
[2026-09-11 22:27:49.817] [info] 4005/11165
[2026-09-11 22:27:49.820] [info] 4006/11165
[2026-09-11 22:27:49.822] [info] 4007/11165
[2026-09-11 22:27:49.826] [info] 4008/11165
[2026-09-11 22:27:49.833] [info] 4009/11165
[2026-09-11 22:27:49.838] [info] 4010/11165
[2026-09-11 22:27:49.838] [info] 4011/11165
[2026-09-11 22:27:49.841] [info] 4012/11165
[2026-09-11 22:27:49.846] [info] 4013/11165
[2026-09-11 22:27:49.847] [info] 4014/11165
[2026-09-11 22:27:49.847] [info] 4015/11165
[2026-09-11 22:27:49.847] [info] 4016/11165
[2026-09-11 22:27:49.848] [info] 4017/11165
[2026-09-11 22:27:49.848] [info] 4018/11165
[2026-09-11 22:27:49.848] [info] 4019/11165
[2026-09-11 22:27:49.854] [info] 4020/11165
[2026-09-11 22:27:49.858] [info] 4021/11165
[2026-09-11 22:27:49.861] [info] 4022/11165
[2026-09-11 22:27:49.866] [info] 4023/11165
[2026-09-11 22:27:49.871] [info] 4024/11165
[2026-09-11 22:27:49.876] [info] 4025/11165
[2026-09-11 22:27:49.876] [info] 4026/11165
[2026-09-11 22:27:49.883] [info] 4027/11165
[2026-09-11 22:27:49.892] [info] 4028/11165
[2026-09-11 22:27:49.893] [info] 4029/11165
[2026-09-11 22:27:49.893] [info] 4030/11165
[2026-09-11 22:27:49.898] [info] 4031/11165
[2026-09-11 22:27:49.898] [info] 4032/11165
[2026-09-11 22:27:49.899] [info] 4033/11165
[2026-09-11 22:27:49.899] [info] 4034/11165
[2026-09-11 22:27:49.899] [info] 4035/11165
[2026-09-11 22:27:49.900] [info] 4036/11165
[2026-09-11 22:27:49.900] [info] 4037/11165
[2026-09-11 22:27:49.900] [info] 4038/11165
[2026-09-11 22:27:49.905] [info] 4039/11165
[2026-09-11 22:27:49.908] [info] 4040/11165
[2026-09-11 22:27:49.908] [info] 4041/11165
[2026-09-11 22:27:49.911] [info] 4042/11165
[2026-09-11 22:27:49.916] [info] 4043/11165
[2026-09-11 22:27:49.916] [info] 4044/11165
[2026-09-11 22:27:49.917] [info] 4045/11165
[2026-09-11 22:27:49.922] [info] 4046/11165
[2026-09-11 22:27:49.929] [info] 4047/11165
[2026-09-11 22:27:49.930] [info] 4048/11165
[2026-09-11 22:27:49.930] [info] 4049/11165
[2026-09-11 22:27:49.933] [info] 4050/11165
[2026-09-11 22:27:49.934] [info] 4051/11165
[2026-09-11 22:27:49.934] [info] 4052/11165
[2026-09-11 22:27:49.934] [info] 4053/11165
[2026-09-11 22:27:49.935] [info] 4054/11165
[2026-09-11 22:27:49.935] [info] 4055/11165
[2026-09-11 22:27:49.935] [info] 4056/11165
[2026-09-11 22:27:49.936] [info] 4057/11165
[2026-09-11 22:27:49.940] [info] 4058/11165
[2026-09-11 22:27:49.942] [info] 4059/11165
[2026-09-11 22:27:49.942] [info] 4060/11165
[2026-09-11 22:27:49.945] [info] 4061/11165
[2026-09-11 22:27:49.949] [info] 4062/11165
[2026-09-11 22:27:49.949] [info] 4063/11165
[2026-09-11 22:27:49.949] [info] 4064/11165
[2026-09-11 22:27:49.953] [info] 4065/11165
[2026-09-11 22:27:49.960] [info] 4066/11165
[2026-09-11 22:27:49.960] [info] 4067/11165
[2026-09-11 22:27:49.960] [info] 4068/11165
[2026-09-11 22:27:49.963] [info] 4069/11165
[2026-09-11 22:27:49.963] [info] 4070/11165
[2026-09-11 22:27:49.964] [info] 4071/11165
[2026-09-11 22:27:49.964] [info] 4072/11165
[2026-09-11 22:27:49.964] [info] 4073/11165
[2026-09-11 22:27:49.965] [info] 4074/11165
[2026-09-11 22:27:49.965] [info] 4075/11165
[2026-09-11 22:27:49.965] [info] 4076/11165
[2026-09-11 22:27:49.966] [info] 4077/11165
[2026-09-11 22:27:49.969] [info] 4078/11165
[2026-09-11 22:27:49.971] [info] 4079/11165
[2026-09-11 22:27:49.972] [info] 4080/11165
[2026-09-11 22:27:49.977] [info] 4081/11165
[2026-09-11 22:27:49.980] [info] 4082/11165
[2026-09-11 22:27:49.983] [info] 4083/11165
[2026-09-11 22:27:49.987] [info] 4084/11165
[2026-09-11 22:27:49.992] [info] 4085/11165
[2026-09-11 22:27:49.996] [info] 4086/11165
[2026-09-11 22:27:49.999] [info] 4087/11165
[2026-09-11 22:27:50.005] [info] 4088/11165
[2026-09-11 22:27:50.014] [info] 4089/11165
[2026-09-11 22:27:50.022] [info] 4090/11165
[2026-09-11 22:27:50.027] [info] 4091/11165
[2026-09-11 22:27:50.032] [info] 4092/11165
[2026-09-11 22:27:50.038] [info] 4093/11165
[2026-09-11 22:27:50.042] [info] 4094/11165
[2026-09-11 22:27:50.046] [info] 4095/11165
[2026-09-11 22:27:50.049] [info] 4096/11165
[2026-09-11 22:27:50.053] [info] 4097/11165
[2026-09-11 22:27:50.056] [info] 4098/11165
[2026-09-11 22:27:50.059] [info] 4099/11165
[2026-09-11 22:27:50.063] [info] 4100/11165
[2026-09-11 22:27:50.065] [info] 4101/11165
[2026-09-11 22:27:50.067] [info] 4102/11165
[2026-09-11 22:27:50.069] [info] 4103/11165
[2026-09-11 22:27:50.073] [info] 4104/11165
[2026-09-11 22:27:50.074] [info] 4105/11165
[2026-09-11 22:27:50.074] [info] 4106/11165
[2026-09-11 22:27:50.078] [info] 4107/11165
[2026-09-11 22:27:50.085] [info] 4108/11165
[2026-09-11 22:27:50.086] [info] 4109/11165
[2026-09-11 22:27:50.086] [info] 4110/11165
[2026-09-11 22:27:50.089] [info] 4111/11165
[2026-09-11 22:27:50.093] [info] 4112/11165
[2026-09-11 22:27:50.093] [info] 4113/11165
[2026-09-11 22:27:50.094] [info] 4114/11165
[2026-09-11 22:27:50.095] [info] 4115/11165
[2026-09-11 22:27:50.099] [info] 4116/11165
[2026-09-11 22:27:50.099] [info] 4117/11165
[2026-09-11 22:27:50.100] [info] 4118/11165
[2026-09-11 22:27:50.102] [info] 4119/11165
[2026-09-11 22:27:50.104] [info] 4120/11165
[2026-09-11 22:27:50.105] [info] 4121/11165
[2026-09-11 22:27:50.106] [info] 4122/11165
[2026-09-11 22:27:50.109] [info] 4123/11165
[2026-09-11 22:27:50.109] [info] 4124/11165
[2026-09-11 22:27:50.110] [info] 4125/11165
[2026-09-11 22:27:50.113] [info] 4126/11165
[2026-09-11 22:27:50.118] [info] 4127/11165
[2026-09-11 22:27:50.119] [info] 4128/11165
[2026-09-11 22:27:50.119] [info] 4129/11165
[2026-09-11 22:27:50.121] [info] 4130/11165
[2026-09-11 22:27:50.125] [info] 4131/11165
[2026-09-11 22:27:50.125] [info] 4132/11165
[2026-09-11 22:27:50.125] [info] 4133/11165
[2026-09-11 22:27:50.126] [info] 4134/11165
[2026-09-11 22:27:50.129] [info] 4135/11165
[2026-09-11 22:27:50.129] [info] 4136/11165
[2026-09-11 22:27:50.130] [info] 4137/11165
[2026-09-11 22:27:50.134] [info] 4138/11165
[2026-09-11 22:27:50.140] [info] 4139/11165
[2026-09-11 22:27:50.145] [info] 4140/11165
[2026-09-11 22:27:50.148] [info] 4141/11165
[2026-09-11 22:27:50.150] [info] 4142/11165
[2026-09-11 22:27:50.154] [info] 4143/11165
[2026-09-11 22:27:50.157] [info] 4144/11165
[2026-09-11 22:27:50.158] [info] 4145/11165
[2026-09-11 22:27:50.160] [info] 4146/11165
[2026-09-11 22:27:50.162] [info] 4147/11165
[2026-09-11 22:27:50.164] [info] 4148/11165
[2026-09-11 22:27:50.165] [info] 4149/11165
[2026-09-11 22:27:50.168] [info] 4150/11165
[2026-09-11 22:27:50.171] [info] 4151/11165
[2026-09-11 22:27:50.172] [info] 4152/11165
[2026-09-11 22:27:50.174] [info] 4153/11165
[2026-09-11 22:27:50.177] [info] 4154/11165
[2026-09-11 22:27:50.180] [info] 4155/11165
[2026-09-11 22:27:50.181] [info] 4156/11165
[2026-09-11 22:27:50.185] [info] 4157/11165
[2026-09-11 22:27:50.191] [info] 4158/11165
[2026-09-11 22:27:50.196] [info] 4159/11165
[2026-09-11 22:27:50.199] [info] 4160/11165
[2026-09-11 22:27:50.201] [info] 4161/11165
[2026-09-11 22:27:50.206] [info] 4162/11165
[2026-09-11 22:27:50.209] [info] 4163/11165
[2026-09-11 22:27:50.211] [info] 4164/11165
[2026-09-11 22:27:50.212] [info] 4165/11165
[2026-09-11 22:27:50.215] [info] 4166/11165
[2026-09-11 22:27:50.217] [info] 4167/11165
[2026-09-11 22:27:50.218] [info] 4168/11165
[2026-09-11 22:27:50.223] [info] 4169/11165
[2026-09-11 22:27:50.227] [info] 4170/11165
[2026-09-11 22:27:50.230] [info] 4171/11165
[2026-09-11 22:27:50.234] [info] 4172/11165
[2026-09-11 22:27:50.239] [info] 4173/11165
[2026-09-11 22:27:50.244] [info] 4174/11165
[2026-09-11 22:27:50.244] [info] 4175/11165
[2026-09-11 22:27:50.250] [info] 4176/11165
[2026-09-11 22:27:50.259] [info] 4177/11165
[2026-09-11 22:27:50.260] [info] 4178/11165
[2026-09-11 22:27:50.260] [info] 4179/11165
[2026-09-11 22:27:50.264] [info] 4180/11165
[2026-09-11 22:27:50.271] [info] 4181/11165
[2026-09-11 22:27:50.271] [info] 4182/11165
[2026-09-11 22:27:50.271] [info] 4183/11165
[2026-09-11 22:27:50.275] [info] 4184/11165
[2026-09-11 22:27:50.279] [info] 4185/11165
[2026-09-11 22:27:50.279] [info] 4186/11165
[2026-09-11 22:27:50.280] [info] 4187/11165
[2026-09-11 22:27:50.284] [info] 4188/11165
[2026-09-11 22:27:50.287] [info] 4189/11165
[2026-09-11 22:27:50.287] [info] 4190/11165
[2026-09-11 22:27:50.290] [info] 4191/11165
[2026-09-11 22:27:50.294] [info] 4192/11165
[2026-09-11 22:27:50.294] [info] 4193/11165
[2026-09-11 22:27:50.295] [info] 4194/11165
[2026-09-11 22:27:50.299] [info] 4195/11165
[2026-09-11 22:27:50.306] [info] 4196/11165
[2026-09-11 22:27:50.307] [info] 4197/11165
[2026-09-11 22:27:50.307] [info] 4198/11165
[2026-09-11 22:27:50.310] [info] 4199/11165
[2026-09-11 22:27:50.310] [info] 4200/11165
[2026-09-11 22:27:50.311] [info] 4201/11165
[2026-09-11 22:27:50.311] [info] 4202/11165
[2026-09-11 22:27:50.311] [info] 4203/11165
[2026-09-11 22:27:50.312] [info] 4204/11165
[2026-09-11 22:27:50.312] [info] 4205/11165
[2026-09-11 22:27:50.313] [info] 4206/11165
[2026-09-11 22:27:50.316] [info] 4207/11165
[2026-09-11 22:27:50.316] [info] 4208/11165
[2026-09-11 22:27:50.316] [info] 4209/11165
[2026-09-11 22:27:50.318] [info] 4210/11165
[2026-09-11 22:27:50.318] [info] 4211/11165
[2026-09-11 22:27:50.318] [info] 4212/11165
[2026-09-11 22:27:50.319] [info] 4213/11165
[2026-09-11 22:27:50.322] [info] 4214/11165
[2026-09-11 22:27:50.328] [info] 4215/11165
[2026-09-11 22:27:50.328] [info] 4216/11165
[2026-09-11 22:27:50.328] [info] 4217/11165
[2026-09-11 22:27:50.329] [info] 4218/11165
[2026-09-11 22:27:50.329] [info] 4219/11165
[2026-09-11 22:27:50.329] [info] 4220/11165
[2026-09-11 22:27:50.330] [info] 4221/11165
[2026-09-11 22:27:50.330] [info] 4222/11165
[2026-09-11 22:27:50.330] [info] 4223/11165
[2026-09-11 22:27:50.331] [info] 4224/11165
[2026-09-11 22:27:50.331] [info] 4225/11165
[2026-09-11 22:27:50.336] [info] 4226/11165
[2026-09-11 22:27:50.344] [info] 4227/11165
[2026-09-11 22:27:50.349] [info] 4228/11165
[2026-09-11 22:27:50.353] [info] 4229/11165
[2026-09-11 22:27:50.357] [info] 4230/11165
[2026-09-11 22:27:50.363] [info] 4231/11165
[2026-09-11 22:27:50.367] [info] 4232/11165
[2026-09-11 22:27:50.370] [info] 4233/11165
[2026-09-11 22:27:50.373] [info] 4234/11165
[2026-09-11 22:27:50.377] [info] 4235/11165
[2026-09-11 22:27:50.380] [info] 4236/11165
[2026-09-11 22:27:50.383] [info] 4237/11165
[2026-09-11 22:27:50.388] [info] 4238/11165
[2026-09-11 22:27:50.392] [info] 4239/11165
[2026-09-11 22:27:50.395] [info] 4240/11165
[2026-09-11 22:27:50.398] [info] 4241/11165
[2026-09-11 22:27:50.404] [info] 4242/11165
[2026-09-11 22:27:50.408] [info] 4243/11165
[2026-09-11 22:27:50.411] [info] 4244/11165
[2026-09-11 22:27:50.416] [info] 4245/11165
[2026-09-11 22:27:50.424] [info] 4246/11165
[2026-09-11 22:27:50.430] [info] 4247/11165
[2026-09-11 22:27:50.434] [info] 4248/11165
[2026-09-11 22:27:50.438] [info] 4249/11165
[2026-09-11 22:27:50.444] [info] 4250/11165
[2026-09-11 22:27:50.449] [info] 4251/11165
[2026-09-11 22:27:50.449] [info] 4252/11165
[2026-09-11 22:27:50.452] [info] 4253/11165
[2026-09-11 22:27:50.457] [info] 4254/11165
[2026-09-11 22:27:50.457] [info] 4255/11165
[2026-09-11 22:27:50.457] [info] 4256/11165
[2026-09-11 22:27:50.465] [info] 4257/11165
[2026-09-11 22:27:50.472] [info] 4258/11165
[2026-09-11 22:27:50.477] [info] 4259/11165
[2026-09-11 22:27:50.483] [info] 4260/11165
[2026-09-11 22:27:50.491] [info] 4261/11165
[2026-09-11 22:27:50.492] [info] 4262/11165
[2026-09-11 22:27:50.492] [info] 4263/11165
[2026-09-11 22:27:50.501] [info] 4264/11165
[2026-09-11 22:27:50.512] [info] 4265/11165
[2026-09-11 22:27:50.512] [info] 4266/11165
[2026-09-11 22:27:50.513] [info] 4267/11165
[2026-09-11 22:27:50.513] [info] 4268/11165
[2026-09-11 22:27:50.513] [info] 4269/11165
[2026-09-11 22:27:50.514] [info] 4270/11165
[2026-09-11 22:27:50.514] [info] 4271/11165
[2026-09-11 22:27:50.514] [info] 4272/11165
[2026-09-11 22:27:50.515] [info] 4273/11165
[2026-09-11 22:27:50.515] [info] 4274/11165
[2026-09-11 22:27:50.516] [info] 4275/11165
[2026-09-11 22:27:50.521] [info] 4276/11165
[2026-09-11 22:27:50.526] [info] 4277/11165
[2026-09-11 22:27:50.526] [info] 4278/11165
[2026-09-11 22:27:50.530] [info] 4279/11165
[2026-09-11 22:27:50.536] [info] 4280/11165
[2026-09-11 22:27:50.537] [info] 4281/11165
[2026-09-11 22:27:50.537] [info] 4282/11165
[2026-09-11 22:27:50.543] [info] 4283/11165
[2026-09-11 22:27:50.552] [info] 4284/11165
[2026-09-11 22:27:50.552] [info] 4285/11165
[2026-09-11 22:27:50.552] [info] 4286/11165
[2026-09-11 22:27:50.553] [info] 4287/11165
[2026-09-11 22:27:50.553] [info] 4288/11165
[2026-09-11 22:27:50.554] [info] 4289/11165
[2026-09-11 22:27:50.554] [info] 4290/11165
[2026-09-11 22:27:50.554] [info] 4291/11165
[2026-09-11 22:27:50.555] [info] 4292/11165
[2026-09-11 22:27:50.555] [info] 4293/11165
[2026-09-11 22:27:50.555] [info] 4294/11165
[2026-09-11 22:27:50.560] [info] 4295/11165
[2026-09-11 22:27:50.560] [info] 4296/11165
[2026-09-11 22:27:50.561] [info] 4297/11165
[2026-09-11 22:27:50.563] [info] 4298/11165
[2026-09-11 22:27:50.564] [info] 4299/11165
[2026-09-11 22:27:50.564] [info] 4300/11165
[2026-09-11 22:27:50.565] [info] 4301/11165
[2026-09-11 22:27:50.569] [info] 4302/11165
[2026-09-11 22:27:50.576] [info] 4303/11165
[2026-09-11 22:27:50.576] [info] 4304/11165
[2026-09-11 22:27:50.577] [info] 4305/11165
[2026-09-11 22:27:50.577] [info] 4306/11165
[2026-09-11 22:27:50.577] [info] 4307/11165
[2026-09-11 22:27:50.578] [info] 4308/11165
[2026-09-11 22:27:50.578] [info] 4309/11165
[2026-09-11 22:27:50.578] [info] 4310/11165
[2026-09-11 22:27:50.579] [info] 4311/11165
[2026-09-11 22:27:50.579] [info] 4312/11165
[2026-09-11 22:27:50.579] [info] 4313/11165
[2026-09-11 22:27:50.583] [info] 4314/11165
[2026-09-11 22:27:50.590] [info] 4315/11165
[2026-09-11 22:27:50.594] [info] 4316/11165
[2026-09-11 22:27:50.597] [info] 4317/11165
[2026-09-11 22:27:50.600] [info] 4318/11165
[2026-09-11 22:27:50.604] [info] 4319/11165
[2026-09-11 22:27:50.607] [info] 4320/11165
[2026-09-11 22:27:50.608] [info] 4321/11165
[2026-09-11 22:27:50.609] [info] 4322/11165
[2026-09-11 22:27:50.613] [info] 4323/11165
[2026-09-11 22:27:50.613] [info] 4324/11165
[2026-09-11 22:27:50.614] [info] 4325/11165
[2026-09-11 22:27:50.618] [info] 4326/11165
[2026-09-11 22:27:50.621] [info] 4327/11165
[2026-09-11 22:27:50.623] [info] 4328/11165
[2026-09-11 22:27:50.625] [info] 4329/11165
[2026-09-11 22:27:50.629] [info] 4330/11165
[2026-09-11 22:27:50.632] [info] 4331/11165
[2026-09-11 22:27:50.634] [info] 4332/11165
[2026-09-11 22:27:50.639] [info] 4333/11165
[2026-09-11 22:27:50.646] [info] 4334/11165
[2026-09-11 22:27:50.650] [info] 4335/11165
[2026-09-11 22:27:50.651] [info] 4336/11165
[2026-09-11 22:27:50.654] [info] 4337/11165
[2026-09-11 22:27:50.659] [info] 4338/11165
[2026-09-11 22:27:50.659] [info] 4339/11165
[2026-09-11 22:27:50.659] [info] 4340/11165
[2026-09-11 22:27:50.660] [info] 4341/11165
[2026-09-11 22:27:50.660] [info] 4342/11165
[2026-09-11 22:27:50.660] [info] 4343/11165
[2026-09-11 22:27:50.661] [info] 4344/11165
[2026-09-11 22:27:50.667] [info] 4345/11165
[2026-09-11 22:27:50.671] [info] 4346/11165
[2026-09-11 22:27:50.675] [info] 4347/11165
[2026-09-11 22:27:50.679] [info] 4348/11165
[2026-09-11 22:27:50.685] [info] 4349/11165
[2026-09-11 22:27:50.686] [info] 4350/11165
[2026-09-11 22:27:50.686] [info] 4351/11165
[2026-09-11 22:27:50.693] [info] 4352/11165
[2026-09-11 22:27:50.703] [info] 4353/11165
[2026-09-11 22:27:50.703] [info] 4354/11165
[2026-09-11 22:27:50.703] [info] 4355/11165
[2026-09-11 22:27:50.704] [info] 4356/11165
[2026-09-11 22:27:50.704] [info] 4357/11165
[2026-09-11 22:27:50.705] [info] 4358/11165
[2026-09-11 22:27:50.705] [info] 4359/11165
[2026-09-11 22:27:50.705] [info] 4360/11165
[2026-09-11 22:27:50.706] [info] 4361/11165
[2026-09-11 22:27:50.706] [info] 4362/11165
[2026-09-11 22:27:50.706] [info] 4363/11165
[2026-09-11 22:27:50.711] [info] 4364/11165
[2026-09-11 22:27:50.714] [info] 4365/11165
[2026-09-11 22:27:50.714] [info] 4366/11165
[2026-09-11 22:27:50.717] [info] 4367/11165
[2026-09-11 22:27:50.721] [info] 4368/11165
[2026-09-11 22:27:50.722] [info] 4369/11165
[2026-09-11 22:27:50.722] [info] 4370/11165
[2026-09-11 22:27:50.727] [info] 4371/11165
[2026-09-11 22:27:50.734] [info] 4372/11165
[2026-09-11 22:27:50.735] [info] 4373/11165
[2026-09-11 22:27:50.735] [info] 4374/11165
[2026-09-11 22:27:50.735] [info] 4375/11165
[2026-09-11 22:27:50.736] [info] 4376/11165
[2026-09-11 22:27:50.736] [info] 4377/11165
[2026-09-11 22:27:50.736] [info] 4378/11165
[2026-09-11 22:27:50.737] [info] 4379/11165
[2026-09-11 22:27:50.737] [info] 4380/11165
[2026-09-11 22:27:50.737] [info] 4381/11165
[2026-09-11 22:27:50.738] [info] 4382/11165
[2026-09-11 22:27:50.741] [info] 4383/11165
[2026-09-11 22:27:50.742] [info] 4384/11165
[2026-09-11 22:27:50.742] [info] 4385/11165
[2026-09-11 22:27:50.744] [info] 4386/11165
[2026-09-11 22:27:50.744] [info] 4387/11165
[2026-09-11 22:27:50.745] [info] 4388/11165
[2026-09-11 22:27:50.745] [info] 4389/11165
[2026-09-11 22:27:50.749] [info] 4390/11165
[2026-09-11 22:27:50.755] [info] 4391/11165
[2026-09-11 22:27:50.755] [info] 4392/11165
[2026-09-11 22:27:50.756] [info] 4393/11165
[2026-09-11 22:27:50.756] [info] 4394/11165
[2026-09-11 22:27:50.756] [info] 4395/11165
[2026-09-11 22:27:50.757] [info] 4396/11165
[2026-09-11 22:27:50.757] [info] 4397/11165
[2026-09-11 22:27:50.757] [info] 4398/11165
[2026-09-11 22:27:50.758] [info] 4399/11165
[2026-09-11 22:27:50.758] [info] 4400/11165
[2026-09-11 22:27:50.758] [info] 4401/11165
[2026-09-11 22:27:50.762] [info] 4402/11165
[2026-09-11 22:27:50.768] [info] 4403/11165
[2026-09-11 22:27:50.771] [info] 4404/11165
[2026-09-11 22:27:50.774] [info] 4405/11165
[2026-09-11 22:27:50.776] [info] 4406/11165
[2026-09-11 22:27:50.780] [info] 4407/11165
[2026-09-11 22:27:50.780] [info] 4408/11165
[2026-09-11 22:27:50.781] [info] 4409/11165
[2026-09-11 22:27:50.782] [info] 4410/11165
[2026-09-11 22:27:50.784] [info] 4411/11165
[2026-09-11 22:27:50.785] [info] 4412/11165
[2026-09-11 22:27:50.785] [info] 4413/11165
[2026-09-11 22:27:50.788] [info] 4414/11165
[2026-09-11 22:27:50.790] [info] 4415/11165
[2026-09-11 22:27:50.791] [info] 4416/11165
[2026-09-11 22:27:50.792] [info] 4417/11165
[2026-09-11 22:27:50.796] [info] 4418/11165
[2026-09-11 22:27:50.798] [info] 4419/11165
[2026-09-11 22:27:50.798] [info] 4420/11165
[2026-09-11 22:27:50.802] [info] 4421/11165
[2026-09-11 22:27:50.808] [info] 4422/11165
[2026-09-11 22:27:50.808] [info] 4423/11165
[2026-09-11 22:27:50.809] [info] 4424/11165
[2026-09-11 22:27:50.809] [info] 4425/11165
[2026-09-11 22:27:50.810] [info] 4426/11165
[2026-09-11 22:27:50.810] [info] 4427/11165
[2026-09-11 22:27:50.810] [info] 4428/11165
[2026-09-11 22:27:50.811] [info] 4429/11165
[2026-09-11 22:27:50.811] [info] 4430/11165
[2026-09-11 22:27:50.811] [info] 4431/11165
[2026-09-11 22:27:50.812] [info] 4432/11165
[2026-09-11 22:27:50.816] [info] 4433/11165
[2026-09-11 22:27:50.820] [info] 4434/11165
[2026-09-11 22:27:50.822] [info] 4435/11165
[2026-09-11 22:27:50.826] [info] 4436/11165
[2026-09-11 22:27:50.831] [info] 4437/11165
[2026-09-11 22:27:50.831] [info] 4438/11165
[2026-09-11 22:27:50.831] [info] 4439/11165
[2026-09-11 22:27:50.837] [info] 4440/11165
[2026-09-11 22:27:50.846] [info] 4441/11165
[2026-09-11 22:27:50.846] [info] 4442/11165
[2026-09-11 22:27:50.846] [info] 4443/11165
[2026-09-11 22:27:50.847] [info] 4444/11165
[2026-09-11 22:27:50.847] [info] 4445/11165
[2026-09-11 22:27:50.847] [info] 4446/11165
[2026-09-11 22:27:50.848] [info] 4447/11165
[2026-09-11 22:27:50.848] [info] 4448/11165
[2026-09-11 22:27:50.848] [info] 4449/11165
[2026-09-11 22:27:50.849] [info] 4450/11165
[2026-09-11 22:27:50.849] [info] 4451/11165
[2026-09-11 22:27:50.853] [info] 4452/11165
[2026-09-11 22:27:50.855] [info] 4453/11165
[2026-09-11 22:27:50.855] [info] 4454/11165
[2026-09-11 22:27:50.857] [info] 4455/11165
[2026-09-11 22:27:50.861] [info] 4456/11165
[2026-09-11 22:27:50.862] [info] 4457/11165
[2026-09-11 22:27:50.862] [info] 4458/11165
[2026-09-11 22:27:50.866] [info] 4459/11165
[2026-09-11 22:27:50.873] [info] 4460/11165
[2026-09-11 22:27:50.873] [info] 4461/11165
[2026-09-11 22:27:50.874] [info] 4462/11165
[2026-09-11 22:27:50.874] [info] 4463/11165
[2026-09-11 22:27:50.874] [info] 4464/11165
[2026-09-11 22:27:50.875] [info] 4465/11165
[2026-09-11 22:27:50.875] [info] 4466/11165
[2026-09-11 22:27:50.875] [info] 4467/11165
[2026-09-11 22:27:50.876] [info] 4468/11165
[2026-09-11 22:27:50.876] [info] 4469/11165
[2026-09-11 22:27:50.876] [info] 4470/11165
[2026-09-11 22:27:50.879] [info] 4471/11165
[2026-09-11 22:27:50.880] [info] 4472/11165
[2026-09-11 22:27:50.880] [info] 4473/11165
[2026-09-11 22:27:50.881] [info] 4474/11165
[2026-09-11 22:27:50.882] [info] 4475/11165
[2026-09-11 22:27:50.882] [info] 4476/11165
[2026-09-11 22:27:50.882] [info] 4477/11165
[2026-09-11 22:27:50.885] [info] 4478/11165
[2026-09-11 22:27:50.891] [info] 4479/11165
[2026-09-11 22:27:50.891] [info] 4480/11165
[2026-09-11 22:27:50.892] [info] 4481/11165
[2026-09-11 22:27:50.892] [info] 4482/11165
[2026-09-11 22:27:50.892] [info] 4483/11165
[2026-09-11 22:27:50.893] [info] 4484/11165
[2026-09-11 22:27:50.893] [info] 4485/11165
[2026-09-11 22:27:50.893] [info] 4486/11165
[2026-09-11 22:27:50.894] [info] 4487/11165
[2026-09-11 22:27:50.894] [info] 4488/11165
[2026-09-11 22:27:50.894] [info] 4489/11165
[2026-09-11 22:27:50.901] [info] 4490/11165
[2026-09-11 22:27:50.911] [info] 4491/11165
[2026-09-11 22:27:50.918] [info] 4492/11165
[2026-09-11 22:27:50.924] [info] 4493/11165
[2026-09-11 22:27:50.930] [info] 4494/11165
[2026-09-11 22:27:50.938] [info] 4495/11165
[2026-09-11 22:27:50.944] [info] 4496/11165
[2026-09-11 22:27:50.949] [info] 4497/11165
[2026-09-11 22:27:50.954] [info] 4498/11165
[2026-09-11 22:27:50.960] [info] 4499/11165
[2026-09-11 22:27:50.965] [info] 4500/11165
[2026-09-11 22:27:50.970] [info] 4501/11165
[2026-09-11 22:27:50.976] [info] 4502/11165
[2026-09-11 22:27:50.981] [info] 4503/11165
[2026-09-11 22:27:50.986] [info] 4504/11165
[2026-09-11 22:27:50.994] [info] 4505/11165
[2026-09-11 22:27:51.000] [info] 4506/11165
[2026-09-11 22:27:51.005] [info] 4507/11165
[2026-09-11 22:27:51.013] [info] 4508/11165
[2026-09-11 22:27:51.023] [info] 4509/11165
[2026-09-11 22:27:51.031] [info] 4510/11165
[2026-09-11 22:27:51.037] [info] 4511/11165
[2026-09-11 22:27:51.044] [info] 4512/11165
[2026-09-11 22:27:51.052] [info] 4513/11165
[2026-09-11 22:27:51.058] [info] 4514/11165
[2026-09-11 22:27:51.064] [info] 4515/11165
[2026-09-11 22:27:51.069] [info] 4516/11165
[2026-09-11 22:27:51.076] [info] 4517/11165
[2026-09-11 22:27:51.082] [info] 4518/11165
[2026-09-11 22:27:51.087] [info] 4519/11165
[2026-09-11 22:27:51.095] [info] 4520/11165
[2026-09-11 22:27:51.103] [info] 4521/11165
[2026-09-11 22:27:51.111] [info] 4522/11165
[2026-09-11 22:27:51.121] [info] 4523/11165
[2026-09-11 22:27:51.130] [info] 4524/11165
[2026-09-11 22:27:51.140] [info] 4525/11165
[2026-09-11 22:27:51.152] [info] 4526/11165
[2026-09-11 22:27:51.165] [info] 4527/11165
[2026-09-11 22:27:51.182] [info] 4528/11165
[2026-09-11 22:27:51.197] [info] 4529/11165
[2026-09-11 22:27:51.206] [info] 4530/11165
[2026-09-11 22:27:51.217] [info] 4531/11165
[2026-09-11 22:27:51.227] [info] 4532/11165
[2026-09-11 22:27:51.236] [info] 4533/11165
[2026-09-11 22:27:51.243] [info] 4534/11165
[2026-09-11 22:27:51.252] [info] 4535/11165
[2026-09-11 22:27:51.261] [info] 4536/11165
[2026-09-11 22:27:51.268] [info] 4537/11165
[2026-09-11 22:27:51.275] [info] 4538/11165
[2026-09-11 22:27:51.280] [info] 4539/11165
[2026-09-11 22:27:51.287] [info] 4540/11165
[2026-09-11 22:27:51.295] [info] 4541/11165
[2026-09-11 22:27:51.302] [info] 4542/11165
[2026-09-11 22:27:51.308] [info] 4543/11165
[2026-09-11 22:27:51.316] [info] 4544/11165
[2026-09-11 22:27:51.327] [info] 4545/11165
[2026-09-11 22:27:51.336] [info] 4546/11165
[2026-09-11 22:27:51.343] [info] 4547/11165
[2026-09-11 22:27:51.350] [info] 4548/11165
[2026-09-11 22:27:51.359] [info] 4549/11165
[2026-09-11 22:27:51.366] [info] 4550/11165
[2026-09-11 22:27:51.372] [info] 4551/11165
[2026-09-11 22:27:51.378] [info] 4552/11165
[2026-09-11 22:27:51.385] [info] 4553/11165
[2026-09-11 22:27:51.391] [info] 4554/11165
[2026-09-11 22:27:51.397] [info] 4555/11165
[2026-09-11 22:27:51.402] [info] 4556/11165
[2026-09-11 22:27:51.407] [info] 4557/11165
[2026-09-11 22:27:51.412] [info] 4558/11165
[2026-09-11 22:27:51.418] [info] 4559/11165
[2026-09-11 22:27:51.424] [info] 4560/11165
[2026-09-11 22:27:51.429] [info] 4561/11165
[2026-09-11 22:27:51.435] [info] 4562/11165
[2026-09-11 22:27:51.444] [info] 4563/11165
[2026-09-11 22:27:51.451] [info] 4564/11165
[2026-09-11 22:27:51.457] [info] 4565/11165
[2026-09-11 22:27:51.463] [info] 4566/11165
[2026-09-11 22:27:51.470] [info] 4567/11165
[2026-09-11 22:27:51.476] [info] 4568/11165
[2026-09-11 22:27:51.481] [info] 4569/11165
[2026-09-11 22:27:51.486] [info] 4570/11165
[2026-09-11 22:27:51.492] [info] 4571/11165
[2026-09-11 22:27:51.497] [info] 4572/11165
[2026-09-11 22:27:51.501] [info] 4573/11165
[2026-09-11 22:27:51.507] [info] 4574/11165
[2026-09-11 22:27:51.516] [info] 4575/11165
[2026-09-11 22:27:51.522] [info] 4576/11165
[2026-09-11 22:27:51.527] [info] 4577/11165
[2026-09-11 22:27:51.532] [info] 4578/11165
[2026-09-11 22:27:51.538] [info] 4579/11165
[2026-09-11 22:27:51.543] [info] 4580/11165
[2026-09-11 22:27:51.548] [info] 4581/11165
[2026-09-11 22:27:51.551] [info] 4582/11165
[2026-09-11 22:27:51.557] [info] 4583/11165
[2026-09-11 22:27:51.561] [info] 4584/11165
[2026-09-11 22:27:51.564] [info] 4585/11165
[2026-09-11 22:27:51.569] [info] 4586/11165
[2026-09-11 22:27:51.573] [info] 4587/11165
[2026-09-11 22:27:51.578] [info] 4588/11165
[2026-09-11 22:27:51.584] [info] 4589/11165
[2026-09-11 22:27:51.589] [info] 4590/11165
[2026-09-11 22:27:51.593] [info] 4591/11165
[2026-09-11 22:27:51.599] [info] 4592/11165
[2026-09-11 22:27:51.608] [info] 4593/11165
[2026-09-11 22:27:51.615] [info] 4594/11165
[2026-09-11 22:27:51.621] [info] 4595/11165
[2026-09-11 22:27:51.626] [info] 4596/11165
[2026-09-11 22:27:51.633] [info] 4597/11165
[2026-09-11 22:27:51.638] [info] 4598/11165
[2026-09-11 22:27:51.643] [info] 4599/11165
[2026-09-11 22:27:51.647] [info] 4600/11165
[2026-09-11 22:27:51.652] [info] 4601/11165
[2026-09-11 22:27:51.657] [info] 4602/11165
[2026-09-11 22:27:51.657] [info] 4603/11165
[2026-09-11 22:27:51.664] [info] 4604/11165
[2026-09-11 22:27:51.670] [info] 4605/11165
[2026-09-11 22:27:51.676] [info] 4606/11165
[2026-09-11 22:27:51.684] [info] 4607/11165
[2026-09-11 22:27:51.691] [info] 4608/11165
[2026-09-11 22:27:51.697] [info] 4609/11165
[2026-09-11 22:27:51.706] [info] 4610/11165
[2026-09-11 22:27:51.718] [info] 4611/11165
[2026-09-11 22:27:51.727] [info] 4612/11165
[2026-09-11 22:27:51.728] [info] 4613/11165
[2026-09-11 22:27:51.735] [info] 4614/11165
[2026-09-11 22:27:51.743] [info] 4615/11165
[2026-09-11 22:27:51.751] [info] 4616/11165
[2026-09-11 22:27:51.751] [info] 4617/11165
[2026-09-11 22:27:51.757] [info] 4618/11165
[2026-09-11 22:27:51.764] [info] 4619/11165
[2026-09-11 22:27:51.770] [info] 4620/11165
[2026-09-11 22:27:51.771] [info] 4621/11165
[2026-09-11 22:27:51.776] [info] 4622/11165
[2026-09-11 22:27:51.780] [info] 4623/11165
[2026-09-11 22:27:51.785] [info] 4624/11165
[2026-09-11 22:27:51.791] [info] 4625/11165
[2026-09-11 22:27:51.797] [info] 4626/11165
[2026-09-11 22:27:51.801] [info] 4627/11165
[2026-09-11 22:27:51.808] [info] 4628/11165
[2026-09-11 22:27:51.818] [info] 4629/11165
[2026-09-11 22:27:51.825] [info] 4630/11165
[2026-09-11 22:27:51.826] [info] 4631/11165
[2026-09-11 22:27:51.831] [info] 4632/11165
[2026-09-11 22:27:51.838] [info] 4633/11165
[2026-09-11 22:27:51.844] [info] 4634/11165
[2026-09-11 22:27:51.844] [info] 4635/11165
[2026-09-11 22:27:51.848] [info] 4636/11165
[2026-09-11 22:27:51.854] [info] 4637/11165
[2026-09-11 22:27:51.859] [info] 4638/11165
[2026-09-11 22:27:51.859] [info] 4639/11165
[2026-09-11 22:27:51.864] [info] 4640/11165
[2026-09-11 22:27:51.867] [info] 4641/11165
[2026-09-11 22:27:51.871] [info] 4642/11165
[2026-09-11 22:27:51.877] [info] 4643/11165
[2026-09-11 22:27:51.881] [info] 4644/11165
[2026-09-11 22:27:51.882] [info] 4645/11165
[2026-09-11 22:27:51.887] [info] 4646/11165
[2026-09-11 22:27:51.895] [info] 4647/11165
[2026-09-11 22:27:51.901] [info] 4648/11165
[2026-09-11 22:27:51.902] [info] 4649/11165
[2026-09-11 22:27:51.906] [info] 4650/11165
[2026-09-11 22:27:51.912] [info] 4651/11165
[2026-09-11 22:27:51.917] [info] 4652/11165
[2026-09-11 22:27:51.918] [info] 4653/11165
[2026-09-11 22:27:51.921] [info] 4654/11165
[2026-09-11 22:27:51.926] [info] 4655/11165
[2026-09-11 22:27:51.930] [info] 4656/11165
[2026-09-11 22:27:51.931] [info] 4657/11165
[2026-09-11 22:27:51.936] [info] 4658/11165
[2026-09-11 22:27:51.943] [info] 4659/11165
[2026-09-11 22:27:51.949] [info] 4660/11165
[2026-09-11 22:27:51.953] [info] 4661/11165
[2026-09-11 22:27:51.957] [info] 4662/11165
[2026-09-11 22:27:51.963] [info] 4663/11165
[2026-09-11 22:27:51.967] [info] 4664/11165
[2026-09-11 22:27:51.971] [info] 4665/11165
[2026-09-11 22:27:51.974] [info] 4666/11165
[2026-09-11 22:27:51.978] [info] 4667/11165
[2026-09-11 22:27:51.981] [info] 4668/11165
[2026-09-11 22:27:51.984] [info] 4669/11165
[2026-09-11 22:27:51.988] [info] 4670/11165
[2026-09-11 22:27:51.991] [info] 4671/11165
[2026-09-11 22:27:51.994] [info] 4672/11165
[2026-09-11 22:27:51.999] [info] 4673/11165
[2026-09-11 22:27:52.004] [info] 4674/11165
[2026-09-11 22:27:52.007] [info] 4675/11165
[2026-09-11 22:27:52.012] [info] 4676/11165
[2026-09-11 22:27:52.020] [info] 4677/11165
[2026-09-11 22:27:52.026] [info] 4678/11165
[2026-09-11 22:27:52.031] [info] 4679/11165
[2026-09-11 22:27:52.035] [info] 4680/11165
[2026-09-11 22:27:52.041] [info] 4681/11165
[2026-09-11 22:27:52.045] [info] 4682/11165
[2026-09-11 22:27:52.046] [info] 4683/11165
[2026-09-11 22:27:52.049] [info] 4684/11165
[2026-09-11 22:27:52.054] [info] 4685/11165
[2026-09-11 22:27:52.054] [info] 4686/11165
[2026-09-11 22:27:52.054] [info] 4687/11165
[2026-09-11 22:27:52.060] [info] 4688/11165
[2026-09-11 22:27:52.064] [info] 4689/11165
[2026-09-11 22:27:52.069] [info] 4690/11165
[2026-09-11 22:27:52.076] [info] 4691/11165
[2026-09-11 22:27:52.081] [info] 4692/11165
[2026-09-11 22:27:52.086] [info] 4693/11165
[2026-09-11 22:27:52.094] [info] 4694/11165
[2026-09-11 22:27:52.104] [info] 4695/11165
[2026-09-11 22:27:52.104] [info] 4696/11165
[2026-09-11 22:27:52.105] [info] 4697/11165
[2026-09-11 22:27:52.111] [info] 4698/11165
[2026-09-11 22:27:52.118] [info] 4699/11165
[2026-09-11 22:27:52.119] [info] 4700/11165
[2026-09-11 22:27:52.119] [info] 4701/11165
[2026-09-11 22:27:52.124] [info] 4702/11165
[2026-09-11 22:27:52.129] [info] 4703/11165
[2026-09-11 22:27:52.130] [info] 4704/11165
[2026-09-11 22:27:52.130] [info] 4705/11165
[2026-09-11 22:27:52.135] [info] 4706/11165
[2026-09-11 22:27:52.139] [info] 4707/11165
[2026-09-11 22:27:52.144] [info] 4708/11165
[2026-09-11 22:27:52.150] [info] 4709/11165
[2026-09-11 22:27:52.154] [info] 4710/11165
[2026-09-11 22:27:52.155] [info] 4711/11165
[2026-09-11 22:27:52.161] [info] 4712/11165
[2026-09-11 22:27:52.169] [info] 4713/11165
[2026-09-11 22:27:52.170] [info] 4714/11165
[2026-09-11 22:27:52.170] [info] 4715/11165
[2026-09-11 22:27:52.175] [info] 4716/11165
[2026-09-11 22:27:52.181] [info] 4717/11165
[2026-09-11 22:27:52.181] [info] 4718/11165
[2026-09-11 22:27:52.182] [info] 4719/11165
[2026-09-11 22:27:52.185] [info] 4720/11165
[2026-09-11 22:27:52.190] [info] 4721/11165
[2026-09-11 22:27:52.191] [info] 4722/11165
[2026-09-11 22:27:52.191] [info] 4723/11165
[2026-09-11 22:27:52.195] [info] 4724/11165
[2026-09-11 22:27:52.197] [info] 4725/11165
[2026-09-11 22:27:52.201] [info] 4726/11165
[2026-09-11 22:27:52.206] [info] 4727/11165
[2026-09-11 22:27:52.206] [info] 4728/11165
[2026-09-11 22:27:52.206] [info] 4729/11165
[2026-09-11 22:27:52.211] [info] 4730/11165
[2026-09-11 22:27:52.219] [info] 4731/11165
[2026-09-11 22:27:52.219] [info] 4732/11165
[2026-09-11 22:27:52.219] [info] 4733/11165
[2026-09-11 22:27:52.223] [info] 4734/11165
[2026-09-11 22:27:52.229] [info] 4735/11165
[2026-09-11 22:27:52.229] [info] 4736/11165
[2026-09-11 22:27:52.230] [info] 4737/11165
[2026-09-11 22:27:52.233] [info] 4738/11165
[2026-09-11 22:27:52.237] [info] 4739/11165
[2026-09-11 22:27:52.237] [info] 4740/11165
[2026-09-11 22:27:52.238] [info] 4741/11165
[2026-09-11 22:27:52.243] [info] 4742/11165
[2026-09-11 22:27:52.250] [info] 4743/11165
[2026-09-11 22:27:52.257] [info] 4744/11165
[2026-09-11 22:27:52.262] [info] 4745/11165
[2026-09-11 22:27:52.270] [info] 4746/11165
[2026-09-11 22:27:52.281] [info] 4747/11165
[2026-09-11 22:27:52.290] [info] 4748/11165
[2026-09-11 22:27:52.298] [info] 4749/11165
[2026-09-11 22:27:52.304] [info] 4750/11165
[2026-09-11 22:27:52.312] [info] 4751/11165
[2026-09-11 22:27:52.319] [info] 4752/11165
[2026-09-11 22:27:52.325] [info] 4753/11165
[2026-09-11 22:27:52.330] [info] 4754/11165
[2026-09-11 22:27:52.336] [info] 4755/11165
[2026-09-11 22:27:52.342] [info] 4756/11165
[2026-09-11 22:27:52.346] [info] 4757/11165
[2026-09-11 22:27:52.351] [info] 4758/11165
[2026-09-11 22:27:52.355] [info] 4759/11165
[2026-09-11 22:27:52.359] [info] 4760/11165
[2026-09-11 22:27:52.366] [info] 4761/11165
[2026-09-11 22:27:52.371] [info] 4762/11165
[2026-09-11 22:27:52.375] [info] 4763/11165
[2026-09-11 22:27:52.381] [info] 4764/11165
[2026-09-11 22:27:52.390] [info] 4765/11165
[2026-09-11 22:27:52.397] [info] 4766/11165
[2026-09-11 22:27:52.403] [info] 4767/11165
[2026-09-11 22:27:52.408] [info] 4768/11165
[2026-09-11 22:27:52.415] [info] 4769/11165
[2026-09-11 22:27:52.421] [info] 4770/11165
[2026-09-11 22:27:52.425] [info] 4771/11165
[2026-09-11 22:27:52.429] [info] 4772/11165
[2026-09-11 22:27:52.435] [info] 4773/11165
[2026-09-11 22:27:52.439] [info] 4774/11165
[2026-09-11 22:27:52.443] [info] 4775/11165
[2026-09-11 22:27:52.447] [info] 4776/11165
[2026-09-11 22:27:52.450] [info] 4777/11165
[2026-09-11 22:27:52.454] [info] 4778/11165
[2026-09-11 22:27:52.459] [info] 4779/11165
[2026-09-11 22:27:52.464] [info] 4780/11165
[2026-09-11 22:27:52.467] [info] 4781/11165
[2026-09-11 22:27:52.472] [info] 4782/11165
[2026-09-11 22:27:52.480] [info] 4783/11165
[2026-09-11 22:27:52.485] [info] 4784/11165
[2026-09-11 22:27:52.490] [info] 4785/11165
[2026-09-11 22:27:52.494] [info] 4786/11165
[2026-09-11 22:27:52.500] [info] 4787/11165
[2026-09-11 22:27:52.504] [info] 4788/11165
[2026-09-11 22:27:52.508] [info] 4789/11165
[2026-09-11 22:27:52.512] [info] 4790/11165
[2026-09-11 22:27:52.516] [info] 4791/11165
[2026-09-11 22:27:52.520] [info] 4792/11165
[2026-09-11 22:27:52.523] [info] 4793/11165
[2026-09-11 22:27:52.531] [info] 4794/11165
[2026-09-11 22:27:52.538] [info] 4795/11165
[2026-09-11 22:27:52.543] [info] 4796/11165
[2026-09-11 22:27:52.547] [info] 4797/11165
[2026-09-11 22:27:52.554] [info] 4798/11165
[2026-09-11 22:27:52.558] [info] 4799/11165
[2026-09-11 22:27:52.562] [info] 4800/11165
[2026-09-11 22:27:52.566] [info] 4801/11165
[2026-09-11 22:27:52.571] [info] 4802/11165
[2026-09-11 22:27:52.575] [info] 4803/11165
[2026-09-11 22:27:52.578] [info] 4804/11165
[2026-09-11 22:27:52.583] [info] 4805/11165
[2026-09-11 22:27:52.586] [info] 4806/11165
[2026-09-11 22:27:52.590] [info] 4807/11165
[2026-09-11 22:27:52.596] [info] 4808/11165
[2026-09-11 22:27:52.601] [info] 4809/11165
[2026-09-11 22:27:52.604] [info] 4810/11165
[2026-09-11 22:27:52.610] [info] 4811/11165
[2026-09-11 22:27:52.619] [info] 4812/11165
[2026-09-11 22:27:52.625] [info] 4813/11165
[2026-09-11 22:27:52.631] [info] 4814/11165
[2026-09-11 22:27:52.635] [info] 4815/11165
[2026-09-11 22:27:52.642] [info] 4816/11165
[2026-09-11 22:27:52.647] [info] 4817/11165
[2026-09-11 22:27:52.652] [info] 4818/11165
[2026-09-11 22:27:52.655] [info] 4819/11165
[2026-09-11 22:27:52.660] [info] 4820/11165
[2026-09-11 22:27:52.665] [info] 4821/11165
[2026-09-11 22:27:52.668] [info] 4822/11165
[2026-09-11 22:27:52.674] [info] 4823/11165
[2026-09-11 22:27:52.680] [info] 4824/11165
[2026-09-11 22:27:52.686] [info] 4825/11165
[2026-09-11 22:27:52.693] [info] 4826/11165
[2026-09-11 22:27:52.700] [info] 4827/11165
[2026-09-11 22:27:52.705] [info] 4828/11165
[2026-09-11 22:27:52.714] [info] 4829/11165
[2026-09-11 22:27:52.724] [info] 4830/11165
[2026-09-11 22:27:52.734] [info] 4831/11165
[2026-09-11 22:27:52.742] [info] 4832/11165
[2026-09-11 22:27:52.748] [info] 4833/11165
[2026-09-11 22:27:52.757] [info] 4834/11165
[2026-09-11 22:27:52.763] [info] 4835/11165
[2026-09-11 22:27:52.770] [info] 4836/11165
[2026-09-11 22:27:52.775] [info] 4837/11165
[2026-09-11 22:27:52.782] [info] 4838/11165
[2026-09-11 22:27:52.787] [info] 4839/11165
[2026-09-11 22:27:52.792] [info] 4840/11165
[2026-09-11 22:27:52.797] [info] 4841/11165
[2026-09-11 22:27:52.801] [info] 4842/11165
[2026-09-11 22:27:52.806] [info] 4843/11165
[2026-09-11 22:27:52.813] [info] 4844/11165
[2026-09-11 22:27:52.818] [info] 4845/11165
[2026-09-11 22:27:52.823] [info] 4846/11165
[2026-09-11 22:27:52.829] [info] 4847/11165
[2026-09-11 22:27:52.839] [info] 4848/11165
[2026-09-11 22:27:52.846] [info] 4849/11165
[2026-09-11 22:27:52.852] [info] 4850/11165
[2026-09-11 22:27:52.857] [info] 4851/11165
[2026-09-11 22:27:52.864] [info] 4852/11165
[2026-09-11 22:27:52.870] [info] 4853/11165
[2026-09-11 22:27:52.875] [info] 4854/11165
[2026-09-11 22:27:52.879] [info] 4855/11165
[2026-09-11 22:27:52.885] [info] 4856/11165
[2026-09-11 22:27:52.889] [info] 4857/11165
[2026-09-11 22:27:52.894] [info] 4858/11165
[2026-09-11 22:27:52.898] [info] 4859/11165
[2026-09-11 22:27:52.901] [info] 4860/11165
[2026-09-11 22:27:52.905] [info] 4861/11165
[2026-09-11 22:27:52.910] [info] 4862/11165
[2026-09-11 22:27:52.914] [info] 4863/11165
[2026-09-11 22:27:52.918] [info] 4864/11165
[2026-09-11 22:27:52.923] [info] 4865/11165
[2026-09-11 22:27:52.931] [info] 4866/11165
[2026-09-11 22:27:52.937] [info] 4867/11165
[2026-09-11 22:27:52.942] [info] 4868/11165
[2026-09-11 22:27:52.946] [info] 4869/11165
[2026-09-11 22:27:52.952] [info] 4870/11165
[2026-09-11 22:27:52.957] [info] 4871/11165
[2026-09-11 22:27:52.961] [info] 4872/11165
[2026-09-11 22:27:52.964] [info] 4873/11165
[2026-09-11 22:27:52.969] [info] 4874/11165
[2026-09-11 22:27:52.973] [info] 4875/11165
[2026-09-11 22:27:52.977] [info] 4876/11165
[2026-09-11 22:27:52.986] [info] 4877/11165
[2026-09-11 22:27:52.994] [info] 4878/11165
[2026-09-11 22:27:53.001] [info] 4879/11165
[2026-09-11 22:27:53.008] [info] 4880/11165
[2026-09-11 22:27:53.016] [info] 4881/11165
[2026-09-11 22:27:53.023] [info] 4882/11165
[2026-09-11 22:27:53.029] [info] 4883/11165
[2026-09-11 22:27:53.034] [info] 4884/11165
[2026-09-11 22:27:53.041] [info] 4885/11165
[2026-09-11 22:27:53.047] [info] 4886/11165
[2026-09-11 22:27:53.052] [info] 4887/11165
[2026-09-11 22:27:53.058] [info] 4888/11165
[2026-09-11 22:27:53.064] [info] 4889/11165
[2026-09-11 22:27:53.070] [info] 4890/11165
[2026-09-11 22:27:53.077] [info] 4891/11165
[2026-09-11 22:27:53.084] [info] 4892/11165
[2026-09-11 22:27:53.089] [info] 4893/11165
[2026-09-11 22:27:53.097] [info] 4894/11165
[2026-09-11 22:27:53.107] [info] 4895/11165
[2026-09-11 22:27:53.115] [info] 4896/11165
[2026-09-11 22:27:53.122] [info] 4897/11165
[2026-09-11 22:27:53.129] [info] 4898/11165
[2026-09-11 22:27:53.138] [info] 4899/11165
[2026-09-11 22:27:53.145] [info] 4900/11165
[2026-09-11 22:27:53.151] [info] 4901/11165
[2026-09-11 22:27:53.157] [info] 4902/11165
[2026-09-11 22:27:53.164] [info] 4903/11165
[2026-09-11 22:27:53.170] [info] 4904/11165
[2026-09-11 22:27:53.175] [info] 4905/11165
[2026-09-11 22:27:53.184] [info] 4906/11165
[2026-09-11 22:27:53.192] [info] 4907/11165
[2026-09-11 22:27:53.201] [info] 4908/11165
[2026-09-11 22:27:53.211] [info] 4909/11165
[2026-09-11 22:27:53.220] [info] 4910/11165
[2026-09-11 22:27:53.228] [info] 4911/11165
[2026-09-11 22:27:53.239] [info] 4912/11165
[2026-09-11 22:27:53.253] [info] 4913/11165
[2026-09-11 22:27:53.264] [info] 4914/11165
[2026-09-11 22:27:53.275] [info] 4915/11165
[2026-09-11 22:27:53.284] [info] 4916/11165
[2026-09-11 22:27:53.295] [info] 4917/11165
[2026-09-11 22:27:53.305] [info] 4918/11165
[2026-09-11 22:27:53.305] [info] 4919/11165
[2026-09-11 22:27:53.313] [info] 4920/11165
[2026-09-11 22:27:53.322] [info] 4921/11165
[2026-09-11 22:27:53.330] [info] 4922/11165
[2026-09-11 22:27:53.331] [info] 4923/11165
[2026-09-11 22:27:53.338] [info] 4924/11165
[2026-09-11 22:27:53.344] [info] 4925/11165
[2026-09-11 22:27:53.351] [info] 4926/11165
[2026-09-11 22:27:53.359] [info] 4927/11165
[2026-09-11 22:27:53.366] [info] 4928/11165
[2026-09-11 22:27:53.372] [info] 4929/11165
[2026-09-11 22:27:53.381] [info] 4930/11165
[2026-09-11 22:27:53.392] [info] 4931/11165
[2026-09-11 22:27:53.401] [info] 4932/11165
[2026-09-11 22:27:53.401] [info] 4933/11165
[2026-09-11 22:27:53.409] [info] 4934/11165
[2026-09-11 22:27:53.417] [info] 4935/11165
[2026-09-11 22:27:53.425] [info] 4936/11165
[2026-09-11 22:27:53.425] [info] 4937/11165
[2026-09-11 22:27:53.431] [info] 4938/11165
[2026-09-11 22:27:53.439] [info] 4939/11165
[2026-09-11 22:27:53.445] [info] 4940/11165
[2026-09-11 22:27:53.446] [info] 4941/11165
[2026-09-11 22:27:53.451] [info] 4942/11165
[2026-09-11 22:27:53.456] [info] 4943/11165
[2026-09-11 22:27:53.461] [info] 4944/11165
[2026-09-11 22:27:53.468] [info] 4945/11165
[2026-09-11 22:27:53.474] [info] 4946/11165
[2026-09-11 22:27:53.475] [info] 4947/11165
[2026-09-11 22:27:53.481] [info] 4948/11165
[2026-09-11 22:27:53.491] [info] 4949/11165
[2026-09-11 22:27:53.498] [info] 4950/11165
[2026-09-11 22:27:53.499] [info] 4951/11165
[2026-09-11 22:27:53.504] [info] 4952/11165
[2026-09-11 22:27:53.512] [info] 4953/11165
[2026-09-11 22:27:53.518] [info] 4954/11165
[2026-09-11 22:27:53.518] [info] 4955/11165
[2026-09-11 22:27:53.523] [info] 4956/11165
[2026-09-11 22:27:53.530] [info] 4957/11165
[2026-09-11 22:27:53.535] [info] 4958/11165
[2026-09-11 22:27:53.536] [info] 4959/11165
[2026-09-11 22:27:53.545] [info] 4960/11165
[2026-09-11 22:27:53.551] [info] 4961/11165
[2026-09-11 22:27:53.557] [info] 4962/11165
[2026-09-11 22:27:53.562] [info] 4963/11165
[2026-09-11 22:27:53.569] [info] 4964/11165
[2026-09-11 22:27:53.574] [info] 4965/11165
[2026-09-11 22:27:53.579] [info] 4966/11165
[2026-09-11 22:27:53.583] [info] 4967/11165
[2026-09-11 22:27:53.589] [info] 4968/11165
[2026-09-11 22:27:53.593] [info] 4969/11165
[2026-09-11 22:27:53.593] [info] 4970/11165
[2026-09-11 22:27:53.598] [info] 4971/11165
[2026-09-11 22:27:53.603] [info] 4972/11165
[2026-09-11 22:27:53.608] [info] 4973/11165
[2026-09-11 22:27:53.614] [info] 4974/11165
[2026-09-11 22:27:53.620] [info] 4975/11165
[2026-09-11 22:27:53.625] [info] 4976/11165
[2026-09-11 22:27:53.631] [info] 4977/11165
[2026-09-11 22:27:53.641] [info] 4978/11165
[2026-09-11 22:27:53.648] [info] 4979/11165
[2026-09-11 22:27:53.654] [info] 4980/11165
[2026-09-11 22:27:53.659] [info] 4981/11165
[2026-09-11 22:27:53.667] [info] 4982/11165
[2026-09-11 22:27:53.667] [info] 4983/11165
[2026-09-11 22:27:53.667] [info] 4984/11165
[2026-09-11 22:27:53.672] [info] 4985/11165
[2026-09-11 22:27:53.678] [info] 4986/11165
[2026-09-11 22:27:53.678] [info] 4987/11165
[2026-09-11 22:27:53.679] [info] 4988/11165
[2026-09-11 22:27:53.685] [info] 4989/11165
[2026-09-11 22:27:53.692] [info] 4990/11165
[2026-09-11 22:27:53.698] [info] 4991/11165
[2026-09-11 22:27:53.707] [info] 4992/11165
[2026-09-11 22:27:53.714] [info] 4993/11165
[2026-09-11 22:27:53.720] [info] 4994/11165
[2026-09-11 22:27:53.730] [info] 4995/11165
[2026-09-11 22:27:53.741] [info] 4996/11165
[2026-09-11 22:27:53.742] [info] 4997/11165
[2026-09-11 22:27:53.742] [info] 4998/11165
[2026-09-11 22:27:53.750] [info] 4999/11165
[2026-09-11 22:27:53.759] [info] 5000/11165
[2026-09-11 22:27:53.759] [info] 5001/11165
[2026-09-11 22:27:53.759] [info] 5002/11165
[2026-09-11 22:27:53.766] [info] 5003/11165
[2026-09-11 22:27:53.773] [info] 5004/11165
[2026-09-11 22:27:53.774] [info] 5005/11165
[2026-09-11 22:27:53.774] [info] 5006/11165
[2026-09-11 22:27:53.779] [info] 5007/11165
[2026-09-11 22:27:53.784] [info] 5008/11165
[2026-09-11 22:27:53.789] [info] 5009/11165
[2026-09-11 22:27:53.796] [info] 5010/11165
[2026-09-11 22:27:53.796] [info] 5011/11165
[2026-09-11 22:27:53.797] [info] 5012/11165
[2026-09-11 22:27:53.804] [info] 5013/11165
[2026-09-11 22:27:53.813] [info] 5014/11165
[2026-09-11 22:27:53.814] [info] 5015/11165
[2026-09-11 22:27:53.814] [info] 5016/11165
[2026-09-11 22:27:53.820] [info] 5017/11165
[2026-09-11 22:27:53.827] [info] 5018/11165
[2026-09-11 22:27:53.827] [info] 5019/11165
[2026-09-11 22:27:53.828] [info] 5020/11165
[2026-09-11 22:27:53.833] [info] 5021/11165
[2026-09-11 22:27:53.839] [info] 5022/11165
[2026-09-11 22:27:53.839] [info] 5023/11165
[2026-09-11 22:27:53.840] [info] 5024/11165
[2026-09-11 22:27:53.844] [info] 5025/11165
[2026-09-11 22:27:53.845] [info] 5026/11165
[2026-09-11 22:27:53.849] [info] 5027/11165
[2026-09-11 22:27:53.855] [info] 5028/11165
[2026-09-11 22:27:53.855] [info] 5029/11165
[2026-09-11 22:27:53.856] [info] 5030/11165
[2026-09-11 22:27:53.861] [info] 5031/11165
[2026-09-11 22:27:53.870] [info] 5032/11165
[2026-09-11 22:27:53.870] [info] 5033/11165
[2026-09-11 22:27:53.871] [info] 5034/11165
[2026-09-11 22:27:53.876] [info] 5035/11165
[2026-09-11 22:27:53.882] [info] 5036/11165
[2026-09-11 22:27:53.883] [info] 5037/11165
[2026-09-11 22:27:53.883] [info] 5038/11165
[2026-09-11 22:27:53.887] [info] 5039/11165
[2026-09-11 22:27:53.893] [info] 5040/11165
[2026-09-11 22:27:53.893] [info] 5041/11165
[2026-09-11 22:27:53.893] [info] 5042/11165
[2026-09-11 22:27:53.901] [info] 5043/11165
[2026-09-11 22:27:53.907] [info] 5044/11165
[2026-09-11 22:27:53.912] [info] 5045/11165
[2026-09-11 22:27:53.916] [info] 5046/11165
[2026-09-11 22:27:53.922] [info] 5047/11165
[2026-09-11 22:27:53.927] [info] 5048/11165
[2026-09-11 22:27:53.927] [info] 5049/11165
[2026-09-11 22:27:53.930] [info] 5050/11165
[2026-09-11 22:27:53.935] [info] 5051/11165
[2026-09-11 22:27:53.935] [info] 5052/11165
[2026-09-11 22:27:53.936] [info] 5053/11165
[2026-09-11 22:27:53.940] [info] 5054/11165
[2026-09-11 22:27:53.943] [info] 5055/11165
[2026-09-11 22:27:53.947] [info] 5056/11165
[2026-09-11 22:27:53.952] [info] 5057/11165
[2026-09-11 22:27:53.956] [info] 5058/11165
[2026-09-11 22:27:53.960] [info] 5059/11165
[2026-09-11 22:27:53.965] [info] 5060/11165
[2026-09-11 22:27:53.973] [info] 5061/11165
[2026-09-11 22:27:53.980] [info] 5062/11165
[2026-09-11 22:27:53.980] [info] 5063/11165
[2026-09-11 22:27:53.984] [info] 5064/11165
[2026-09-11 22:27:53.991] [info] 5065/11165
[2026-09-11 22:27:53.991] [info] 5066/11165
[2026-09-11 22:27:53.992] [info] 5067/11165
[2026-09-11 22:27:53.992] [info] 5068/11165
[2026-09-11 22:27:53.992] [info] 5069/11165
[2026-09-11 22:27:53.993] [info] 5070/11165
[2026-09-11 22:27:53.993] [info] 5071/11165
[2026-09-11 22:27:53.999] [info] 5072/11165
[2026-09-11 22:27:54.003] [info] 5073/11165
[2026-09-11 22:27:54.009] [info] 5074/11165
[2026-09-11 22:27:54.016] [info] 5075/11165
[2026-09-11 22:27:54.022] [info] 5076/11165
[2026-09-11 22:27:54.022] [info] 5077/11165
[2026-09-11 22:27:54.030] [info] 5078/11165
[2026-09-11 22:27:54.040] [info] 5079/11165
[2026-09-11 22:27:54.041] [info] 5080/11165
[2026-09-11 22:27:54.041] [info] 5081/11165
[2026-09-11 22:27:54.047] [info] 5082/11165
[2026-09-11 22:27:54.047] [info] 5083/11165
[2026-09-11 22:27:54.048] [info] 5084/11165
[2026-09-11 22:27:54.048] [info] 5085/11165
[2026-09-11 22:27:54.049] [info] 5086/11165
[2026-09-11 22:27:54.049] [info] 5087/11165
[2026-09-11 22:27:54.049] [info] 5088/11165
[2026-09-11 22:27:54.050] [info] 5089/11165
[2026-09-11 22:27:54.054] [info] 5090/11165
[2026-09-11 22:27:54.055] [info] 5091/11165
[2026-09-11 22:27:54.059] [info] 5092/11165
[2026-09-11 22:27:54.065] [info] 5093/11165
[2026-09-11 22:27:54.065] [info] 5094/11165
[2026-09-11 22:27:54.066] [info] 5095/11165
[2026-09-11 22:27:54.072] [info] 5096/11165
[2026-09-11 22:27:54.081] [info] 5097/11165
[2026-09-11 22:27:54.081] [info] 5098/11165
[2026-09-11 22:27:54.081] [info] 5099/11165
[2026-09-11 22:27:54.086] [info] 5100/11165
[2026-09-11 22:27:54.087] [info] 5101/11165
[2026-09-11 22:27:54.087] [info] 5102/11165
[2026-09-11 22:27:54.087] [info] 5103/11165
[2026-09-11 22:27:54.088] [info] 5104/11165
[2026-09-11 22:27:54.088] [info] 5105/11165
[2026-09-11 22:27:54.088] [info] 5106/11165
[2026-09-11 22:27:54.089] [info] 5107/11165
[2026-09-11 22:27:54.093] [info] 5108/11165
[2026-09-11 22:27:54.093] [info] 5109/11165
[2026-09-11 22:27:54.096] [info] 5110/11165
[2026-09-11 22:27:54.102] [info] 5111/11165
[2026-09-11 22:27:54.102] [info] 5112/11165
[2026-09-11 22:27:54.102] [info] 5113/11165
[2026-09-11 22:27:54.107] [info] 5114/11165
[2026-09-11 22:27:54.115] [info] 5115/11165
[2026-09-11 22:27:54.115] [info] 5116/11165
[2026-09-11 22:27:54.116] [info] 5117/11165
[2026-09-11 22:27:54.120] [info] 5118/11165
[2026-09-11 22:27:54.120] [info] 5119/11165
[2026-09-11 22:27:54.121] [info] 5120/11165
[2026-09-11 22:27:54.121] [info] 5121/11165
[2026-09-11 22:27:54.121] [info] 5122/11165
[2026-09-11 22:27:54.122] [info] 5123/11165
[2026-09-11 22:27:54.122] [info] 5124/11165
[2026-09-11 22:27:54.122] [info] 5125/11165
[2026-09-11 22:27:54.133] [info] 5126/11165
[2026-09-11 22:27:54.147] [info] 5127/11165
[2026-09-11 22:27:54.158] [info] 5128/11165
[2026-09-11 22:27:54.172] [info] 5129/11165
[2026-09-11 22:27:54.181] [info] 5130/11165
[2026-09-11 22:27:54.192] [info] 5131/11165
[2026-09-11 22:27:54.201] [info] 5132/11165
[2026-09-11 22:27:54.209] [info] 5133/11165
[2026-09-11 22:27:54.217] [info] 5134/11165
[2026-09-11 22:27:54.226] [info] 5135/11165
[2026-09-11 22:27:54.234] [info] 5136/11165
[2026-09-11 22:27:54.241] [info] 5137/11165
[2026-09-11 22:27:54.249] [info] 5138/11165
[2026-09-11 22:27:54.255] [info] 5139/11165
[2026-09-11 22:27:54.263] [info] 5140/11165
[2026-09-11 22:27:54.272] [info] 5141/11165
[2026-09-11 22:27:54.279] [info] 5142/11165
[2026-09-11 22:27:54.286] [info] 5143/11165
[2026-09-11 22:27:54.295] [info] 5144/11165
[2026-09-11 22:27:54.307] [info] 5145/11165
[2026-09-11 22:27:54.316] [info] 5146/11165
[2026-09-11 22:27:54.324] [info] 5147/11165
[2026-09-11 22:27:54.332] [info] 5148/11165
[2026-09-11 22:27:54.341] [info] 5149/11165
[2026-09-11 22:27:54.349] [info] 5150/11165
[2026-09-11 22:27:54.356] [info] 5151/11165
[2026-09-11 22:27:54.362] [info] 5152/11165
[2026-09-11 22:27:54.370] [info] 5153/11165
[2026-09-11 22:27:54.377] [info] 5154/11165
[2026-09-11 22:27:54.384] [info] 5155/11165
[2026-09-11 22:27:54.390] [info] 5156/11165
[2026-09-11 22:27:54.396] [info] 5157/11165
[2026-09-11 22:27:54.402] [info] 5158/11165
[2026-09-11 22:27:54.410] [info] 5159/11165
[2026-09-11 22:27:54.417] [info] 5160/11165
[2026-09-11 22:27:54.423] [info] 5161/11165
[2026-09-11 22:27:54.430] [info] 5162/11165
[2026-09-11 22:27:54.440] [info] 5163/11165
[2026-09-11 22:27:54.449] [info] 5164/11165
[2026-09-11 22:27:54.456] [info] 5165/11165
[2026-09-11 22:27:54.462] [info] 5166/11165
[2026-09-11 22:27:54.471] [info] 5167/11165
[2026-09-11 22:27:54.478] [info] 5168/11165
[2026-09-11 22:27:54.484] [info] 5169/11165
[2026-09-11 22:27:54.490] [info] 5170/11165
[2026-09-11 22:27:54.497] [info] 5171/11165
[2026-09-11 22:27:54.503] [info] 5172/11165
[2026-09-11 22:27:54.509] [info] 5173/11165
[2026-09-11 22:27:54.518] [info] 5174/11165
[2026-09-11 22:27:54.525] [info] 5175/11165
[2026-09-11 22:27:54.532] [info] 5176/11165
[2026-09-11 22:27:54.541] [info] 5177/11165
[2026-09-11 22:27:54.548] [info] 5178/11165
[2026-09-11 22:27:54.555] [info] 5179/11165
[2026-09-11 22:27:54.561] [info] 5180/11165
[2026-09-11 22:27:54.569] [info] 5181/11165
[2026-09-11 22:27:54.575] [info] 5182/11165
[2026-09-11 22:27:54.581] [info] 5183/11165
[2026-09-11 22:27:54.588] [info] 5184/11165
[2026-09-11 22:27:54.594] [info] 5185/11165
[2026-09-11 22:27:54.601] [info] 5186/11165
[2026-09-11 22:27:54.610] [info] 5187/11165
[2026-09-11 22:27:54.617] [info] 5188/11165
[2026-09-11 22:27:54.623] [info] 5189/11165
[2026-09-11 22:27:54.632] [info] 5190/11165
[2026-09-11 22:27:54.643] [info] 5191/11165
[2026-09-11 22:27:54.652] [info] 5192/11165
[2026-09-11 22:27:54.659] [info] 5193/11165
[2026-09-11 22:27:54.667] [info] 5194/11165
[2026-09-11 22:27:54.676] [info] 5195/11165
[2026-09-11 22:27:54.684] [info] 5196/11165
[2026-09-11 22:27:54.691] [info] 5197/11165
[2026-09-11 22:27:54.697] [info] 5198/11165
[2026-09-11 22:27:54.705] [info] 5199/11165
[2026-09-11 22:27:54.711] [info] 5200/11165
[2026-09-11 22:27:54.717] [info] 5201/11165
[2026-09-11 22:27:54.726] [info] 5202/11165
[2026-09-11 22:27:54.734] [info] 5203/11165
[2026-09-11 22:27:54.743] [info] 5204/11165
[2026-09-11 22:27:54.753] [info] 5205/11165
[2026-09-11 22:27:54.762] [info] 5206/11165
[2026-09-11 22:27:54.770] [info] 5207/11165
[2026-09-11 22:27:54.781] [info] 5208/11165
[2026-09-11 22:27:54.794] [info] 5209/11165
[2026-09-11 22:27:54.806] [info] 5210/11165
[2026-09-11 22:27:54.816] [info] 5211/11165
[2026-09-11 22:27:54.826] [info] 5212/11165
[2026-09-11 22:27:54.837] [info] 5213/11165
[2026-09-11 22:27:54.846] [info] 5214/11165
[2026-09-11 22:27:54.855] [info] 5215/11165
[2026-09-11 22:27:54.863] [info] 5216/11165
[2026-09-11 22:27:54.872] [info] 5217/11165
[2026-09-11 22:27:54.880] [info] 5218/11165
[2026-09-11 22:27:54.888] [info] 5219/11165
[2026-09-11 22:27:54.896] [info] 5220/11165
[2026-09-11 22:27:54.902] [info] 5221/11165
[2026-09-11 22:27:54.910] [info] 5222/11165
[2026-09-11 22:27:54.919] [info] 5223/11165
[2026-09-11 22:27:54.927] [info] 5224/11165
[2026-09-11 22:27:54.934] [info] 5225/11165
[2026-09-11 22:27:54.944] [info] 5226/11165
[2026-09-11 22:27:54.955] [info] 5227/11165
[2026-09-11 22:27:54.965] [info] 5228/11165
[2026-09-11 22:27:54.974] [info] 5229/11165
[2026-09-11 22:27:54.981] [info] 5230/11165
[2026-09-11 22:27:54.991] [info] 5231/11165
[2026-09-11 22:27:54.999] [info] 5232/11165
[2026-09-11 22:27:55.006] [info] 5233/11165
[2026-09-11 22:27:55.013] [info] 5234/11165
[2026-09-11 22:27:55.022] [info] 5235/11165
[2026-09-11 22:27:55.029] [info] 5236/11165
[2026-09-11 22:27:55.036] [info] 5237/11165
[2026-09-11 22:27:55.042] [info] 5238/11165
[2026-09-11 22:27:55.048] [info] 5239/11165
[2026-09-11 22:27:55.055] [info] 5240/11165
[2026-09-11 22:27:55.063] [info] 5241/11165
[2026-09-11 22:27:55.070] [info] 5242/11165
[2026-09-11 22:27:55.070] [info] 5243/11165
[2026-09-11 22:27:55.078] [info] 5244/11165
[2026-09-11 22:27:55.088] [info] 5245/11165
[2026-09-11 22:27:55.097] [info] 5246/11165
[2026-09-11 22:27:55.097] [info] 5247/11165
[2026-09-11 22:27:55.104] [info] 5248/11165
[2026-09-11 22:27:55.113] [info] 5249/11165
[2026-09-11 22:27:55.120] [info] 5250/11165
[2026-09-11 22:27:55.120] [info] 5251/11165
[2026-09-11 22:27:55.126] [info] 5252/11165
[2026-09-11 22:27:55.134] [info] 5253/11165
[2026-09-11 22:27:55.141] [info] 5254/11165
[2026-09-11 22:27:55.141] [info] 5255/11165
[2026-09-11 22:27:55.153] [info] 5256/11165
[2026-09-11 22:27:55.163] [info] 5257/11165
[2026-09-11 22:27:55.173] [info] 5258/11165
[2026-09-11 22:27:55.184] [info] 5259/11165
[2026-09-11 22:27:55.194] [info] 5260/11165
[2026-09-11 22:27:55.203] [info] 5261/11165
[2026-09-11 22:27:55.212] [info] 5262/11165
[2026-09-11 22:27:55.222] [info] 5263/11165
[2026-09-11 22:27:55.231] [info] 5264/11165
[2026-09-11 22:27:55.239] [info] 5265/11165
[2026-09-11 22:27:55.249] [info] 5266/11165
[2026-09-11 22:27:55.258] [info] 5267/11165
[2026-09-11 22:27:55.267] [info] 5268/11165
[2026-09-11 22:27:55.278] [info] 5269/11165
[2026-09-11 22:27:55.288] [info] 5270/11165
[2026-09-11 22:27:55.297] [info] 5271/11165
[2026-09-11 22:27:55.308] [info] 5272/11165
[2026-09-11 22:27:55.321] [info] 5273/11165
[2026-09-11 22:27:55.333] [info] 5274/11165
[2026-09-11 22:27:55.343] [info] 5275/11165
[2026-09-11 22:27:55.353] [info] 5276/11165
[2026-09-11 22:27:55.365] [info] 5277/11165
[2026-09-11 22:27:55.375] [info] 5278/11165
[2026-09-11 22:27:55.384] [info] 5279/11165
[2026-09-11 22:27:55.393] [info] 5280/11165
[2026-09-11 22:27:55.404] [info] 5281/11165
[2026-09-11 22:27:55.413] [info] 5282/11165
[2026-09-11 22:27:55.422] [info] 5283/11165
[2026-09-11 22:27:55.434] [info] 5284/11165
[2026-09-11 22:27:55.446] [info] 5285/11165
[2026-09-11 22:27:55.458] [info] 5286/11165
[2026-09-11 22:27:55.471] [info] 5287/11165
[2026-09-11 22:27:55.483] [info] 5288/11165
[2026-09-11 22:27:55.495] [info] 5289/11165
[2026-09-11 22:27:55.509] [info] 5290/11165
[2026-09-11 22:27:55.526] [info] 5291/11165
[2026-09-11 22:27:55.541] [info] 5292/11165
[2026-09-11 22:27:55.541] [info] 5293/11165
[2026-09-11 22:27:55.554] [info] 5294/11165
[2026-09-11 22:27:55.568] [info] 5295/11165
[2026-09-11 22:27:55.569] [info] 5296/11165
[2026-09-11 22:27:55.569] [info] 5297/11165
[2026-09-11 22:27:55.580] [info] 5298/11165
[2026-09-11 22:27:55.592] [info] 5299/11165
[2026-09-11 22:27:55.593] [info] 5300/11165
[2026-09-11 22:27:55.593] [info] 5301/11165
[2026-09-11 22:27:55.603] [info] 5302/11165
[2026-09-11 22:27:55.613] [info] 5303/11165
[2026-09-11 22:27:55.623] [info] 5304/11165
[2026-09-11 22:27:55.634] [info] 5305/11165
[2026-09-11 22:27:55.635] [info] 5306/11165
[2026-09-11 22:27:55.635] [info] 5307/11165
[2026-09-11 22:27:55.647] [info] 5308/11165
[2026-09-11 22:27:55.661] [info] 5309/11165
[2026-09-11 22:27:55.662] [info] 5310/11165
[2026-09-11 22:27:55.662] [info] 5311/11165
[2026-09-11 22:27:55.672] [info] 5312/11165
[2026-09-11 22:27:55.684] [info] 5313/11165
[2026-09-11 22:27:55.685] [info] 5314/11165
[2026-09-11 22:27:55.685] [info] 5315/11165
[2026-09-11 22:27:55.695] [info] 5316/11165
[2026-09-11 22:27:55.706] [info] 5317/11165
[2026-09-11 22:27:55.706] [info] 5318/11165
[2026-09-11 22:27:55.706] [info] 5319/11165
[2026-09-11 22:27:55.716] [info] 5320/11165
[2026-09-11 22:27:55.716] [info] 5321/11165
[2026-09-11 22:27:55.725] [info] 5322/11165
[2026-09-11 22:27:55.735] [info] 5323/11165
[2026-09-11 22:27:55.735] [info] 5324/11165
[2026-09-11 22:27:55.736] [info] 5325/11165
[2026-09-11 22:27:55.746] [info] 5326/11165
[2026-09-11 22:27:55.758] [info] 5327/11165
[2026-09-11 22:27:55.759] [info] 5328/11165
[2026-09-11 22:27:55.759] [info] 5329/11165
[2026-09-11 22:27:55.768] [info] 5330/11165
[2026-09-11 22:27:55.779] [info] 5331/11165
[2026-09-11 22:27:55.780] [info] 5332/11165
[2026-09-11 22:27:55.780] [info] 5333/11165
[2026-09-11 22:27:55.788] [info] 5334/11165
[2026-09-11 22:27:55.798] [info] 5335/11165
[2026-09-11 22:27:55.798] [info] 5336/11165
[2026-09-11 22:27:55.799] [info] 5337/11165
[2026-09-11 22:27:55.808] [info] 5338/11165
[2026-09-11 22:27:55.816] [info] 5339/11165
[2026-09-11 22:27:55.824] [info] 5340/11165
[2026-09-11 22:27:55.833] [info] 5341/11165
[2026-09-11 22:27:55.841] [info] 5342/11165
[2026-09-11 22:27:55.848] [info] 5343/11165
[2026-09-11 22:27:55.855] [info] 5344/11165
[2026-09-11 22:27:55.863] [info] 5345/11165
[2026-09-11 22:27:55.870] [info] 5346/11165
[2026-09-11 22:27:55.871] [info] 5347/11165
[2026-09-11 22:27:55.878] [info] 5348/11165
[2026-09-11 22:27:55.885] [info] 5349/11165
[2026-09-11 22:27:55.893] [info] 5350/11165
[2026-09-11 22:27:55.902] [info] 5351/11165
[2026-09-11 22:27:55.910] [info] 5352/11165
[2026-09-11 22:27:55.917] [info] 5353/11165
[2026-09-11 22:27:55.926] [info] 5354/11165
[2026-09-11 22:27:55.938] [info] 5355/11165
[2026-09-11 22:27:55.947] [info] 5356/11165
[2026-09-11 22:27:55.956] [info] 5357/11165
[2026-09-11 22:27:55.964] [info] 5358/11165
[2026-09-11 22:27:55.974] [info] 5359/11165
[2026-09-11 22:27:55.974] [info] 5360/11165
[2026-09-11 22:27:55.975] [info] 5361/11165
[2026-09-11 22:27:55.982] [info] 5362/11165
[2026-09-11 22:27:55.990] [info] 5363/11165
[2026-09-11 22:27:55.991] [info] 5364/11165
[2026-09-11 22:27:55.991] [info] 5365/11165
[2026-09-11 22:27:56.000] [info] 5366/11165
[2026-09-11 22:27:56.009] [info] 5367/11165
[2026-09-11 22:27:56.019] [info] 5368/11165
[2026-09-11 22:27:56.030] [info] 5369/11165
[2026-09-11 22:27:56.040] [info] 5370/11165
[2026-09-11 22:27:56.040] [info] 5371/11165
[2026-09-11 22:27:56.052] [info] 5372/11165
[2026-09-11 22:27:56.066] [info] 5373/11165
[2026-09-11 22:27:56.067] [info] 5374/11165
[2026-09-11 22:27:56.067] [info] 5375/11165
[2026-09-11 22:27:56.077] [info] 5376/11165
[2026-09-11 22:27:56.077] [info] 5377/11165
[2026-09-11 22:27:56.078] [info] 5378/11165
[2026-09-11 22:27:56.078] [info] 5379/11165
[2026-09-11 22:27:56.087] [info] 5380/11165
[2026-09-11 22:27:56.087] [info] 5381/11165
[2026-09-11 22:27:56.088] [info] 5382/11165
[2026-09-11 22:27:56.088] [info] 5383/11165
[2026-09-11 22:27:56.096] [info] 5384/11165
[2026-09-11 22:27:56.097] [info] 5385/11165
[2026-09-11 22:27:56.104] [info] 5386/11165
[2026-09-11 22:27:56.114] [info] 5387/11165
[2026-09-11 22:27:56.114] [info] 5388/11165
[2026-09-11 22:27:56.115] [info] 5389/11165
[2026-09-11 22:27:56.124] [info] 5390/11165
[2026-09-11 22:27:56.136] [info] 5391/11165
[2026-09-11 22:27:56.137] [info] 5392/11165
[2026-09-11 22:27:56.137] [info] 5393/11165
[2026-09-11 22:27:56.146] [info] 5394/11165
[2026-09-11 22:27:56.146] [info] 5395/11165
[2026-09-11 22:27:56.147] [info] 5396/11165
[2026-09-11 22:27:56.147] [info] 5397/11165
[2026-09-11 22:27:56.155] [info] 5398/11165
[2026-09-11 22:27:56.155] [info] 5399/11165
[2026-09-11 22:27:56.156] [info] 5400/11165
[2026-09-11 22:27:56.156] [info] 5401/11165
[2026-09-11 22:27:56.163] [info] 5402/11165
[2026-09-11 22:27:56.164] [info] 5403/11165
[2026-09-11 22:27:56.171] [info] 5404/11165
[2026-09-11 22:27:56.180] [info] 5405/11165
[2026-09-11 22:27:56.180] [info] 5406/11165
[2026-09-11 22:27:56.181] [info] 5407/11165
[2026-09-11 22:27:56.189] [info] 5408/11165
[2026-09-11 22:27:56.200] [info] 5409/11165
[2026-09-11 22:27:56.200] [info] 5410/11165
[2026-09-11 22:27:56.201] [info] 5411/11165
[2026-09-11 22:27:56.208] [info] 5412/11165
[2026-09-11 22:27:56.209] [info] 5413/11165
[2026-09-11 22:27:56.209] [info] 5414/11165
[2026-09-11 22:27:56.209] [info] 5415/11165
[2026-09-11 22:27:56.216] [info] 5416/11165
[2026-09-11 22:27:56.217] [info] 5417/11165
[2026-09-11 22:27:56.217] [info] 5418/11165
[2026-09-11 22:27:56.217] [info] 5419/11165
[2026-09-11 22:27:56.225] [info] 5420/11165
[2026-09-11 22:27:56.232] [info] 5421/11165
[2026-09-11 22:27:56.239] [info] 5422/11165
[2026-09-11 22:27:56.247] [info] 5423/11165
[2026-09-11 22:27:56.254] [info] 5424/11165
[2026-09-11 22:27:56.255] [info] 5425/11165
[2026-09-11 22:27:56.260] [info] 5426/11165
[2026-09-11 22:27:56.267] [info] 5427/11165
[2026-09-11 22:27:56.268] [info] 5428/11165
[2026-09-11 22:27:56.268] [info] 5429/11165
[2026-09-11 22:27:56.274] [info] 5430/11165
[2026-09-11 22:27:56.280] [info] 5431/11165
[2026-09-11 22:27:56.286] [info] 5432/11165
[2026-09-11 22:27:56.294] [info] 5433/11165
[2026-09-11 22:27:56.301] [info] 5434/11165
[2026-09-11 22:27:56.306] [info] 5435/11165
[2026-09-11 22:27:56.314] [info] 5436/11165
[2026-09-11 22:27:56.324] [info] 5437/11165
[2026-09-11 22:27:56.333] [info] 5438/11165
[2026-09-11 22:27:56.333] [info] 5439/11165
[2026-09-11 22:27:56.340] [info] 5440/11165
[2026-09-11 22:27:56.348] [info] 5441/11165
[2026-09-11 22:27:56.349] [info] 5442/11165
[2026-09-11 22:27:56.349] [info] 5443/11165
[2026-09-11 22:27:56.355] [info] 5444/11165
[2026-09-11 22:27:56.355] [info] 5445/11165
[2026-09-11 22:27:56.356] [info] 5446/11165
[2026-09-11 22:27:56.356] [info] 5447/11165
[2026-09-11 22:27:56.364] [info] 5448/11165
[2026-09-11 22:27:56.371] [info] 5449/11165
[2026-09-11 22:27:56.378] [info] 5450/11165
[2026-09-11 22:27:56.388] [info] 5451/11165
[2026-09-11 22:27:56.396] [info] 5452/11165
[2026-09-11 22:27:56.396] [info] 5453/11165
[2026-09-11 22:27:56.407] [info] 5454/11165
[2026-09-11 22:27:56.419] [info] 5455/11165
[2026-09-11 22:27:56.419] [info] 5456/11165
[2026-09-11 22:27:56.420] [info] 5457/11165
[2026-09-11 22:27:56.428] [info] 5458/11165
[2026-09-11 22:27:56.429] [info] 5459/11165
[2026-09-11 22:27:56.429] [info] 5460/11165
[2026-09-11 22:27:56.429] [info] 5461/11165
[2026-09-11 22:27:56.436] [info] 5462/11165
[2026-09-11 22:27:56.437] [info] 5463/11165
[2026-09-11 22:27:56.437] [info] 5464/11165
[2026-09-11 22:27:56.437] [info] 5465/11165
[2026-09-11 22:27:56.444] [info] 5466/11165
[2026-09-11 22:27:56.445] [info] 5467/11165
[2026-09-11 22:27:56.451] [info] 5468/11165
[2026-09-11 22:27:56.460] [info] 5469/11165
[2026-09-11 22:27:56.460] [info] 5470/11165
[2026-09-11 22:27:56.460] [info] 5471/11165
[2026-09-11 22:27:56.469] [info] 5472/11165
[2026-09-11 22:27:56.480] [info] 5473/11165
[2026-09-11 22:27:56.480] [info] 5474/11165
[2026-09-11 22:27:56.480] [info] 5475/11165
[2026-09-11 22:27:56.488] [info] 5476/11165
[2026-09-11 22:27:56.488] [info] 5477/11165
[2026-09-11 22:27:56.488] [info] 5478/11165
[2026-09-11 22:27:56.489] [info] 5479/11165
[2026-09-11 22:27:56.495] [info] 5480/11165
[2026-09-11 22:27:56.495] [info] 5481/11165
[2026-09-11 22:27:56.496] [info] 5482/11165
[2026-09-11 22:27:56.496] [info] 5483/11165
[2026-09-11 22:27:56.502] [info] 5484/11165
[2026-09-11 22:27:56.503] [info] 5485/11165
[2026-09-11 22:27:56.509] [info] 5486/11165
[2026-09-11 22:27:56.516] [info] 5487/11165
[2026-09-11 22:27:56.517] [info] 5488/11165
[2026-09-11 22:27:56.517] [info] 5489/11165
[2026-09-11 22:27:56.524] [info] 5490/11165
[2026-09-11 22:27:56.534] [info] 5491/11165
[2026-09-11 22:27:56.534] [info] 5492/11165
[2026-09-11 22:27:56.535] [info] 5493/11165
[2026-09-11 22:27:56.541] [info] 5494/11165
[2026-09-11 22:27:56.541] [info] 5495/11165
[2026-09-11 22:27:56.542] [info] 5496/11165
[2026-09-11 22:27:56.542] [info] 5497/11165
[2026-09-11 22:27:56.548] [info] 5498/11165
[2026-09-11 22:27:56.548] [info] 5499/11165
[2026-09-11 22:27:56.549] [info] 5500/11165
[2026-09-11 22:27:56.549] [info] 5501/11165
[2026-09-11 22:27:56.556] [info] 5502/11165
[2026-09-11 22:27:56.564] [info] 5503/11165
[2026-09-11 22:27:56.571] [info] 5504/11165
[2026-09-11 22:27:56.577] [info] 5505/11165
[2026-09-11 22:27:56.583] [info] 5506/11165
[2026-09-11 22:27:56.590] [info] 5507/11165
[2026-09-11 22:27:56.595] [info] 5508/11165
[2026-09-11 22:27:56.601] [info] 5509/11165
[2026-09-11 22:27:56.606] [info] 5510/11165
[2026-09-11 22:27:56.610] [info] 5511/11165
[2026-09-11 22:27:56.616] [info] 5512/11165
[2026-09-11 22:27:56.622] [info] 5513/11165
[2026-09-11 22:27:56.628] [info] 5514/11165
[2026-09-11 22:27:56.628] [info] 5515/11165
[2026-09-11 22:27:56.635] [info] 5516/11165
[2026-09-11 22:27:56.645] [info] 5517/11165
[2026-09-11 22:27:56.652] [info] 5518/11165
[2026-09-11 22:27:56.653] [info] 5519/11165
[2026-09-11 22:27:56.658] [info] 5520/11165
[2026-09-11 22:27:56.665] [info] 5521/11165
[2026-09-11 22:27:56.671] [info] 5522/11165
[2026-09-11 22:27:56.671] [info] 5523/11165
[2026-09-11 22:27:56.676] [info] 5524/11165
[2026-09-11 22:27:56.681] [info] 5525/11165
[2026-09-11 22:27:56.686] [info] 5526/11165
[2026-09-11 22:27:56.687] [info] 5527/11165
[2026-09-11 22:27:56.691] [info] 5528/11165
[2026-09-11 22:27:56.695] [info] 5529/11165
[2026-09-11 22:27:56.699] [info] 5530/11165
[2026-09-11 22:27:56.704] [info] 5531/11165
[2026-09-11 22:27:56.705] [info] 5532/11165
[2026-09-11 22:27:56.705] [info] 5533/11165
[2026-09-11 22:27:56.711] [info] 5534/11165
[2026-09-11 22:27:56.719] [info] 5535/11165
[2026-09-11 22:27:56.719] [info] 5536/11165
[2026-09-11 22:27:56.720] [info] 5537/11165
[2026-09-11 22:27:56.724] [info] 5538/11165
[2026-09-11 22:27:56.731] [info] 5539/11165
[2026-09-11 22:27:56.731] [info] 5540/11165
[2026-09-11 22:27:56.731] [info] 5541/11165
[2026-09-11 22:27:56.735] [info] 5542/11165
[2026-09-11 22:27:56.740] [info] 5543/11165
[2026-09-11 22:27:56.741] [info] 5544/11165
[2026-09-11 22:27:56.741] [info] 5545/11165
[2026-09-11 22:27:56.747] [info] 5546/11165
[2026-09-11 22:27:56.752] [info] 5547/11165
[2026-09-11 22:27:56.759] [info] 5548/11165
[2026-09-11 22:27:56.764] [info] 5549/11165
[2026-09-11 22:27:56.769] [info] 5550/11165
[2026-09-11 22:27:56.773] [info] 5551/11165
[2026-09-11 22:27:56.779] [info] 5552/11165
[2026-09-11 22:27:56.784] [info] 5553/11165
[2026-09-11 22:27:56.787] [info] 5554/11165
[2026-09-11 22:27:56.793] [info] 5555/11165
[2026-09-11 22:27:56.797] [info] 5556/11165
[2026-09-11 22:27:56.801] [info] 5557/11165
[2026-09-11 22:27:56.808] [info] 5558/11165
[2026-09-11 22:27:56.813] [info] 5559/11165
[2026-09-11 22:27:56.818] [info] 5560/11165
[2026-09-11 22:27:56.824] [info] 5561/11165
[2026-09-11 22:27:56.833] [info] 5562/11165
[2026-09-11 22:27:56.840] [info] 5563/11165
[2026-09-11 22:27:56.846] [info] 5564/11165
[2026-09-11 22:27:56.851] [info] 5565/11165
[2026-09-11 22:27:56.858] [info] 5566/11165
[2026-09-11 22:27:56.864] [info] 5567/11165
[2026-09-11 22:27:56.869] [info] 5568/11165
[2026-09-11 22:27:56.873] [info] 5569/11165
[2026-09-11 22:27:56.879] [info] 5570/11165
[2026-09-11 22:27:56.884] [info] 5571/11165
[2026-09-11 22:27:56.888] [info] 5572/11165
[2026-09-11 22:27:56.895] [info] 5573/11165
[2026-09-11 22:27:56.901] [info] 5574/11165
[2026-09-11 22:27:56.907] [info] 5575/11165
[2026-09-11 22:27:56.915] [info] 5576/11165
[2026-09-11 22:27:56.922] [info] 5577/11165
[2026-09-11 22:27:56.928] [info] 5578/11165
[2026-09-11 22:27:56.937] [info] 5579/11165
[2026-09-11 22:27:56.949] [info] 5580/11165
[2026-09-11 22:27:56.959] [info] 5581/11165
[2026-09-11 22:27:56.959] [info] 5582/11165
[2026-09-11 22:27:56.966] [info] 5583/11165
[2026-09-11 22:27:56.975] [info] 5584/11165
[2026-09-11 22:27:56.982] [info] 5585/11165
[2026-09-11 22:27:56.982] [info] 5586/11165
[2026-09-11 22:27:56.988] [info] 5587/11165
[2026-09-11 22:27:56.996] [info] 5588/11165
[2026-09-11 22:27:57.002] [info] 5589/11165
[2026-09-11 22:27:57.002] [info] 5590/11165
[2026-09-11 22:27:57.008] [info] 5591/11165
[2026-09-11 22:27:57.008] [info] 5592/11165
[2026-09-11 22:27:57.013] [info] 5593/11165
[2026-09-11 22:27:57.020] [info] 5594/11165
[2026-09-11 22:27:57.021] [info] 5595/11165
[2026-09-11 22:27:57.021] [info] 5596/11165
[2026-09-11 22:27:57.028] [info] 5597/11165
[2026-09-11 22:27:57.038] [info] 5598/11165
[2026-09-11 22:27:57.038] [info] 5599/11165
[2026-09-11 22:27:57.039] [info] 5600/11165
[2026-09-11 22:27:57.044] [info] 5601/11165
[2026-09-11 22:27:57.052] [info] 5602/11165
[2026-09-11 22:27:57.052] [info] 5603/11165
[2026-09-11 22:27:57.053] [info] 5604/11165
[2026-09-11 22:27:57.057] [info] 5605/11165
[2026-09-11 22:27:57.064] [info] 5606/11165
[2026-09-11 22:27:57.064] [info] 5607/11165
[2026-09-11 22:27:57.064] [info] 5608/11165
[2026-09-11 22:27:57.069] [info] 5609/11165
[2026-09-11 22:27:57.069] [info] 5610/11165
[2026-09-11 22:27:57.074] [info] 5611/11165
[2026-09-11 22:27:57.080] [info] 5612/11165
[2026-09-11 22:27:57.080] [info] 5613/11165
[2026-09-11 22:27:57.081] [info] 5614/11165
[2026-09-11 22:27:57.087] [info] 5615/11165
[2026-09-11 22:27:57.095] [info] 5616/11165
[2026-09-11 22:27:57.096] [info] 5617/11165
[2026-09-11 22:27:57.096] [info] 5618/11165
[2026-09-11 22:27:57.101] [info] 5619/11165
[2026-09-11 22:27:57.101] [info] 5620/11165
[2026-09-11 22:27:57.102] [info] 5621/11165
[2026-09-11 22:27:57.102] [info] 5622/11165
[2026-09-11 22:27:57.102] [info] 5623/11165
[2026-09-11 22:27:57.103] [info] 5624/11165
[2026-09-11 22:27:57.103] [info] 5625/11165
[2026-09-11 22:27:57.104] [info] 5626/11165
[2026-09-11 22:27:57.111] [info] 5627/11165
[2026-09-11 22:27:57.118] [info] 5628/11165
[2026-09-11 22:27:57.126] [info] 5629/11165
[2026-09-11 22:27:57.133] [info] 5630/11165
[2026-09-11 22:27:57.140] [info] 5631/11165
[2026-09-11 22:27:57.146] [info] 5632/11165
[2026-09-11 22:27:57.153] [info] 5633/11165
[2026-09-11 22:27:57.160] [info] 5634/11165
[2026-09-11 22:27:57.165] [info] 5635/11165
[2026-09-11 22:27:57.172] [info] 5636/11165
[2026-09-11 22:27:57.178] [info] 5637/11165
[2026-09-11 22:27:57.185] [info] 5638/11165
[2026-09-11 22:27:57.193] [info] 5639/11165
[2026-09-11 22:27:57.200] [info] 5640/11165
[2026-09-11 22:27:57.207] [info] 5641/11165
[2026-09-11 22:27:57.215] [info] 5642/11165
[2026-09-11 22:27:57.226] [info] 5643/11165
[2026-09-11 22:27:57.234] [info] 5644/11165
[2026-09-11 22:27:57.242] [info] 5645/11165
[2026-09-11 22:27:57.249] [info] 5646/11165
[2026-09-11 22:27:57.258] [info] 5647/11165
[2026-09-11 22:27:57.266] [info] 5648/11165
[2026-09-11 22:27:57.266] [info] 5649/11165
[2026-09-11 22:27:57.272] [info] 5650/11165
[2026-09-11 22:27:57.280] [info] 5651/11165
[2026-09-11 22:27:57.281] [info] 5652/11165
[2026-09-11 22:27:57.281] [info] 5653/11165
[2026-09-11 22:27:57.290] [info] 5654/11165
[2026-09-11 22:27:57.299] [info] 5655/11165
[2026-09-11 22:27:57.308] [info] 5656/11165
[2026-09-11 22:27:57.319] [info] 5657/11165
[2026-09-11 22:27:57.320] [info] 5658/11165
[2026-09-11 22:27:57.320] [info] 5659/11165
[2026-09-11 22:27:57.332] [info] 5660/11165
[2026-09-11 22:27:57.346] [info] 5661/11165
[2026-09-11 22:27:57.347] [info] 5662/11165
[2026-09-11 22:27:57.347] [info] 5663/11165
[2026-09-11 22:27:57.347] [info] 5664/11165
[2026-09-11 22:27:57.348] [info] 5665/11165
[2026-09-11 22:27:57.348] [info] 5666/11165
[2026-09-11 22:27:57.349] [info] 5667/11165
[2026-09-11 22:27:57.349] [info] 5668/11165
[2026-09-11 22:27:57.349] [info] 5669/11165
[2026-09-11 22:27:57.350] [info] 5670/11165
[2026-09-11 22:27:57.350] [info] 5671/11165
[2026-09-11 22:27:57.358] [info] 5672/11165
[2026-09-11 22:27:57.358] [info] 5673/11165
[2026-09-11 22:27:57.365] [info] 5674/11165
[2026-09-11 22:27:57.374] [info] 5675/11165
[2026-09-11 22:27:57.375] [info] 5676/11165
[2026-09-11 22:27:57.375] [info] 5677/11165
[2026-09-11 22:27:57.384] [info] 5678/11165
[2026-09-11 22:27:57.385] [info] 5679/11165
[2026-09-11 22:27:57.385] [info] 5680/11165
[2026-09-11 22:27:57.385] [info] 5681/11165
[2026-09-11 22:27:57.386] [info] 5682/11165
[2026-09-11 22:27:57.386] [info] 5683/11165
[2026-09-11 22:27:57.387] [info] 5684/11165
[2026-09-11 22:27:57.387] [info] 5685/11165
[2026-09-11 22:27:57.387] [info] 5686/11165
[2026-09-11 22:27:57.388] [info] 5687/11165
[2026-09-11 22:27:57.388] [info] 5688/11165
[2026-09-11 22:27:57.388] [info] 5689/11165
[2026-09-11 22:27:57.389] [info] 5690/11165
[2026-09-11 22:27:57.389] [info] 5691/11165
[2026-09-11 22:27:57.395] [info] 5692/11165
[2026-09-11 22:27:57.396] [info] 5693/11165
[2026-09-11 22:27:57.396] [info] 5694/11165
[2026-09-11 22:27:57.396] [info] 5695/11165
[2026-09-11 22:27:57.404] [info] 5696/11165
[2026-09-11 22:27:57.404] [info] 5697/11165
[2026-09-11 22:27:57.405] [info] 5698/11165
[2026-09-11 22:27:57.405] [info] 5699/11165
[2026-09-11 22:27:57.405] [info] 5700/11165
[2026-09-11 22:27:57.406] [info] 5701/11165
[2026-09-11 22:27:57.406] [info] 5702/11165
[2026-09-11 22:27:57.407] [info] 5703/11165
[2026-09-11 22:27:57.407] [info] 5704/11165
[2026-09-11 22:27:57.407] [info] 5705/11165
[2026-09-11 22:27:57.408] [info] 5706/11165
[2026-09-11 22:27:57.408] [info] 5707/11165
[2026-09-11 22:27:57.414] [info] 5708/11165
[2026-09-11 22:27:57.419] [info] 5709/11165
[2026-09-11 22:27:57.426] [info] 5710/11165
[2026-09-11 22:27:57.432] [info] 5711/11165
[2026-09-11 22:27:57.432] [info] 5712/11165
[2026-09-11 22:27:57.437] [info] 5713/11165
[2026-09-11 22:27:57.443] [info] 5714/11165
[2026-09-11 22:27:57.443] [info] 5715/11165
[2026-09-11 22:27:57.443] [info] 5716/11165
[2026-09-11 22:27:57.449] [info] 5717/11165
[2026-09-11 22:27:57.453] [info] 5718/11165
[2026-09-11 22:27:57.458] [info] 5719/11165
[2026-09-11 22:27:57.465] [info] 5720/11165
[2026-09-11 22:27:57.471] [info] 5721/11165
[2026-09-11 22:27:57.476] [info] 5722/11165
[2026-09-11 22:27:57.482] [info] 5723/11165
[2026-09-11 22:27:57.492] [info] 5724/11165
[2026-09-11 22:27:57.499] [info] 5725/11165
[2026-09-11 22:27:57.500] [info] 5726/11165
[2026-09-11 22:27:57.505] [info] 5727/11165
[2026-09-11 22:27:57.513] [info] 5728/11165
[2026-09-11 22:27:57.513] [info] 5729/11165
[2026-09-11 22:27:57.513] [info] 5730/11165
[2026-09-11 22:27:57.514] [info] 5731/11165
[2026-09-11 22:27:57.514] [info] 5732/11165
[2026-09-11 22:27:57.515] [info] 5733/11165
[2026-09-11 22:27:57.515] [info] 5734/11165
[2026-09-11 22:27:57.522] [info] 5735/11165
[2026-09-11 22:27:57.528] [info] 5736/11165
[2026-09-11 22:27:57.535] [info] 5737/11165
[2026-09-11 22:27:57.544] [info] 5738/11165
[2026-09-11 22:27:57.544] [info] 5739/11165
[2026-09-11 22:27:57.545] [info] 5740/11165
[2026-09-11 22:27:57.554] [info] 5741/11165
[2026-09-11 22:27:57.567] [info] 5742/11165
[2026-09-11 22:27:57.567] [info] 5743/11165
[2026-09-11 22:27:57.567] [info] 5744/11165
[2026-09-11 22:27:57.568] [info] 5745/11165
[2026-09-11 22:27:57.568] [info] 5746/11165
[2026-09-11 22:27:57.568] [info] 5747/11165
[2026-09-11 22:27:57.569] [info] 5748/11165
[2026-09-11 22:27:57.569] [info] 5749/11165
[2026-09-11 22:27:57.570] [info] 5750/11165
[2026-09-11 22:27:57.570] [info] 5751/11165
[2026-09-11 22:27:57.570] [info] 5752/11165
[2026-09-11 22:27:57.576] [info] 5753/11165
[2026-09-11 22:27:57.576] [info] 5754/11165
[2026-09-11 22:27:57.582] [info] 5755/11165
[2026-09-11 22:27:57.589] [info] 5756/11165
[2026-09-11 22:27:57.589] [info] 5757/11165
[2026-09-11 22:27:57.590] [info] 5758/11165
[2026-09-11 22:27:57.597] [info] 5759/11165
[2026-09-11 22:27:57.597] [info] 5760/11165
[2026-09-11 22:27:57.598] [info] 5761/11165
[2026-09-11 22:27:57.598] [info] 5762/11165
[2026-09-11 22:27:57.599] [info] 5763/11165
[2026-09-11 22:27:57.599] [info] 5764/11165
[2026-09-11 22:27:57.599] [info] 5765/11165
[2026-09-11 22:27:57.600] [info] 5766/11165
[2026-09-11 22:27:57.600] [info] 5767/11165
[2026-09-11 22:27:57.600] [info] 5768/11165
[2026-09-11 22:27:57.601] [info] 5769/11165
[2026-09-11 22:27:57.601] [info] 5770/11165
[2026-09-11 22:27:57.601] [info] 5771/11165
[2026-09-11 22:27:57.602] [info] 5772/11165
[2026-09-11 22:27:57.606] [info] 5773/11165
[2026-09-11 22:27:57.607] [info] 5774/11165
[2026-09-11 22:27:57.607] [info] 5775/11165
[2026-09-11 22:27:57.608] [info] 5776/11165
[2026-09-11 22:27:57.614] [info] 5777/11165
[2026-09-11 22:27:57.614] [info] 5778/11165
[2026-09-11 22:27:57.614] [info] 5779/11165
[2026-09-11 22:27:57.615] [info] 5780/11165
[2026-09-11 22:27:57.615] [info] 5781/11165
[2026-09-11 22:27:57.616] [info] 5782/11165
[2026-09-11 22:27:57.616] [info] 5783/11165
[2026-09-11 22:27:57.616] [info] 5784/11165
[2026-09-11 22:27:57.617] [info] 5785/11165
[2026-09-11 22:27:57.617] [info] 5786/11165
[2026-09-11 22:27:57.617] [info] 5787/11165
[2026-09-11 22:27:57.618] [info] 5788/11165
[2026-09-11 22:27:57.623] [info] 5789/11165
[2026-09-11 22:27:57.628] [info] 5790/11165
[2026-09-11 22:27:57.634] [info] 5791/11165
[2026-09-11 22:27:57.634] [info] 5792/11165
[2026-09-11 22:27:57.635] [info] 5793/11165
[2026-09-11 22:27:57.638] [info] 5794/11165
[2026-09-11 22:27:57.644] [info] 5795/11165
[2026-09-11 22:27:57.644] [info] 5796/11165
[2026-09-11 22:27:57.644] [info] 5797/11165
[2026-09-11 22:27:57.649] [info] 5798/11165
[2026-09-11 22:27:57.653] [info] 5799/11165
[2026-09-11 22:27:57.657] [info] 5800/11165
[2026-09-11 22:27:57.663] [info] 5801/11165
[2026-09-11 22:27:57.668] [info] 5802/11165
[2026-09-11 22:27:57.668] [info] 5803/11165
[2026-09-11 22:27:57.674] [info] 5804/11165
[2026-09-11 22:27:57.683] [info] 5805/11165
[2026-09-11 22:27:57.683] [info] 5806/11165
[2026-09-11 22:27:57.684] [info] 5807/11165
[2026-09-11 22:27:57.684] [info] 5808/11165
[2026-09-11 22:27:57.684] [info] 5809/11165
[2026-09-11 22:27:57.685] [info] 5810/11165
[2026-09-11 22:27:57.685] [info] 5811/11165
[2026-09-11 22:27:57.686] [info] 5812/11165
[2026-09-11 22:27:57.686] [info] 5813/11165
[2026-09-11 22:27:57.686] [info] 5814/11165
[2026-09-11 22:27:57.687] [info] 5815/11165
[2026-09-11 22:27:57.693] [info] 5816/11165
[2026-09-11 22:27:57.698] [info] 5817/11165
[2026-09-11 22:27:57.704] [info] 5818/11165
[2026-09-11 22:27:57.711] [info] 5819/11165
[2026-09-11 22:27:57.712] [info] 5820/11165
[2026-09-11 22:27:57.712] [info] 5821/11165
[2026-09-11 22:27:57.720] [info] 5822/11165
[2026-09-11 22:27:57.731] [info] 5823/11165
[2026-09-11 22:27:57.732] [info] 5824/11165
[2026-09-11 22:27:57.732] [info] 5825/11165
[2026-09-11 22:27:57.732] [info] 5826/11165
[2026-09-11 22:27:57.733] [info] 5827/11165
[2026-09-11 22:27:57.733] [info] 5828/11165
[2026-09-11 22:27:57.734] [info] 5829/11165
[2026-09-11 22:27:57.734] [info] 5830/11165
[2026-09-11 22:27:57.734] [info] 5831/11165
[2026-09-11 22:27:57.735] [info] 5832/11165
[2026-09-11 22:27:57.735] [info] 5833/11165
[2026-09-11 22:27:57.740] [info] 5834/11165
[2026-09-11 22:27:57.740] [info] 5835/11165
[2026-09-11 22:27:57.745] [info] 5836/11165
[2026-09-11 22:27:57.752] [info] 5837/11165
[2026-09-11 22:27:57.752] [info] 5838/11165
[2026-09-11 22:27:57.752] [info] 5839/11165
[2026-09-11 22:27:57.759] [info] 5840/11165
[2026-09-11 22:27:57.759] [info] 5841/11165
[2026-09-11 22:27:57.760] [info] 5842/11165
[2026-09-11 22:27:57.760] [info] 5843/11165
[2026-09-11 22:27:57.760] [info] 5844/11165
[2026-09-11 22:27:57.761] [info] 5845/11165
[2026-09-11 22:27:57.761] [info] 5846/11165
[2026-09-11 22:27:57.761] [info] 5847/11165
[2026-09-11 22:27:57.762] [info] 5848/11165
[2026-09-11 22:27:57.762] [info] 5849/11165
[2026-09-11 22:27:57.763] [info] 5850/11165
[2026-09-11 22:27:57.763] [info] 5851/11165
[2026-09-11 22:27:57.763] [info] 5852/11165
[2026-09-11 22:27:57.764] [info] 5853/11165
[2026-09-11 22:27:57.768] [info] 5854/11165
[2026-09-11 22:27:57.768] [info] 5855/11165
[2026-09-11 22:27:57.768] [info] 5856/11165
[2026-09-11 22:27:57.769] [info] 5857/11165
[2026-09-11 22:27:57.774] [info] 5858/11165
[2026-09-11 22:27:57.775] [info] 5859/11165
[2026-09-11 22:27:57.775] [info] 5860/11165
[2026-09-11 22:27:57.775] [info] 5861/11165
[2026-09-11 22:27:57.776] [info] 5862/11165
[2026-09-11 22:27:57.776] [info] 5863/11165
[2026-09-11 22:27:57.777] [info] 5864/11165
[2026-09-11 22:27:57.777] [info] 5865/11165
[2026-09-11 22:27:57.777] [info] 5866/11165
[2026-09-11 22:27:57.778] [info] 5867/11165
[2026-09-11 22:27:57.778] [info] 5868/11165
[2026-09-11 22:27:57.778] [info] 5869/11165
[2026-09-11 22:27:57.783] [info] 5870/11165
[2026-09-11 22:27:57.788] [info] 5871/11165
[2026-09-11 22:27:57.793] [info] 5872/11165
[2026-09-11 22:27:57.797] [info] 5873/11165
[2026-09-11 22:27:57.801] [info] 5874/11165
[2026-09-11 22:27:57.804] [info] 5875/11165
[2026-09-11 22:27:57.808] [info] 5876/11165
[2026-09-11 22:27:57.814] [info] 5877/11165
[2026-09-11 22:27:57.814] [info] 5878/11165
[2026-09-11 22:27:57.815] [info] 5879/11165
[2026-09-11 22:27:57.820] [info] 5880/11165
[2026-09-11 22:27:57.829] [info] 5881/11165
[2026-09-11 22:27:57.829] [info] 5882/11165
[2026-09-11 22:27:57.829] [info] 5883/11165
[2026-09-11 22:27:57.834] [info] 5884/11165
[2026-09-11 22:27:57.840] [info] 5885/11165
[2026-09-11 22:27:57.840] [info] 5886/11165
[2026-09-11 22:27:57.841] [info] 5887/11165
[2026-09-11 22:27:57.844] [info] 5888/11165
[2026-09-11 22:27:57.849] [info] 5889/11165
[2026-09-11 22:27:57.849] [info] 5890/11165
[2026-09-11 22:27:57.849] [info] 5891/11165
[2026-09-11 22:27:57.853] [info] 5892/11165
[2026-09-11 22:27:57.853] [info] 5893/11165
[2026-09-11 22:27:57.856] [info] 5894/11165
[2026-09-11 22:27:57.861] [info] 5895/11165
[2026-09-11 22:27:57.861] [info] 5896/11165
[2026-09-11 22:27:57.861] [info] 5897/11165
[2026-09-11 22:27:57.866] [info] 5898/11165
[2026-09-11 22:27:57.873] [info] 5899/11165
[2026-09-11 22:27:57.873] [info] 5900/11165
[2026-09-11 22:27:57.873] [info] 5901/11165
[2026-09-11 22:27:57.877] [info] 5902/11165
[2026-09-11 22:27:57.882] [info] 5903/11165
[2026-09-11 22:27:57.882] [info] 5904/11165
[2026-09-11 22:27:57.883] [info] 5905/11165
[2026-09-11 22:27:57.885] [info] 5906/11165
[2026-09-11 22:27:57.889] [info] 5907/11165
[2026-09-11 22:27:57.890] [info] 5908/11165
[2026-09-11 22:27:57.890] [info] 5909/11165
[2026-09-11 22:27:57.894] [info] 5910/11165
[2026-09-11 22:27:57.900] [info] 5911/11165
[2026-09-11 22:27:57.904] [info] 5912/11165
[2026-09-11 22:27:57.907] [info] 5913/11165
[2026-09-11 22:27:57.910] [info] 5914/11165
[2026-09-11 22:27:57.914] [info] 5915/11165
[2026-09-11 22:27:57.917] [info] 5916/11165
[2026-09-11 22:27:57.920] [info] 5917/11165
[2026-09-11 22:27:57.924] [info] 5918/11165
[2026-09-11 22:27:57.927] [info] 5919/11165
[2026-09-11 22:27:57.930] [info] 5920/11165
[2026-09-11 22:27:57.935] [info] 5921/11165
[2026-09-11 22:27:57.939] [info] 5922/11165
[2026-09-11 22:27:57.942] [info] 5923/11165
[2026-09-11 22:27:57.947] [info] 5924/11165
[2026-09-11 22:27:57.955] [info] 5925/11165
[2026-09-11 22:27:57.961] [info] 5926/11165
[2026-09-11 22:27:57.965] [info] 5927/11165
[2026-09-11 22:27:57.970] [info] 5928/11165
[2026-09-11 22:27:57.975] [info] 5929/11165
[2026-09-11 22:27:57.980] [info] 5930/11165
[2026-09-11 22:27:57.983] [info] 5931/11165
[2026-09-11 22:27:57.986] [info] 5932/11165
[2026-09-11 22:27:57.991] [info] 5933/11165
[2026-09-11 22:27:57.994] [info] 5934/11165
[2026-09-11 22:27:57.995] [info] 5935/11165
[2026-09-11 22:27:58.000] [info] 5936/11165
[2026-09-11 22:27:58.005] [info] 5937/11165
[2026-09-11 22:27:58.010] [info] 5938/11165
[2026-09-11 22:27:58.017] [info] 5939/11165
[2026-09-11 22:27:58.023] [info] 5940/11165
[2026-09-11 22:27:58.023] [info] 5941/11165
[2026-09-11 22:27:58.031] [info] 5942/11165
[2026-09-11 22:27:58.041] [info] 5943/11165
[2026-09-11 22:27:58.041] [info] 5944/11165
[2026-09-11 22:27:58.042] [info] 5945/11165
[2026-09-11 22:27:58.048] [info] 5946/11165
[2026-09-11 22:27:58.055] [info] 5947/11165
[2026-09-11 22:27:58.056] [info] 5948/11165
[2026-09-11 22:27:58.056] [info] 5949/11165
[2026-09-11 22:27:58.061] [info] 5950/11165
[2026-09-11 22:27:58.066] [info] 5951/11165
[2026-09-11 22:27:58.067] [info] 5952/11165
[2026-09-11 22:27:58.067] [info] 5953/11165
[2026-09-11 22:27:58.071] [info] 5954/11165
[2026-09-11 22:27:58.072] [info] 5955/11165
[2026-09-11 22:27:58.076] [info] 5956/11165
[2026-09-11 22:27:58.082] [info] 5957/11165
[2026-09-11 22:27:58.082] [info] 5958/11165
[2026-09-11 22:27:58.083] [info] 5959/11165
[2026-09-11 22:27:58.088] [info] 5960/11165
[2026-09-11 22:27:58.097] [info] 5961/11165
[2026-09-11 22:27:58.097] [info] 5962/11165
[2026-09-11 22:27:58.098] [info] 5963/11165
[2026-09-11 22:27:58.102] [info] 5964/11165
[2026-09-11 22:27:58.103] [info] 5965/11165
[2026-09-11 22:27:58.103] [info] 5966/11165
[2026-09-11 22:27:58.103] [info] 5967/11165
[2026-09-11 22:27:58.104] [info] 5968/11165
[2026-09-11 22:27:58.104] [info] 5969/11165
[2026-09-11 22:27:58.104] [info] 5970/11165
[2026-09-11 22:27:58.105] [info] 5971/11165
[2026-09-11 22:27:58.105] [info] 5972/11165
[2026-09-11 22:27:58.105] [info] 5973/11165
[2026-09-11 22:27:58.108] [info] 5974/11165
[2026-09-11 22:27:58.109] [info] 5975/11165
[2026-09-11 22:27:58.109] [info] 5976/11165
[2026-09-11 22:27:58.110] [info] 5977/11165
[2026-09-11 22:27:58.114] [info] 5978/11165
[2026-09-11 22:27:58.115] [info] 5979/11165
[2026-09-11 22:27:58.115] [info] 5980/11165
[2026-09-11 22:27:58.115] [info] 5981/11165
[2026-09-11 22:27:58.116] [info] 5982/11165
[2026-09-11 22:27:58.116] [info] 5983/11165
[2026-09-11 22:27:58.117] [info] 5984/11165
[2026-09-11 22:27:58.117] [info] 5985/11165
[2026-09-11 22:27:58.117] [info] 5986/11165
[2026-09-11 22:27:58.118] [info] 5987/11165
[2026-09-11 22:27:58.118] [info] 5988/11165
[2026-09-11 22:27:58.118] [info] 5989/11165
[2026-09-11 22:27:58.124] [info] 5990/11165
[2026-09-11 22:27:58.131] [info] 5991/11165
[2026-09-11 22:27:58.136] [info] 5992/11165
[2026-09-11 22:27:58.141] [info] 5993/11165
[2026-09-11 22:27:58.145] [info] 5994/11165
[2026-09-11 22:27:58.151] [info] 5995/11165
[2026-09-11 22:27:58.156] [info] 5996/11165
[2026-09-11 22:27:58.160] [info] 5997/11165
[2026-09-11 22:27:58.165] [info] 5998/11165
[2026-09-11 22:27:58.170] [info] 5999/11165
[2026-09-11 22:27:58.175] [info] 6000/11165
[2026-09-11 22:27:58.181] [info] 6001/11165
[2026-09-11 22:27:58.187] [info] 6002/11165
[2026-09-11 22:27:58.192] [info] 6003/11165
[2026-09-11 22:27:58.198] [info] 6004/11165
[2026-09-11 22:27:58.207] [info] 6005/11165
[2026-09-11 22:27:58.215] [info] 6006/11165
[2026-09-11 22:27:58.221] [info] 6007/11165
[2026-09-11 22:27:58.226] [info] 6008/11165
[2026-09-11 22:27:58.234] [info] 6009/11165
[2026-09-11 22:27:58.240] [info] 6010/11165
[2026-09-11 22:27:58.240] [info] 6011/11165
[2026-09-11 22:27:58.244] [info] 6012/11165
[2026-09-11 22:27:58.250] [info] 6013/11165
[2026-09-11 22:27:58.251] [info] 6014/11165
[2026-09-11 22:27:58.251] [info] 6015/11165
[2026-09-11 22:27:58.259] [info] 6016/11165
[2026-09-11 22:27:58.266] [info] 6017/11165
[2026-09-11 22:27:58.273] [info] 6018/11165
[2026-09-11 22:27:58.283] [info] 6019/11165
[2026-09-11 22:27:58.283] [info] 6020/11165
[2026-09-11 22:27:58.283] [info] 6021/11165
[2026-09-11 22:27:58.293] [info] 6022/11165
[2026-09-11 22:27:58.306] [info] 6023/11165
[2026-09-11 22:27:58.306] [info] 6024/11165
[2026-09-11 22:27:58.307] [info] 6025/11165
[2026-09-11 22:27:58.307] [info] 6026/11165
[2026-09-11 22:27:58.307] [info] 6027/11165
[2026-09-11 22:27:58.308] [info] 6028/11165
[2026-09-11 22:27:58.308] [info] 6029/11165
[2026-09-11 22:27:58.309] [info] 6030/11165
[2026-09-11 22:27:58.309] [info] 6031/11165
[2026-09-11 22:27:58.309] [info] 6032/11165
[2026-09-11 22:27:58.310] [info] 6033/11165
[2026-09-11 22:27:58.316] [info] 6034/11165
[2026-09-11 22:27:58.316] [info] 6035/11165
[2026-09-11 22:27:58.322] [info] 6036/11165
[2026-09-11 22:27:58.329] [info] 6037/11165
[2026-09-11 22:27:58.329] [info] 6038/11165
[2026-09-11 22:27:58.330] [info] 6039/11165
[2026-09-11 22:27:58.337] [info] 6040/11165
[2026-09-11 22:27:58.338] [info] 6041/11165
[2026-09-11 22:27:58.338] [info] 6042/11165
[2026-09-11 22:27:58.338] [info] 6043/11165
[2026-09-11 22:27:58.339] [info] 6044/11165
[2026-09-11 22:27:58.339] [info] 6045/11165
[2026-09-11 22:27:58.339] [info] 6046/11165
[2026-09-11 22:27:58.340] [info] 6047/11165
[2026-09-11 22:27:58.340] [info] 6048/11165
[2026-09-11 22:27:58.341] [info] 6049/11165
[2026-09-11 22:27:58.341] [info] 6050/11165
[2026-09-11 22:27:58.341] [info] 6051/11165
[2026-09-11 22:27:58.342] [info] 6052/11165
[2026-09-11 22:27:58.342] [info] 6053/11165
[2026-09-11 22:27:58.346] [info] 6054/11165
[2026-09-11 22:27:58.347] [info] 6055/11165
[2026-09-11 22:27:58.347] [info] 6056/11165
[2026-09-11 22:27:58.347] [info] 6057/11165
[2026-09-11 22:27:58.353] [info] 6058/11165
[2026-09-11 22:27:58.354] [info] 6059/11165
[2026-09-11 22:27:58.354] [info] 6060/11165
[2026-09-11 22:27:58.354] [info] 6061/11165
[2026-09-11 22:27:58.355] [info] 6062/11165
[2026-09-11 22:27:58.355] [info] 6063/11165
[2026-09-11 22:27:58.355] [info] 6064/11165
[2026-09-11 22:27:58.356] [info] 6065/11165
[2026-09-11 22:27:58.356] [info] 6066/11165
[2026-09-11 22:27:58.357] [info] 6067/11165
[2026-09-11 22:27:58.357] [info] 6068/11165
[2026-09-11 22:27:58.357] [info] 6069/11165
[2026-09-11 22:27:58.361] [info] 6070/11165
[2026-09-11 22:27:58.367] [info] 6071/11165
[2026-09-11 22:27:58.372] [info] 6072/11165
[2026-09-11 22:27:58.372] [info] 6073/11165
[2026-09-11 22:27:58.375] [info] 6074/11165
[2026-09-11 22:27:58.380] [info] 6075/11165
[2026-09-11 22:27:58.380] [info] 6076/11165
[2026-09-11 22:27:58.381] [info] 6077/11165
[2026-09-11 22:27:58.385] [info] 6078/11165
[2026-09-11 22:27:58.388] [info] 6079/11165
[2026-09-11 22:27:58.392] [info] 6080/11165
[2026-09-11 22:27:58.399] [info] 6081/11165
[2026-09-11 22:27:58.404] [info] 6082/11165
[2026-09-11 22:27:58.407] [info] 6083/11165
[2026-09-11 22:27:58.413] [info] 6084/11165
[2026-09-11 22:27:58.422] [info] 6085/11165
[2026-09-11 22:27:58.428] [info] 6086/11165
[2026-09-11 22:27:58.428] [info] 6087/11165
[2026-09-11 22:27:58.433] [info] 6088/11165
[2026-09-11 22:27:58.439] [info] 6089/11165
[2026-09-11 22:27:58.440] [info] 6090/11165
[2026-09-11 22:27:58.440] [info] 6091/11165
[2026-09-11 22:27:58.440] [info] 6092/11165
[2026-09-11 22:27:58.441] [info] 6093/11165
[2026-09-11 22:27:58.441] [info] 6094/11165
[2026-09-11 22:27:58.442] [info] 6095/11165
[2026-09-11 22:27:58.448] [info] 6096/11165
[2026-09-11 22:27:58.453] [info] 6097/11165
[2026-09-11 22:27:58.459] [info] 6098/11165
[2026-09-11 22:27:58.467] [info] 6099/11165
[2026-09-11 22:27:58.467] [info] 6100/11165
[2026-09-11 22:27:58.467] [info] 6101/11165
[2026-09-11 22:27:58.476] [info] 6102/11165
[2026-09-11 22:27:58.487] [info] 6103/11165
[2026-09-11 22:27:58.487] [info] 6104/11165
[2026-09-11 22:27:58.488] [info] 6105/11165
[2026-09-11 22:27:58.488] [info] 6106/11165
[2026-09-11 22:27:58.488] [info] 6107/11165
[2026-09-11 22:27:58.489] [info] 6108/11165
[2026-09-11 22:27:58.489] [info] 6109/11165
[2026-09-11 22:27:58.489] [info] 6110/11165
[2026-09-11 22:27:58.490] [info] 6111/11165
[2026-09-11 22:27:58.490] [info] 6112/11165
[2026-09-11 22:27:58.491] [info] 6113/11165
[2026-09-11 22:27:58.495] [info] 6114/11165
[2026-09-11 22:27:58.495] [info] 6115/11165
[2026-09-11 22:27:58.500] [info] 6116/11165
[2026-09-11 22:27:58.506] [info] 6117/11165
[2026-09-11 22:27:58.506] [info] 6118/11165
[2026-09-11 22:27:58.507] [info] 6119/11165
[2026-09-11 22:27:58.513] [info] 6120/11165
[2026-09-11 22:27:58.513] [info] 6121/11165
[2026-09-11 22:27:58.513] [info] 6122/11165
[2026-09-11 22:27:58.514] [info] 6123/11165
[2026-09-11 22:27:58.514] [info] 6124/11165
[2026-09-11 22:27:58.514] [info] 6125/11165
[2026-09-11 22:27:58.515] [info] 6126/11165
[2026-09-11 22:27:58.515] [info] 6127/11165
[2026-09-11 22:27:58.516] [info] 6128/11165
[2026-09-11 22:27:58.516] [info] 6129/11165
[2026-09-11 22:27:58.516] [info] 6130/11165
[2026-09-11 22:27:58.517] [info] 6131/11165
[2026-09-11 22:27:58.517] [info] 6132/11165
[2026-09-11 22:27:58.517] [info] 6133/11165
[2026-09-11 22:27:58.521] [info] 6134/11165
[2026-09-11 22:27:58.521] [info] 6135/11165
[2026-09-11 22:27:58.522] [info] 6136/11165
[2026-09-11 22:27:58.522] [info] 6137/11165
[2026-09-11 22:27:58.527] [info] 6138/11165
[2026-09-11 22:27:58.527] [info] 6139/11165
[2026-09-11 22:27:58.528] [info] 6140/11165
[2026-09-11 22:27:58.528] [info] 6141/11165
[2026-09-11 22:27:58.528] [info] 6142/11165
[2026-09-11 22:27:58.529] [info] 6143/11165
[2026-09-11 22:27:58.529] [info] 6144/11165
[2026-09-11 22:27:58.529] [info] 6145/11165
[2026-09-11 22:27:58.530] [info] 6146/11165
[2026-09-11 22:27:58.530] [info] 6147/11165
[2026-09-11 22:27:58.531] [info] 6148/11165
[2026-09-11 22:27:58.531] [info] 6149/11165
[2026-09-11 22:27:58.535] [info] 6150/11165
[2026-09-11 22:27:58.540] [info] 6151/11165
[2026-09-11 22:27:58.540] [info] 6152/11165
[2026-09-11 22:27:58.541] [info] 6153/11165
[2026-09-11 22:27:58.543] [info] 6154/11165
[2026-09-11 22:27:58.547] [info] 6155/11165
[2026-09-11 22:27:58.548] [info] 6156/11165
[2026-09-11 22:27:58.548] [info] 6157/11165
[2026-09-11 22:27:58.551] [info] 6158/11165
[2026-09-11 22:27:58.554] [info] 6159/11165
[2026-09-11 22:27:58.557] [info] 6160/11165
[2026-09-11 22:27:58.562] [info] 6161/11165
[2026-09-11 22:27:58.566] [info] 6162/11165
[2026-09-11 22:27:58.566] [info] 6163/11165
[2026-09-11 22:27:58.571] [info] 6164/11165
[2026-09-11 22:27:58.579] [info] 6165/11165
[2026-09-11 22:27:58.579] [info] 6166/11165
[2026-09-11 22:27:58.579] [info] 6167/11165
[2026-09-11 22:27:58.580] [info] 6168/11165
[2026-09-11 22:27:58.580] [info] 6169/11165
[2026-09-11 22:27:58.580] [info] 6170/11165
[2026-09-11 22:27:58.581] [info] 6171/11165
[2026-09-11 22:27:58.581] [info] 6172/11165
[2026-09-11 22:27:58.582] [info] 6173/11165
[2026-09-11 22:27:58.582] [info] 6174/11165
[2026-09-11 22:27:58.582] [info] 6175/11165
[2026-09-11 22:27:58.587] [info] 6176/11165
[2026-09-11 22:27:58.591] [info] 6177/11165
[2026-09-11 22:27:58.596] [info] 6178/11165
[2026-09-11 22:27:58.602] [info] 6179/11165
[2026-09-11 22:27:58.602] [info] 6180/11165
[2026-09-11 22:27:58.603] [info] 6181/11165
[2026-09-11 22:27:58.610] [info] 6182/11165
[2026-09-11 22:27:58.620] [info] 6183/11165
[2026-09-11 22:27:58.620] [info] 6184/11165
[2026-09-11 22:27:58.621] [info] 6185/11165
[2026-09-11 22:27:58.621] [info] 6186/11165
[2026-09-11 22:27:58.621] [info] 6187/11165
[2026-09-11 22:27:58.622] [info] 6188/11165
[2026-09-11 22:27:58.622] [info] 6189/11165
[2026-09-11 22:27:58.622] [info] 6190/11165
[2026-09-11 22:27:58.623] [info] 6191/11165
[2026-09-11 22:27:58.623] [info] 6192/11165
[2026-09-11 22:27:58.623] [info] 6193/11165
[2026-09-11 22:27:58.627] [info] 6194/11165
[2026-09-11 22:27:58.628] [info] 6195/11165
[2026-09-11 22:27:58.631] [info] 6196/11165
[2026-09-11 22:27:58.637] [info] 6197/11165
[2026-09-11 22:27:58.637] [info] 6198/11165
[2026-09-11 22:27:58.638] [info] 6199/11165
[2026-09-11 22:27:58.643] [info] 6200/11165
[2026-09-11 22:27:58.644] [info] 6201/11165
[2026-09-11 22:27:58.644] [info] 6202/11165
[2026-09-11 22:27:58.644] [info] 6203/11165
[2026-09-11 22:27:58.645] [info] 6204/11165
[2026-09-11 22:27:58.645] [info] 6205/11165
[2026-09-11 22:27:58.645] [info] 6206/11165
[2026-09-11 22:27:58.646] [info] 6207/11165
[2026-09-11 22:27:58.646] [info] 6208/11165
[2026-09-11 22:27:58.646] [info] 6209/11165
[2026-09-11 22:27:58.647] [info] 6210/11165
[2026-09-11 22:27:58.647] [info] 6211/11165
[2026-09-11 22:27:58.647] [info] 6212/11165
[2026-09-11 22:27:58.648] [info] 6213/11165
[2026-09-11 22:27:58.651] [info] 6214/11165
[2026-09-11 22:27:58.651] [info] 6215/11165
[2026-09-11 22:27:58.651] [info] 6216/11165
[2026-09-11 22:27:58.652] [info] 6217/11165
[2026-09-11 22:27:58.656] [info] 6218/11165
[2026-09-11 22:27:58.656] [info] 6219/11165
[2026-09-11 22:27:58.657] [info] 6220/11165
[2026-09-11 22:27:58.657] [info] 6221/11165
[2026-09-11 22:27:58.657] [info] 6222/11165
[2026-09-11 22:27:58.658] [info] 6223/11165
[2026-09-11 22:27:58.658] [info] 6224/11165
[2026-09-11 22:27:58.658] [info] 6225/11165
[2026-09-11 22:27:58.659] [info] 6226/11165
[2026-09-11 22:27:58.659] [info] 6227/11165
[2026-09-11 22:27:58.659] [info] 6228/11165
[2026-09-11 22:27:58.660] [info] 6229/11165
[2026-09-11 22:27:58.663] [info] 6230/11165
[2026-09-11 22:27:58.669] [info] 6231/11165
[2026-09-11 22:27:58.672] [info] 6232/11165
[2026-09-11 22:27:58.675] [info] 6233/11165
[2026-09-11 22:27:58.677] [info] 6234/11165
[2026-09-11 22:27:58.682] [info] 6235/11165
[2026-09-11 22:27:58.684] [info] 6236/11165
[2026-09-11 22:27:58.687] [info] 6237/11165
[2026-09-11 22:27:58.689] [info] 6238/11165
[2026-09-11 22:27:58.692] [info] 6239/11165
[2026-09-11 22:27:58.697] [info] 6240/11165
[2026-09-11 22:27:58.701] [info] 6241/11165
[2026-09-11 22:27:58.704] [info] 6242/11165
[2026-09-11 22:27:58.709] [info] 6243/11165
[2026-09-11 22:27:58.717] [info] 6244/11165
[2026-09-11 22:27:58.722] [info] 6245/11165
[2026-09-11 22:27:58.727] [info] 6246/11165
[2026-09-11 22:27:58.731] [info] 6247/11165
[2026-09-11 22:27:58.736] [info] 6248/11165
[2026-09-11 22:27:58.737] [info] 6249/11165
[2026-09-11 22:27:58.737] [info] 6250/11165
[2026-09-11 22:27:58.740] [info] 6251/11165
[2026-09-11 22:27:58.744] [info] 6252/11165
[2026-09-11 22:27:58.745] [info] 6253/11165
[2026-09-11 22:27:58.745] [info] 6254/11165
[2026-09-11 22:27:58.750] [info] 6255/11165
[2026-09-11 22:27:58.755] [info] 6256/11165
[2026-09-11 22:27:58.762] [info] 6257/11165
[2026-09-11 22:27:58.767] [info] 6258/11165
[2026-09-11 22:27:58.772] [info] 6259/11165
[2026-09-11 22:27:58.780] [info] 6260/11165
[2026-09-11 22:27:58.790] [info] 6261/11165
[2026-09-11 22:27:58.791] [info] 6262/11165
[2026-09-11 22:27:58.791] [info] 6263/11165
[2026-09-11 22:27:58.797] [info] 6264/11165
[2026-09-11 22:27:58.804] [info] 6265/11165
[2026-09-11 22:27:58.805] [info] 6266/11165
[2026-09-11 22:27:58.805] [info] 6267/11165
[2026-09-11 22:27:58.810] [info] 6268/11165
[2026-09-11 22:27:58.816] [info] 6269/11165
[2026-09-11 22:27:58.816] [info] 6270/11165
[2026-09-11 22:27:58.816] [info] 6271/11165
[2026-09-11 22:27:58.819] [info] 6272/11165
[2026-09-11 22:27:58.823] [info] 6273/11165
[2026-09-11 22:27:58.828] [info] 6274/11165
[2026-09-11 22:27:58.829] [info] 6275/11165
[2026-09-11 22:27:58.829] [info] 6276/11165
[2026-09-11 22:27:58.834] [info] 6277/11165
[2026-09-11 22:27:58.843] [info] 6278/11165
[2026-09-11 22:27:58.843] [info] 6279/11165
[2026-09-11 22:27:58.843] [info] 6280/11165
[2026-09-11 22:27:58.847] [info] 6281/11165
[2026-09-11 22:27:58.853] [info] 6282/11165
[2026-09-11 22:27:58.853] [info] 6283/11165
[2026-09-11 22:27:58.854] [info] 6284/11165
[2026-09-11 22:27:58.857] [info] 6285/11165
[2026-09-11 22:27:58.861] [info] 6286/11165
[2026-09-11 22:27:58.862] [info] 6287/11165
[2026-09-11 22:27:58.862] [info] 6288/11165
[2026-09-11 22:27:58.862] [info] 6289/11165
[2026-09-11 22:27:58.865] [info] 6290/11165
[2026-09-11 22:27:58.869] [info] 6291/11165
[2026-09-11 22:27:58.870] [info] 6292/11165
[2026-09-11 22:27:58.870] [info] 6293/11165
[2026-09-11 22:27:58.874] [info] 6294/11165
[2026-09-11 22:27:58.881] [info] 6295/11165
[2026-09-11 22:27:58.881] [info] 6296/11165
[2026-09-11 22:27:58.882] [info] 6297/11165
[2026-09-11 22:27:58.885] [info] 6298/11165
[2026-09-11 22:27:58.890] [info] 6299/11165
[2026-09-11 22:27:58.890] [info] 6300/11165
[2026-09-11 22:27:58.891] [info] 6301/11165
[2026-09-11 22:27:58.893] [info] 6302/11165
[2026-09-11 22:27:58.897] [info] 6303/11165
[2026-09-11 22:27:58.897] [info] 6304/11165
[2026-09-11 22:27:58.897] [info] 6305/11165
[2026-09-11 22:27:58.900] [info] 6306/11165
[2026-09-11 22:27:58.905] [info] 6307/11165
[2026-09-11 22:27:58.907] [info] 6308/11165
[2026-09-11 22:27:58.908] [info] 6309/11165
[2026-09-11 22:27:58.909] [info] 6310/11165
[2026-09-11 22:27:58.913] [info] 6311/11165
[2026-09-11 22:27:58.913] [info] 6312/11165
[2026-09-11 22:27:58.913] [info] 6313/11165
[2026-09-11 22:27:58.915] [info] 6314/11165
[2026-09-11 22:27:58.917] [info] 6315/11165
[2026-09-11 22:27:58.921] [info] 6316/11165
[2026-09-11 22:27:58.924] [info] 6317/11165
[2026-09-11 22:27:58.926] [info] 6318/11165
[2026-09-11 22:27:58.930] [info] 6319/11165
[2026-09-11 22:27:58.937] [info] 6320/11165
[2026-09-11 22:27:58.942] [info] 6321/11165
[2026-09-11 22:27:58.942] [info] 6322/11165
[2026-09-11 22:27:58.945] [info] 6323/11165
[2026-09-11 22:27:58.950] [info] 6324/11165
[2026-09-11 22:27:58.950] [info] 6325/11165
[2026-09-11 22:27:58.951] [info] 6326/11165
[2026-09-11 22:27:58.951] [info] 6327/11165
[2026-09-11 22:27:58.951] [info] 6328/11165
[2026-09-11 22:27:58.952] [info] 6329/11165
[2026-09-11 22:27:58.952] [info] 6330/11165
[2026-09-11 22:27:58.955] [info] 6331/11165
[2026-09-11 22:27:58.959] [info] 6332/11165
[2026-09-11 22:27:58.965] [info] 6333/11165
[2026-09-11 22:27:58.969] [info] 6334/11165
[2026-09-11 22:27:58.970] [info] 6335/11165
[2026-09-11 22:27:58.976] [info] 6336/11165
[2026-09-11 22:27:58.985] [info] 6337/11165
[2026-09-11 22:27:58.986] [info] 6338/11165
[2026-09-11 22:27:58.986] [info] 6339/11165
[2026-09-11 22:27:58.991] [info] 6340/11165
[2026-09-11 22:27:58.991] [info] 6341/11165
[2026-09-11 22:27:58.991] [info] 6342/11165
[2026-09-11 22:27:58.992] [info] 6343/11165
[2026-09-11 22:27:58.992] [info] 6344/11165
[2026-09-11 22:27:58.992] [info] 6345/11165
[2026-09-11 22:27:58.993] [info] 6346/11165
[2026-09-11 22:27:58.993] [info] 6347/11165
[2026-09-11 22:27:58.993] [info] 6348/11165
[2026-09-11 22:27:58.996] [info] 6349/11165
[2026-09-11 22:27:59.001] [info] 6350/11165
[2026-09-11 22:27:59.001] [info] 6351/11165
[2026-09-11 22:27:59.001] [info] 6352/11165
[2026-09-11 22:27:59.006] [info] 6353/11165
[2026-09-11 22:27:59.013] [info] 6354/11165
[2026-09-11 22:27:59.014] [info] 6355/11165
[2026-09-11 22:27:59.014] [info] 6356/11165
[2026-09-11 22:27:59.017] [info] 6357/11165
[2026-09-11 22:27:59.018] [info] 6358/11165
[2026-09-11 22:27:59.018] [info] 6359/11165
[2026-09-11 22:27:59.018] [info] 6360/11165
[2026-09-11 22:27:59.019] [info] 6361/11165
[2026-09-11 22:27:59.019] [info] 6362/11165
[2026-09-11 22:27:59.019] [info] 6363/11165
[2026-09-11 22:27:59.020] [info] 6364/11165
[2026-09-11 22:27:59.020] [info] 6365/11165
[2026-09-11 22:27:59.022] [info] 6366/11165
[2026-09-11 22:27:59.026] [info] 6367/11165
[2026-09-11 22:27:59.026] [info] 6368/11165
[2026-09-11 22:27:59.027] [info] 6369/11165
[2026-09-11 22:27:59.030] [info] 6370/11165
[2026-09-11 22:27:59.037] [info] 6371/11165
[2026-09-11 22:27:59.037] [info] 6372/11165
[2026-09-11 22:27:59.037] [info] 6373/11165
[2026-09-11 22:27:59.040] [info] 6374/11165
[2026-09-11 22:27:59.040] [info] 6375/11165
[2026-09-11 22:27:59.041] [info] 6376/11165
[2026-09-11 22:27:59.041] [info] 6377/11165
[2026-09-11 22:27:59.041] [info] 6378/11165
[2026-09-11 22:27:59.042] [info] 6379/11165
[2026-09-11 22:27:59.042] [info] 6380/11165
[2026-09-11 22:27:59.042] [info] 6381/11165
[2026-09-11 22:27:59.045] [info] 6382/11165
[2026-09-11 22:27:59.051] [info] 6383/11165
[2026-09-11 22:27:59.054] [info] 6384/11165
[2026-09-11 22:27:59.055] [info] 6385/11165
[2026-09-11 22:27:59.060] [info] 6386/11165
[2026-09-11 22:27:59.068] [info] 6387/11165
[2026-09-11 22:27:59.074] [info] 6388/11165
[2026-09-11 22:27:59.074] [info] 6389/11165
[2026-09-11 22:27:59.078] [info] 6390/11165
[2026-09-11 22:27:59.083] [info] 6391/11165
[2026-09-11 22:27:59.087] [info] 6392/11165
[2026-09-11 22:27:59.087] [info] 6393/11165
[2026-09-11 22:27:59.090] [info] 6394/11165
[2026-09-11 22:27:59.094] [info] 6395/11165
[2026-09-11 22:27:59.097] [info] 6396/11165
[2026-09-11 22:27:59.098] [info] 6397/11165
[2026-09-11 22:27:59.099] [info] 6398/11165
[2026-09-11 22:27:59.102] [info] 6399/11165
[2026-09-11 22:27:59.106] [info] 6400/11165
[2026-09-11 22:27:59.106] [info] 6401/11165
[2026-09-11 22:27:59.107] [info] 6402/11165
[2026-09-11 22:27:59.111] [info] 6403/11165
[2026-09-11 22:27:59.117] [info] 6404/11165
[2026-09-11 22:27:59.118] [info] 6405/11165
[2026-09-11 22:27:59.118] [info] 6406/11165
[2026-09-11 22:27:59.121] [info] 6407/11165
[2026-09-11 22:27:59.125] [info] 6408/11165
[2026-09-11 22:27:59.126] [info] 6409/11165
[2026-09-11 22:27:59.126] [info] 6410/11165
[2026-09-11 22:27:59.128] [info] 6411/11165
[2026-09-11 22:27:59.132] [info] 6412/11165
[2026-09-11 22:27:59.132] [info] 6413/11165
[2026-09-11 22:27:59.133] [info] 6414/11165
[2026-09-11 22:27:59.138] [info] 6415/11165
[2026-09-11 22:27:59.141] [info] 6416/11165
[2026-09-11 22:27:59.144] [info] 6417/11165
[2026-09-11 22:27:59.146] [info] 6418/11165
[2026-09-11 22:27:59.150] [info] 6419/11165
[2026-09-11 22:27:59.153] [info] 6420/11165
[2026-09-11 22:27:59.155] [info] 6421/11165
[2026-09-11 22:27:59.158] [info] 6422/11165
[2026-09-11 22:27:59.160] [info] 6423/11165
[2026-09-11 22:27:59.165] [info] 6424/11165
[2026-09-11 22:27:59.169] [info] 6425/11165
[2026-09-11 22:27:59.171] [info] 6426/11165
[2026-09-11 22:27:59.176] [info] 6427/11165
[2026-09-11 22:27:59.183] [info] 6428/11165
[2026-09-11 22:27:59.189] [info] 6429/11165
[2026-09-11 22:27:59.193] [info] 6430/11165
[2026-09-11 22:27:59.197] [info] 6431/11165
[2026-09-11 22:27:59.202] [info] 6432/11165
[2026-09-11 22:27:59.206] [info] 6433/11165
[2026-09-11 22:27:59.209] [info] 6434/11165
[2026-09-11 22:27:59.211] [info] 6435/11165
[2026-09-11 22:27:59.215] [info] 6436/11165
[2026-09-11 22:27:59.218] [info] 6437/11165
[2026-09-11 22:27:59.221] [info] 6438/11165
[2026-09-11 22:27:59.225] [info] 6439/11165
[2026-09-11 22:27:59.230] [info] 6440/11165
[2026-09-11 22:27:59.236] [info] 6441/11165
[2026-09-11 22:27:59.242] [info] 6442/11165
[2026-09-11 22:27:59.246] [info] 6443/11165
[2026-09-11 22:27:59.254] [info] 6444/11165
[2026-09-11 22:27:59.263] [info] 6445/11165
[2026-09-11 22:27:59.271] [info] 6446/11165
[2026-09-11 22:27:59.278] [info] 6447/11165
[2026-09-11 22:27:59.284] [info] 6448/11165
[2026-09-11 22:27:59.291] [info] 6449/11165
[2026-09-11 22:27:59.297] [info] 6450/11165
[2026-09-11 22:27:59.302] [info] 6451/11165
[2026-09-11 22:27:59.306] [info] 6452/11165
[2026-09-11 22:27:59.311] [info] 6453/11165
[2026-09-11 22:27:59.316] [info] 6454/11165
[2026-09-11 22:27:59.320] [info] 6455/11165
[2026-09-11 22:27:59.323] [info] 6456/11165
[2026-09-11 22:27:59.326] [info] 6457/11165
[2026-09-11 22:27:59.332] [info] 6458/11165
[2026-09-11 22:27:59.332] [info] 6459/11165
[2026-09-11 22:27:59.332] [info] 6460/11165
[2026-09-11 22:27:59.338] [info] 6461/11165
[2026-09-11 22:27:59.346] [info] 6462/11165
[2026-09-11 22:27:59.346] [info] 6463/11165
[2026-09-11 22:27:59.347] [info] 6464/11165
[2026-09-11 22:27:59.350] [info] 6465/11165
[2026-09-11 22:27:59.356] [info] 6466/11165
[2026-09-11 22:27:59.356] [info] 6467/11165
[2026-09-11 22:27:59.357] [info] 6468/11165
[2026-09-11 22:27:59.360] [info] 6469/11165
[2026-09-11 22:27:59.364] [info] 6470/11165
[2026-09-11 22:27:59.365] [info] 6471/11165
[2026-09-11 22:27:59.365] [info] 6472/11165
[2026-09-11 22:27:59.365] [info] 6473/11165
[2026-09-11 22:27:59.368] [info] 6474/11165
[2026-09-11 22:27:59.372] [info] 6475/11165
[2026-09-11 22:27:59.373] [info] 6476/11165
[2026-09-11 22:27:59.373] [info] 6477/11165
[2026-09-11 22:27:59.377] [info] 6478/11165
[2026-09-11 22:27:59.384] [info] 6479/11165
[2026-09-11 22:27:59.384] [info] 6480/11165
[2026-09-11 22:27:59.385] [info] 6481/11165
[2026-09-11 22:27:59.388] [info] 6482/11165
[2026-09-11 22:27:59.393] [info] 6483/11165
[2026-09-11 22:27:59.393] [info] 6484/11165
[2026-09-11 22:27:59.393] [info] 6485/11165
[2026-09-11 22:27:59.396] [info] 6486/11165
[2026-09-11 22:27:59.399] [info] 6487/11165
[2026-09-11 22:27:59.400] [info] 6488/11165
[2026-09-11 22:27:59.400] [info] 6489/11165
[2026-09-11 22:27:59.407] [info] 6490/11165
[2026-09-11 22:27:59.412] [info] 6491/11165
[2026-09-11 22:27:59.417] [info] 6492/11165
[2026-09-11 22:27:59.421] [info] 6493/11165
[2026-09-11 22:27:59.427] [info] 6494/11165
[2026-09-11 22:27:59.431] [info] 6495/11165
[2026-09-11 22:27:59.432] [info] 6496/11165
[2026-09-11 22:27:59.436] [info] 6497/11165
[2026-09-11 22:27:59.441] [info] 6498/11165
[2026-09-11 22:27:59.447] [info] 6499/11165
[2026-09-11 22:27:59.453] [info] 6500/11165
[2026-09-11 22:27:59.457] [info] 6501/11165
[2026-09-11 22:27:59.464] [info] 6502/11165
[2026-09-11 22:27:59.473] [info] 6503/11165
[2026-09-11 22:27:59.480] [info] 6504/11165
[2026-09-11 22:27:59.486] [info] 6505/11165
[2026-09-11 22:27:59.491] [info] 6506/11165
[2026-09-11 22:27:59.499] [info] 6507/11165
[2026-09-11 22:27:59.499] [info] 6508/11165
[2026-09-11 22:27:59.499] [info] 6509/11165
[2026-09-11 22:27:59.504] [info] 6510/11165
[2026-09-11 22:27:59.510] [info] 6511/11165
[2026-09-11 22:27:59.510] [info] 6512/11165
[2026-09-11 22:27:59.510] [info] 6513/11165
[2026-09-11 22:27:59.517] [info] 6514/11165
[2026-09-11 22:27:59.525] [info] 6515/11165
[2026-09-11 22:27:59.534] [info] 6516/11165
[2026-09-11 22:27:59.542] [info] 6517/11165
[2026-09-11 22:27:59.542] [info] 6518/11165
[2026-09-11 22:27:59.552] [info] 6519/11165
[2026-09-11 22:27:59.564] [info] 6520/11165
[2026-09-11 22:27:59.565] [info] 6521/11165
[2026-09-11 22:27:59.565] [info] 6522/11165
[2026-09-11 22:27:59.573] [info] 6523/11165
[2026-09-11 22:27:59.574] [info] 6524/11165
[2026-09-11 22:27:59.574] [info] 6525/11165
[2026-09-11 22:27:59.575] [info] 6526/11165
[2026-09-11 22:27:59.575] [info] 6527/11165
[2026-09-11 22:27:59.575] [info] 6528/11165
[2026-09-11 22:27:59.576] [info] 6529/11165
[2026-09-11 22:27:59.576] [info] 6530/11165
[2026-09-11 22:27:59.576] [info] 6531/11165
[2026-09-11 22:27:59.582] [info] 6532/11165
[2026-09-11 22:27:59.589] [info] 6533/11165
[2026-09-11 22:27:59.589] [info] 6534/11165
[2026-09-11 22:27:59.590] [info] 6535/11165
[2026-09-11 22:27:59.597] [info] 6536/11165
[2026-09-11 22:27:59.607] [info] 6537/11165
[2026-09-11 22:27:59.607] [info] 6538/11165
[2026-09-11 22:27:59.607] [info] 6539/11165
[2026-09-11 22:27:59.613] [info] 6540/11165
[2026-09-11 22:27:59.614] [info] 6541/11165
[2026-09-11 22:27:59.614] [info] 6542/11165
[2026-09-11 22:27:59.614] [info] 6543/11165
[2026-09-11 22:27:59.615] [info] 6544/11165
[2026-09-11 22:27:59.615] [info] 6545/11165
[2026-09-11 22:27:59.615] [info] 6546/11165
[2026-09-11 22:27:59.616] [info] 6547/11165
[2026-09-11 22:27:59.616] [info] 6548/11165
[2026-09-11 22:27:59.620] [info] 6549/11165
[2026-09-11 22:27:59.626] [info] 6550/11165
[2026-09-11 22:27:59.627] [info] 6551/11165
[2026-09-11 22:27:59.627] [info] 6552/11165
[2026-09-11 22:27:59.633] [info] 6553/11165
[2026-09-11 22:27:59.641] [info] 6554/11165
[2026-09-11 22:27:59.641] [info] 6555/11165
[2026-09-11 22:27:59.642] [info] 6556/11165
[2026-09-11 22:27:59.646] [info] 6557/11165
[2026-09-11 22:27:59.647] [info] 6558/11165
[2026-09-11 22:27:59.647] [info] 6559/11165
[2026-09-11 22:27:59.647] [info] 6560/11165
[2026-09-11 22:27:59.648] [info] 6561/11165
[2026-09-11 22:27:59.648] [info] 6562/11165
[2026-09-11 22:27:59.648] [info] 6563/11165
[2026-09-11 22:27:59.649] [info] 6564/11165
[2026-09-11 22:27:59.654] [info] 6565/11165
[2026-09-11 22:27:59.655] [info] 6566/11165
[2026-09-11 22:27:59.655] [info] 6567/11165
[2026-09-11 22:27:59.655] [info] 6568/11165
[2026-09-11 22:27:59.656] [info] 6569/11165
[2026-09-11 22:27:59.656] [info] 6570/11165
[2026-09-11 22:27:59.657] [info] 6571/11165
[2026-09-11 22:27:59.657] [info] 6572/11165
[2026-09-11 22:27:59.660] [info] 6573/11165
[2026-09-11 22:27:59.666] [info] 6574/11165
[2026-09-11 22:27:59.666] [info] 6575/11165
[2026-09-11 22:27:59.666] [info] 6576/11165
[2026-09-11 22:27:59.672] [info] 6577/11165
[2026-09-11 22:27:59.680] [info] 6578/11165
[2026-09-11 22:27:59.680] [info] 6579/11165
[2026-09-11 22:27:59.681] [info] 6580/11165
[2026-09-11 22:27:59.681] [info] 6581/11165
[2026-09-11 22:27:59.681] [info] 6582/11165
[2026-09-11 22:27:59.682] [info] 6583/11165
[2026-09-11 22:27:59.682] [info] 6584/11165
[2026-09-11 22:27:59.682] [info] 6585/11165
[2026-09-11 22:27:59.683] [info] 6586/11165
[2026-09-11 22:27:59.683] [info] 6587/11165
[2026-09-11 22:27:59.683] [info] 6588/11165
[2026-09-11 22:27:59.684] [info] 6589/11165
[2026-09-11 22:27:59.689] [info] 6590/11165
[2026-09-11 22:27:59.696] [info] 6591/11165
[2026-09-11 22:27:59.697] [info] 6592/11165
[2026-09-11 22:27:59.697] [info] 6593/11165
[2026-09-11 22:27:59.705] [info] 6594/11165
[2026-09-11 22:27:59.706] [info] 6595/11165
[2026-09-11 22:27:59.706] [info] 6596/11165
[2026-09-11 22:27:59.707] [info] 6597/11165
[2026-09-11 22:27:59.707] [info] 6598/11165
[2026-09-11 22:27:59.707] [info] 6599/11165
[2026-09-11 22:27:59.708] [info] 6600/11165
[2026-09-11 22:27:59.708] [info] 6601/11165
[2026-09-11 22:27:59.708] [info] 6602/11165
[2026-09-11 22:27:59.709] [info] 6603/11165
[2026-09-11 22:27:59.709] [info] 6604/11165
[2026-09-11 22:27:59.709] [info] 6605/11165
[2026-09-11 22:27:59.710] [info] 6606/11165
[2026-09-11 22:27:59.714] [info] 6607/11165
[2026-09-11 22:27:59.714] [info] 6608/11165
[2026-09-11 22:27:59.714] [info] 6609/11165
[2026-09-11 22:27:59.715] [info] 6610/11165
[2026-09-11 22:27:59.721] [info] 6611/11165
[2026-09-11 22:27:59.721] [info] 6612/11165
[2026-09-11 22:27:59.721] [info] 6613/11165
[2026-09-11 22:27:59.722] [info] 6614/11165
[2026-09-11 22:27:59.722] [info] 6615/11165
[2026-09-11 22:27:59.722] [info] 6616/11165
[2026-09-11 22:27:59.723] [info] 6617/11165
[2026-09-11 22:27:59.723] [info] 6618/11165
[2026-09-11 22:27:59.724] [info] 6619/11165
[2026-09-11 22:27:59.724] [info] 6620/11165
[2026-09-11 22:27:59.724] [info] 6621/11165
[2026-09-11 22:27:59.725] [info] 6622/11165
[2026-09-11 22:27:59.725] [info] 6623/11165
[2026-09-11 22:27:59.728] [info] 6624/11165
[2026-09-11 22:27:59.728] [info] 6625/11165
[2026-09-11 22:27:59.729] [info] 6626/11165
[2026-09-11 22:27:59.729] [info] 6627/11165
[2026-09-11 22:27:59.734] [info] 6628/11165
[2026-09-11 22:27:59.734] [info] 6629/11165
[2026-09-11 22:27:59.734] [info] 6630/11165
[2026-09-11 22:27:59.735] [info] 6631/11165
[2026-09-11 22:27:59.735] [info] 6632/11165
[2026-09-11 22:27:59.735] [info] 6633/11165
[2026-09-11 22:27:59.736] [info] 6634/11165
[2026-09-11 22:27:59.736] [info] 6635/11165
[2026-09-11 22:27:59.736] [info] 6636/11165
[2026-09-11 22:27:59.737] [info] 6637/11165
[2026-09-11 22:27:59.737] [info] 6638/11165
[2026-09-11 22:27:59.738] [info] 6639/11165
[2026-09-11 22:27:59.738] [info] 6640/11165
[2026-09-11 22:27:59.738] [info] 6641/11165
[2026-09-11 22:27:59.739] [info] 6642/11165
[2026-09-11 22:27:59.739] [info] 6643/11165
[2026-09-11 22:27:59.739] [info] 6644/11165
[2026-09-11 22:27:59.740] [info] 6645/11165
[2026-09-11 22:27:59.740] [info] 6646/11165
[2026-09-11 22:27:59.740] [info] 6647/11165
[2026-09-11 22:27:59.743] [info] 6648/11165
[2026-09-11 22:27:59.747] [info] 6649/11165
[2026-09-11 22:27:59.748] [info] 6650/11165
[2026-09-11 22:27:59.748] [info] 6651/11165
[2026-09-11 22:27:59.752] [info] 6652/11165
[2026-09-11 22:27:59.760] [info] 6653/11165
[2026-09-11 22:27:59.760] [info] 6654/11165
[2026-09-11 22:27:59.760] [info] 6655/11165
[2026-09-11 22:27:59.761] [info] 6656/11165
[2026-09-11 22:27:59.761] [info] 6657/11165
[2026-09-11 22:27:59.761] [info] 6658/11165
[2026-09-11 22:27:59.762] [info] 6659/11165
[2026-09-11 22:27:59.762] [info] 6660/11165
[2026-09-11 22:27:59.762] [info] 6661/11165
[2026-09-11 22:27:59.763] [info] 6662/11165
[2026-09-11 22:27:59.763] [info] 6663/11165
[2026-09-11 22:27:59.763] [info] 6664/11165
[2026-09-11 22:27:59.768] [info] 6665/11165
[2026-09-11 22:27:59.773] [info] 6666/11165
[2026-09-11 22:27:59.774] [info] 6667/11165
[2026-09-11 22:27:59.774] [info] 6668/11165
[2026-09-11 22:27:59.775] [info] 6669/11165
[2026-09-11 22:27:59.775] [info] 6670/11165
[2026-09-11 22:27:59.775] [info] 6671/11165
[2026-09-11 22:27:59.776] [info] 6672/11165
[2026-09-11 22:27:59.776] [info] 6673/11165
[2026-09-11 22:27:59.776] [info] 6674/11165
[2026-09-11 22:27:59.777] [info] 6675/11165
[2026-09-11 22:27:59.777] [info] 6676/11165
[2026-09-11 22:27:59.777] [info] 6677/11165
[2026-09-11 22:27:59.778] [info] 6678/11165
[2026-09-11 22:27:59.778] [info] 6679/11165
[2026-09-11 22:27:59.779] [info] 6680/11165
[2026-09-11 22:27:59.779] [info] 6681/11165
[2026-09-11 22:27:59.782] [info] 6682/11165
[2026-09-11 22:27:59.782] [info] 6683/11165
[2026-09-11 22:27:59.783] [info] 6684/11165
[2026-09-11 22:27:59.783] [info] 6685/11165
[2026-09-11 22:27:59.783] [info] 6686/11165
[2026-09-11 22:27:59.784] [info] 6687/11165
[2026-09-11 22:27:59.784] [info] 6688/11165
[2026-09-11 22:27:59.784] [info] 6689/11165
[2026-09-11 22:27:59.785] [info] 6690/11165
[2026-09-11 22:27:59.785] [info] 6691/11165
[2026-09-11 22:27:59.785] [info] 6692/11165
[2026-09-11 22:27:59.786] [info] 6693/11165
[2026-09-11 22:27:59.786] [info] 6694/11165
[2026-09-11 22:27:59.786] [info] 6695/11165
[2026-09-11 22:27:59.787] [info] 6696/11165
[2026-09-11 22:27:59.787] [info] 6697/11165
[2026-09-11 22:27:59.787] [info] 6698/11165
[2026-09-11 22:27:59.788] [info] 6699/11165
[2026-09-11 22:27:59.788] [info] 6700/11165
[2026-09-11 22:27:59.788] [info] 6701/11165
[2026-09-11 22:27:59.789] [info] 6702/11165
[2026-09-11 22:27:59.789] [info] 6703/11165
[2026-09-11 22:27:59.790] [info] 6704/11165
[2026-09-11 22:27:59.790] [info] 6705/11165
[2026-09-11 22:27:59.790] [info] 6706/11165
[2026-09-11 22:27:59.791] [info] 6707/11165
[2026-09-11 22:27:59.791] [info] 6708/11165
[2026-09-11 22:27:59.791] [info] 6709/11165
[2026-09-11 22:27:59.792] [info] 6710/11165
[2026-09-11 22:27:59.792] [info] 6711/11165
[2026-09-11 22:27:59.792] [info] 6712/11165
[2026-09-11 22:27:59.793] [info] 6713/11165
[2026-09-11 22:27:59.793] [info] 6714/11165
[2026-09-11 22:27:59.800] [info] 6715/11165
[2026-09-11 22:27:59.809] [info] 6716/11165
[2026-09-11 22:27:59.817] [info] 6717/11165
[2026-09-11 22:27:59.817] [info] 6718/11165
[2026-09-11 22:27:59.823] [info] 6719/11165
[2026-09-11 22:27:59.830] [info] 6720/11165
[2026-09-11 22:27:59.836] [info] 6721/11165
[2026-09-11 22:27:59.836] [info] 6722/11165
[2026-09-11 22:27:59.841] [info] 6723/11165
[2026-09-11 22:27:59.847] [info] 6724/11165
[2026-09-11 22:27:59.852] [info] 6725/11165
[2026-09-11 22:27:59.852] [info] 6726/11165
[2026-09-11 22:27:59.856] [info] 6727/11165
[2026-09-11 22:27:59.860] [info] 6728/11165
[2026-09-11 22:27:59.866] [info] 6729/11165
[2026-09-11 22:27:59.866] [info] 6730/11165
[2026-09-11 22:27:59.867] [info] 6731/11165
[2026-09-11 22:27:59.873] [info] 6732/11165
[2026-09-11 22:27:59.881] [info] 6733/11165
[2026-09-11 22:27:59.881] [info] 6734/11165
[2026-09-11 22:27:59.882] [info] 6735/11165
[2026-09-11 22:27:59.886] [info] 6736/11165
[2026-09-11 22:27:59.893] [info] 6737/11165
[2026-09-11 22:27:59.893] [info] 6738/11165
[2026-09-11 22:27:59.893] [info] 6739/11165
[2026-09-11 22:27:59.897] [info] 6740/11165
[2026-09-11 22:27:59.903] [info] 6741/11165
[2026-09-11 22:27:59.903] [info] 6742/11165
[2026-09-11 22:27:59.904] [info] 6743/11165
[2026-09-11 22:27:59.909] [info] 6744/11165
[2026-09-11 22:27:59.914] [info] 6745/11165
[2026-09-11 22:27:59.918] [info] 6746/11165
[2026-09-11 22:27:59.924] [info] 6747/11165
[2026-09-11 22:27:59.928] [info] 6748/11165
[2026-09-11 22:27:59.932] [info] 6749/11165
[2026-09-11 22:27:59.937] [info] 6750/11165
[2026-09-11 22:27:59.941] [info] 6751/11165
[2026-09-11 22:27:59.948] [info] 6752/11165
[2026-09-11 22:27:59.953] [info] 6753/11165
[2026-09-11 22:27:59.958] [info] 6754/11165
[2026-09-11 22:27:59.964] [info] 6755/11165
[2026-09-11 22:27:59.974] [info] 6756/11165
[2026-09-11 22:27:59.981] [info] 6757/11165
[2026-09-11 22:27:59.987] [info] 6758/11165
[2026-09-11 22:27:59.992] [info] 6759/11165
[2026-09-11 22:27:59.999] [info] 6760/11165
[2026-09-11 22:28:00.005] [info] 6761/11165
[2026-09-11 22:28:00.010] [info] 6762/11165
[2026-09-11 22:28:00.015] [info] 6763/11165
[2026-09-11 22:28:00.020] [info] 6764/11165
[2026-09-11 22:28:00.025] [info] 6765/11165
[2026-09-11 22:28:00.030] [info] 6766/11165
[2026-09-11 22:28:00.036] [info] 6767/11165
[2026-09-11 22:28:00.042] [info] 6768/11165
[2026-09-11 22:28:00.051] [info] 6769/11165
[2026-09-11 22:28:00.058] [info] 6770/11165
[2026-09-11 22:28:00.064] [info] 6771/11165
[2026-09-11 22:28:00.073] [info] 6772/11165
[2026-09-11 22:28:00.085] [info] 6773/11165
[2026-09-11 22:28:00.094] [info] 6774/11165
[2026-09-11 22:28:00.095] [info] 6775/11165
[2026-09-11 22:28:00.102] [info] 6776/11165
[2026-09-11 22:28:00.111] [info] 6777/11165
[2026-09-11 22:28:00.118] [info] 6778/11165
[2026-09-11 22:28:00.119] [info] 6779/11165
[2026-09-11 22:28:00.125] [info] 6780/11165
[2026-09-11 22:28:00.132] [info] 6781/11165
[2026-09-11 22:28:00.138] [info] 6782/11165
[2026-09-11 22:28:00.138] [info] 6783/11165
[2026-09-11 22:28:00.139] [info] 6784/11165
[2026-09-11 22:28:00.144] [info] 6785/11165
[2026-09-11 22:28:00.152] [info] 6786/11165
[2026-09-11 22:28:00.152] [info] 6787/11165
[2026-09-11 22:28:00.152] [info] 6788/11165
[2026-09-11 22:28:00.160] [info] 6789/11165
[2026-09-11 22:28:00.169] [info] 6790/11165
[2026-09-11 22:28:00.170] [info] 6791/11165
[2026-09-11 22:28:00.170] [info] 6792/11165
[2026-09-11 22:28:00.176] [info] 6793/11165
[2026-09-11 22:28:00.184] [info] 6794/11165
[2026-09-11 22:28:00.184] [info] 6795/11165
[2026-09-11 22:28:00.184] [info] 6796/11165
[2026-09-11 22:28:00.189] [info] 6797/11165
[2026-09-11 22:28:00.196] [info] 6798/11165
[2026-09-11 22:28:00.196] [info] 6799/11165
[2026-09-11 22:28:00.197] [info] 6800/11165
[2026-09-11 22:28:00.197] [info] 6801/11165
[2026-09-11 22:28:00.201] [info] 6802/11165
[2026-09-11 22:28:00.208] [info] 6803/11165
[2026-09-11 22:28:00.208] [info] 6804/11165
[2026-09-11 22:28:00.208] [info] 6805/11165
[2026-09-11 22:28:00.214] [info] 6806/11165
[2026-09-11 22:28:00.223] [info] 6807/11165
[2026-09-11 22:28:00.223] [info] 6808/11165
[2026-09-11 22:28:00.224] [info] 6809/11165
[2026-09-11 22:28:00.229] [info] 6810/11165
[2026-09-11 22:28:00.229] [info] 6811/11165
[2026-09-11 22:28:00.229] [info] 6812/11165
[2026-09-11 22:28:00.230] [info] 6813/11165
[2026-09-11 22:28:00.230] [info] 6814/11165
[2026-09-11 22:28:00.231] [info] 6815/11165
[2026-09-11 22:28:00.231] [info] 6816/11165
[2026-09-11 22:28:00.231] [info] 6817/11165
[2026-09-11 22:28:00.239] [info] 6818/11165
[2026-09-11 22:28:00.247] [info] 6819/11165
[2026-09-11 22:28:00.254] [info] 6820/11165
[2026-09-11 22:28:00.262] [info] 6821/11165
[2026-09-11 22:28:00.269] [info] 6822/11165
[2026-09-11 22:28:00.270] [info] 6823/11165
[2026-09-11 22:28:00.277] [info] 6824/11165
[2026-09-11 22:28:00.284] [info] 6825/11165
[2026-09-11 22:28:00.293] [info] 6826/11165
[2026-09-11 22:28:00.302] [info] 6827/11165
[2026-09-11 22:28:00.309] [info] 6828/11165
[2026-09-11 22:28:00.318] [info] 6829/11165
[2026-09-11 22:28:00.330] [info] 6830/11165
[2026-09-11 22:28:00.339] [info] 6831/11165
[2026-09-11 22:28:00.340] [info] 6832/11165
[2026-09-11 22:28:00.348] [info] 6833/11165
[2026-09-11 22:28:00.358] [info] 6834/11165
[2026-09-11 22:28:00.358] [info] 6835/11165
[2026-09-11 22:28:00.358] [info] 6836/11165
[2026-09-11 22:28:00.359] [info] 6837/11165
[2026-09-11 22:28:00.359] [info] 6838/11165
[2026-09-11 22:28:00.360] [info] 6839/11165
[2026-09-11 22:28:00.360] [info] 6840/11165
[2026-09-11 22:28:00.369] [info] 6841/11165
[2026-09-11 22:28:00.379] [info] 6842/11165
[2026-09-11 22:28:00.391] [info] 6843/11165
[2026-09-11 22:28:00.391] [info] 6844/11165
[2026-09-11 22:28:00.392] [info] 6845/11165
[2026-09-11 22:28:00.404] [info] 6846/11165
[2026-09-11 22:28:00.419] [info] 6847/11165
[2026-09-11 22:28:00.420] [info] 6848/11165
[2026-09-11 22:28:00.420] [info] 6849/11165
[2026-09-11 22:28:00.421] [info] 6850/11165
[2026-09-11 22:28:00.421] [info] 6851/11165
[2026-09-11 22:28:00.421] [info] 6852/11165
[2026-09-11 22:28:00.422] [info] 6853/11165
[2026-09-11 22:28:00.422] [info] 6854/11165
[2026-09-11 22:28:00.423] [info] 6855/11165
[2026-09-11 22:28:00.423] [info] 6856/11165
[2026-09-11 22:28:00.423] [info] 6857/11165
[2026-09-11 22:28:00.424] [info] 6858/11165
[2026-09-11 22:28:00.432] [info] 6859/11165
[2026-09-11 22:28:00.432] [info] 6860/11165
[2026-09-11 22:28:00.433] [info] 6861/11165
[2026-09-11 22:28:00.433] [info] 6862/11165
[2026-09-11 22:28:00.433] [info] 6863/11165
[2026-09-11 22:28:00.434] [info] 6864/11165
[2026-09-11 22:28:00.434] [info] 6865/11165
[2026-09-11 22:28:00.435] [info] 6866/11165
[2026-09-11 22:28:00.435] [info] 6867/11165
[2026-09-11 22:28:00.435] [info] 6868/11165
[2026-09-11 22:28:00.436] [info] 6869/11165
[2026-09-11 22:28:00.436] [info] 6870/11165
[2026-09-11 22:28:00.436] [info] 6871/11165
[2026-09-11 22:28:00.437] [info] 6872/11165
[2026-09-11 22:28:00.437] [info] 6873/11165
[2026-09-11 22:28:00.438] [info] 6874/11165
[2026-09-11 22:28:00.438] [info] 6875/11165
[2026-09-11 22:28:00.438] [info] 6876/11165
[2026-09-11 22:28:00.439] [info] 6877/11165
[2026-09-11 22:28:00.439] [info] 6878/11165
[2026-09-11 22:28:00.439] [info] 6879/11165
[2026-09-11 22:28:00.440] [info] 6880/11165
[2026-09-11 22:28:00.440] [info] 6881/11165
[2026-09-11 22:28:00.441] [info] 6882/11165
[2026-09-11 22:28:00.441] [info] 6883/11165
[2026-09-11 22:28:00.441] [info] 6884/11165
[2026-09-11 22:28:00.442] [info] 6885/11165
[2026-09-11 22:28:00.442] [info] 6886/11165
[2026-09-11 22:28:00.442] [info] 6887/11165
[2026-09-11 22:28:00.443] [info] 6888/11165
[2026-09-11 22:28:00.443] [info] 6889/11165
[2026-09-11 22:28:00.444] [info] 6890/11165
[2026-09-11 22:28:00.444] [info] 6891/11165
[2026-09-11 22:28:00.444] [info] 6892/11165
[2026-09-11 22:28:00.445] [info] 6893/11165
[2026-09-11 22:28:00.445] [info] 6894/11165
[2026-09-11 22:28:00.445] [info] 6895/11165
[2026-09-11 22:28:00.446] [info] 6896/11165
[2026-09-11 22:28:00.446] [info] 6897/11165
[2026-09-11 22:28:00.446] [info] 6898/11165
[2026-09-11 22:28:00.452] [info] 6899/11165
[2026-09-11 22:28:00.459] [info] 6900/11165
[2026-09-11 22:28:00.459] [info] 6901/11165
[2026-09-11 22:28:00.460] [info] 6902/11165
[2026-09-11 22:28:00.467] [info] 6903/11165
[2026-09-11 22:28:00.477] [info] 6904/11165
[2026-09-11 22:28:00.477] [info] 6905/11165
[2026-09-11 22:28:00.478] [info] 6906/11165
[2026-09-11 22:28:00.478] [info] 6907/11165
[2026-09-11 22:28:00.478] [info] 6908/11165
[2026-09-11 22:28:00.479] [info] 6909/11165
[2026-09-11 22:28:00.479] [info] 6910/11165
[2026-09-11 22:28:00.479] [info] 6911/11165
[2026-09-11 22:28:00.480] [info] 6912/11165
[2026-09-11 22:28:00.480] [info] 6913/11165
[2026-09-11 22:28:00.481] [info] 6914/11165
[2026-09-11 22:28:00.481] [info] 6915/11165
[2026-09-11 22:28:00.488] [info] 6916/11165
[2026-09-11 22:28:00.497] [info] 6917/11165
[2026-09-11 22:28:00.497] [info] 6918/11165
[2026-09-11 22:28:00.498] [info] 6919/11165
[2026-09-11 22:28:00.498] [info] 6920/11165
[2026-09-11 22:28:00.499] [info] 6921/11165
[2026-09-11 22:28:00.499] [info] 6922/11165
[2026-09-11 22:28:00.499] [info] 6923/11165
[2026-09-11 22:28:00.500] [info] 6924/11165
[2026-09-11 22:28:00.500] [info] 6925/11165
[2026-09-11 22:28:00.501] [info] 6926/11165
[2026-09-11 22:28:00.501] [info] 6927/11165
[2026-09-11 22:28:00.501] [info] 6928/11165
[2026-09-11 22:28:00.502] [info] 6929/11165
[2026-09-11 22:28:00.502] [info] 6930/11165
[2026-09-11 22:28:00.502] [info] 6931/11165
[2026-09-11 22:28:00.503] [info] 6932/11165
[2026-09-11 22:28:00.509] [info] 6933/11165
[2026-09-11 22:28:00.509] [info] 6934/11165
[2026-09-11 22:28:00.509] [info] 6935/11165
[2026-09-11 22:28:00.510] [info] 6936/11165
[2026-09-11 22:28:00.510] [info] 6937/11165
[2026-09-11 22:28:00.510] [info] 6938/11165
[2026-09-11 22:28:00.511] [info] 6939/11165
[2026-09-11 22:28:00.511] [info] 6940/11165
[2026-09-11 22:28:00.511] [info] 6941/11165
[2026-09-11 22:28:00.512] [info] 6942/11165
[2026-09-11 22:28:00.512] [info] 6943/11165
[2026-09-11 22:28:00.513] [info] 6944/11165
[2026-09-11 22:28:00.513] [info] 6945/11165
[2026-09-11 22:28:00.513] [info] 6946/11165
[2026-09-11 22:28:00.514] [info] 6947/11165
[2026-09-11 22:28:00.514] [info] 6948/11165
[2026-09-11 22:28:00.514] [info] 6949/11165
[2026-09-11 22:28:00.515] [info] 6950/11165
[2026-09-11 22:28:00.515] [info] 6951/11165
[2026-09-11 22:28:00.515] [info] 6952/11165
[2026-09-11 22:28:00.516] [info] 6953/11165
[2026-09-11 22:28:00.516] [info] 6954/11165
[2026-09-11 22:28:00.516] [info] 6955/11165
[2026-09-11 22:28:00.517] [info] 6956/11165
[2026-09-11 22:28:00.517] [info] 6957/11165
[2026-09-11 22:28:00.518] [info] 6958/11165
[2026-09-11 22:28:00.518] [info] 6959/11165
[2026-09-11 22:28:00.518] [info] 6960/11165
[2026-09-11 22:28:00.519] [info] 6961/11165
[2026-09-11 22:28:00.519] [info] 6962/11165
[2026-09-11 22:28:00.519] [info] 6963/11165
[2026-09-11 22:28:00.520] [info] 6964/11165
[2026-09-11 22:28:00.520] [info] 6965/11165
[2026-09-11 22:28:00.520] [info] 6966/11165
[2026-09-11 22:28:00.521] [info] 6967/11165
[2026-09-11 22:28:00.521] [info] 6968/11165
[2026-09-11 22:28:00.521] [info] 6969/11165
[2026-09-11 22:28:00.522] [info] 6970/11165
[2026-09-11 22:28:00.522] [info] 6971/11165
[2026-09-11 22:28:00.522] [info] 6972/11165
[2026-09-11 22:28:00.527] [info] 6973/11165
[2026-09-11 22:28:00.533] [info] 6974/11165
[2026-09-11 22:28:00.533] [info] 6975/11165
[2026-09-11 22:28:00.533] [info] 6976/11165
[2026-09-11 22:28:00.539] [info] 6977/11165
[2026-09-11 22:28:00.548] [info] 6978/11165
[2026-09-11 22:28:00.548] [info] 6979/11165
[2026-09-11 22:28:00.549] [info] 6980/11165
[2026-09-11 22:28:00.549] [info] 6981/11165
[2026-09-11 22:28:00.549] [info] 6982/11165
[2026-09-11 22:28:00.550] [info] 6983/11165
[2026-09-11 22:28:00.550] [info] 6984/11165
[2026-09-11 22:28:00.551] [info] 6985/11165
[2026-09-11 22:28:00.551] [info] 6986/11165
[2026-09-11 22:28:00.551] [info] 6987/11165
[2026-09-11 22:28:00.552] [info] 6988/11165
[2026-09-11 22:28:00.552] [info] 6989/11165
[2026-09-11 22:28:00.558] [info] 6990/11165
[2026-09-11 22:28:00.565] [info] 6991/11165
[2026-09-11 22:28:00.565] [info] 6992/11165
[2026-09-11 22:28:00.566] [info] 6993/11165
[2026-09-11 22:28:00.566] [info] 6994/11165
[2026-09-11 22:28:00.567] [info] 6995/11165
[2026-09-11 22:28:00.567] [info] 6996/11165
[2026-09-11 22:28:00.567] [info] 6997/11165
[2026-09-11 22:28:00.568] [info] 6998/11165
[2026-09-11 22:28:00.568] [info] 6999/11165
[2026-09-11 22:28:00.568] [info] 7000/11165
[2026-09-11 22:28:00.569] [info] 7001/11165
[2026-09-11 22:28:00.569] [info] 7002/11165
[2026-09-11 22:28:00.569] [info] 7003/11165
[2026-09-11 22:28:00.570] [info] 7004/11165
[2026-09-11 22:28:00.570] [info] 7005/11165
[2026-09-11 22:28:00.571] [info] 7006/11165
[2026-09-11 22:28:00.575] [info] 7007/11165
[2026-09-11 22:28:00.576] [info] 7008/11165
[2026-09-11 22:28:00.576] [info] 7009/11165
[2026-09-11 22:28:00.576] [info] 7010/11165
[2026-09-11 22:28:00.577] [info] 7011/11165
[2026-09-11 22:28:00.577] [info] 7012/11165
[2026-09-11 22:28:00.578] [info] 7013/11165
[2026-09-11 22:28:00.578] [info] 7014/11165
[2026-09-11 22:28:00.578] [info] 7015/11165
[2026-09-11 22:28:00.579] [info] 7016/11165
[2026-09-11 22:28:00.579] [info] 7017/11165
[2026-09-11 22:28:00.579] [info] 7018/11165
[2026-09-11 22:28:00.580] [info] 7019/11165
[2026-09-11 22:28:00.580] [info] 7020/11165
[2026-09-11 22:28:00.580] [info] 7021/11165
[2026-09-11 22:28:00.581] [info] 7022/11165
[2026-09-11 22:28:00.581] [info] 7023/11165
[2026-09-11 22:28:00.581] [info] 7024/11165
[2026-09-11 22:28:00.582] [info] 7025/11165
[2026-09-11 22:28:00.582] [info] 7026/11165
[2026-09-11 22:28:00.582] [info] 7027/11165
[2026-09-11 22:28:00.583] [info] 7028/11165
[2026-09-11 22:28:00.583] [info] 7029/11165
[2026-09-11 22:28:00.584] [info] 7030/11165
[2026-09-11 22:28:00.584] [info] 7031/11165
[2026-09-11 22:28:00.584] [info] 7032/11165
[2026-09-11 22:28:00.585] [info] 7033/11165
[2026-09-11 22:28:00.585] [info] 7034/11165
[2026-09-11 22:28:00.585] [info] 7035/11165
[2026-09-11 22:28:00.586] [info] 7036/11165
[2026-09-11 22:28:00.586] [info] 7037/11165
[2026-09-11 22:28:00.586] [info] 7038/11165
[2026-09-11 22:28:00.587] [info] 7039/11165
[2026-09-11 22:28:00.590] [info] 7040/11165
[2026-09-11 22:28:00.596] [info] 7041/11165
[2026-09-11 22:28:00.596] [info] 7042/11165
[2026-09-11 22:28:00.597] [info] 7043/11165
[2026-09-11 22:28:00.599] [info] 7044/11165
[2026-09-11 22:28:00.604] [info] 7045/11165
[2026-09-11 22:28:00.604] [info] 7046/11165
[2026-09-11 22:28:00.605] [info] 7047/11165
[2026-09-11 22:28:00.605] [info] 7048/11165
[2026-09-11 22:28:00.607] [info] 7049/11165
[2026-09-11 22:28:00.612] [info] 7050/11165
[2026-09-11 22:28:00.612] [info] 7051/11165
[2026-09-11 22:28:00.613] [info] 7052/11165
[2026-09-11 22:28:00.617] [info] 7053/11165
[2026-09-11 22:28:00.624] [info] 7054/11165
[2026-09-11 22:28:00.624] [info] 7055/11165
[2026-09-11 22:28:00.624] [info] 7056/11165
[2026-09-11 22:28:00.627] [info] 7057/11165
[2026-09-11 22:28:00.628] [info] 7058/11165
[2026-09-11 22:28:00.628] [info] 7059/11165
[2026-09-11 22:28:00.628] [info] 7060/11165
[2026-09-11 22:28:00.629] [info] 7061/11165
[2026-09-11 22:28:00.629] [info] 7062/11165
[2026-09-11 22:28:00.629] [info] 7063/11165
[2026-09-11 22:28:00.630] [info] 7064/11165
[2026-09-11 22:28:00.633] [info] 7065/11165
[2026-09-11 22:28:00.636] [info] 7066/11165
[2026-09-11 22:28:00.640] [info] 7067/11165
[2026-09-11 22:28:00.643] [info] 7068/11165
[2026-09-11 22:28:00.643] [info] 7069/11165
[2026-09-11 22:28:00.646] [info] 7070/11165
[2026-09-11 22:28:00.649] [info] 7071/11165
[2026-09-11 22:28:00.654] [info] 7072/11165
[2026-09-11 22:28:00.658] [info] 7073/11165
[2026-09-11 22:28:00.661] [info] 7074/11165
[2026-09-11 22:28:00.666] [info] 7075/11165
[2026-09-11 22:28:00.674] [info] 7076/11165
[2026-09-11 22:28:00.679] [info] 7077/11165
[2026-09-11 22:28:00.684] [info] 7078/11165
[2026-09-11 22:28:00.688] [info] 7079/11165
[2026-09-11 22:28:00.693] [info] 7080/11165
[2026-09-11 22:28:00.697] [info] 7081/11165
[2026-09-11 22:28:00.698] [info] 7082/11165
[2026-09-11 22:28:00.701] [info] 7083/11165
[2026-09-11 22:28:00.705] [info] 7084/11165
[2026-09-11 22:28:00.705] [info] 7085/11165
[2026-09-11 22:28:00.706] [info] 7086/11165
[2026-09-11 22:28:00.710] [info] 7087/11165
[2026-09-11 22:28:00.715] [info] 7088/11165
[2026-09-11 22:28:00.722] [info] 7089/11165
[2026-09-11 22:28:00.723] [info] 7090/11165
[2026-09-11 22:28:00.723] [info] 7091/11165
[2026-09-11 22:28:00.731] [info] 7092/11165
[2026-09-11 22:28:00.741] [info] 7093/11165
[2026-09-11 22:28:00.741] [info] 7094/11165
[2026-09-11 22:28:00.742] [info] 7095/11165
[2026-09-11 22:28:00.748] [info] 7096/11165
[2026-09-11 22:28:00.755] [info] 7097/11165
[2026-09-11 22:28:00.755] [info] 7098/11165
[2026-09-11 22:28:00.756] [info] 7099/11165
[2026-09-11 22:28:00.760] [info] 7100/11165
[2026-09-11 22:28:00.766] [info] 7101/11165
[2026-09-11 22:28:00.767] [info] 7102/11165
[2026-09-11 22:28:00.767] [info] 7103/11165
[2026-09-11 22:28:00.767] [info] 7104/11165
[2026-09-11 22:28:00.771] [info] 7105/11165
[2026-09-11 22:28:00.772] [info] 7106/11165
[2026-09-11 22:28:00.772] [info] 7107/11165
[2026-09-11 22:28:00.772] [info] 7108/11165
[2026-09-11 22:28:00.778] [info] 7109/11165
[2026-09-11 22:28:00.779] [info] 7110/11165
[2026-09-11 22:28:00.779] [info] 7111/11165
[2026-09-11 22:28:00.779] [info] 7112/11165
[2026-09-11 22:28:00.780] [info] 7113/11165
[2026-09-11 22:28:00.780] [info] 7114/11165
[2026-09-11 22:28:00.780] [info] 7115/11165
[2026-09-11 22:28:00.781] [info] 7116/11165
[2026-09-11 22:28:00.781] [info] 7117/11165
[2026-09-11 22:28:00.781] [info] 7118/11165
[2026-09-11 22:28:00.782] [info] 7119/11165
[2026-09-11 22:28:00.782] [info] 7120/11165
[2026-09-11 22:28:00.782] [info] 7121/11165
[2026-09-11 22:28:00.785] [info] 7122/11165
[2026-09-11 22:28:00.786] [info] 7123/11165
[2026-09-11 22:28:00.786] [info] 7124/11165
[2026-09-11 22:28:00.786] [info] 7125/11165
[2026-09-11 22:28:00.791] [info] 7126/11165
[2026-09-11 22:28:00.791] [info] 7127/11165
[2026-09-11 22:28:00.791] [info] 7128/11165
[2026-09-11 22:28:00.792] [info] 7129/11165
[2026-09-11 22:28:00.792] [info] 7130/11165
[2026-09-11 22:28:00.793] [info] 7131/11165
[2026-09-11 22:28:00.793] [info] 7132/11165
[2026-09-11 22:28:00.793] [info] 7133/11165
[2026-09-11 22:28:00.794] [info] 7134/11165
[2026-09-11 22:28:00.794] [info] 7135/11165
[2026-09-11 22:28:00.794] [info] 7136/11165
[2026-09-11 22:28:00.795] [info] 7137/11165
[2026-09-11 22:28:00.795] [info] 7138/11165
[2026-09-11 22:28:00.799] [info] 7139/11165
[2026-09-11 22:28:00.805] [info] 7140/11165
[2026-09-11 22:28:00.806] [info] 7141/11165
[2026-09-11 22:28:00.806] [info] 7142/11165
[2026-09-11 22:28:00.811] [info] 7143/11165
[2026-09-11 22:28:00.816] [info] 7144/11165
[2026-09-11 22:28:00.823] [info] 7145/11165
[2026-09-11 22:28:00.829] [info] 7146/11165
[2026-09-11 22:28:00.834] [info] 7147/11165
[2026-09-11 22:28:00.841] [info] 7148/11165
[2026-09-11 22:28:00.850] [info] 7149/11165
[2026-09-11 22:28:00.858] [info] 7150/11165
[2026-09-11 22:28:00.858] [info] 7151/11165
[2026-09-11 22:28:00.864] [info] 7152/11165
[2026-09-11 22:28:00.871] [info] 7153/11165
[2026-09-11 22:28:00.872] [info] 7154/11165
[2026-09-11 22:28:00.872] [info] 7155/11165
[2026-09-11 22:28:00.873] [info] 7156/11165
[2026-09-11 22:28:00.873] [info] 7157/11165
[2026-09-11 22:28:00.873] [info] 7158/11165
[2026-09-11 22:28:00.874] [info] 7159/11165
[2026-09-11 22:28:00.874] [info] 7160/11165
[2026-09-11 22:28:00.882] [info] 7161/11165
[2026-09-11 22:28:00.892] [info] 7162/11165
[2026-09-11 22:28:00.892] [info] 7163/11165
[2026-09-11 22:28:00.892] [info] 7164/11165
[2026-09-11 22:28:00.903] [info] 7165/11165
[2026-09-11 22:28:00.903] [info] 7166/11165
[2026-09-11 22:28:00.903] [info] 7167/11165
[2026-09-11 22:28:00.904] [info] 7168/11165
[2026-09-11 22:28:00.904] [info] 7169/11165
[2026-09-11 22:28:00.905] [info] 7170/11165
[2026-09-11 22:28:00.905] [info] 7171/11165
[2026-09-11 22:28:00.905] [info] 7172/11165
[2026-09-11 22:28:00.906] [info] 7173/11165
[2026-09-11 22:28:00.906] [info] 7174/11165
[2026-09-11 22:28:00.906] [info] 7175/11165
[2026-09-11 22:28:00.907] [info] 7176/11165
[2026-09-11 22:28:00.907] [info] 7177/11165
[2026-09-11 22:28:00.913] [info] 7178/11165
[2026-09-11 22:28:00.913] [info] 7179/11165
[2026-09-11 22:28:00.914] [info] 7180/11165
[2026-09-11 22:28:00.914] [info] 7181/11165
[2026-09-11 22:28:00.915] [info] 7182/11165
[2026-09-11 22:28:00.915] [info] 7183/11165
[2026-09-11 22:28:00.915] [info] 7184/11165
[2026-09-11 22:28:00.916] [info] 7185/11165
[2026-09-11 22:28:00.916] [info] 7186/11165
[2026-09-11 22:28:00.916] [info] 7187/11165
[2026-09-11 22:28:00.917] [info] 7188/11165
[2026-09-11 22:28:00.917] [info] 7189/11165
[2026-09-11 22:28:00.917] [info] 7190/11165
[2026-09-11 22:28:00.918] [info] 7191/11165
[2026-09-11 22:28:00.918] [info] 7192/11165
[2026-09-11 22:28:00.918] [info] 7193/11165
[2026-09-11 22:28:00.919] [info] 7194/11165
[2026-09-11 22:28:00.919] [info] 7195/11165
[2026-09-11 22:28:00.920] [info] 7196/11165
[2026-09-11 22:28:00.920] [info] 7197/11165
[2026-09-11 22:28:00.920] [info] 7198/11165
[2026-09-11 22:28:00.921] [info] 7199/11165
[2026-09-11 22:28:00.921] [info] 7200/11165
[2026-09-11 22:28:00.921] [info] 7201/11165
[2026-09-11 22:28:00.922] [info] 7202/11165
[2026-09-11 22:28:00.922] [info] 7203/11165
[2026-09-11 22:28:00.922] [info] 7204/11165
[2026-09-11 22:28:00.923] [info] 7205/11165
[2026-09-11 22:28:00.923] [info] 7206/11165
[2026-09-11 22:28:00.923] [info] 7207/11165
[2026-09-11 22:28:00.924] [info] 7208/11165
[2026-09-11 22:28:00.924] [info] 7209/11165
[2026-09-11 22:28:00.925] [info] 7210/11165
[2026-09-11 22:28:00.925] [info] 7211/11165
[2026-09-11 22:28:00.925] [info] 7212/11165
[2026-09-11 22:28:00.926] [info] 7213/11165
[2026-09-11 22:28:00.926] [info] 7214/11165
[2026-09-11 22:28:00.926] [info] 7215/11165
[2026-09-11 22:28:00.927] [info] 7216/11165
[2026-09-11 22:28:00.930] [info] 7217/11165
[2026-09-11 22:28:00.936] [info] 7218/11165
[2026-09-11 22:28:00.936] [info] 7219/11165
[2026-09-11 22:28:00.936] [info] 7220/11165
[2026-09-11 22:28:00.942] [info] 7221/11165
[2026-09-11 22:28:00.950] [info] 7222/11165
[2026-09-11 22:28:00.950] [info] 7223/11165
[2026-09-11 22:28:00.951] [info] 7224/11165
[2026-09-11 22:28:00.951] [info] 7225/11165
[2026-09-11 22:28:00.951] [info] 7226/11165
[2026-09-11 22:28:00.952] [info] 7227/11165
[2026-09-11 22:28:00.952] [info] 7228/11165
[2026-09-11 22:28:00.952] [info] 7229/11165
[2026-09-11 22:28:00.953] [info] 7230/11165
[2026-09-11 22:28:00.953] [info] 7231/11165
[2026-09-11 22:28:00.953] [info] 7232/11165
[2026-09-11 22:28:00.954] [info] 7233/11165
[2026-09-11 22:28:00.959] [info] 7234/11165
[2026-09-11 22:28:00.966] [info] 7235/11165
[2026-09-11 22:28:00.967] [info] 7236/11165
[2026-09-11 22:28:00.967] [info] 7237/11165
[2026-09-11 22:28:00.968] [info] 7238/11165
[2026-09-11 22:28:00.968] [info] 7239/11165
[2026-09-11 22:28:00.968] [info] 7240/11165
[2026-09-11 22:28:00.969] [info] 7241/11165
[2026-09-11 22:28:00.969] [info] 7242/11165
[2026-09-11 22:28:00.969] [info] 7243/11165
[2026-09-11 22:28:00.970] [info] 7244/11165
[2026-09-11 22:28:00.970] [info] 7245/11165
[2026-09-11 22:28:00.971] [info] 7246/11165
[2026-09-11 22:28:00.971] [info] 7247/11165
[2026-09-11 22:28:00.971] [info] 7248/11165
[2026-09-11 22:28:00.972] [info] 7249/11165
[2026-09-11 22:28:00.972] [info] 7250/11165
[2026-09-11 22:28:00.976] [info] 7251/11165
[2026-09-11 22:28:00.976] [info] 7252/11165
[2026-09-11 22:28:00.977] [info] 7253/11165
[2026-09-11 22:28:00.977] [info] 7254/11165
[2026-09-11 22:28:00.977] [info] 7255/11165
[2026-09-11 22:28:00.978] [info] 7256/11165
[2026-09-11 22:28:00.978] [info] 7257/11165
[2026-09-11 22:28:00.978] [info] 7258/11165
[2026-09-11 22:28:00.979] [info] 7259/11165
[2026-09-11 22:28:00.979] [info] 7260/11165
[2026-09-11 22:28:00.979] [info] 7261/11165
[2026-09-11 22:28:00.980] [info] 7262/11165
[2026-09-11 22:28:00.980] [info] 7263/11165
[2026-09-11 22:28:00.980] [info] 7264/11165
[2026-09-11 22:28:00.981] [info] 7265/11165
[2026-09-11 22:28:00.981] [info] 7266/11165
[2026-09-11 22:28:00.981] [info] 7267/11165
[2026-09-11 22:28:00.982] [info] 7268/11165
[2026-09-11 22:28:00.982] [info] 7269/11165
[2026-09-11 22:28:00.982] [info] 7270/11165
[2026-09-11 22:28:00.983] [info] 7271/11165
[2026-09-11 22:28:00.983] [info] 7272/11165
[2026-09-11 22:28:00.984] [info] 7273/11165
[2026-09-11 22:28:00.984] [info] 7274/11165
[2026-09-11 22:28:00.984] [info] 7275/11165
[2026-09-11 22:28:00.985] [info] 7276/11165
[2026-09-11 22:28:00.985] [info] 7277/11165
[2026-09-11 22:28:00.985] [info] 7278/11165
[2026-09-11 22:28:00.986] [info] 7279/11165
[2026-09-11 22:28:00.986] [info] 7280/11165
[2026-09-11 22:28:00.987] [info] 7281/11165
[2026-09-11 22:28:00.987] [info] 7282/11165
[2026-09-11 22:28:00.987] [info] 7283/11165
[2026-09-11 22:28:00.987] [info] 7284/11165
[2026-09-11 22:28:00.988] [info] 7285/11165
[2026-09-11 22:28:00.988] [info] 7286/11165
[2026-09-11 22:28:00.988] [info] 7287/11165
[2026-09-11 22:28:00.989] [info] 7288/11165
[2026-09-11 22:28:00.989] [info] 7289/11165
[2026-09-11 22:28:00.992] [info] 7290/11165
[2026-09-11 22:28:00.996] [info] 7291/11165
[2026-09-11 22:28:00.997] [info] 7292/11165
[2026-09-11 22:28:00.997] [info] 7293/11165
[2026-09-11 22:28:01.002] [info] 7294/11165
[2026-09-11 22:28:01.009] [info] 7295/11165
[2026-09-11 22:28:01.009] [info] 7296/11165
[2026-09-11 22:28:01.010] [info] 7297/11165
[2026-09-11 22:28:01.010] [info] 7298/11165
[2026-09-11 22:28:01.011] [info] 7299/11165
[2026-09-11 22:28:01.011] [info] 7300/11165
[2026-09-11 22:28:01.011] [info] 7301/11165
[2026-09-11 22:28:01.012] [info] 7302/11165
[2026-09-11 22:28:01.012] [info] 7303/11165
[2026-09-11 22:28:01.012] [info] 7304/11165
[2026-09-11 22:28:01.013] [info] 7305/11165
[2026-09-11 22:28:01.013] [info] 7306/11165
[2026-09-11 22:28:01.017] [info] 7307/11165
[2026-09-11 22:28:01.024] [info] 7308/11165
[2026-09-11 22:28:01.024] [info] 7309/11165
[2026-09-11 22:28:01.024] [info] 7310/11165
[2026-09-11 22:28:01.025] [info] 7311/11165
[2026-09-11 22:28:01.025] [info] 7312/11165
[2026-09-11 22:28:01.025] [info] 7313/11165
[2026-09-11 22:28:01.026] [info] 7314/11165
[2026-09-11 22:28:01.026] [info] 7315/11165
[2026-09-11 22:28:01.026] [info] 7316/11165
[2026-09-11 22:28:01.027] [info] 7317/11165
[2026-09-11 22:28:01.027] [info] 7318/11165
[2026-09-11 22:28:01.027] [info] 7319/11165
[2026-09-11 22:28:01.028] [info] 7320/11165
[2026-09-11 22:28:01.028] [info] 7321/11165
[2026-09-11 22:28:01.028] [info] 7322/11165
[2026-09-11 22:28:01.029] [info] 7323/11165
[2026-09-11 22:28:01.032] [info] 7324/11165
[2026-09-11 22:28:01.032] [info] 7325/11165
[2026-09-11 22:28:01.033] [info] 7326/11165
[2026-09-11 22:28:01.033] [info] 7327/11165
[2026-09-11 22:28:01.033] [info] 7328/11165
[2026-09-11 22:28:01.034] [info] 7329/11165
[2026-09-11 22:28:01.034] [info] 7330/11165
[2026-09-11 22:28:01.034] [info] 7331/11165
[2026-09-11 22:28:01.035] [info] 7332/11165
[2026-09-11 22:28:01.035] [info] 7333/11165
[2026-09-11 22:28:01.035] [info] 7334/11165
[2026-09-11 22:28:01.036] [info] 7335/11165
[2026-09-11 22:28:01.036] [info] 7336/11165
[2026-09-11 22:28:01.036] [info] 7337/11165
[2026-09-11 22:28:01.037] [info] 7338/11165
[2026-09-11 22:28:01.037] [info] 7339/11165
[2026-09-11 22:28:01.037] [info] 7340/11165
[2026-09-11 22:28:01.038] [info] 7341/11165
[2026-09-11 22:28:01.038] [info] 7342/11165
[2026-09-11 22:28:01.039] [info] 7343/11165
[2026-09-11 22:28:01.039] [info] 7344/11165
[2026-09-11 22:28:01.039] [info] 7345/11165
[2026-09-11 22:28:01.040] [info] 7346/11165
[2026-09-11 22:28:01.040] [info] 7347/11165
[2026-09-11 22:28:01.040] [info] 7348/11165
[2026-09-11 22:28:01.041] [info] 7349/11165
[2026-09-11 22:28:01.041] [info] 7350/11165
[2026-09-11 22:28:01.041] [info] 7351/11165
[2026-09-11 22:28:01.042] [info] 7352/11165
[2026-09-11 22:28:01.042] [info] 7353/11165
[2026-09-11 22:28:01.042] [info] 7354/11165
[2026-09-11 22:28:01.043] [info] 7355/11165
[2026-09-11 22:28:01.043] [info] 7356/11165
[2026-09-11 22:28:01.043] [info] 7357/11165
[2026-09-11 22:28:01.044] [info] 7358/11165
[2026-09-11 22:28:01.044] [info] 7359/11165
[2026-09-11 22:28:01.044] [info] 7360/11165
[2026-09-11 22:28:01.045] [info] 7361/11165
[2026-09-11 22:28:01.046] [info] 7362/11165
[2026-09-11 22:28:01.047] [info] 7363/11165
[2026-09-11 22:28:01.047] [info] 7364/11165
[2026-09-11 22:28:01.047] [info] 7365/11165
[2026-09-11 22:28:01.051] [info] 7366/11165
[2026-09-11 22:28:01.051] [info] 7367/11165
[2026-09-11 22:28:01.052] [info] 7368/11165
[2026-09-11 22:28:01.052] [info] 7369/11165
[2026-09-11 22:28:01.052] [info] 7370/11165
[2026-09-11 22:28:01.053] [info] 7371/11165
[2026-09-11 22:28:01.053] [info] 7372/11165
[2026-09-11 22:28:01.053] [info] 7373/11165
[2026-09-11 22:28:01.054] [info] 7374/11165
[2026-09-11 22:28:01.054] [info] 7375/11165
[2026-09-11 22:28:01.054] [info] 7376/11165
[2026-09-11 22:28:01.055] [info] 7377/11165
[2026-09-11 22:28:01.056] [info] 7378/11165
[2026-09-11 22:28:01.060] [info] 7379/11165
[2026-09-11 22:28:01.060] [info] 7380/11165
[2026-09-11 22:28:01.060] [info] 7381/11165
[2026-09-11 22:28:01.062] [info] 7382/11165
[2026-09-11 22:28:01.065] [info] 7383/11165
[2026-09-11 22:28:01.069] [info] 7384/11165
[2026-09-11 22:28:01.072] [info] 7385/11165
[2026-09-11 22:28:01.074] [info] 7386/11165
[2026-09-11 22:28:01.078] [info] 7387/11165
[2026-09-11 22:28:01.085] [info] 7388/11165
[2026-09-11 22:28:01.090] [info] 7389/11165
[2026-09-11 22:28:01.093] [info] 7390/11165
[2026-09-11 22:28:01.096] [info] 7391/11165
[2026-09-11 22:28:01.101] [info] 7392/11165
[2026-09-11 22:28:01.102] [info] 7393/11165
[2026-09-11 22:28:01.102] [info] 7394/11165
[2026-09-11 22:28:01.104] [info] 7395/11165
[2026-09-11 22:28:01.107] [info] 7396/11165
[2026-09-11 22:28:01.108] [info] 7397/11165
[2026-09-11 22:28:01.108] [info] 7398/11165
[2026-09-11 22:28:01.109] [info] 7399/11165
[2026-09-11 22:28:01.113] [info] 7400/11165
[2026-09-11 22:28:01.119] [info] 7401/11165
[2026-09-11 22:28:01.119] [info] 7402/11165
[2026-09-11 22:28:01.120] [info] 7403/11165
[2026-09-11 22:28:01.127] [info] 7404/11165
[2026-09-11 22:28:01.136] [info] 7405/11165
[2026-09-11 22:28:01.137] [info] 7406/11165
[2026-09-11 22:28:01.137] [info] 7407/11165
[2026-09-11 22:28:01.142] [info] 7408/11165
[2026-09-11 22:28:01.142] [info] 7409/11165
[2026-09-11 22:28:01.143] [info] 7410/11165
[2026-09-11 22:28:01.143] [info] 7411/11165
[2026-09-11 22:28:01.143] [info] 7412/11165
[2026-09-11 22:28:01.144] [info] 7413/11165
[2026-09-11 22:28:01.144] [info] 7414/11165
[2026-09-11 22:28:01.145] [info] 7415/11165
[2026-09-11 22:28:01.145] [info] 7416/11165
[2026-09-11 22:28:01.148] [info] 7417/11165
[2026-09-11 22:28:01.148] [info] 7418/11165
[2026-09-11 22:28:01.149] [info] 7419/11165
[2026-09-11 22:28:01.149] [info] 7420/11165
[2026-09-11 22:28:01.154] [info] 7421/11165
[2026-09-11 22:28:01.154] [info] 7422/11165
[2026-09-11 22:28:01.155] [info] 7423/11165
[2026-09-11 22:28:01.155] [info] 7424/11165
[2026-09-11 22:28:01.156] [info] 7425/11165
[2026-09-11 22:28:01.156] [info] 7426/11165
[2026-09-11 22:28:01.156] [info] 7427/11165
[2026-09-11 22:28:01.157] [info] 7428/11165
[2026-09-11 22:28:01.157] [info] 7429/11165
[2026-09-11 22:28:01.157] [info] 7430/11165
[2026-09-11 22:28:01.158] [info] 7431/11165
[2026-09-11 22:28:01.158] [info] 7432/11165
[2026-09-11 22:28:01.158] [info] 7433/11165
[2026-09-11 22:28:01.159] [info] 7434/11165
[2026-09-11 22:28:01.159] [info] 7435/11165
[2026-09-11 22:28:01.159] [info] 7436/11165
[2026-09-11 22:28:01.160] [info] 7437/11165
[2026-09-11 22:28:01.160] [info] 7438/11165
[2026-09-11 22:28:01.161] [info] 7439/11165
[2026-09-11 22:28:01.161] [info] 7440/11165
[2026-09-11 22:28:01.161] [info] 7441/11165
[2026-09-11 22:28:01.162] [info] 7442/11165
[2026-09-11 22:28:01.162] [info] 7443/11165
[2026-09-11 22:28:01.162] [info] 7444/11165
[2026-09-11 22:28:01.163] [info] 7445/11165
[2026-09-11 22:28:01.163] [info] 7446/11165
[2026-09-11 22:28:01.163] [info] 7447/11165
[2026-09-11 22:28:01.164] [info] 7448/11165
[2026-09-11 22:28:01.164] [info] 7449/11165
[2026-09-11 22:28:01.167] [info] 7450/11165
[2026-09-11 22:28:01.172] [info] 7451/11165
[2026-09-11 22:28:01.173] [info] 7452/11165
[2026-09-11 22:28:01.173] [info] 7453/11165
[2026-09-11 22:28:01.176] [info] 7454/11165
[2026-09-11 22:28:01.180] [info] 7455/11165
[2026-09-11 22:28:01.186] [info] 7456/11165
[2026-09-11 22:28:01.191] [info] 7457/11165
[2026-09-11 22:28:01.194] [info] 7458/11165
[2026-09-11 22:28:01.200] [info] 7459/11165
[2026-09-11 22:28:01.209] [info] 7460/11165
[2026-09-11 22:28:01.215] [info] 7461/11165
[2026-09-11 22:28:01.215] [info] 7462/11165
[2026-09-11 22:28:01.220] [info] 7463/11165
[2026-09-11 22:28:01.226] [info] 7464/11165
[2026-09-11 22:28:01.226] [info] 7465/11165
[2026-09-11 22:28:01.227] [info] 7466/11165
[2026-09-11 22:28:01.227] [info] 7467/11165
[2026-09-11 22:28:01.228] [info] 7468/11165
[2026-09-11 22:28:01.228] [info] 7469/11165
[2026-09-11 22:28:01.228] [info] 7470/11165
[2026-09-11 22:28:01.229] [info] 7471/11165
[2026-09-11 22:28:01.235] [info] 7472/11165
[2026-09-11 22:28:01.244] [info] 7473/11165
[2026-09-11 22:28:01.244] [info] 7474/11165
[2026-09-11 22:28:01.244] [info] 7475/11165
[2026-09-11 22:28:01.254] [info] 7476/11165
[2026-09-11 22:28:01.254] [info] 7477/11165
[2026-09-11 22:28:01.254] [info] 7478/11165
[2026-09-11 22:28:01.255] [info] 7479/11165
[2026-09-11 22:28:01.255] [info] 7480/11165
[2026-09-11 22:28:01.256] [info] 7481/11165
[2026-09-11 22:28:01.256] [info] 7482/11165
[2026-09-11 22:28:01.256] [info] 7483/11165
[2026-09-11 22:28:01.257] [info] 7484/11165
[2026-09-11 22:28:01.257] [info] 7485/11165
[2026-09-11 22:28:01.257] [info] 7486/11165
[2026-09-11 22:28:01.258] [info] 7487/11165
[2026-09-11 22:28:01.258] [info] 7488/11165
[2026-09-11 22:28:01.263] [info] 7489/11165
[2026-09-11 22:28:01.263] [info] 7490/11165
[2026-09-11 22:28:01.264] [info] 7491/11165
[2026-09-11 22:28:01.264] [info] 7492/11165
[2026-09-11 22:28:01.264] [info] 7493/11165
[2026-09-11 22:28:01.265] [info] 7494/11165
[2026-09-11 22:28:01.265] [info] 7495/11165
[2026-09-11 22:28:01.265] [info] 7496/11165
[2026-09-11 22:28:01.266] [info] 7497/11165
[2026-09-11 22:28:01.266] [info] 7498/11165
[2026-09-11 22:28:01.266] [info] 7499/11165
[2026-09-11 22:28:01.267] [info] 7500/11165
[2026-09-11 22:28:01.267] [info] 7501/11165
[2026-09-11 22:28:01.267] [info] 7502/11165
[2026-09-11 22:28:01.268] [info] 7503/11165
[2026-09-11 22:28:01.268] [info] 7504/11165
[2026-09-11 22:28:01.268] [info] 7505/11165
[2026-09-11 22:28:01.269] [info] 7506/11165
[2026-09-11 22:28:01.269] [info] 7507/11165
[2026-09-11 22:28:01.270] [info] 7508/11165
[2026-09-11 22:28:01.270] [info] 7509/11165
[2026-09-11 22:28:01.270] [info] 7510/11165
[2026-09-11 22:28:01.271] [info] 7511/11165
[2026-09-11 22:28:01.271] [info] 7512/11165
[2026-09-11 22:28:01.271] [info] 7513/11165
[2026-09-11 22:28:01.272] [info] 7514/11165
[2026-09-11 22:28:01.272] [info] 7515/11165
[2026-09-11 22:28:01.272] [info] 7516/11165
[2026-09-11 22:28:01.273] [info] 7517/11165
[2026-09-11 22:28:01.273] [info] 7518/11165
[2026-09-11 22:28:01.273] [info] 7519/11165
[2026-09-11 22:28:01.274] [info] 7520/11165
[2026-09-11 22:28:01.274] [info] 7521/11165
[2026-09-11 22:28:01.275] [info] 7522/11165
[2026-09-11 22:28:01.275] [info] 7523/11165
[2026-09-11 22:28:01.275] [info] 7524/11165
[2026-09-11 22:28:01.276] [info] 7525/11165
[2026-09-11 22:28:01.276] [info] 7526/11165
[2026-09-11 22:28:01.279] [info] 7527/11165
[2026-09-11 22:28:01.283] [info] 7528/11165
[2026-09-11 22:28:01.284] [info] 7529/11165
[2026-09-11 22:28:01.284] [info] 7530/11165
[2026-09-11 22:28:01.289] [info] 7531/11165
[2026-09-11 22:28:01.296] [info] 7532/11165
[2026-09-11 22:28:01.297] [info] 7533/11165
[2026-09-11 22:28:01.297] [info] 7534/11165
[2026-09-11 22:28:01.297] [info] 7535/11165
[2026-09-11 22:28:01.298] [info] 7536/11165
[2026-09-11 22:28:01.298] [info] 7537/11165
[2026-09-11 22:28:01.298] [info] 7538/11165
[2026-09-11 22:28:01.299] [info] 7539/11165
[2026-09-11 22:28:01.299] [info] 7540/11165
[2026-09-11 22:28:01.299] [info] 7541/11165
[2026-09-11 22:28:01.300] [info] 7542/11165
[2026-09-11 22:28:01.300] [info] 7543/11165
[2026-09-11 22:28:01.305] [info] 7544/11165
[2026-09-11 22:28:01.311] [info] 7545/11165
[2026-09-11 22:28:01.312] [info] 7546/11165
[2026-09-11 22:28:01.312] [info] 7547/11165
[2026-09-11 22:28:01.312] [info] 7548/11165
[2026-09-11 22:28:01.313] [info] 7549/11165
[2026-09-11 22:28:01.313] [info] 7550/11165
[2026-09-11 22:28:01.314] [info] 7551/11165
[2026-09-11 22:28:01.314] [info] 7552/11165
[2026-09-11 22:28:01.314] [info] 7553/11165
[2026-09-11 22:28:01.315] [info] 7554/11165
[2026-09-11 22:28:01.315] [info] 7555/11165
[2026-09-11 22:28:01.315] [info] 7556/11165
[2026-09-11 22:28:01.316] [info] 7557/11165
[2026-09-11 22:28:01.316] [info] 7558/11165
[2026-09-11 22:28:01.316] [info] 7559/11165
[2026-09-11 22:28:01.317] [info] 7560/11165
[2026-09-11 22:28:01.320] [info] 7561/11165
[2026-09-11 22:28:01.320] [info] 7562/11165
[2026-09-11 22:28:01.321] [info] 7563/11165
[2026-09-11 22:28:01.321] [info] 7564/11165
[2026-09-11 22:28:01.321] [info] 7565/11165
[2026-09-11 22:28:01.322] [info] 7566/11165
[2026-09-11 22:28:01.322] [info] 7567/11165
[2026-09-11 22:28:01.322] [info] 7568/11165
[2026-09-11 22:28:01.323] [info] 7569/11165
[2026-09-11 22:28:01.323] [info] 7570/11165
[2026-09-11 22:28:01.323] [info] 7571/11165
[2026-09-11 22:28:01.324] [info] 7572/11165
[2026-09-11 22:28:01.324] [info] 7573/11165
[2026-09-11 22:28:01.324] [info] 7574/11165
[2026-09-11 22:28:01.325] [info] 7575/11165
[2026-09-11 22:28:01.325] [info] 7576/11165
[2026-09-11 22:28:01.325] [info] 7577/11165
[2026-09-11 22:28:01.326] [info] 7578/11165
[2026-09-11 22:28:01.326] [info] 7579/11165
[2026-09-11 22:28:01.326] [info] 7580/11165
[2026-09-11 22:28:01.327] [info] 7581/11165
[2026-09-11 22:28:01.327] [info] 7582/11165
[2026-09-11 22:28:01.327] [info] 7583/11165
[2026-09-11 22:28:01.328] [info] 7584/11165
[2026-09-11 22:28:01.328] [info] 7585/11165
[2026-09-11 22:28:01.328] [info] 7586/11165
[2026-09-11 22:28:01.329] [info] 7587/11165
[2026-09-11 22:28:01.329] [info] 7588/11165
[2026-09-11 22:28:01.329] [info] 7589/11165
[2026-09-11 22:28:01.330] [info] 7590/11165
[2026-09-11 22:28:01.330] [info] 7591/11165
[2026-09-11 22:28:01.330] [info] 7592/11165
[2026-09-11 22:28:01.331] [info] 7593/11165
[2026-09-11 22:28:01.331] [info] 7594/11165
[2026-09-11 22:28:01.331] [info] 7595/11165
[2026-09-11 22:28:01.332] [info] 7596/11165
[2026-09-11 22:28:01.332] [info] 7597/11165
[2026-09-11 22:28:01.332] [info] 7598/11165
[2026-09-11 22:28:01.334] [info] 7599/11165
[2026-09-11 22:28:01.338] [info] 7600/11165
[2026-09-11 22:28:01.339] [info] 7601/11165
[2026-09-11 22:28:01.339] [info] 7602/11165
[2026-09-11 22:28:01.343] [info] 7603/11165
[2026-09-11 22:28:01.350] [info] 7604/11165
[2026-09-11 22:28:01.350] [info] 7605/11165
[2026-09-11 22:28:01.350] [info] 7606/11165
[2026-09-11 22:28:01.351] [info] 7607/11165
[2026-09-11 22:28:01.351] [info] 7608/11165
[2026-09-11 22:28:01.352] [info] 7609/11165
[2026-09-11 22:28:01.352] [info] 7610/11165
[2026-09-11 22:28:01.352] [info] 7611/11165
[2026-09-11 22:28:01.353] [info] 7612/11165
[2026-09-11 22:28:01.353] [info] 7613/11165
[2026-09-11 22:28:01.353] [info] 7614/11165
[2026-09-11 22:28:01.354] [info] 7615/11165
[2026-09-11 22:28:01.357] [info] 7616/11165
[2026-09-11 22:28:01.363] [info] 7617/11165
[2026-09-11 22:28:01.363] [info] 7618/11165
[2026-09-11 22:28:01.364] [info] 7619/11165
[2026-09-11 22:28:01.364] [info] 7620/11165
[2026-09-11 22:28:01.364] [info] 7621/11165
[2026-09-11 22:28:01.365] [info] 7622/11165
[2026-09-11 22:28:01.365] [info] 7623/11165
[2026-09-11 22:28:01.365] [info] 7624/11165
[2026-09-11 22:28:01.366] [info] 7625/11165
[2026-09-11 22:28:01.366] [info] 7626/11165
[2026-09-11 22:28:01.366] [info] 7627/11165
[2026-09-11 22:28:01.367] [info] 7628/11165
[2026-09-11 22:28:01.367] [info] 7629/11165
[2026-09-11 22:28:01.367] [info] 7630/11165
[2026-09-11 22:28:01.368] [info] 7631/11165
[2026-09-11 22:28:01.368] [info] 7632/11165
[2026-09-11 22:28:01.371] [info] 7633/11165
[2026-09-11 22:28:01.371] [info] 7634/11165
[2026-09-11 22:28:01.371] [info] 7635/11165
[2026-09-11 22:28:01.372] [info] 7636/11165
[2026-09-11 22:28:01.372] [info] 7637/11165
[2026-09-11 22:28:01.372] [info] 7638/11165
[2026-09-11 22:28:01.373] [info] 7639/11165
[2026-09-11 22:28:01.373] [info] 7640/11165
[2026-09-11 22:28:01.373] [info] 7641/11165
[2026-09-11 22:28:01.374] [info] 7642/11165
[2026-09-11 22:28:01.374] [info] 7643/11165
[2026-09-11 22:28:01.374] [info] 7644/11165
[2026-09-11 22:28:01.375] [info] 7645/11165
[2026-09-11 22:28:01.375] [info] 7646/11165
[2026-09-11 22:28:01.375] [info] 7647/11165
[2026-09-11 22:28:01.376] [info] 7648/11165
[2026-09-11 22:28:01.376] [info] 7649/11165
[2026-09-11 22:28:01.376] [info] 7650/11165
[2026-09-11 22:28:01.377] [info] 7651/11165
[2026-09-11 22:28:01.377] [info] 7652/11165
[2026-09-11 22:28:01.378] [info] 7653/11165
[2026-09-11 22:28:01.378] [info] 7654/11165
[2026-09-11 22:28:01.378] [info] 7655/11165
[2026-09-11 22:28:01.379] [info] 7656/11165
[2026-09-11 22:28:01.379] [info] 7657/11165
[2026-09-11 22:28:01.379] [info] 7658/11165
[2026-09-11 22:28:01.380] [info] 7659/11165
[2026-09-11 22:28:01.380] [info] 7660/11165
[2026-09-11 22:28:01.380] [info] 7661/11165
[2026-09-11 22:28:01.381] [info] 7662/11165
[2026-09-11 22:28:01.381] [info] 7663/11165
[2026-09-11 22:28:01.381] [info] 7664/11165
[2026-09-11 22:28:01.382] [info] 7665/11165
[2026-09-11 22:28:01.382] [info] 7666/11165
[2026-09-11 22:28:01.382] [info] 7667/11165
[2026-09-11 22:28:01.383] [info] 7668/11165
[2026-09-11 22:28:01.383] [info] 7669/11165
[2026-09-11 22:28:01.384] [info] 7670/11165
[2026-09-11 22:28:01.387] [info] 7671/11165
[2026-09-11 22:28:01.388] [info] 7672/11165
[2026-09-11 22:28:01.388] [info] 7673/11165
[2026-09-11 22:28:01.391] [info] 7674/11165
[2026-09-11 22:28:01.397] [info] 7675/11165
[2026-09-11 22:28:01.398] [info] 7676/11165
[2026-09-11 22:28:01.398] [info] 7677/11165
[2026-09-11 22:28:01.399] [info] 7678/11165
[2026-09-11 22:28:01.399] [info] 7679/11165
[2026-09-11 22:28:01.399] [info] 7680/11165
[2026-09-11 22:28:01.400] [info] 7681/11165
[2026-09-11 22:28:01.400] [info] 7682/11165
[2026-09-11 22:28:01.400] [info] 7683/11165
[2026-09-11 22:28:01.401] [info] 7684/11165
[2026-09-11 22:28:01.401] [info] 7685/11165
[2026-09-11 22:28:01.404] [info] 7686/11165
[2026-09-11 22:28:01.409] [info] 7687/11165
[2026-09-11 22:28:01.409] [info] 7688/11165
[2026-09-11 22:28:01.409] [info] 7689/11165
[2026-09-11 22:28:01.415] [info] 7690/11165
[2026-09-11 22:28:01.416] [info] 7691/11165
[2026-09-11 22:28:01.416] [info] 7692/11165
[2026-09-11 22:28:01.416] [info] 7693/11165
[2026-09-11 22:28:01.417] [info] 7694/11165
[2026-09-11 22:28:01.417] [info] 7695/11165
[2026-09-11 22:28:01.417] [info] 7696/11165
[2026-09-11 22:28:01.418] [info] 7697/11165
[2026-09-11 22:28:01.418] [info] 7698/11165
[2026-09-11 22:28:01.418] [info] 7699/11165
[2026-09-11 22:28:01.419] [info] 7700/11165
[2026-09-11 22:28:01.419] [info] 7701/11165
[2026-09-11 22:28:01.421] [info] 7702/11165
[2026-09-11 22:28:01.421] [info] 7703/11165
[2026-09-11 22:28:01.422] [info] 7704/11165
[2026-09-11 22:28:01.422] [info] 7705/11165
[2026-09-11 22:28:01.426] [info] 7706/11165
[2026-09-11 22:28:01.426] [info] 7707/11165
[2026-09-11 22:28:01.427] [info] 7708/11165
[2026-09-11 22:28:01.427] [info] 7709/11165
[2026-09-11 22:28:01.427] [info] 7710/11165
[2026-09-11 22:28:01.428] [info] 7711/11165
[2026-09-11 22:28:01.428] [info] 7712/11165
[2026-09-11 22:28:01.428] [info] 7713/11165
[2026-09-11 22:28:01.429] [info] 7714/11165
[2026-09-11 22:28:01.429] [info] 7715/11165
[2026-09-11 22:28:01.429] [info] 7716/11165
[2026-09-11 22:28:01.430] [info] 7717/11165
[2026-09-11 22:28:01.431] [info] 7718/11165
[2026-09-11 22:28:01.431] [info] 7719/11165
[2026-09-11 22:28:01.432] [info] 7720/11165
[2026-09-11 22:28:01.432] [info] 7721/11165
[2026-09-11 22:28:01.435] [info] 7722/11165
[2026-09-11 22:28:01.435] [info] 7723/11165
[2026-09-11 22:28:01.435] [info] 7724/11165
[2026-09-11 22:28:01.436] [info] 7725/11165
[2026-09-11 22:28:01.436] [info] 7726/11165
[2026-09-11 22:28:01.436] [info] 7727/11165
[2026-09-11 22:28:01.437] [info] 7728/11165
[2026-09-11 22:28:01.437] [info] 7729/11165
[2026-09-11 22:28:01.437] [info] 7730/11165
[2026-09-11 22:28:01.438] [info] 7731/11165
[2026-09-11 22:28:01.438] [info] 7732/11165
[2026-09-11 22:28:01.438] [info] 7733/11165
[2026-09-11 22:28:01.440] [info] 7734/11165
[2026-09-11 22:28:01.443] [info] 7735/11165
[2026-09-11 22:28:01.443] [info] 7736/11165
[2026-09-11 22:28:01.444] [info] 7737/11165
[2026-09-11 22:28:01.447] [info] 7738/11165
[2026-09-11 22:28:01.452] [info] 7739/11165
[2026-09-11 22:28:01.453] [info] 7740/11165
[2026-09-11 22:28:01.453] [info] 7741/11165
[2026-09-11 22:28:01.455] [info] 7742/11165
[2026-09-11 22:28:01.459] [info] 7743/11165
[2026-09-11 22:28:01.459] [info] 7744/11165
[2026-09-11 22:28:01.460] [info] 7745/11165
[2026-09-11 22:28:01.461] [info] 7746/11165
[2026-09-11 22:28:01.463] [info] 7747/11165
[2026-09-11 22:28:01.464] [info] 7748/11165
[2026-09-11 22:28:01.464] [info] 7749/11165
[2026-09-11 22:28:01.467] [info] 7750/11165
[2026-09-11 22:28:01.469] [info] 7751/11165
[2026-09-11 22:28:01.470] [info] 7752/11165
[2026-09-11 22:28:01.471] [info] 7753/11165
[2026-09-11 22:28:01.475] [info] 7754/11165
[2026-09-11 22:28:01.478] [info] 7755/11165
[2026-09-11 22:28:01.479] [info] 7756/11165
[2026-09-11 22:28:01.483] [info] 7757/11165
[2026-09-11 22:28:01.489] [info] 7758/11165
[2026-09-11 22:28:01.494] [info] 7759/11165
[2026-09-11 22:28:01.497] [info] 7760/11165
[2026-09-11 22:28:01.500] [info] 7761/11165
[2026-09-11 22:28:01.504] [info] 7762/11165
[2026-09-11 22:28:01.507] [info] 7763/11165
[2026-09-11 22:28:01.509] [info] 7764/11165
[2026-09-11 22:28:01.511] [info] 7765/11165
[2026-09-11 22:28:01.514] [info] 7766/11165
[2026-09-11 22:28:01.516] [info] 7767/11165
[2026-09-11 22:28:01.516] [info] 7768/11165
[2026-09-11 22:28:01.520] [info] 7769/11165
[2026-09-11 22:28:01.526] [info] 7770/11165
[2026-09-11 22:28:01.530] [info] 7771/11165
[2026-09-11 22:28:01.534] [info] 7772/11165
[2026-09-11 22:28:01.540] [info] 7773/11165
[2026-09-11 22:28:01.549] [info] 7774/11165
[2026-09-11 22:28:01.556] [info] 7775/11165
[2026-09-11 22:28:01.557] [info] 7776/11165
[2026-09-11 22:28:01.561] [info] 7777/11165
[2026-09-11 22:28:01.568] [info] 7778/11165
[2026-09-11 22:28:01.572] [info] 7779/11165
[2026-09-11 22:28:01.573] [info] 7780/11165
[2026-09-11 22:28:01.576] [info] 7781/11165
[2026-09-11 22:28:01.580] [info] 7782/11165
[2026-09-11 22:28:01.584] [info] 7783/11165
[2026-09-11 22:28:01.584] [info] 7784/11165
[2026-09-11 22:28:01.587] [info] 7785/11165
[2026-09-11 22:28:01.592] [info] 7786/11165
[2026-09-11 22:28:01.592] [info] 7787/11165
[2026-09-11 22:28:01.592] [info] 7788/11165
[2026-09-11 22:28:01.597] [info] 7789/11165
[2026-09-11 22:28:01.604] [info] 7790/11165
[2026-09-11 22:28:01.604] [info] 7791/11165
[2026-09-11 22:28:01.605] [info] 7792/11165
[2026-09-11 22:28:01.608] [info] 7793/11165
[2026-09-11 22:28:01.613] [info] 7794/11165
[2026-09-11 22:28:01.613] [info] 7795/11165
[2026-09-11 22:28:01.613] [info] 7796/11165
[2026-09-11 22:28:01.616] [info] 7797/11165
[2026-09-11 22:28:01.619] [info] 7798/11165
[2026-09-11 22:28:01.620] [info] 7799/11165
[2026-09-11 22:28:01.620] [info] 7800/11165
[2026-09-11 22:28:01.621] [info] 7801/11165
[2026-09-11 22:28:01.625] [info] 7802/11165
[2026-09-11 22:28:01.625] [info] 7803/11165
[2026-09-11 22:28:01.625] [info] 7804/11165
[2026-09-11 22:28:01.629] [info] 7805/11165
[2026-09-11 22:28:01.634] [info] 7806/11165
[2026-09-11 22:28:01.635] [info] 7807/11165
[2026-09-11 22:28:01.635] [info] 7808/11165
[2026-09-11 22:28:01.637] [info] 7809/11165
[2026-09-11 22:28:01.638] [info] 7810/11165
[2026-09-11 22:28:01.638] [info] 7811/11165
[2026-09-11 22:28:01.638] [info] 7812/11165
[2026-09-11 22:28:01.639] [info] 7813/11165
[2026-09-11 22:28:01.639] [info] 7814/11165
[2026-09-11 22:28:01.639] [info] 7815/11165
[2026-09-11 22:28:01.640] [info] 7816/11165
[2026-09-11 22:28:01.644] [info] 7817/11165
[2026-09-11 22:28:01.645] [info] 7818/11165
[2026-09-11 22:28:01.645] [info] 7819/11165
[2026-09-11 22:28:01.649] [info] 7820/11165
[2026-09-11 22:28:01.654] [info] 7821/11165
[2026-09-11 22:28:01.659] [info] 7822/11165
[2026-09-11 22:28:01.662] [info] 7823/11165
[2026-09-11 22:28:01.668] [info] 7824/11165
[2026-09-11 22:28:01.676] [info] 7825/11165
[2026-09-11 22:28:01.682] [info] 7826/11165
[2026-09-11 22:28:01.683] [info] 7827/11165
[2026-09-11 22:28:01.687] [info] 7828/11165
[2026-09-11 22:28:01.694] [info] 7829/11165
[2026-09-11 22:28:01.694] [info] 7830/11165
[2026-09-11 22:28:01.694] [info] 7831/11165
[2026-09-11 22:28:01.695] [info] 7832/11165
[2026-09-11 22:28:01.695] [info] 7833/11165
[2026-09-11 22:28:01.695] [info] 7834/11165
[2026-09-11 22:28:01.696] [info] 7835/11165
[2026-09-11 22:28:01.702] [info] 7836/11165
[2026-09-11 22:28:01.710] [info] 7837/11165
[2026-09-11 22:28:01.711] [info] 7838/11165
[2026-09-11 22:28:01.711] [info] 7839/11165
[2026-09-11 22:28:01.720] [info] 7840/11165
[2026-09-11 22:28:01.732] [info] 7841/11165
[2026-09-11 22:28:01.732] [info] 7842/11165
[2026-09-11 22:28:01.732] [info] 7843/11165
[2026-09-11 22:28:01.733] [info] 7844/11165
[2026-09-11 22:28:01.733] [info] 7845/11165
[2026-09-11 22:28:01.734] [info] 7846/11165
[2026-09-11 22:28:01.734] [info] 7847/11165
[2026-09-11 22:28:01.734] [info] 7848/11165
[2026-09-11 22:28:01.735] [info] 7849/11165
[2026-09-11 22:28:01.735] [info] 7850/11165
[2026-09-11 22:28:01.735] [info] 7851/11165
[2026-09-11 22:28:01.740] [info] 7852/11165
[2026-09-11 22:28:01.746] [info] 7853/11165
[2026-09-11 22:28:01.747] [info] 7854/11165
[2026-09-11 22:28:01.747] [info] 7855/11165
[2026-09-11 22:28:01.753] [info] 7856/11165
[2026-09-11 22:28:01.754] [info] 7857/11165
[2026-09-11 22:28:01.754] [info] 7858/11165
[2026-09-11 22:28:01.754] [info] 7859/11165
[2026-09-11 22:28:01.755] [info] 7860/11165
[2026-09-11 22:28:01.755] [info] 7861/11165
[2026-09-11 22:28:01.756] [info] 7862/11165
[2026-09-11 22:28:01.756] [info] 7863/11165
[2026-09-11 22:28:01.756] [info] 7864/11165
[2026-09-11 22:28:01.757] [info] 7865/11165
[2026-09-11 22:28:01.757] [info] 7866/11165
[2026-09-11 22:28:01.757] [info] 7867/11165
[2026-09-11 22:28:01.760] [info] 7868/11165
[2026-09-11 22:28:01.761] [info] 7869/11165
[2026-09-11 22:28:01.761] [info] 7870/11165
[2026-09-11 22:28:01.762] [info] 7871/11165
[2026-09-11 22:28:01.766] [info] 7872/11165
[2026-09-11 22:28:01.767] [info] 7873/11165
[2026-09-11 22:28:01.767] [info] 7874/11165
[2026-09-11 22:28:01.767] [info] 7875/11165
[2026-09-11 22:28:01.768] [info] 7876/11165
[2026-09-11 22:28:01.768] [info] 7877/11165
[2026-09-11 22:28:01.769] [info] 7878/11165
[2026-09-11 22:28:01.769] [info] 7879/11165
[2026-09-11 22:28:01.769] [info] 7880/11165
[2026-09-11 22:28:01.770] [info] 7881/11165
[2026-09-11 22:28:01.770] [info] 7882/11165
[2026-09-11 22:28:01.770] [info] 7883/11165
[2026-09-11 22:28:01.771] [info] 7884/11165
[2026-09-11 22:28:01.771] [info] 7885/11165
[2026-09-11 22:28:01.771] [info] 7886/11165
[2026-09-11 22:28:01.774] [info] 7887/11165
[2026-09-11 22:28:01.778] [info] 7888/11165
[2026-09-11 22:28:01.779] [info] 7889/11165
[2026-09-11 22:28:01.779] [info] 7890/11165
[2026-09-11 22:28:01.784] [info] 7891/11165
[2026-09-11 22:28:01.791] [info] 7892/11165
[2026-09-11 22:28:01.791] [info] 7893/11165
[2026-09-11 22:28:01.792] [info] 7894/11165
[2026-09-11 22:28:01.792] [info] 7895/11165
[2026-09-11 22:28:01.792] [info] 7896/11165
[2026-09-11 22:28:01.793] [info] 7897/11165
[2026-09-11 22:28:01.793] [info] 7898/11165
[2026-09-11 22:28:01.793] [info] 7899/11165
[2026-09-11 22:28:01.794] [info] 7900/11165
[2026-09-11 22:28:01.794] [info] 7901/11165
[2026-09-11 22:28:01.794] [info] 7902/11165
[2026-09-11 22:28:01.799] [info] 7903/11165
[2026-09-11 22:28:01.806] [info] 7904/11165
[2026-09-11 22:28:01.806] [info] 7905/11165
[2026-09-11 22:28:01.807] [info] 7906/11165
[2026-09-11 22:28:01.807] [info] 7907/11165
[2026-09-11 22:28:01.807] [info] 7908/11165
[2026-09-11 22:28:01.808] [info] 7909/11165
[2026-09-11 22:28:01.808] [info] 7910/11165
[2026-09-11 22:28:01.808] [info] 7911/11165
[2026-09-11 22:28:01.809] [info] 7912/11165
[2026-09-11 22:28:01.809] [info] 7913/11165
[2026-09-11 22:28:01.810] [info] 7914/11165
[2026-09-11 22:28:01.810] [info] 7915/11165
[2026-09-11 22:28:01.810] [info] 7916/11165
[2026-09-11 22:28:01.811] [info] 7917/11165
[2026-09-11 22:28:01.811] [info] 7918/11165
[2026-09-11 22:28:01.814] [info] 7919/11165
[2026-09-11 22:28:01.815] [info] 7920/11165
[2026-09-11 22:28:01.815] [info] 7921/11165
[2026-09-11 22:28:01.816] [info] 7922/11165
[2026-09-11 22:28:01.816] [info] 7923/11165
[2026-09-11 22:28:01.816] [info] 7924/11165
[2026-09-11 22:28:01.817] [info] 7925/11165
[2026-09-11 22:28:01.817] [info] 7926/11165
[2026-09-11 22:28:01.817] [info] 7927/11165
[2026-09-11 22:28:01.818] [info] 7928/11165
[2026-09-11 22:28:01.818] [info] 7929/11165
[2026-09-11 22:28:01.818] [info] 7930/11165
[2026-09-11 22:28:01.819] [info] 7931/11165
[2026-09-11 22:28:01.819] [info] 7932/11165
[2026-09-11 22:28:01.819] [info] 7933/11165
[2026-09-11 22:28:01.820] [info] 7934/11165
[2026-09-11 22:28:01.820] [info] 7935/11165
[2026-09-11 22:28:01.821] [info] 7936/11165
[2026-09-11 22:28:01.821] [info] 7937/11165
[2026-09-11 22:28:01.821] [info] 7938/11165
[2026-09-11 22:28:01.822] [info] 7939/11165
[2026-09-11 22:28:01.822] [info] 7940/11165
[2026-09-11 22:28:01.822] [info] 7941/11165
[2026-09-11 22:28:01.823] [info] 7942/11165
[2026-09-11 22:28:01.823] [info] 7943/11165
[2026-09-11 22:28:01.823] [info] 7944/11165
[2026-09-11 22:28:01.824] [info] 7945/11165
[2026-09-11 22:28:01.824] [info] 7946/11165
[2026-09-11 22:28:01.824] [info] 7947/11165
[2026-09-11 22:28:01.825] [info] 7948/11165
[2026-09-11 22:28:01.825] [info] 7949/11165
[2026-09-11 22:28:01.825] [info] 7950/11165
[2026-09-11 22:28:01.826] [info] 7951/11165
[2026-09-11 22:28:01.826] [info] 7952/11165
[2026-09-11 22:28:01.826] [info] 7953/11165
[2026-09-11 22:28:01.828] [info] 7954/11165
[2026-09-11 22:28:01.832] [info] 7955/11165
[2026-09-11 22:28:01.832] [info] 7956/11165
[2026-09-11 22:28:01.832] [info] 7957/11165
[2026-09-11 22:28:01.833] [info] 7958/11165
[2026-09-11 22:28:01.833] [info] 7959/11165
[2026-09-11 22:28:01.833] [info] 7960/11165
[2026-09-11 22:28:01.834] [info] 7961/11165
[2026-09-11 22:28:01.834] [info] 7962/11165
[2026-09-11 22:28:01.835] [info] 7963/11165
[2026-09-11 22:28:01.835] [info] 7964/11165
[2026-09-11 22:28:01.835] [info] 7965/11165
[2026-09-11 22:28:01.836] [info] 7966/11165
[2026-09-11 22:28:01.836] [info] 7967/11165
[2026-09-11 22:28:01.836] [info] 7968/11165
[2026-09-11 22:28:01.837] [info] 7969/11165
[2026-09-11 22:28:01.840] [info] 7970/11165
[2026-09-11 22:28:01.840] [info] 7971/11165
[2026-09-11 22:28:01.841] [info] 7972/11165
[2026-09-11 22:28:01.841] [info] 7973/11165
[2026-09-11 22:28:01.842] [info] 7974/11165
[2026-09-11 22:28:01.842] [info] 7975/11165
[2026-09-11 22:28:01.842] [info] 7976/11165
[2026-09-11 22:28:01.843] [info] 7977/11165
[2026-09-11 22:28:01.843] [info] 7978/11165
[2026-09-11 22:28:01.843] [info] 7979/11165
[2026-09-11 22:28:01.844] [info] 7980/11165
[2026-09-11 22:28:01.844] [info] 7981/11165
[2026-09-11 22:28:01.844] [info] 7982/11165
[2026-09-11 22:28:01.845] [info] 7983/11165
[2026-09-11 22:28:01.845] [info] 7984/11165
[2026-09-11 22:28:01.846] [info] 7985/11165
[2026-09-11 22:28:01.846] [info] 7986/11165
[2026-09-11 22:28:01.846] [info] 7987/11165
[2026-09-11 22:28:01.847] [info] 7988/11165
[2026-09-11 22:28:01.847] [info] 7989/11165
[2026-09-11 22:28:01.847] [info] 7990/11165
[2026-09-11 22:28:01.848] [info] 7991/11165
[2026-09-11 22:28:01.848] [info] 7992/11165
[2026-09-11 22:28:01.848] [info] 7993/11165
[2026-09-11 22:28:01.849] [info] 7994/11165
[2026-09-11 22:28:01.849] [info] 7995/11165
[2026-09-11 22:28:01.850] [info] 7996/11165
[2026-09-11 22:28:01.850] [info] 7997/11165
[2026-09-11 22:28:01.850] [info] 7998/11165
[2026-09-11 22:28:01.851] [info] 7999/11165
[2026-09-11 22:28:01.851] [info] 8000/11165
[2026-09-11 22:28:01.851] [info] 8001/11165
[2026-09-11 22:28:01.852] [info] 8002/11165
[2026-09-11 22:28:01.852] [info] 8003/11165
[2026-09-11 22:28:01.852] [info] 8004/11165
[2026-09-11 22:28:01.853] [info] 8005/11165
[2026-09-11 22:28:01.853] [info] 8006/11165
[2026-09-11 22:28:01.853] [info] 8007/11165
[2026-09-11 22:28:01.854] [info] 8008/11165
[2026-09-11 22:28:01.854] [info] 8009/11165
[2026-09-11 22:28:01.854] [info] 8010/11165
[2026-09-11 22:28:01.855] [info] 8011/11165
[2026-09-11 22:28:01.855] [info] 8012/11165
[2026-09-11 22:28:01.855] [info] 8013/11165
[2026-09-11 22:28:01.856] [info] 8014/11165
[2026-09-11 22:28:01.856] [info] 8015/11165
[2026-09-11 22:28:01.857] [info] 8016/11165
[2026-09-11 22:28:01.857] [info] 8017/11165
[2026-09-11 22:28:01.861] [info] 8018/11165
[2026-09-11 22:28:01.868] [info] 8019/11165
[2026-09-11 22:28:01.869] [info] 8020/11165
[2026-09-11 22:28:01.869] [info] 8021/11165
[2026-09-11 22:28:01.873] [info] 8022/11165
[2026-09-11 22:28:01.878] [info] 8023/11165
[2026-09-11 22:28:01.879] [info] 8024/11165
[2026-09-11 22:28:01.879] [info] 8025/11165
[2026-09-11 22:28:01.882] [info] 8026/11165
[2026-09-11 22:28:01.886] [info] 8027/11165
[2026-09-11 22:28:01.886] [info] 8028/11165
[2026-09-11 22:28:01.886] [info] 8029/11165
[2026-09-11 22:28:01.890] [info] 8030/11165
[2026-09-11 22:28:01.893] [info] 8031/11165
[2026-09-11 22:28:01.896] [info] 8032/11165
[2026-09-11 22:28:01.902] [info] 8033/11165
[2026-09-11 22:28:01.906] [info] 8034/11165
[2026-09-11 22:28:01.909] [info] 8035/11165
[2026-09-11 22:28:01.914] [info] 8036/11165
[2026-09-11 22:28:01.922] [info] 8037/11165
[2026-09-11 22:28:01.928] [info] 8038/11165
[2026-09-11 22:28:01.933] [info] 8039/11165
[2026-09-11 22:28:01.937] [info] 8040/11165
[2026-09-11 22:28:01.943] [info] 8041/11165
[2026-09-11 22:28:01.948] [info] 8042/11165
[2026-09-11 22:28:01.952] [info] 8043/11165
[2026-09-11 22:28:01.955] [info] 8044/11165
[2026-09-11 22:28:01.959] [info] 8045/11165
[2026-09-11 22:28:01.963] [info] 8046/11165
[2026-09-11 22:28:01.964] [info] 8047/11165
[2026-09-11 22:28:01.969] [info] 8048/11165
[2026-09-11 22:28:01.976] [info] 8049/11165
[2026-09-11 22:28:01.982] [info] 8050/11165
[2026-09-11 22:28:01.982] [info] 8051/11165
[2026-09-11 22:28:01.990] [info] 8052/11165
[2026-09-11 22:28:02.000] [info] 8053/11165
[2026-09-11 22:28:02.001] [info] 8054/11165
[2026-09-11 22:28:02.001] [info] 8055/11165
[2026-09-11 22:28:02.007] [info] 8056/11165
[2026-09-11 22:28:02.015] [info] 8057/11165
[2026-09-11 22:28:02.015] [info] 8058/11165
[2026-09-11 22:28:02.016] [info] 8059/11165
[2026-09-11 22:28:02.020] [info] 8060/11165
[2026-09-11 22:28:02.027] [info] 8061/11165
[2026-09-11 22:28:02.027] [info] 8062/11165
[2026-09-11 22:28:02.027] [info] 8063/11165
[2026-09-11 22:28:02.032] [info] 8064/11165
[2026-09-11 22:28:02.038] [info] 8065/11165
[2026-09-11 22:28:02.038] [info] 8066/11165
[2026-09-11 22:28:02.038] [info] 8067/11165
[2026-09-11 22:28:02.044] [info] 8068/11165
[2026-09-11 22:28:02.053] [info] 8069/11165
[2026-09-11 22:28:02.053] [info] 8070/11165
[2026-09-11 22:28:02.054] [info] 8071/11165
[2026-09-11 22:28:02.058] [info] 8072/11165
[2026-09-11 22:28:02.059] [info] 8073/11165
[2026-09-11 22:28:02.059] [info] 8074/11165
[2026-09-11 22:28:02.060] [info] 8075/11165
[2026-09-11 22:28:02.060] [info] 8076/11165
[2026-09-11 22:28:02.060] [info] 8077/11165
[2026-09-11 22:28:02.061] [info] 8078/11165
[2026-09-11 22:28:02.061] [info] 8079/11165
[2026-09-11 22:28:02.064] [info] 8080/11165
[2026-09-11 22:28:02.065] [info] 8081/11165
[2026-09-11 22:28:02.065] [info] 8082/11165
[2026-09-11 22:28:02.065] [info] 8083/11165
[2026-09-11 22:28:02.070] [info] 8084/11165
[2026-09-11 22:28:02.070] [info] 8085/11165
[2026-09-11 22:28:02.071] [info] 8086/11165
[2026-09-11 22:28:02.071] [info] 8087/11165
[2026-09-11 22:28:02.071] [info] 8088/11165
[2026-09-11 22:28:02.072] [info] 8089/11165
[2026-09-11 22:28:02.072] [info] 8090/11165
[2026-09-11 22:28:02.073] [info] 8091/11165
[2026-09-11 22:28:02.073] [info] 8092/11165
[2026-09-11 22:28:02.073] [info] 8093/11165
[2026-09-11 22:28:02.074] [info] 8094/11165
[2026-09-11 22:28:02.074] [info] 8095/11165
[2026-09-11 22:28:02.074] [info] 8096/11165
[2026-09-11 22:28:02.075] [info] 8097/11165
[2026-09-11 22:28:02.081] [info] 8098/11165
[2026-09-11 22:28:02.089] [info] 8099/11165
[2026-09-11 22:28:02.096] [info] 8100/11165
[2026-09-11 22:28:02.096] [info] 8101/11165
[2026-09-11 22:28:02.104] [info] 8102/11165
[2026-09-11 22:28:02.114] [info] 8103/11165
[2026-09-11 22:28:02.115] [info] 8104/11165
[2026-09-11 22:28:02.115] [info] 8105/11165
[2026-09-11 22:28:02.116] [info] 8106/11165
[2026-09-11 22:28:02.116] [info] 8107/11165
[2026-09-11 22:28:02.116] [info] 8108/11165
[2026-09-11 22:28:02.117] [info] 8109/11165
[2026-09-11 22:28:02.117] [info] 8110/11165
[2026-09-11 22:28:02.118] [info] 8111/11165
[2026-09-11 22:28:02.118] [info] 8112/11165
[2026-09-11 22:28:02.118] [info] 8113/11165
[2026-09-11 22:28:02.127] [info] 8114/11165
[2026-09-11 22:28:02.138] [info] 8115/11165
[2026-09-11 22:28:02.138] [info] 8116/11165
[2026-09-11 22:28:02.139] [info] 8117/11165
[2026-09-11 22:28:02.150] [info] 8118/11165
[2026-09-11 22:28:02.151] [info] 8119/11165
[2026-09-11 22:28:02.151] [info] 8120/11165
[2026-09-11 22:28:02.151] [info] 8121/11165
[2026-09-11 22:28:02.152] [info] 8122/11165
[2026-09-11 22:28:02.152] [info] 8123/11165
[2026-09-11 22:28:02.153] [info] 8124/11165
[2026-09-11 22:28:02.153] [info] 8125/11165
[2026-09-11 22:28:02.153] [info] 8126/11165
[2026-09-11 22:28:02.154] [info] 8127/11165
[2026-09-11 22:28:02.154] [info] 8128/11165
[2026-09-11 22:28:02.154] [info] 8129/11165
[2026-09-11 22:28:02.155] [info] 8130/11165
[2026-09-11 22:28:02.155] [info] 8131/11165
[2026-09-11 22:28:02.156] [info] 8132/11165
[2026-09-11 22:28:02.156] [info] 8133/11165
[2026-09-11 22:28:02.156] [info] 8134/11165
[2026-09-11 22:28:02.157] [info] 8135/11165
[2026-09-11 22:28:02.157] [info] 8136/11165
[2026-09-11 22:28:02.158] [info] 8137/11165
[2026-09-11 22:28:02.158] [info] 8138/11165
[2026-09-11 22:28:02.158] [info] 8139/11165
[2026-09-11 22:28:02.159] [info] 8140/11165
[2026-09-11 22:28:02.159] [info] 8141/11165
[2026-09-11 22:28:02.159] [info] 8142/11165
[2026-09-11 22:28:02.160] [info] 8143/11165
[2026-09-11 22:28:02.160] [info] 8144/11165
[2026-09-11 22:28:02.161] [info] 8145/11165
[2026-09-11 22:28:02.161] [info] 8146/11165
[2026-09-11 22:28:02.161] [info] 8147/11165
[2026-09-11 22:28:02.162] [info] 8148/11165
[2026-09-11 22:28:02.162] [info] 8149/11165
[2026-09-11 22:28:02.162] [info] 8150/11165
[2026-09-11 22:28:02.163] [info] 8151/11165
[2026-09-11 22:28:02.163] [info] 8152/11165
[2026-09-11 22:28:02.164] [info] 8153/11165
[2026-09-11 22:28:02.164] [info] 8154/11165
[2026-09-11 22:28:02.164] [info] 8155/11165
[2026-09-11 22:28:02.165] [info] 8156/11165
[2026-09-11 22:28:02.165] [info] 8157/11165
[2026-09-11 22:28:02.165] [info] 8158/11165
[2026-09-11 22:28:02.166] [info] 8159/11165
[2026-09-11 22:28:02.166] [info] 8160/11165
[2026-09-11 22:28:02.167] [info] 8161/11165
[2026-09-11 22:28:02.167] [info] 8162/11165
[2026-09-11 22:28:02.167] [info] 8163/11165
[2026-09-11 22:28:02.172] [info] 8164/11165
[2026-09-11 22:28:02.178] [info] 8165/11165
[2026-09-11 22:28:02.178] [info] 8166/11165
[2026-09-11 22:28:02.179] [info] 8167/11165
[2026-09-11 22:28:02.185] [info] 8168/11165
[2026-09-11 22:28:02.194] [info] 8169/11165
[2026-09-11 22:28:02.194] [info] 8170/11165
[2026-09-11 22:28:02.195] [info] 8171/11165
[2026-09-11 22:28:02.195] [info] 8172/11165
[2026-09-11 22:28:02.195] [info] 8173/11165
[2026-09-11 22:28:02.196] [info] 8174/11165
[2026-09-11 22:28:02.196] [info] 8175/11165
[2026-09-11 22:28:02.196] [info] 8176/11165
[2026-09-11 22:28:02.197] [info] 8177/11165
[2026-09-11 22:28:02.197] [info] 8178/11165
[2026-09-11 22:28:02.197] [info] 8179/11165
[2026-09-11 22:28:02.204] [info] 8180/11165
[2026-09-11 22:28:02.204] [info] 8181/11165
[2026-09-11 22:28:02.204] [info] 8182/11165
[2026-09-11 22:28:02.205] [info] 8183/11165
[2026-09-11 22:28:02.205] [info] 8184/11165
[2026-09-11 22:28:02.206] [info] 8185/11165
[2026-09-11 22:28:02.206] [info] 8186/11165
[2026-09-11 22:28:02.206] [info] 8187/11165
[2026-09-11 22:28:02.207] [info] 8188/11165
[2026-09-11 22:28:02.207] [info] 8189/11165
[2026-09-11 22:28:02.207] [info] 8190/11165
[2026-09-11 22:28:02.208] [info] 8191/11165
[2026-09-11 22:28:02.208] [info] 8192/11165
[2026-09-11 22:28:02.209] [info] 8193/11165
[2026-09-11 22:28:02.209] [info] 8194/11165
[2026-09-11 22:28:02.209] [info] 8195/11165
[2026-09-11 22:28:02.210] [info] 8196/11165
[2026-09-11 22:28:02.210] [info] 8197/11165
[2026-09-11 22:28:02.210] [info] 8198/11165
[2026-09-11 22:28:02.211] [info] 8199/11165
[2026-09-11 22:28:02.211] [info] 8200/11165
[2026-09-11 22:28:02.211] [info] 8201/11165
[2026-09-11 22:28:02.212] [info] 8202/11165
[2026-09-11 22:28:02.212] [info] 8203/11165
[2026-09-11 22:28:02.213] [info] 8204/11165
[2026-09-11 22:28:02.213] [info] 8205/11165
[2026-09-11 22:28:02.213] [info] 8206/11165
[2026-09-11 22:28:02.214] [info] 8207/11165
[2026-09-11 22:28:02.214] [info] 8208/11165
[2026-09-11 22:28:02.214] [info] 8209/11165
[2026-09-11 22:28:02.215] [info] 8210/11165
[2026-09-11 22:28:02.215] [info] 8211/11165
[2026-09-11 22:28:02.215] [info] 8212/11165
[2026-09-11 22:28:02.216] [info] 8213/11165
[2026-09-11 22:28:02.216] [info] 8214/11165
[2026-09-11 22:28:02.217] [info] 8215/11165
[2026-09-11 22:28:02.217] [info] 8216/11165
[2026-09-11 22:28:02.217] [info] 8217/11165
[2026-09-11 22:28:02.218] [info] 8218/11165
[2026-09-11 22:28:02.218] [info] 8219/11165
[2026-09-11 22:28:02.218] [info] 8220/11165
[2026-09-11 22:28:02.219] [info] 8221/11165
[2026-09-11 22:28:02.219] [info] 8222/11165
[2026-09-11 22:28:02.219] [info] 8223/11165
[2026-09-11 22:28:02.220] [info] 8224/11165
[2026-09-11 22:28:02.220] [info] 8225/11165
[2026-09-11 22:28:02.220] [info] 8226/11165
[2026-09-11 22:28:02.221] [info] 8227/11165
[2026-09-11 22:28:02.221] [info] 8228/11165
[2026-09-11 22:28:02.222] [info] 8229/11165
[2026-09-11 22:28:02.224] [info] 8230/11165
[2026-09-11 22:28:02.229] [info] 8231/11165
[2026-09-11 22:28:02.230] [info] 8232/11165
[2026-09-11 22:28:02.230] [info] 8233/11165
[2026-09-11 22:28:02.230] [info] 8234/11165
[2026-09-11 22:28:02.231] [info] 8235/11165
[2026-09-11 22:28:02.231] [info] 8236/11165
[2026-09-11 22:28:02.231] [info] 8237/11165
[2026-09-11 22:28:02.232] [info] 8238/11165
[2026-09-11 22:28:02.232] [info] 8239/11165
[2026-09-11 22:28:02.233] [info] 8240/11165
[2026-09-11 22:28:02.233] [info] 8241/11165
[2026-09-11 22:28:02.233] [info] 8242/11165
[2026-09-11 22:28:02.234] [info] 8243/11165
[2026-09-11 22:28:02.234] [info] 8244/11165
[2026-09-11 22:28:02.234] [info] 8245/11165
[2026-09-11 22:28:02.239] [info] 8246/11165
[2026-09-11 22:28:02.239] [info] 8247/11165
[2026-09-11 22:28:02.240] [info] 8248/11165
[2026-09-11 22:28:02.240] [info] 8249/11165
[2026-09-11 22:28:02.240] [info] 8250/11165
[2026-09-11 22:28:02.241] [info] 8251/11165
[2026-09-11 22:28:02.241] [info] 8252/11165
[2026-09-11 22:28:02.241] [info] 8253/11165
[2026-09-11 22:28:02.242] [info] 8254/11165
[2026-09-11 22:28:02.242] [info] 8255/11165
[2026-09-11 22:28:02.243] [info] 8256/11165
[2026-09-11 22:28:02.243] [info] 8257/11165
[2026-09-11 22:28:02.243] [info] 8258/11165
[2026-09-11 22:28:02.244] [info] 8259/11165
[2026-09-11 22:28:02.244] [info] 8260/11165
[2026-09-11 22:28:02.244] [info] 8261/11165
[2026-09-11 22:28:02.245] [info] 8262/11165
[2026-09-11 22:28:02.245] [info] 8263/11165
[2026-09-11 22:28:02.245] [info] 8264/11165
[2026-09-11 22:28:02.246] [info] 8265/11165
[2026-09-11 22:28:02.246] [info] 8266/11165
[2026-09-11 22:28:02.247] [info] 8267/11165
[2026-09-11 22:28:02.247] [info] 8268/11165
[2026-09-11 22:28:02.247] [info] 8269/11165
[2026-09-11 22:28:02.248] [info] 8270/11165
[2026-09-11 22:28:02.248] [info] 8271/11165
[2026-09-11 22:28:02.248] [info] 8272/11165
[2026-09-11 22:28:02.249] [info] 8273/11165
[2026-09-11 22:28:02.249] [info] 8274/11165
[2026-09-11 22:28:02.249] [info] 8275/11165
[2026-09-11 22:28:02.250] [info] 8276/11165
[2026-09-11 22:28:02.250] [info] 8277/11165
[2026-09-11 22:28:02.250] [info] 8278/11165
[2026-09-11 22:28:02.251] [info] 8279/11165
[2026-09-11 22:28:02.251] [info] 8280/11165
[2026-09-11 22:28:02.252] [info] 8281/11165
[2026-09-11 22:28:02.252] [info] 8282/11165
[2026-09-11 22:28:02.252] [info] 8283/11165
[2026-09-11 22:28:02.253] [info] 8284/11165
[2026-09-11 22:28:02.253] [info] 8285/11165
[2026-09-11 22:28:02.253] [info] 8286/11165
[2026-09-11 22:28:02.254] [info] 8287/11165
[2026-09-11 22:28:02.254] [info] 8288/11165
[2026-09-11 22:28:02.254] [info] 8289/11165
[2026-09-11 22:28:02.255] [info] 8290/11165
[2026-09-11 22:28:02.255] [info] 8291/11165
[2026-09-11 22:28:02.255] [info] 8292/11165
[2026-09-11 22:28:02.256] [info] 8293/11165
[2026-09-11 22:28:02.256] [info] 8294/11165
[2026-09-11 22:28:02.256] [info] 8295/11165
[2026-09-11 22:28:02.257] [info] 8296/11165
[2026-09-11 22:28:02.257] [info] 8297/11165
[2026-09-11 22:28:02.257] [info] 8298/11165
[2026-09-11 22:28:02.258] [info] 8299/11165
[2026-09-11 22:28:02.258] [info] 8300/11165
[2026-09-11 22:28:02.258] [info] 8301/11165
[2026-09-11 22:28:02.259] [info] 8302/11165
[2026-09-11 22:28:02.261] [info] 8303/11165
[2026-09-11 22:28:02.266] [info] 8304/11165
[2026-09-11 22:28:02.269] [info] 8305/11165
[2026-09-11 22:28:02.271] [info] 8306/11165
[2026-09-11 22:28:02.275] [info] 8307/11165
[2026-09-11 22:28:02.282] [info] 8308/11165
[2026-09-11 22:28:02.287] [info] 8309/11165
[2026-09-11 22:28:02.291] [info] 8310/11165
[2026-09-11 22:28:02.294] [info] 8311/11165
[2026-09-11 22:28:02.299] [info] 8312/11165
[2026-09-11 22:28:02.299] [info] 8313/11165
[2026-09-11 22:28:02.299] [info] 8314/11165
[2026-09-11 22:28:02.302] [info] 8315/11165
[2026-09-11 22:28:02.305] [info] 8316/11165
[2026-09-11 22:28:02.306] [info] 8317/11165
[2026-09-11 22:28:02.306] [info] 8318/11165
[2026-09-11 22:28:02.310] [info] 8319/11165
[2026-09-11 22:28:02.316] [info] 8320/11165
[2026-09-11 22:28:02.317] [info] 8321/11165
[2026-09-11 22:28:02.317] [info] 8322/11165
[2026-09-11 22:28:02.324] [info] 8323/11165
[2026-09-11 22:28:02.334] [info] 8324/11165
[2026-09-11 22:28:02.334] [info] 8325/11165
[2026-09-11 22:28:02.335] [info] 8326/11165
[2026-09-11 22:28:02.340] [info] 8327/11165
[2026-09-11 22:28:02.340] [info] 8328/11165
[2026-09-11 22:28:02.340] [info] 8329/11165
[2026-09-11 22:28:02.341] [info] 8330/11165
[2026-09-11 22:28:02.341] [info] 8331/11165
[2026-09-11 22:28:02.341] [info] 8332/11165
[2026-09-11 22:28:02.342] [info] 8333/11165
[2026-09-11 22:28:02.342] [info] 8334/11165
[2026-09-11 22:28:02.345] [info] 8335/11165
[2026-09-11 22:28:02.346] [info] 8336/11165
[2026-09-11 22:28:02.346] [info] 8337/11165
[2026-09-11 22:28:02.346] [info] 8338/11165
[2026-09-11 22:28:02.351] [info] 8339/11165
[2026-09-11 22:28:02.352] [info] 8340/11165
[2026-09-11 22:28:02.352] [info] 8341/11165
[2026-09-11 22:28:02.352] [info] 8342/11165
[2026-09-11 22:28:02.353] [info] 8343/11165
[2026-09-11 22:28:02.353] [info] 8344/11165
[2026-09-11 22:28:02.353] [info] 8345/11165
[2026-09-11 22:28:02.354] [info] 8346/11165
[2026-09-11 22:28:02.354] [info] 8347/11165
[2026-09-11 22:28:02.354] [info] 8348/11165
[2026-09-11 22:28:02.355] [info] 8349/11165
[2026-09-11 22:28:02.355] [info] 8350/11165
[2026-09-11 22:28:02.355] [info] 8351/11165
[2026-09-11 22:28:02.356] [info] 8352/11165
[2026-09-11 22:28:02.356] [info] 8353/11165
[2026-09-11 22:28:02.357] [info] 8354/11165
[2026-09-11 22:28:02.357] [info] 8355/11165
[2026-09-11 22:28:02.357] [info] 8356/11165
[2026-09-11 22:28:02.358] [info] 8357/11165
[2026-09-11 22:28:02.358] [info] 8358/11165
[2026-09-11 22:28:02.358] [info] 8359/11165
[2026-09-11 22:28:02.359] [info] 8360/11165
[2026-09-11 22:28:02.359] [info] 8361/11165
[2026-09-11 22:28:02.359] [info] 8362/11165
[2026-09-11 22:28:02.360] [info] 8363/11165
[2026-09-11 22:28:02.360] [info] 8364/11165
[2026-09-11 22:28:02.360] [info] 8365/11165
[2026-09-11 22:28:02.361] [info] 8366/11165
[2026-09-11 22:28:02.361] [info] 8367/11165
[2026-09-11 22:28:02.365] [info] 8368/11165
[2026-09-11 22:28:02.372] [info] 8369/11165
[2026-09-11 22:28:02.377] [info] 8370/11165
[2026-09-11 22:28:02.377] [info] 8371/11165
[2026-09-11 22:28:02.383] [info] 8372/11165
[2026-09-11 22:28:02.392] [info] 8373/11165
[2026-09-11 22:28:02.392] [info] 8374/11165
[2026-09-11 22:28:02.393] [info] 8375/11165
[2026-09-11 22:28:02.393] [info] 8376/11165
[2026-09-11 22:28:02.394] [info] 8377/11165
[2026-09-11 22:28:02.394] [info] 8378/11165
[2026-09-11 22:28:02.394] [info] 8379/11165
[2026-09-11 22:28:02.395] [info] 8380/11165
[2026-09-11 22:28:02.395] [info] 8381/11165
[2026-09-11 22:28:02.395] [info] 8382/11165
[2026-09-11 22:28:02.396] [info] 8383/11165
[2026-09-11 22:28:02.403] [info] 8384/11165
[2026-09-11 22:28:02.403] [info] 8385/11165
[2026-09-11 22:28:02.404] [info] 8386/11165
[2026-09-11 22:28:02.404] [info] 8387/11165
[2026-09-11 22:28:02.404] [info] 8388/11165
[2026-09-11 22:28:02.405] [info] 8389/11165
[2026-09-11 22:28:02.405] [info] 8390/11165
[2026-09-11 22:28:02.406] [info] 8391/11165
[2026-09-11 22:28:02.406] [info] 8392/11165
[2026-09-11 22:28:02.406] [info] 8393/11165
[2026-09-11 22:28:02.407] [info] 8394/11165
[2026-09-11 22:28:02.407] [info] 8395/11165
[2026-09-11 22:28:02.407] [info] 8396/11165
[2026-09-11 22:28:02.408] [info] 8397/11165
[2026-09-11 22:28:02.408] [info] 8398/11165
[2026-09-11 22:28:02.409] [info] 8399/11165
[2026-09-11 22:28:02.409] [info] 8400/11165
[2026-09-11 22:28:02.409] [info] 8401/11165
[2026-09-11 22:28:02.410] [info] 8402/11165
[2026-09-11 22:28:02.410] [info] 8403/11165
[2026-09-11 22:28:02.410] [info] 8404/11165
[2026-09-11 22:28:02.411] [info] 8405/11165
[2026-09-11 22:28:02.411] [info] 8406/11165
[2026-09-11 22:28:02.412] [info] 8407/11165
[2026-09-11 22:28:02.412] [info] 8408/11165
[2026-09-11 22:28:02.412] [info] 8409/11165
[2026-09-11 22:28:02.413] [info] 8410/11165
[2026-09-11 22:28:02.413] [info] 8411/11165
[2026-09-11 22:28:02.413] [info] 8412/11165
[2026-09-11 22:28:02.414] [info] 8413/11165
[2026-09-11 22:28:02.414] [info] 8414/11165
[2026-09-11 22:28:02.414] [info] 8415/11165
[2026-09-11 22:28:02.415] [info] 8416/11165
[2026-09-11 22:28:02.415] [info] 8417/11165
[2026-09-11 22:28:02.415] [info] 8418/11165
[2026-09-11 22:28:02.416] [info] 8419/11165
[2026-09-11 22:28:02.416] [info] 8420/11165
[2026-09-11 22:28:02.417] [info] 8421/11165
[2026-09-11 22:28:02.417] [info] 8422/11165
[2026-09-11 22:28:02.417] [info] 8423/11165
[2026-09-11 22:28:02.418] [info] 8424/11165
[2026-09-11 22:28:02.418] [info] 8425/11165
[2026-09-11 22:28:02.418] [info] 8426/11165
[2026-09-11 22:28:02.419] [info] 8427/11165
[2026-09-11 22:28:02.419] [info] 8428/11165
[2026-09-11 22:28:02.419] [info] 8429/11165
[2026-09-11 22:28:02.420] [info] 8430/11165
[2026-09-11 22:28:02.420] [info] 8431/11165
[2026-09-11 22:28:02.420] [info] 8432/11165
[2026-09-11 22:28:02.423] [info] 8433/11165
[2026-09-11 22:28:02.428] [info] 8434/11165
[2026-09-11 22:28:02.428] [info] 8435/11165
[2026-09-11 22:28:02.429] [info] 8436/11165
[2026-09-11 22:28:02.434] [info] 8437/11165
[2026-09-11 22:28:02.441] [info] 8438/11165
[2026-09-11 22:28:02.441] [info] 8439/11165
[2026-09-11 22:28:02.442] [info] 8440/11165
[2026-09-11 22:28:02.442] [info] 8441/11165
[2026-09-11 22:28:02.442] [info] 8442/11165
[2026-09-11 22:28:02.443] [info] 8443/11165
[2026-09-11 22:28:02.443] [info] 8444/11165
[2026-09-11 22:28:02.443] [info] 8445/11165
[2026-09-11 22:28:02.444] [info] 8446/11165
[2026-09-11 22:28:02.444] [info] 8447/11165
[2026-09-11 22:28:02.444] [info] 8448/11165
[2026-09-11 22:28:02.449] [info] 8449/11165
[2026-09-11 22:28:02.450] [info] 8450/11165
[2026-09-11 22:28:02.450] [info] 8451/11165
[2026-09-11 22:28:02.450] [info] 8452/11165
[2026-09-11 22:28:02.451] [info] 8453/11165
[2026-09-11 22:28:02.451] [info] 8454/11165
[2026-09-11 22:28:02.451] [info] 8455/11165
[2026-09-11 22:28:02.452] [info] 8456/11165
[2026-09-11 22:28:02.452] [info] 8457/11165
[2026-09-11 22:28:02.453] [info] 8458/11165
[2026-09-11 22:28:02.453] [info] 8459/11165
[2026-09-11 22:28:02.453] [info] 8460/11165
[2026-09-11 22:28:02.454] [info] 8461/11165
[2026-09-11 22:28:02.454] [info] 8462/11165
[2026-09-11 22:28:02.454] [info] 8463/11165
[2026-09-11 22:28:02.455] [info] 8464/11165
[2026-09-11 22:28:02.455] [info] 8465/11165
[2026-09-11 22:28:02.455] [info] 8466/11165
[2026-09-11 22:28:02.456] [info] 8467/11165
[2026-09-11 22:28:02.456] [info] 8468/11165
[2026-09-11 22:28:02.456] [info] 8469/11165
[2026-09-11 22:28:02.457] [info] 8470/11165
[2026-09-11 22:28:02.457] [info] 8471/11165
[2026-09-11 22:28:02.457] [info] 8472/11165
[2026-09-11 22:28:02.458] [info] 8473/11165
[2026-09-11 22:28:02.458] [info] 8474/11165
[2026-09-11 22:28:02.458] [info] 8475/11165
[2026-09-11 22:28:02.459] [info] 8476/11165
[2026-09-11 22:28:02.459] [info] 8477/11165
[2026-09-11 22:28:02.459] [info] 8478/11165
[2026-09-11 22:28:02.460] [info] 8479/11165
[2026-09-11 22:28:02.460] [info] 8480/11165
[2026-09-11 22:28:02.460] [info] 8481/11165
[2026-09-11 22:28:02.461] [info] 8482/11165
[2026-09-11 22:28:02.461] [info] 8483/11165
[2026-09-11 22:28:02.461] [info] 8484/11165
[2026-09-11 22:28:02.462] [info] 8485/11165
[2026-09-11 22:28:02.462] [info] 8486/11165
[2026-09-11 22:28:02.463] [info] 8487/11165
[2026-09-11 22:28:02.463] [info] 8488/11165
[2026-09-11 22:28:02.463] [info] 8489/11165
[2026-09-11 22:28:02.464] [info] 8490/11165
[2026-09-11 22:28:02.464] [info] 8491/11165
[2026-09-11 22:28:02.464] [info] 8492/11165
[2026-09-11 22:28:02.465] [info] 8493/11165
[2026-09-11 22:28:02.465] [info] 8494/11165
[2026-09-11 22:28:02.465] [info] 8495/11165
[2026-09-11 22:28:02.465] [info] 8496/11165
[2026-09-11 22:28:02.466] [info] 8497/11165
[2026-09-11 22:28:02.468] [info] 8498/11165
[2026-09-11 22:28:02.472] [info] 8499/11165
[2026-09-11 22:28:02.472] [info] 8500/11165
[2026-09-11 22:28:02.472] [info] 8501/11165
[2026-09-11 22:28:02.473] [info] 8502/11165
[2026-09-11 22:28:02.473] [info] 8503/11165
[2026-09-11 22:28:02.474] [info] 8504/11165
[2026-09-11 22:28:02.474] [info] 8505/11165
[2026-09-11 22:28:02.474] [info] 8506/11165
[2026-09-11 22:28:02.475] [info] 8507/11165
[2026-09-11 22:28:02.475] [info] 8508/11165
[2026-09-11 22:28:02.475] [info] 8509/11165
[2026-09-11 22:28:02.476] [info] 8510/11165
[2026-09-11 22:28:02.476] [info] 8511/11165
[2026-09-11 22:28:02.476] [info] 8512/11165
[2026-09-11 22:28:02.477] [info] 8513/11165
[2026-09-11 22:28:02.480] [info] 8514/11165
[2026-09-11 22:28:02.481] [info] 8515/11165
[2026-09-11 22:28:02.481] [info] 8516/11165
[2026-09-11 22:28:02.481] [info] 8517/11165
[2026-09-11 22:28:02.482] [info] 8518/11165
[2026-09-11 22:28:02.482] [info] 8519/11165
[2026-09-11 22:28:02.483] [info] 8520/11165
[2026-09-11 22:28:02.483] [info] 8521/11165
[2026-09-11 22:28:02.483] [info] 8522/11165
[2026-09-11 22:28:02.484] [info] 8523/11165
[2026-09-11 22:28:02.484] [info] 8524/11165
[2026-09-11 22:28:02.484] [info] 8525/11165
[2026-09-11 22:28:02.485] [info] 8526/11165
[2026-09-11 22:28:02.485] [info] 8527/11165
[2026-09-11 22:28:02.485] [info] 8528/11165
[2026-09-11 22:28:02.486] [info] 8529/11165
[2026-09-11 22:28:02.486] [info] 8530/11165
[2026-09-11 22:28:02.486] [info] 8531/11165
[2026-09-11 22:28:02.487] [info] 8532/11165
[2026-09-11 22:28:02.487] [info] 8533/11165
[2026-09-11 22:28:02.487] [info] 8534/11165
[2026-09-11 22:28:02.488] [info] 8535/11165
[2026-09-11 22:28:02.488] [info] 8536/11165
[2026-09-11 22:28:02.488] [info] 8537/11165
[2026-09-11 22:28:02.489] [info] 8538/11165
[2026-09-11 22:28:02.489] [info] 8539/11165
[2026-09-11 22:28:02.489] [info] 8540/11165
[2026-09-11 22:28:02.490] [info] 8541/11165
[2026-09-11 22:28:02.490] [info] 8542/11165
[2026-09-11 22:28:02.490] [info] 8543/11165
[2026-09-11 22:28:02.491] [info] 8544/11165
[2026-09-11 22:28:02.491] [info] 8545/11165
[2026-09-11 22:28:02.491] [info] 8546/11165
[2026-09-11 22:28:02.492] [info] 8547/11165
[2026-09-11 22:28:02.492] [info] 8548/11165
[2026-09-11 22:28:02.492] [info] 8549/11165
[2026-09-11 22:28:02.493] [info] 8550/11165
[2026-09-11 22:28:02.493] [info] 8551/11165
[2026-09-11 22:28:02.493] [info] 8552/11165
[2026-09-11 22:28:02.494] [info] 8553/11165
[2026-09-11 22:28:02.494] [info] 8554/11165
[2026-09-11 22:28:02.494] [info] 8555/11165
[2026-09-11 22:28:02.495] [info] 8556/11165
[2026-09-11 22:28:02.495] [info] 8557/11165
[2026-09-11 22:28:02.495] [info] 8558/11165
[2026-09-11 22:28:02.496] [info] 8559/11165
[2026-09-11 22:28:02.496] [info] 8560/11165
[2026-09-11 22:28:02.496] [info] 8561/11165
[2026-09-11 22:28:02.497] [info] 8562/11165
[2026-09-11 22:28:02.497] [info] 8563/11165
[2026-09-11 22:28:02.497] [info] 8564/11165
[2026-09-11 22:28:02.498] [info] 8565/11165
[2026-09-11 22:28:02.499] [info] 8566/11165
[2026-09-11 22:28:02.503] [info] 8567/11165
[2026-09-11 22:28:02.505] [info] 8568/11165
[2026-09-11 22:28:02.505] [info] 8569/11165
[2026-09-11 22:28:02.509] [info] 8570/11165
[2026-09-11 22:28:02.515] [info] 8571/11165
[2026-09-11 22:28:02.519] [info] 8572/11165
[2026-09-11 22:28:02.520] [info] 8573/11165
[2026-09-11 22:28:02.522] [info] 8574/11165
[2026-09-11 22:28:02.526] [info] 8575/11165
[2026-09-11 22:28:02.527] [info] 8576/11165
[2026-09-11 22:28:02.527] [info] 8577/11165
[2026-09-11 22:28:02.527] [info] 8578/11165
[2026-09-11 22:28:02.528] [info] 8579/11165
[2026-09-11 22:28:02.528] [info] 8580/11165
[2026-09-11 22:28:02.528] [info] 8581/11165
[2026-09-11 22:28:02.532] [info] 8582/11165
[2026-09-11 22:28:02.537] [info] 8583/11165
[2026-09-11 22:28:02.538] [info] 8584/11165
[2026-09-11 22:28:02.538] [info] 8585/11165
[2026-09-11 22:28:02.544] [info] 8586/11165
[2026-09-11 22:28:02.553] [info] 8587/11165
[2026-09-11 22:28:02.553] [info] 8588/11165
[2026-09-11 22:28:02.553] [info] 8589/11165
[2026-09-11 22:28:02.554] [info] 8590/11165
[2026-09-11 22:28:02.554] [info] 8591/11165
[2026-09-11 22:28:02.555] [info] 8592/11165
[2026-09-11 22:28:02.555] [info] 8593/11165
[2026-09-11 22:28:02.555] [info] 8594/11165
[2026-09-11 22:28:02.556] [info] 8595/11165
[2026-09-11 22:28:02.556] [info] 8596/11165
[2026-09-11 22:28:02.556] [info] 8597/11165
[2026-09-11 22:28:02.557] [info] 8598/11165
[2026-09-11 22:28:02.557] [info] 8599/11165
[2026-09-11 22:28:02.557] [info] 8600/11165
[2026-09-11 22:28:02.558] [info] 8601/11165
[2026-09-11 22:28:02.558] [info] 8602/11165
[2026-09-11 22:28:02.558] [info] 8603/11165
[2026-09-11 22:28:02.559] [info] 8604/11165
[2026-09-11 22:28:02.559] [info] 8605/11165
[2026-09-11 22:28:02.560] [info] 8606/11165
[2026-09-11 22:28:02.560] [info] 8607/11165
[2026-09-11 22:28:02.560] [info] 8608/11165
[2026-09-11 22:28:02.561] [info] 8609/11165
[2026-09-11 22:28:02.561] [info] 8610/11165
[2026-09-11 22:28:02.561] [info] 8611/11165
[2026-09-11 22:28:02.562] [info] 8612/11165
[2026-09-11 22:28:02.562] [info] 8613/11165
[2026-09-11 22:28:02.562] [info] 8614/11165
[2026-09-11 22:28:02.563] [info] 8615/11165
[2026-09-11 22:28:02.563] [info] 8616/11165
[2026-09-11 22:28:02.563] [info] 8617/11165
[2026-09-11 22:28:02.564] [info] 8618/11165
[2026-09-11 22:28:02.564] [info] 8619/11165
[2026-09-11 22:28:02.564] [info] 8620/11165
[2026-09-11 22:28:02.565] [info] 8621/11165
[2026-09-11 22:28:02.565] [info] 8622/11165
[2026-09-11 22:28:02.565] [info] 8623/11165
[2026-09-11 22:28:02.566] [info] 8624/11165
[2026-09-11 22:28:02.566] [info] 8625/11165
[2026-09-11 22:28:02.566] [info] 8626/11165
[2026-09-11 22:28:02.567] [info] 8627/11165
[2026-09-11 22:28:02.567] [info] 8628/11165
[2026-09-11 22:28:02.567] [info] 8629/11165
[2026-09-11 22:28:02.571] [info] 8630/11165
[2026-09-11 22:28:02.576] [info] 8631/11165
[2026-09-11 22:28:02.579] [info] 8632/11165
[2026-09-11 22:28:02.580] [info] 8633/11165
[2026-09-11 22:28:02.585] [info] 8634/11165
[2026-09-11 22:28:02.592] [info] 8635/11165
[2026-09-11 22:28:02.593] [info] 8636/11165
[2026-09-11 22:28:02.593] [info] 8637/11165
[2026-09-11 22:28:02.593] [info] 8638/11165
[2026-09-11 22:28:02.594] [info] 8639/11165
[2026-09-11 22:28:02.594] [info] 8640/11165
[2026-09-11 22:28:02.594] [info] 8641/11165
[2026-09-11 22:28:02.595] [info] 8642/11165
[2026-09-11 22:28:02.595] [info] 8643/11165
[2026-09-11 22:28:02.596] [info] 8644/11165
[2026-09-11 22:28:02.596] [info] 8645/11165
[2026-09-11 22:28:02.602] [info] 8646/11165
[2026-09-11 22:28:02.602] [info] 8647/11165
[2026-09-11 22:28:02.603] [info] 8648/11165
[2026-09-11 22:28:02.603] [info] 8649/11165
[2026-09-11 22:28:02.603] [info] 8650/11165
[2026-09-11 22:28:02.604] [info] 8651/11165
[2026-09-11 22:28:02.604] [info] 8652/11165
[2026-09-11 22:28:02.604] [info] 8653/11165
[2026-09-11 22:28:02.605] [info] 8654/11165
[2026-09-11 22:28:02.605] [info] 8655/11165
[2026-09-11 22:28:02.606] [info] 8656/11165
[2026-09-11 22:28:02.606] [info] 8657/11165
[2026-09-11 22:28:02.606] [info] 8658/11165
[2026-09-11 22:28:02.607] [info] 8659/11165
[2026-09-11 22:28:02.607] [info] 8660/11165
[2026-09-11 22:28:02.607] [info] 8661/11165
[2026-09-11 22:28:02.608] [info] 8662/11165
[2026-09-11 22:28:02.608] [info] 8663/11165
[2026-09-11 22:28:02.608] [info] 8664/11165
[2026-09-11 22:28:02.609] [info] 8665/11165
[2026-09-11 22:28:02.609] [info] 8666/11165
[2026-09-11 22:28:02.610] [info] 8667/11165
[2026-09-11 22:28:02.610] [info] 8668/11165
[2026-09-11 22:28:02.610] [info] 8669/11165
[2026-09-11 22:28:02.611] [info] 8670/11165
[2026-09-11 22:28:02.611] [info] 8671/11165
[2026-09-11 22:28:02.611] [info] 8672/11165
[2026-09-11 22:28:02.612] [info] 8673/11165
[2026-09-11 22:28:02.612] [info] 8674/11165
[2026-09-11 22:28:02.612] [info] 8675/11165
[2026-09-11 22:28:02.613] [info] 8676/11165
[2026-09-11 22:28:02.613] [info] 8677/11165
[2026-09-11 22:28:02.614] [info] 8678/11165
[2026-09-11 22:28:02.614] [info] 8679/11165
[2026-09-11 22:28:02.614] [info] 8680/11165
[2026-09-11 22:28:02.615] [info] 8681/11165
[2026-09-11 22:28:02.615] [info] 8682/11165
[2026-09-11 22:28:02.615] [info] 8683/11165
[2026-09-11 22:28:02.616] [info] 8684/11165
[2026-09-11 22:28:02.616] [info] 8685/11165
[2026-09-11 22:28:02.616] [info] 8686/11165
[2026-09-11 22:28:02.617] [info] 8687/11165
[2026-09-11 22:28:02.617] [info] 8688/11165
[2026-09-11 22:28:02.618] [info] 8689/11165
[2026-09-11 22:28:02.618] [info] 8690/11165
[2026-09-11 22:28:02.618] [info] 8691/11165
[2026-09-11 22:28:02.619] [info] 8692/11165
[2026-09-11 22:28:02.619] [info] 8693/11165
[2026-09-11 22:28:02.622] [info] 8694/11165
[2026-09-11 22:28:02.626] [info] 8695/11165
[2026-09-11 22:28:02.627] [info] 8696/11165
[2026-09-11 22:28:02.627] [info] 8697/11165
[2026-09-11 22:28:02.631] [info] 8698/11165
[2026-09-11 22:28:02.638] [info] 8699/11165
[2026-09-11 22:28:02.639] [info] 8700/11165
[2026-09-11 22:28:02.639] [info] 8701/11165
[2026-09-11 22:28:02.639] [info] 8702/11165
[2026-09-11 22:28:02.640] [info] 8703/11165
[2026-09-11 22:28:02.640] [info] 8704/11165
[2026-09-11 22:28:02.640] [info] 8705/11165
[2026-09-11 22:28:02.641] [info] 8706/11165
[2026-09-11 22:28:02.641] [info] 8707/11165
[2026-09-11 22:28:02.641] [info] 8708/11165
[2026-09-11 22:28:02.642] [info] 8709/11165
[2026-09-11 22:28:02.646] [info] 8710/11165
[2026-09-11 22:28:02.646] [info] 8711/11165
[2026-09-11 22:28:02.647] [info] 8712/11165
[2026-09-11 22:28:02.647] [info] 8713/11165
[2026-09-11 22:28:02.647] [info] 8714/11165
[2026-09-11 22:28:02.648] [info] 8715/11165
[2026-09-11 22:28:02.648] [info] 8716/11165
[2026-09-11 22:28:02.649] [info] 8717/11165
[2026-09-11 22:28:02.649] [info] 8718/11165
[2026-09-11 22:28:02.649] [info] 8719/11165
[2026-09-11 22:28:02.650] [info] 8720/11165
[2026-09-11 22:28:02.650] [info] 8721/11165
[2026-09-11 22:28:02.650] [info] 8722/11165
[2026-09-11 22:28:02.651] [info] 8723/11165
[2026-09-11 22:28:02.651] [info] 8724/11165
[2026-09-11 22:28:02.651] [info] 8725/11165
[2026-09-11 22:28:02.652] [info] 8726/11165
[2026-09-11 22:28:02.652] [info] 8727/11165
[2026-09-11 22:28:02.652] [info] 8728/11165
[2026-09-11 22:28:02.653] [info] 8729/11165
[2026-09-11 22:28:02.653] [info] 8730/11165
[2026-09-11 22:28:02.653] [info] 8731/11165
[2026-09-11 22:28:02.654] [info] 8732/11165
[2026-09-11 22:28:02.654] [info] 8733/11165
[2026-09-11 22:28:02.654] [info] 8734/11165
[2026-09-11 22:28:02.655] [info] 8735/11165
[2026-09-11 22:28:02.655] [info] 8736/11165
[2026-09-11 22:28:02.656] [info] 8737/11165
[2026-09-11 22:28:02.656] [info] 8738/11165
[2026-09-11 22:28:02.656] [info] 8739/11165
[2026-09-11 22:28:02.657] [info] 8740/11165
[2026-09-11 22:28:02.657] [info] 8741/11165
[2026-09-11 22:28:02.657] [info] 8742/11165
[2026-09-11 22:28:02.658] [info] 8743/11165
[2026-09-11 22:28:02.658] [info] 8744/11165
[2026-09-11 22:28:02.658] [info] 8745/11165
[2026-09-11 22:28:02.659] [info] 8746/11165
[2026-09-11 22:28:02.659] [info] 8747/11165
[2026-09-11 22:28:02.659] [info] 8748/11165
[2026-09-11 22:28:02.660] [info] 8749/11165
[2026-09-11 22:28:02.660] [info] 8750/11165
[2026-09-11 22:28:02.660] [info] 8751/11165
[2026-09-11 22:28:02.661] [info] 8752/11165
[2026-09-11 22:28:02.661] [info] 8753/11165
[2026-09-11 22:28:02.661] [info] 8754/11165
[2026-09-11 22:28:02.662] [info] 8755/11165
[2026-09-11 22:28:02.662] [info] 8756/11165
[2026-09-11 22:28:02.662] [info] 8757/11165
[2026-09-11 22:28:02.664] [info] 8758/11165
[2026-09-11 22:28:02.667] [info] 8759/11165
[2026-09-11 22:28:02.667] [info] 8760/11165
[2026-09-11 22:28:02.668] [info] 8761/11165
[2026-09-11 22:28:02.668] [info] 8762/11165
[2026-09-11 22:28:02.668] [info] 8763/11165
[2026-09-11 22:28:02.669] [info] 8764/11165
[2026-09-11 22:28:02.669] [info] 8765/11165
[2026-09-11 22:28:02.669] [info] 8766/11165
[2026-09-11 22:28:02.670] [info] 8767/11165
[2026-09-11 22:28:02.670] [info] 8768/11165
[2026-09-11 22:28:02.670] [info] 8769/11165
[2026-09-11 22:28:02.671] [info] 8770/11165
[2026-09-11 22:28:02.671] [info] 8771/11165
[2026-09-11 22:28:02.672] [info] 8772/11165
[2026-09-11 22:28:02.672] [info] 8773/11165
[2026-09-11 22:28:02.675] [info] 8774/11165
[2026-09-11 22:28:02.675] [info] 8775/11165
[2026-09-11 22:28:02.676] [info] 8776/11165
[2026-09-11 22:28:02.676] [info] 8777/11165
[2026-09-11 22:28:02.676] [info] 8778/11165
[2026-09-11 22:28:02.677] [info] 8779/11165
[2026-09-11 22:28:02.677] [info] 8780/11165
[2026-09-11 22:28:02.677] [info] 8781/11165
[2026-09-11 22:28:02.678] [info] 8782/11165
[2026-09-11 22:28:02.678] [info] 8783/11165
[2026-09-11 22:28:02.679] [info] 8784/11165
[2026-09-11 22:28:02.679] [info] 8785/11165
[2026-09-11 22:28:02.679] [info] 8786/11165
[2026-09-11 22:28:02.680] [info] 8787/11165
[2026-09-11 22:28:02.680] [info] 8788/11165
[2026-09-11 22:28:02.680] [info] 8789/11165
[2026-09-11 22:28:02.681] [info] 8790/11165
[2026-09-11 22:28:02.681] [info] 8791/11165
[2026-09-11 22:28:02.681] [info] 8792/11165
[2026-09-11 22:28:02.682] [info] 8793/11165
[2026-09-11 22:28:02.682] [info] 8794/11165
[2026-09-11 22:28:02.682] [info] 8795/11165
[2026-09-11 22:28:02.683] [info] 8796/11165
[2026-09-11 22:28:02.683] [info] 8797/11165
[2026-09-11 22:28:02.683] [info] 8798/11165
[2026-09-11 22:28:02.684] [info] 8799/11165
[2026-09-11 22:28:02.684] [info] 8800/11165
[2026-09-11 22:28:02.684] [info] 8801/11165
[2026-09-11 22:28:02.685] [info] 8802/11165
[2026-09-11 22:28:02.685] [info] 8803/11165
[2026-09-11 22:28:02.685] [info] 8804/11165
[2026-09-11 22:28:02.686] [info] 8805/11165
[2026-09-11 22:28:02.686] [info] 8806/11165
[2026-09-11 22:28:02.686] [info] 8807/11165
[2026-09-11 22:28:02.687] [info] 8808/11165
[2026-09-11 22:28:02.687] [info] 8809/11165
[2026-09-11 22:28:02.687] [info] 8810/11165
[2026-09-11 22:28:02.688] [info] 8811/11165
[2026-09-11 22:28:02.688] [info] 8812/11165
[2026-09-11 22:28:02.689] [info] 8813/11165
[2026-09-11 22:28:02.689] [info] 8814/11165
[2026-09-11 22:28:02.689] [info] 8815/11165
[2026-09-11 22:28:02.690] [info] 8816/11165
[2026-09-11 22:28:02.690] [info] 8817/11165
[2026-09-11 22:28:02.690] [info] 8818/11165
[2026-09-11 22:28:02.690] [info] 8819/11165
[2026-09-11 22:28:02.691] [info] 8820/11165
[2026-09-11 22:28:02.691] [info] 8821/11165
[2026-09-11 22:28:02.693] [info] 8822/11165
[2026-09-11 22:28:02.698] [info] 8823/11165
[2026-09-11 22:28:02.701] [info] 8824/11165
[2026-09-11 22:28:02.702] [info] 8825/11165
[2026-09-11 22:28:02.709] [info] 8826/11165
[2026-09-11 22:28:02.714] [info] 8827/11165
[2026-09-11 22:28:02.718] [info] 8828/11165
[2026-09-11 22:28:02.723] [info] 8829/11165
[2026-09-11 22:28:02.726] [info] 8830/11165
[2026-09-11 22:28:02.729] [info] 8831/11165
[2026-09-11 22:28:02.733] [info] 8832/11165
[2026-09-11 22:28:02.735] [info] 8833/11165
[2026-09-11 22:28:02.737] [info] 8834/11165
[2026-09-11 22:28:02.743] [info] 8835/11165
[2026-09-11 22:28:02.748] [info] 8836/11165
[2026-09-11 22:28:02.752] [info] 8837/11165
[2026-09-11 22:28:02.761] [info] 8838/11165
[2026-09-11 22:28:02.769] [info] 8839/11165
[2026-09-11 22:28:02.776] [info] 8840/11165
[2026-09-11 22:28:02.782] [info] 8841/11165
[2026-09-11 22:28:02.788] [info] 8842/11165
[2026-09-11 22:28:02.792] [info] 8843/11165
[2026-09-11 22:28:02.797] [info] 8844/11165
[2026-09-11 22:28:02.802] [info] 8845/11165
[2026-09-11 22:28:02.805] [info] 8846/11165
[2026-09-11 22:28:02.810] [info] 8847/11165
[2026-09-11 22:28:02.814] [info] 8848/11165
[2026-09-11 22:28:02.817] [info] 8849/11165
[2026-09-11 22:28:02.824] [info] 8850/11165
[2026-09-11 22:28:02.830] [info] 8851/11165
[2026-09-11 22:28:02.835] [info] 8852/11165
[2026-09-11 22:28:02.840] [info] 8853/11165
[2026-09-11 22:28:02.844] [info] 8854/11165
[2026-09-11 22:28:02.847] [info] 8855/11165
[2026-09-11 22:28:02.851] [info] 8856/11165
[2026-09-11 22:28:02.854] [info] 8857/11165
[2026-09-11 22:28:02.857] [info] 8858/11165
[2026-09-11 22:28:02.861] [info] 8859/11165
[2026-09-11 22:28:02.864] [info] 8860/11165
[2026-09-11 22:28:02.865] [info] 8861/11165
[2026-09-11 22:28:02.872] [info] 8862/11165
[2026-09-11 22:28:02.876] [info] 8863/11165
[2026-09-11 22:28:02.879] [info] 8864/11165
[2026-09-11 22:28:02.884] [info] 8865/11165
[2026-09-11 22:28:02.887] [info] 8866/11165
[2026-09-11 22:28:02.889] [info] 8867/11165
[2026-09-11 22:28:02.893] [info] 8868/11165
[2026-09-11 22:28:02.895] [info] 8869/11165
[2026-09-11 22:28:02.896] [info] 8870/11165
[2026-09-11 22:28:02.902] [info] 8871/11165
[2026-09-11 22:28:02.908] [info] 8872/11165
[2026-09-11 22:28:02.911] [info] 8873/11165
[2026-09-11 22:28:02.920] [info] 8874/11165
[2026-09-11 22:28:02.927] [info] 8875/11165
[2026-09-11 22:28:02.932] [info] 8876/11165
[2026-09-11 22:28:02.939] [info] 8877/11165
[2026-09-11 22:28:02.945] [info] 8878/11165
[2026-09-11 22:28:02.949] [info] 8879/11165
[2026-09-11 22:28:02.955] [info] 8880/11165
[2026-09-11 22:28:02.959] [info] 8881/11165
[2026-09-11 22:28:02.963] [info] 8882/11165
[2026-09-11 22:28:02.972] [info] 8883/11165
[2026-09-11 22:28:02.980] [info] 8884/11165
[2026-09-11 22:28:02.986] [info] 8885/11165
[2026-09-11 22:28:02.998] [info] 8886/11165
[2026-09-11 22:28:03.009] [info] 8887/11165
[2026-09-11 22:28:03.017] [info] 8888/11165
[2026-09-11 22:28:03.027] [info] 8889/11165
[2026-09-11 22:28:03.035] [info] 8890/11165
[2026-09-11 22:28:03.043] [info] 8891/11165
[2026-09-11 22:28:03.050] [info] 8892/11165
[2026-09-11 22:28:03.057] [info] 8893/11165
[2026-09-11 22:28:03.064] [info] 8894/11165
[2026-09-11 22:28:03.070] [info] 8895/11165
[2026-09-11 22:28:03.076] [info] 8896/11165
[2026-09-11 22:28:03.081] [info] 8897/11165
[2026-09-11 22:28:03.090] [info] 8898/11165
[2026-09-11 22:28:03.098] [info] 8899/11165
[2026-09-11 22:28:03.104] [info] 8900/11165
[2026-09-11 22:28:03.111] [info] 8901/11165
[2026-09-11 22:28:03.117] [info] 8902/11165
[2026-09-11 22:28:03.122] [info] 8903/11165
[2026-09-11 22:28:03.128] [info] 8904/11165
[2026-09-11 22:28:03.133] [info] 8905/11165
[2026-09-11 22:28:03.138] [info] 8906/11165
[2026-09-11 22:28:03.144] [info] 8907/11165
[2026-09-11 22:28:03.148] [info] 8908/11165
[2026-09-11 22:28:03.152] [info] 8909/11165
[2026-09-11 22:28:03.160] [info] 8910/11165
[2026-09-11 22:28:03.166] [info] 8911/11165
[2026-09-11 22:28:03.170] [info] 8912/11165
[2026-09-11 22:28:03.176] [info] 8913/11165
[2026-09-11 22:28:03.181] [info] 8914/11165
[2026-09-11 22:28:03.185] [info] 8915/11165
[2026-09-11 22:28:03.190] [info] 8916/11165
[2026-09-11 22:28:03.194] [info] 8917/11165
[2026-09-11 22:28:03.197] [info] 8918/11165
[2026-09-11 22:28:03.202] [info] 8919/11165
[2026-09-11 22:28:03.206] [info] 8920/11165
[2026-09-11 22:28:03.209] [info] 8921/11165
[2026-09-11 22:28:03.217] [info] 8922/11165
[2026-09-11 22:28:03.222] [info] 8923/11165
[2026-09-11 22:28:03.227] [info] 8924/11165
[2026-09-11 22:28:03.233] [info] 8925/11165
[2026-09-11 22:28:03.237] [info] 8926/11165
[2026-09-11 22:28:03.237] [info] 8927/11165
[2026-09-11 22:28:03.242] [info] 8928/11165
[2026-09-11 22:28:03.242] [info] 8929/11165
[2026-09-11 22:28:03.243] [info] 8930/11165
[2026-09-11 22:28:03.250] [info] 8931/11165
[2026-09-11 22:28:03.256] [info] 8932/11165
[2026-09-11 22:28:03.260] [info] 8933/11165
[2026-09-11 22:28:03.271] [info] 8934/11165
[2026-09-11 22:28:03.271] [info] 8935/11165
[2026-09-11 22:28:03.272] [info] 8936/11165
[2026-09-11 22:28:03.279] [info] 8937/11165
[2026-09-11 22:28:03.280] [info] 8938/11165
[2026-09-11 22:28:03.280] [info] 8939/11165
[2026-09-11 22:28:03.286] [info] 8940/11165
[2026-09-11 22:28:03.286] [info] 8941/11165
[2026-09-11 22:28:03.287] [info] 8942/11165
[2026-09-11 22:28:03.292] [info] 8943/11165
[2026-09-11 22:28:03.297] [info] 8944/11165
[2026-09-11 22:28:03.297] [info] 8945/11165
[2026-09-11 22:28:03.305] [info] 8946/11165
[2026-09-11 22:28:03.306] [info] 8947/11165
[2026-09-11 22:28:03.306] [info] 8948/11165
[2026-09-11 22:28:03.312] [info] 8949/11165
[2026-09-11 22:28:03.312] [info] 8950/11165
[2026-09-11 22:28:03.313] [info] 8951/11165
[2026-09-11 22:28:03.317] [info] 8952/11165
[2026-09-11 22:28:03.318] [info] 8953/11165
[2026-09-11 22:28:03.318] [info] 8954/11165
[2026-09-11 22:28:03.323] [info] 8955/11165
[2026-09-11 22:28:03.323] [info] 8956/11165
[2026-09-11 22:28:03.323] [info] 8957/11165
[2026-09-11 22:28:03.330] [info] 8958/11165
[2026-09-11 22:28:03.331] [info] 8959/11165
[2026-09-11 22:28:03.331] [info] 8960/11165
[2026-09-11 22:28:03.336] [info] 8961/11165
[2026-09-11 22:28:03.337] [info] 8962/11165
[2026-09-11 22:28:03.337] [info] 8963/11165
[2026-09-11 22:28:03.341] [info] 8964/11165
[2026-09-11 22:28:03.342] [info] 8965/11165
[2026-09-11 22:28:03.342] [info] 8966/11165
[2026-09-11 22:28:03.346] [info] 8967/11165
[2026-09-11 22:28:03.349] [info] 8968/11165
[2026-09-11 22:28:03.350] [info] 8969/11165
[2026-09-11 22:28:03.357] [info] 8970/11165
[2026-09-11 22:28:03.361] [info] 8971/11165
[2026-09-11 22:28:03.365] [info] 8972/11165
[2026-09-11 22:28:03.370] [info] 8973/11165
[2026-09-11 22:28:03.370] [info] 8974/11165
[2026-09-11 22:28:03.370] [info] 8975/11165
[2026-09-11 22:28:03.374] [info] 8976/11165
[2026-09-11 22:28:03.374] [info] 8977/11165
[2026-09-11 22:28:03.374] [info] 8978/11165
[2026-09-11 22:28:03.380] [info] 8979/11165
[2026-09-11 22:28:03.384] [info] 8980/11165
[2026-09-11 22:28:03.388] [info] 8981/11165
[2026-09-11 22:28:03.397] [info] 8982/11165
[2026-09-11 22:28:03.397] [info] 8983/11165
[2026-09-11 22:28:03.397] [info] 8984/11165
[2026-09-11 22:28:03.404] [info] 8985/11165
[2026-09-11 22:28:03.404] [info] 8986/11165
[2026-09-11 22:28:03.404] [info] 8987/11165
[2026-09-11 22:28:03.409] [info] 8988/11165
[2026-09-11 22:28:03.409] [info] 8989/11165
[2026-09-11 22:28:03.410] [info] 8990/11165
[2026-09-11 22:28:03.414] [info] 8991/11165
[2026-09-11 22:28:03.415] [info] 8992/11165
[2026-09-11 22:28:03.415] [info] 8993/11165
[2026-09-11 22:28:03.422] [info] 8994/11165
[2026-09-11 22:28:03.423] [info] 8995/11165
[2026-09-11 22:28:03.423] [info] 8996/11165
[2026-09-11 22:28:03.428] [info] 8997/11165
[2026-09-11 22:28:03.428] [info] 8998/11165
[2026-09-11 22:28:03.429] [info] 8999/11165
[2026-09-11 22:28:03.432] [info] 9000/11165
[2026-09-11 22:28:03.433] [info] 9001/11165
[2026-09-11 22:28:03.433] [info] 9002/11165
[2026-09-11 22:28:03.437] [info] 9003/11165
[2026-09-11 22:28:03.437] [info] 9004/11165
[2026-09-11 22:28:03.438] [info] 9005/11165
[2026-09-11 22:28:03.444] [info] 9006/11165
[2026-09-11 22:28:03.444] [info] 9007/11165
[2026-09-11 22:28:03.444] [info] 9008/11165
[2026-09-11 22:28:03.449] [info] 9009/11165
[2026-09-11 22:28:03.449] [info] 9010/11165
[2026-09-11 22:28:03.449] [info] 9011/11165
[2026-09-11 22:28:03.453] [info] 9012/11165
[2026-09-11 22:28:03.453] [info] 9013/11165
[2026-09-11 22:28:03.453] [info] 9014/11165
[2026-09-11 22:28:03.462] [info] 9015/11165
[2026-09-11 22:28:03.469] [info] 9016/11165
[2026-09-11 22:28:03.474] [info] 9017/11165
[2026-09-11 22:28:03.481] [info] 9018/11165
[2026-09-11 22:28:03.487] [info] 9019/11165
[2026-09-11 22:28:03.491] [info] 9020/11165
[2026-09-11 22:28:03.497] [info] 9021/11165
[2026-09-11 22:28:03.501] [info] 9022/11165
[2026-09-11 22:28:03.505] [info] 9023/11165
[2026-09-11 22:28:03.513] [info] 9024/11165
[2026-09-11 22:28:03.519] [info] 9025/11165
[2026-09-11 22:28:03.525] [info] 9026/11165
[2026-09-11 22:28:03.536] [info] 9027/11165
[2026-09-11 22:28:03.546] [info] 9028/11165
[2026-09-11 22:28:03.554] [info] 9029/11165
[2026-09-11 22:28:03.562] [info] 9030/11165
[2026-09-11 22:28:03.570] [info] 9031/11165
[2026-09-11 22:28:03.576] [info] 9032/11165
[2026-09-11 22:28:03.583] [info] 9033/11165
[2026-09-11 22:28:03.589] [info] 9034/11165
[2026-09-11 22:28:03.594] [info] 9035/11165
[2026-09-11 22:28:03.601] [info] 9036/11165
[2026-09-11 22:28:03.607] [info] 9037/11165
[2026-09-11 22:28:03.607] [info] 9038/11165
[2026-09-11 22:28:03.617] [info] 9039/11165
[2026-09-11 22:28:03.624] [info] 9040/11165
[2026-09-11 22:28:03.625] [info] 9041/11165
[2026-09-11 22:28:03.632] [info] 9042/11165
[2026-09-11 22:28:03.638] [info] 9043/11165
[2026-09-11 22:28:03.638] [info] 9044/11165
[2026-09-11 22:28:03.644] [info] 9045/11165
[2026-09-11 22:28:03.649] [info] 9046/11165
[2026-09-11 22:28:03.650] [info] 9047/11165
[2026-09-11 22:28:03.655] [info] 9048/11165
[2026-09-11 22:28:03.656] [info] 9049/11165
[2026-09-11 22:28:03.656] [info] 9050/11165
[2026-09-11 22:28:03.664] [info] 9051/11165
[2026-09-11 22:28:03.664] [info] 9052/11165
[2026-09-11 22:28:03.665] [info] 9053/11165
[2026-09-11 22:28:03.671] [info] 9054/11165
[2026-09-11 22:28:03.671] [info] 9055/11165
[2026-09-11 22:28:03.672] [info] 9056/11165
[2026-09-11 22:28:03.677] [info] 9057/11165
[2026-09-11 22:28:03.677] [info] 9058/11165
[2026-09-11 22:28:03.678] [info] 9059/11165
[2026-09-11 22:28:03.685] [info] 9060/11165
[2026-09-11 22:28:03.692] [info] 9061/11165
[2026-09-11 22:28:03.703] [info] 9062/11165
[2026-09-11 22:28:03.712] [info] 9063/11165
[2026-09-11 22:28:03.720] [info] 9064/11165
[2026-09-11 22:28:03.730] [info] 9065/11165
[2026-09-11 22:28:03.738] [info] 9066/11165
[2026-09-11 22:28:03.745] [info] 9067/11165
[2026-09-11 22:28:03.753] [info] 9068/11165
[2026-09-11 22:28:03.761] [info] 9069/11165
[2026-09-11 22:28:03.767] [info] 9070/11165
[2026-09-11 22:28:03.778] [info] 9071/11165
[2026-09-11 22:28:03.788] [info] 9072/11165
[2026-09-11 22:28:03.797] [info] 9073/11165
[2026-09-11 22:28:03.812] [info] 9074/11165
[2026-09-11 22:28:03.825] [info] 9075/11165
[2026-09-11 22:28:03.825] [info] 9076/11165
[2026-09-11 22:28:03.838] [info] 9077/11165
[2026-09-11 22:28:03.838] [info] 9078/11165
[2026-09-11 22:28:03.839] [info] 9079/11165
[2026-09-11 22:28:03.849] [info] 9080/11165
[2026-09-11 22:28:03.849] [info] 9081/11165
[2026-09-11 22:28:03.850] [info] 9082/11165
[2026-09-11 22:28:03.859] [info] 9083/11165
[2026-09-11 22:28:03.860] [info] 9084/11165
[2026-09-11 22:28:03.860] [info] 9085/11165
[2026-09-11 22:28:03.872] [info] 9086/11165
[2026-09-11 22:28:03.873] [info] 9087/11165
[2026-09-11 22:28:03.873] [info] 9088/11165
[2026-09-11 22:28:03.883] [info] 9089/11165
[2026-09-11 22:28:03.883] [info] 9090/11165
[2026-09-11 22:28:03.884] [info] 9091/11165
[2026-09-11 22:28:03.892] [info] 9092/11165
[2026-09-11 22:28:03.893] [info] 9093/11165
[2026-09-11 22:28:03.893] [info] 9094/11165
[2026-09-11 22:28:03.901] [info] 9095/11165
[2026-09-11 22:28:03.902] [info] 9096/11165
[2026-09-11 22:28:03.902] [info] 9097/11165
[2026-09-11 22:28:03.912] [info] 9098/11165
[2026-09-11 22:28:03.913] [info] 9099/11165
[2026-09-11 22:28:03.913] [info] 9100/11165
[2026-09-11 22:28:03.922] [info] 9101/11165
[2026-09-11 22:28:03.922] [info] 9102/11165
[2026-09-11 22:28:03.923] [info] 9103/11165
[2026-09-11 22:28:03.930] [info] 9104/11165
[2026-09-11 22:28:03.931] [info] 9105/11165
[2026-09-11 22:28:03.931] [info] 9106/11165
[2026-09-11 22:28:03.937] [info] 9107/11165
[2026-09-11 22:28:03.941] [info] 9108/11165
[2026-09-11 22:28:03.951] [info] 9109/11165
[2026-09-11 22:28:03.958] [info] 9110/11165
[2026-09-11 22:28:03.964] [info] 9111/11165
[2026-09-11 22:28:03.972] [info] 9112/11165
[2026-09-11 22:28:03.978] [info] 9113/11165
[2026-09-11 22:28:03.978] [info] 9114/11165
[2026-09-11 22:28:03.984] [info] 9115/11165
[2026-09-11 22:28:03.985] [info] 9116/11165
[2026-09-11 22:28:03.985] [info] 9117/11165
[2026-09-11 22:28:03.994] [info] 9118/11165
[2026-09-11 22:28:04.001] [info] 9119/11165
[2026-09-11 22:28:04.008] [info] 9120/11165
[2026-09-11 22:28:04.020] [info] 9121/11165
[2026-09-11 22:28:04.020] [info] 9122/11165
[2026-09-11 22:28:04.021] [info] 9123/11165
[2026-09-11 22:28:04.030] [info] 9124/11165
[2026-09-11 22:28:04.030] [info] 9125/11165
[2026-09-11 22:28:04.031] [info] 9126/11165
[2026-09-11 22:28:04.038] [info] 9127/11165
[2026-09-11 22:28:04.039] [info] 9128/11165
[2026-09-11 22:28:04.039] [info] 9129/11165
[2026-09-11 22:28:04.046] [info] 9130/11165
[2026-09-11 22:28:04.047] [info] 9131/11165
[2026-09-11 22:28:04.047] [info] 9132/11165
[2026-09-11 22:28:04.057] [info] 9133/11165
[2026-09-11 22:28:04.057] [info] 9134/11165
[2026-09-11 22:28:04.058] [info] 9135/11165
[2026-09-11 22:28:04.065] [info] 9136/11165
[2026-09-11 22:28:04.066] [info] 9137/11165
[2026-09-11 22:28:04.066] [info] 9138/11165
[2026-09-11 22:28:04.073] [info] 9139/11165
[2026-09-11 22:28:04.073] [info] 9140/11165
[2026-09-11 22:28:04.074] [info] 9141/11165
[2026-09-11 22:28:04.080] [info] 9142/11165
[2026-09-11 22:28:04.080] [info] 9143/11165
[2026-09-11 22:28:04.081] [info] 9144/11165
[2026-09-11 22:28:04.089] [info] 9145/11165
[2026-09-11 22:28:04.090] [info] 9146/11165
[2026-09-11 22:28:04.090] [info] 9147/11165
[2026-09-11 22:28:04.097] [info] 9148/11165
[2026-09-11 22:28:04.097] [info] 9149/11165
[2026-09-11 22:28:04.098] [info] 9150/11165
[2026-09-11 22:28:04.103] [info] 9151/11165
[2026-09-11 22:28:04.104] [info] 9152/11165
[2026-09-11 22:28:04.104] [info] 9153/11165
[2026-09-11 22:28:04.109] [info] 9154/11165
[2026-09-11 22:28:04.112] [info] 9155/11165
[2026-09-11 22:28:04.120] [info] 9156/11165
[2026-09-11 22:28:04.126] [info] 9157/11165
[2026-09-11 22:28:04.131] [info] 9158/11165
[2026-09-11 22:28:04.137] [info] 9159/11165
[2026-09-11 22:28:04.138] [info] 9160/11165
[2026-09-11 22:28:04.138] [info] 9161/11165
[2026-09-11 22:28:04.143] [info] 9162/11165
[2026-09-11 22:28:04.144] [info] 9163/11165
[2026-09-11 22:28:04.144] [info] 9164/11165
[2026-09-11 22:28:04.151] [info] 9165/11165
[2026-09-11 22:28:04.157] [info] 9166/11165
[2026-09-11 22:28:04.162] [info] 9167/11165
[2026-09-11 22:28:04.172] [info] 9168/11165
[2026-09-11 22:28:04.173] [info] 9169/11165
[2026-09-11 22:28:04.173] [info] 9170/11165
[2026-09-11 22:28:04.181] [info] 9171/11165
[2026-09-11 22:28:04.181] [info] 9172/11165
[2026-09-11 22:28:04.182] [info] 9173/11165
[2026-09-11 22:28:04.188] [info] 9174/11165
[2026-09-11 22:28:04.188] [info] 9175/11165
[2026-09-11 22:28:04.189] [info] 9176/11165
[2026-09-11 22:28:04.195] [info] 9177/11165
[2026-09-11 22:28:04.195] [info] 9178/11165
[2026-09-11 22:28:04.195] [info] 9179/11165
[2026-09-11 22:28:04.204] [info] 9180/11165
[2026-09-11 22:28:04.205] [info] 9181/11165
[2026-09-11 22:28:04.205] [info] 9182/11165
[2026-09-11 22:28:04.211] [info] 9183/11165
[2026-09-11 22:28:04.212] [info] 9184/11165
[2026-09-11 22:28:04.212] [info] 9185/11165
[2026-09-11 22:28:04.217] [info] 9186/11165
[2026-09-11 22:28:04.218] [info] 9187/11165
[2026-09-11 22:28:04.218] [info] 9188/11165
[2026-09-11 22:28:04.223] [info] 9189/11165
[2026-09-11 22:28:04.224] [info] 9190/11165
[2026-09-11 22:28:04.224] [info] 9191/11165
[2026-09-11 22:28:04.232] [info] 9192/11165
[2026-09-11 22:28:04.232] [info] 9193/11165
[2026-09-11 22:28:04.232] [info] 9194/11165
[2026-09-11 22:28:04.238] [info] 9195/11165
[2026-09-11 22:28:04.239] [info] 9196/11165
[2026-09-11 22:28:04.239] [info] 9197/11165
[2026-09-11 22:28:04.244] [info] 9198/11165
[2026-09-11 22:28:04.244] [info] 9199/11165
[2026-09-11 22:28:04.244] [info] 9200/11165
[2026-09-11 22:28:04.250] [info] 9201/11165
[2026-09-11 22:28:04.254] [info] 9202/11165
[2026-09-11 22:28:04.257] [info] 9203/11165
[2026-09-11 22:28:04.262] [info] 9204/11165
[2026-09-11 22:28:04.265] [info] 9205/11165
[2026-09-11 22:28:04.266] [info] 9206/11165
[2026-09-11 22:28:04.272] [info] 9207/11165
[2026-09-11 22:28:04.278] [info] 9208/11165
[2026-09-11 22:28:04.278] [info] 9209/11165
[2026-09-11 22:28:04.289] [info] 9210/11165
[2026-09-11 22:28:04.289] [info] 9211/11165
[2026-09-11 22:28:04.289] [info] 9212/11165
[2026-09-11 22:28:04.297] [info] 9213/11165
[2026-09-11 22:28:04.297] [info] 9214/11165
[2026-09-11 22:28:04.298] [info] 9215/11165
[2026-09-11 22:28:04.304] [info] 9216/11165
[2026-09-11 22:28:04.304] [info] 9217/11165
[2026-09-11 22:28:04.304] [info] 9218/11165
[2026-09-11 22:28:04.310] [info] 9219/11165
[2026-09-11 22:28:04.310] [info] 9220/11165
[2026-09-11 22:28:04.311] [info] 9221/11165
[2026-09-11 22:28:04.311] [info] 9222/11165
[2026-09-11 22:28:04.311] [info] 9223/11165
[2026-09-11 22:28:04.312] [info] 9224/11165
[2026-09-11 22:28:04.312] [info] 9225/11165
[2026-09-11 22:28:04.313] [info] 9226/11165
[2026-09-11 22:28:04.313] [info] 9227/11165
[2026-09-11 22:28:04.313] [info] 9228/11165
[2026-09-11 22:28:04.314] [info] 9229/11165
[2026-09-11 22:28:04.314] [info] 9230/11165
[2026-09-11 22:28:04.314] [info] 9231/11165
[2026-09-11 22:28:04.315] [info] 9232/11165
[2026-09-11 22:28:04.315] [info] 9233/11165
[2026-09-11 22:28:04.315] [info] 9234/11165
[2026-09-11 22:28:04.316] [info] 9235/11165
[2026-09-11 22:28:04.316] [info] 9236/11165
[2026-09-11 22:28:04.317] [info] 9237/11165
[2026-09-11 22:28:04.317] [info] 9238/11165
[2026-09-11 22:28:04.317] [info] 9239/11165
[2026-09-11 22:28:04.318] [info] 9240/11165
[2026-09-11 22:28:04.318] [info] 9241/11165
[2026-09-11 22:28:04.318] [info] 9242/11165
[2026-09-11 22:28:04.323] [info] 9243/11165
[2026-09-11 22:28:04.334] [info] 9244/11165
[2026-09-11 22:28:04.341] [info] 9245/11165
[2026-09-11 22:28:04.347] [info] 9246/11165
[2026-09-11 22:28:04.355] [info] 9247/11165
[2026-09-11 22:28:04.361] [info] 9248/11165
[2026-09-11 22:28:04.361] [info] 9249/11165
[2026-09-11 22:28:04.368] [info] 9250/11165
[2026-09-11 22:28:04.368] [info] 9251/11165
[2026-09-11 22:28:04.369] [info] 9252/11165
[2026-09-11 22:28:04.378] [info] 9253/11165
[2026-09-11 22:28:04.378] [info] 9254/11165
[2026-09-11 22:28:04.379] [info] 9255/11165
[2026-09-11 22:28:04.392] [info] 9256/11165
[2026-09-11 22:28:04.392] [info] 9257/11165
[2026-09-11 22:28:04.392] [info] 9258/11165
[2026-09-11 22:28:04.393] [info] 9259/11165
[2026-09-11 22:28:04.393] [info] 9260/11165
[2026-09-11 22:28:04.394] [info] 9261/11165
[2026-09-11 22:28:04.394] [info] 9262/11165
[2026-09-11 22:28:04.394] [info] 9263/11165
[2026-09-11 22:28:04.395] [info] 9264/11165
[2026-09-11 22:28:04.402] [info] 9265/11165
[2026-09-11 22:28:04.403] [info] 9266/11165
[2026-09-11 22:28:04.403] [info] 9267/11165
[2026-09-11 22:28:04.404] [info] 9268/11165
[2026-09-11 22:28:04.404] [info] 9269/11165
[2026-09-11 22:28:04.404] [info] 9270/11165
[2026-09-11 22:28:04.405] [info] 9271/11165
[2026-09-11 22:28:04.405] [info] 9272/11165
[2026-09-11 22:28:04.405] [info] 9273/11165
[2026-09-11 22:28:04.406] [info] 9274/11165
[2026-09-11 22:28:04.406] [info] 9275/11165
[2026-09-11 22:28:04.406] [info] 9276/11165
[2026-09-11 22:28:04.407] [info] 9277/11165
[2026-09-11 22:28:04.407] [info] 9278/11165
[2026-09-11 22:28:04.408] [info] 9279/11165
[2026-09-11 22:28:04.408] [info] 9280/11165
[2026-09-11 22:28:04.408] [info] 9281/11165
[2026-09-11 22:28:04.409] [info] 9282/11165
[2026-09-11 22:28:04.409] [info] 9283/11165
[2026-09-11 22:28:04.410] [info] 9284/11165
[2026-09-11 22:28:04.410] [info] 9285/11165
[2026-09-11 22:28:04.410] [info] 9286/11165
[2026-09-11 22:28:04.411] [info] 9287/11165
[2026-09-11 22:28:04.411] [info] 9288/11165
[2026-09-11 22:28:04.414] [info] 9289/11165
[2026-09-11 22:28:04.423] [info] 9290/11165
[2026-09-11 22:28:04.429] [info] 9291/11165
[2026-09-11 22:28:04.429] [info] 9292/11165
[2026-09-11 22:28:04.435] [info] 9293/11165
[2026-09-11 22:28:04.436] [info] 9294/11165
[2026-09-11 22:28:04.436] [info] 9295/11165
[2026-09-11 22:28:04.437] [info] 9296/11165
[2026-09-11 22:28:04.437] [info] 9297/11165
[2026-09-11 22:28:04.437] [info] 9298/11165
[2026-09-11 22:28:04.445] [info] 9299/11165
[2026-09-11 22:28:04.445] [info] 9300/11165
[2026-09-11 22:28:04.445] [info] 9301/11165
[2026-09-11 22:28:04.446] [info] 9302/11165
[2026-09-11 22:28:04.446] [info] 9303/11165
[2026-09-11 22:28:04.447] [info] 9304/11165
[2026-09-11 22:28:04.447] [info] 9305/11165
[2026-09-11 22:28:04.447] [info] 9306/11165
[2026-09-11 22:28:04.448] [info] 9307/11165
[2026-09-11 22:28:04.448] [info] 9308/11165
[2026-09-11 22:28:04.448] [info] 9309/11165
[2026-09-11 22:28:04.449] [info] 9310/11165
[2026-09-11 22:28:04.455] [info] 9311/11165
[2026-09-11 22:28:04.455] [info] 9312/11165
[2026-09-11 22:28:04.455] [info] 9313/11165
[2026-09-11 22:28:04.456] [info] 9314/11165
[2026-09-11 22:28:04.456] [info] 9315/11165
[2026-09-11 22:28:04.457] [info] 9316/11165
[2026-09-11 22:28:04.457] [info] 9317/11165
[2026-09-11 22:28:04.457] [info] 9318/11165
[2026-09-11 22:28:04.458] [info] 9319/11165
[2026-09-11 22:28:04.458] [info] 9320/11165
[2026-09-11 22:28:04.458] [info] 9321/11165
[2026-09-11 22:28:04.459] [info] 9322/11165
[2026-09-11 22:28:04.459] [info] 9323/11165
[2026-09-11 22:28:04.459] [info] 9324/11165
[2026-09-11 22:28:04.460] [info] 9325/11165
[2026-09-11 22:28:04.460] [info] 9326/11165
[2026-09-11 22:28:04.461] [info] 9327/11165
[2026-09-11 22:28:04.461] [info] 9328/11165
[2026-09-11 22:28:04.461] [info] 9329/11165
[2026-09-11 22:28:04.462] [info] 9330/11165
[2026-09-11 22:28:04.462] [info] 9331/11165
[2026-09-11 22:28:04.462] [info] 9332/11165
[2026-09-11 22:28:04.463] [info] 9333/11165
[2026-09-11 22:28:04.463] [info] 9334/11165
[2026-09-11 22:28:04.463] [info] 9335/11165
[2026-09-11 22:28:04.471] [info] 9336/11165
[2026-09-11 22:28:04.471] [info] 9337/11165
[2026-09-11 22:28:04.471] [info] 9338/11165
[2026-09-11 22:28:04.472] [info] 9339/11165
[2026-09-11 22:28:04.472] [info] 9340/11165
[2026-09-11 22:28:04.473] [info] 9341/11165
[2026-09-11 22:28:04.473] [info] 9342/11165
[2026-09-11 22:28:04.473] [info] 9343/11165
[2026-09-11 22:28:04.474] [info] 9344/11165
[2026-09-11 22:28:04.480] [info] 9345/11165
[2026-09-11 22:28:04.480] [info] 9346/11165
[2026-09-11 22:28:04.480] [info] 9347/11165
[2026-09-11 22:28:04.481] [info] 9348/11165
[2026-09-11 22:28:04.481] [info] 9349/11165
[2026-09-11 22:28:04.482] [info] 9350/11165
[2026-09-11 22:28:04.482] [info] 9351/11165
[2026-09-11 22:28:04.482] [info] 9352/11165
[2026-09-11 22:28:04.483] [info] 9353/11165
[2026-09-11 22:28:04.483] [info] 9354/11165
[2026-09-11 22:28:04.483] [info] 9355/11165
[2026-09-11 22:28:04.484] [info] 9356/11165
[2026-09-11 22:28:04.489] [info] 9357/11165
[2026-09-11 22:28:04.489] [info] 9358/11165
[2026-09-11 22:28:04.490] [info] 9359/11165
[2026-09-11 22:28:04.490] [info] 9360/11165
[2026-09-11 22:28:04.490] [info] 9361/11165
[2026-09-11 22:28:04.491] [info] 9362/11165
[2026-09-11 22:28:04.491] [info] 9363/11165
[2026-09-11 22:28:04.492] [info] 9364/11165
[2026-09-11 22:28:04.492] [info] 9365/11165
[2026-09-11 22:28:04.492] [info] 9366/11165
[2026-09-11 22:28:04.493] [info] 9367/11165
[2026-09-11 22:28:04.493] [info] 9368/11165
[2026-09-11 22:28:04.493] [info] 9369/11165
[2026-09-11 22:28:04.494] [info] 9370/11165
[2026-09-11 22:28:04.494] [info] 9371/11165
[2026-09-11 22:28:04.494] [info] 9372/11165
[2026-09-11 22:28:04.495] [info] 9373/11165
[2026-09-11 22:28:04.495] [info] 9374/11165
[2026-09-11 22:28:04.496] [info] 9375/11165
[2026-09-11 22:28:04.496] [info] 9376/11165
[2026-09-11 22:28:04.496] [info] 9377/11165
[2026-09-11 22:28:04.497] [info] 9378/11165
[2026-09-11 22:28:04.497] [info] 9379/11165
[2026-09-11 22:28:04.497] [info] 9380/11165
[2026-09-11 22:28:04.501] [info] 9381/11165
[2026-09-11 22:28:04.501] [info] 9382/11165
[2026-09-11 22:28:04.501] [info] 9383/11165
[2026-09-11 22:28:04.507] [info] 9384/11165
[2026-09-11 22:28:04.507] [info] 9385/11165
[2026-09-11 22:28:04.508] [info] 9386/11165
[2026-09-11 22:28:04.517] [info] 9387/11165
[2026-09-11 22:28:04.517] [info] 9388/11165
[2026-09-11 22:28:04.518] [info] 9389/11165
[2026-09-11 22:28:04.524] [info] 9390/11165
[2026-09-11 22:28:04.524] [info] 9391/11165
[2026-09-11 22:28:04.525] [info] 9392/11165
[2026-09-11 22:28:04.530] [info] 9393/11165
[2026-09-11 22:28:04.530] [info] 9394/11165
[2026-09-11 22:28:04.530] [info] 9395/11165
[2026-09-11 22:28:04.531] [info] 9396/11165
[2026-09-11 22:28:04.531] [info] 9397/11165
[2026-09-11 22:28:04.531] [info] 9398/11165
[2026-09-11 22:28:04.532] [info] 9399/11165
[2026-09-11 22:28:04.532] [info] 9400/11165
[2026-09-11 22:28:04.533] [info] 9401/11165
[2026-09-11 22:28:04.533] [info] 9402/11165
[2026-09-11 22:28:04.533] [info] 9403/11165
[2026-09-11 22:28:04.534] [info] 9404/11165
[2026-09-11 22:28:04.534] [info] 9405/11165
[2026-09-11 22:28:04.534] [info] 9406/11165
[2026-09-11 22:28:04.535] [info] 9407/11165
[2026-09-11 22:28:04.535] [info] 9408/11165
[2026-09-11 22:28:04.535] [info] 9409/11165
[2026-09-11 22:28:04.536] [info] 9410/11165
[2026-09-11 22:28:04.536] [info] 9411/11165
[2026-09-11 22:28:04.537] [info] 9412/11165
[2026-09-11 22:28:04.537] [info] 9413/11165
[2026-09-11 22:28:04.537] [info] 9414/11165
[2026-09-11 22:28:04.538] [info] 9415/11165
[2026-09-11 22:28:04.538] [info] 9416/11165
[2026-09-11 22:28:04.538] [info] 9417/11165
[2026-09-11 22:28:04.539] [info] 9418/11165
[2026-09-11 22:28:04.539] [info] 9419/11165
[2026-09-11 22:28:04.547] [info] 9420/11165
[2026-09-11 22:28:04.553] [info] 9421/11165
[2026-09-11 22:28:04.558] [info] 9422/11165
[2026-09-11 22:28:04.564] [info] 9423/11165
[2026-09-11 22:28:04.565] [info] 9424/11165
[2026-09-11 22:28:04.565] [info] 9425/11165
[2026-09-11 22:28:04.570] [info] 9426/11165
[2026-09-11 22:28:04.570] [info] 9427/11165
[2026-09-11 22:28:04.571] [info] 9428/11165
[2026-09-11 22:28:04.579] [info] 9429/11165
[2026-09-11 22:28:04.579] [info] 9430/11165
[2026-09-11 22:28:04.580] [info] 9431/11165
[2026-09-11 22:28:04.580] [info] 9432/11165
[2026-09-11 22:28:04.580] [info] 9433/11165
[2026-09-11 22:28:04.581] [info] 9434/11165
[2026-09-11 22:28:04.581] [info] 9435/11165
[2026-09-11 22:28:04.581] [info] 9436/11165
[2026-09-11 22:28:04.582] [info] 9437/11165
[2026-09-11 22:28:04.582] [info] 9438/11165
[2026-09-11 22:28:04.583] [info] 9439/11165
[2026-09-11 22:28:04.583] [info] 9440/11165
[2026-09-11 22:28:04.583] [info] 9441/11165
[2026-09-11 22:28:04.584] [info] 9442/11165
[2026-09-11 22:28:04.584] [info] 9443/11165
[2026-09-11 22:28:04.584] [info] 9444/11165
[2026-09-11 22:28:04.585] [info] 9445/11165
[2026-09-11 22:28:04.585] [info] 9446/11165
[2026-09-11 22:28:04.586] [info] 9447/11165
[2026-09-11 22:28:04.586] [info] 9448/11165
[2026-09-11 22:28:04.586] [info] 9449/11165
[2026-09-11 22:28:04.587] [info] 9450/11165
[2026-09-11 22:28:04.587] [info] 9451/11165
[2026-09-11 22:28:04.587] [info] 9452/11165
[2026-09-11 22:28:04.588] [info] 9453/11165
[2026-09-11 22:28:04.588] [info] 9454/11165
[2026-09-11 22:28:04.589] [info] 9455/11165
[2026-09-11 22:28:04.589] [info] 9456/11165
[2026-09-11 22:28:04.589] [info] 9457/11165
[2026-09-11 22:28:04.590] [info] 9458/11165
[2026-09-11 22:28:04.590] [info] 9459/11165
[2026-09-11 22:28:04.590] [info] 9460/11165
[2026-09-11 22:28:04.591] [info] 9461/11165
[2026-09-11 22:28:04.591] [info] 9462/11165
[2026-09-11 22:28:04.591] [info] 9463/11165
[2026-09-11 22:28:04.592] [info] 9464/11165
[2026-09-11 22:28:04.599] [info] 9465/11165
[2026-09-11 22:28:04.599] [info] 9466/11165
[2026-09-11 22:28:04.600] [info] 9467/11165
[2026-09-11 22:28:04.600] [info] 9468/11165
[2026-09-11 22:28:04.600] [info] 9469/11165
[2026-09-11 22:28:04.601] [info] 9470/11165
[2026-09-11 22:28:04.601] [info] 9471/11165
[2026-09-11 22:28:04.602] [info] 9472/11165
[2026-09-11 22:28:04.602] [info] 9473/11165
[2026-09-11 22:28:04.608] [info] 9474/11165
[2026-09-11 22:28:04.609] [info] 9475/11165
[2026-09-11 22:28:04.609] [info] 9476/11165
[2026-09-11 22:28:04.609] [info] 9477/11165
[2026-09-11 22:28:04.610] [info] 9478/11165
[2026-09-11 22:28:04.610] [info] 9479/11165
[2026-09-11 22:28:04.610] [info] 9480/11165
[2026-09-11 22:28:04.611] [info] 9481/11165
[2026-09-11 22:28:04.611] [info] 9482/11165
[2026-09-11 22:28:04.612] [info] 9483/11165
[2026-09-11 22:28:04.612] [info] 9484/11165
[2026-09-11 22:28:04.612] [info] 9485/11165
[2026-09-11 22:28:04.613] [info] 9486/11165
[2026-09-11 22:28:04.613] [info] 9487/11165
[2026-09-11 22:28:04.613] [info] 9488/11165
[2026-09-11 22:28:04.614] [info] 9489/11165
[2026-09-11 22:28:04.614] [info] 9490/11165
[2026-09-11 22:28:04.614] [info] 9491/11165
[2026-09-11 22:28:04.615] [info] 9492/11165
[2026-09-11 22:28:04.615] [info] 9493/11165
[2026-09-11 22:28:04.615] [info] 9494/11165
[2026-09-11 22:28:04.616] [info] 9495/11165
[2026-09-11 22:28:04.616] [info] 9496/11165
[2026-09-11 22:28:04.617] [info] 9497/11165
[2026-09-11 22:28:04.617] [info] 9498/11165
[2026-09-11 22:28:04.617] [info] 9499/11165
[2026-09-11 22:28:04.618] [info] 9500/11165
[2026-09-11 22:28:04.618] [info] 9501/11165
[2026-09-11 22:28:04.618] [info] 9502/11165
[2026-09-11 22:28:04.619] [info] 9503/11165
[2026-09-11 22:28:04.619] [info] 9504/11165
[2026-09-11 22:28:04.619] [info] 9505/11165
[2026-09-11 22:28:04.620] [info] 9506/11165
[2026-09-11 22:28:04.620] [info] 9507/11165
[2026-09-11 22:28:04.620] [info] 9508/11165
[2026-09-11 22:28:04.621] [info] 9509/11165
[2026-09-11 22:28:04.627] [info] 9510/11165
[2026-09-11 22:28:04.627] [info] 9511/11165
[2026-09-11 22:28:04.628] [info] 9512/11165
[2026-09-11 22:28:04.628] [info] 9513/11165
[2026-09-11 22:28:04.628] [info] 9514/11165
[2026-09-11 22:28:04.629] [info] 9515/11165
[2026-09-11 22:28:04.629] [info] 9516/11165
[2026-09-11 22:28:04.630] [info] 9517/11165
[2026-09-11 22:28:04.630] [info] 9518/11165
[2026-09-11 22:28:04.635] [info] 9519/11165
[2026-09-11 22:28:04.635] [info] 9520/11165
[2026-09-11 22:28:04.636] [info] 9521/11165
[2026-09-11 22:28:04.636] [info] 9522/11165
[2026-09-11 22:28:04.637] [info] 9523/11165
[2026-09-11 22:28:04.637] [info] 9524/11165
[2026-09-11 22:28:04.637] [info] 9525/11165
[2026-09-11 22:28:04.638] [info] 9526/11165
[2026-09-11 22:28:04.638] [info] 9527/11165
[2026-09-11 22:28:04.638] [info] 9528/11165
[2026-09-11 22:28:04.639] [info] 9529/11165
[2026-09-11 22:28:04.639] [info] 9530/11165
[2026-09-11 22:28:04.640] [info] 9531/11165
[2026-09-11 22:28:04.640] [info] 9532/11165
[2026-09-11 22:28:04.640] [info] 9533/11165
[2026-09-11 22:28:04.641] [info] 9534/11165
[2026-09-11 22:28:04.641] [info] 9535/11165
[2026-09-11 22:28:04.641] [info] 9536/11165
[2026-09-11 22:28:04.642] [info] 9537/11165
[2026-09-11 22:28:04.642] [info] 9538/11165
[2026-09-11 22:28:04.642] [info] 9539/11165
[2026-09-11 22:28:04.643] [info] 9540/11165
[2026-09-11 22:28:04.643] [info] 9541/11165
[2026-09-11 22:28:04.643] [info] 9542/11165
[2026-09-11 22:28:04.644] [info] 9543/11165
[2026-09-11 22:28:04.644] [info] 9544/11165
[2026-09-11 22:28:04.644] [info] 9545/11165
[2026-09-11 22:28:04.645] [info] 9546/11165
[2026-09-11 22:28:04.645] [info] 9547/11165
[2026-09-11 22:28:04.646] [info] 9548/11165
[2026-09-11 22:28:04.646] [info] 9549/11165
[2026-09-11 22:28:04.646] [info] 9550/11165
[2026-09-11 22:28:04.647] [info] 9551/11165
[2026-09-11 22:28:04.647] [info] 9552/11165
[2026-09-11 22:28:04.647] [info] 9553/11165
[2026-09-11 22:28:04.648] [info] 9554/11165
[2026-09-11 22:28:04.658] [info] 9555/11165
[2026-09-11 22:28:04.666] [info] 9556/11165
[2026-09-11 22:28:04.673] [info] 9557/11165
[2026-09-11 22:28:04.682] [info] 9558/11165
[2026-09-11 22:28:04.689] [info] 9559/11165
[2026-09-11 22:28:04.689] [info] 9560/11165
[2026-09-11 22:28:04.696] [info] 9561/11165
[2026-09-11 22:28:04.697] [info] 9562/11165
[2026-09-11 22:28:04.697] [info] 9563/11165
[2026-09-11 22:28:04.707] [info] 9564/11165
[2026-09-11 22:28:04.715] [info] 9565/11165
[2026-09-11 22:28:04.729] [info] 9566/11165
[2026-09-11 22:28:04.729] [info] 9567/11165
[2026-09-11 22:28:04.730] [info] 9568/11165
[2026-09-11 22:28:04.741] [info] 9569/11165
[2026-09-11 22:28:04.741] [info] 9570/11165
[2026-09-11 22:28:04.742] [info] 9571/11165
[2026-09-11 22:28:04.751] [info] 9572/11165
[2026-09-11 22:28:04.752] [info] 9573/11165
[2026-09-11 22:28:04.752] [info] 9574/11165
[2026-09-11 22:28:04.752] [info] 9575/11165
[2026-09-11 22:28:04.753] [info] 9576/11165
[2026-09-11 22:28:04.764] [info] 9577/11165
[2026-09-11 22:28:04.764] [info] 9578/11165
[2026-09-11 22:28:04.765] [info] 9579/11165
[2026-09-11 22:28:04.774] [info] 9580/11165
[2026-09-11 22:28:04.774] [info] 9581/11165
[2026-09-11 22:28:04.775] [info] 9582/11165
[2026-09-11 22:28:04.783] [info] 9583/11165
[2026-09-11 22:28:04.783] [info] 9584/11165
[2026-09-11 22:28:04.783] [info] 9585/11165
[2026-09-11 22:28:04.784] [info] 9586/11165
[2026-09-11 22:28:04.784] [info] 9587/11165
[2026-09-11 22:28:04.794] [info] 9588/11165
[2026-09-11 22:28:04.794] [info] 9589/11165
[2026-09-11 22:28:04.795] [info] 9590/11165
[2026-09-11 22:28:04.802] [info] 9591/11165
[2026-09-11 22:28:04.803] [info] 9592/11165
[2026-09-11 22:28:04.803] [info] 9593/11165
[2026-09-11 22:28:04.810] [info] 9594/11165
[2026-09-11 22:28:04.810] [info] 9595/11165
[2026-09-11 22:28:04.811] [info] 9596/11165
[2026-09-11 22:28:04.820] [info] 9597/11165
[2026-09-11 22:28:04.821] [info] 9598/11165
[2026-09-11 22:28:04.821] [info] 9599/11165
[2026-09-11 22:28:04.821] [info] 9600/11165
[2026-09-11 22:28:04.822] [info] 9601/11165
[2026-09-11 22:28:04.822] [info] 9602/11165
[2026-09-11 22:28:04.823] [info] 9603/11165
[2026-09-11 22:28:04.823] [info] 9604/11165
[2026-09-11 22:28:04.823] [info] 9605/11165
[2026-09-11 22:28:04.824] [info] 9606/11165
[2026-09-11 22:28:04.824] [info] 9607/11165
[2026-09-11 22:28:04.824] [info] 9608/11165
[2026-09-11 22:28:04.825] [info] 9609/11165
[2026-09-11 22:28:04.825] [info] 9610/11165
[2026-09-11 22:28:04.826] [info] 9611/11165
[2026-09-11 22:28:04.826] [info] 9612/11165
[2026-09-11 22:28:04.827] [info] 9613/11165
[2026-09-11 22:28:04.827] [info] 9614/11165
[2026-09-11 22:28:04.827] [info] 9615/11165
[2026-09-11 22:28:04.828] [info] 9616/11165
[2026-09-11 22:28:04.828] [info] 9617/11165
[2026-09-11 22:28:04.828] [info] 9618/11165
[2026-09-11 22:28:04.829] [info] 9619/11165
[2026-09-11 22:28:04.829] [info] 9620/11165
[2026-09-11 22:28:04.830] [info] 9621/11165
[2026-09-11 22:28:04.830] [info] 9622/11165
[2026-09-11 22:28:04.830] [info] 9623/11165
[2026-09-11 22:28:04.831] [info] 9624/11165
[2026-09-11 22:28:04.831] [info] 9625/11165
[2026-09-11 22:28:04.832] [info] 9626/11165
[2026-09-11 22:28:04.832] [info] 9627/11165
[2026-09-11 22:28:04.832] [info] 9628/11165
[2026-09-11 22:28:04.833] [info] 9629/11165
[2026-09-11 22:28:04.833] [info] 9630/11165
[2026-09-11 22:28:04.834] [info] 9631/11165
[2026-09-11 22:28:04.834] [info] 9632/11165
[2026-09-11 22:28:04.834] [info] 9633/11165
[2026-09-11 22:28:04.835] [info] 9634/11165
[2026-09-11 22:28:04.835] [info] 9635/11165
[2026-09-11 22:28:04.835] [info] 9636/11165
[2026-09-11 22:28:04.836] [info] 9637/11165
[2026-09-11 22:28:04.836] [info] 9638/11165
[2026-09-11 22:28:04.844] [info] 9639/11165
[2026-09-11 22:28:04.845] [info] 9640/11165
[2026-09-11 22:28:04.845] [info] 9641/11165
[2026-09-11 22:28:04.846] [info] 9642/11165
[2026-09-11 22:28:04.846] [info] 9643/11165
[2026-09-11 22:28:04.846] [info] 9644/11165
[2026-09-11 22:28:04.847] [info] 9645/11165
[2026-09-11 22:28:04.847] [info] 9646/11165
[2026-09-11 22:28:04.848] [info] 9647/11165
[2026-09-11 22:28:04.848] [info] 9648/11165
[2026-09-11 22:28:04.848] [info] 9649/11165
[2026-09-11 22:28:04.849] [info] 9650/11165
[2026-09-11 22:28:04.849] [info] 9651/11165
[2026-09-11 22:28:04.850] [info] 9652/11165
[2026-09-11 22:28:04.850] [info] 9653/11165
[2026-09-11 22:28:04.850] [info] 9654/11165
[2026-09-11 22:28:04.851] [info] 9655/11165
[2026-09-11 22:28:04.851] [info] 9656/11165
[2026-09-11 22:28:04.852] [info] 9657/11165
[2026-09-11 22:28:04.852] [info] 9658/11165
[2026-09-11 22:28:04.852] [info] 9659/11165
[2026-09-11 22:28:04.853] [info] 9660/11165
[2026-09-11 22:28:04.853] [info] 9661/11165
[2026-09-11 22:28:04.853] [info] 9662/11165
[2026-09-11 22:28:04.854] [info] 9663/11165
[2026-09-11 22:28:04.854] [info] 9664/11165
[2026-09-11 22:28:04.855] [info] 9665/11165
[2026-09-11 22:28:04.855] [info] 9666/11165
[2026-09-11 22:28:04.855] [info] 9667/11165
[2026-09-11 22:28:04.856] [info] 9668/11165
[2026-09-11 22:28:04.856] [info] 9669/11165
[2026-09-11 22:28:04.857] [info] 9670/11165
[2026-09-11 22:28:04.857] [info] 9671/11165
[2026-09-11 22:28:04.857] [info] 9672/11165
[2026-09-11 22:28:04.858] [info] 9673/11165
[2026-09-11 22:28:04.858] [info] 9674/11165
[2026-09-11 22:28:04.858] [info] 9675/11165
[2026-09-11 22:28:04.859] [info] 9676/11165
[2026-09-11 22:28:04.859] [info] 9677/11165
[2026-09-11 22:28:04.860] [info] 9678/11165
[2026-09-11 22:28:04.860] [info] 9679/11165
[2026-09-11 22:28:04.860] [info] 9680/11165
[2026-09-11 22:28:04.874] [info] 9681/11165
[2026-09-11 22:28:04.886] [info] 9682/11165
[2026-09-11 22:28:04.886] [info] 9683/11165
[2026-09-11 22:28:04.897] [info] 9684/11165
[2026-09-11 22:28:04.907] [info] 9685/11165
[2026-09-11 22:28:04.907] [info] 9686/11165
[2026-09-11 22:28:04.917] [info] 9687/11165
[2026-09-11 22:28:04.925] [info] 9688/11165
[2026-09-11 22:28:04.926] [info] 9689/11165
[2026-09-11 22:28:04.926] [info] 9690/11165
[2026-09-11 22:28:04.927] [info] 9691/11165
[2026-09-11 22:28:04.939] [info] 9692/11165
[2026-09-11 22:28:04.939] [info] 9693/11165
[2026-09-11 22:28:04.939] [info] 9694/11165
[2026-09-11 22:28:04.949] [info] 9695/11165
[2026-09-11 22:28:04.950] [info] 9696/11165
[2026-09-11 22:28:04.950] [info] 9697/11165
[2026-09-11 22:28:04.959] [info] 9698/11165
[2026-09-11 22:28:04.959] [info] 9699/11165
[2026-09-11 22:28:04.959] [info] 9700/11165
[2026-09-11 22:28:04.960] [info] 9701/11165
[2026-09-11 22:28:04.960] [info] 9702/11165
[2026-09-11 22:28:04.961] [info] 9703/11165
[2026-09-11 22:28:04.961] [info] 9704/11165
[2026-09-11 22:28:04.961] [info] 9705/11165
[2026-09-11 22:28:04.962] [info] 9706/11165
[2026-09-11 22:28:04.962] [info] 9707/11165
[2026-09-11 22:28:04.963] [info] 9708/11165
[2026-09-11 22:28:04.963] [info] 9709/11165
[2026-09-11 22:28:04.963] [info] 9710/11165
[2026-09-11 22:28:04.964] [info] 9711/11165
[2026-09-11 22:28:04.976] [info] 9712/11165
[2026-09-11 22:28:04.986] [info] 9713/11165
[2026-09-11 22:28:04.998] [info] 9714/11165
[2026-09-11 22:28:04.999] [info] 9715/11165
[2026-09-11 22:28:04.999] [info] 9716/11165
[2026-09-11 22:28:05.010] [info] 9717/11165
[2026-09-11 22:28:05.010] [info] 9718/11165
[2026-09-11 22:28:05.010] [info] 9719/11165
[2026-09-11 22:28:05.011] [info] 9720/11165
[2026-09-11 22:28:05.011] [info] 9721/11165
[2026-09-11 22:28:05.029] [info] 9722/11165
[2026-09-11 22:28:05.029] [info] 9723/11165
[2026-09-11 22:28:05.030] [info] 9724/11165
[2026-09-11 22:28:05.030] [info] 9725/11165
[2026-09-11 22:28:05.030] [info] 9726/11165
[2026-09-11 22:28:05.031] [info] 9727/11165
[2026-09-11 22:28:05.031] [info] 9728/11165
[2026-09-11 22:28:05.032] [info] 9729/11165
[2026-09-11 22:28:05.032] [info] 9730/11165
[2026-09-11 22:28:05.032] [info] 9731/11165
[2026-09-11 22:28:05.033] [info] 9732/11165
[2026-09-11 22:28:05.033] [info] 9733/11165
[2026-09-11 22:28:05.034] [info] 9734/11165
[2026-09-11 22:28:05.034] [info] 9735/11165
[2026-09-11 22:28:05.034] [info] 9736/11165
[2026-09-11 22:28:05.035] [info] 9737/11165
[2026-09-11 22:28:05.035] [info] 9738/11165
[2026-09-11 22:28:05.036] [info] 9739/11165
[2026-09-11 22:28:05.036] [info] 9740/11165
[2026-09-11 22:28:05.036] [info] 9741/11165
[2026-09-11 22:28:05.037] [info] 9742/11165
[2026-09-11 22:28:05.037] [info] 9743/11165
[2026-09-11 22:28:05.038] [info] 9744/11165
[2026-09-11 22:28:05.038] [info] 9745/11165
[2026-09-11 22:28:05.038] [info] 9746/11165
[2026-09-11 22:28:05.039] [info] 9747/11165
[2026-09-11 22:28:05.039] [info] 9748/11165
[2026-09-11 22:28:05.040] [info] 9749/11165
[2026-09-11 22:28:05.040] [info] 9750/11165
[2026-09-11 22:28:05.040] [info] 9751/11165
[2026-09-11 22:28:05.041] [info] 9752/11165
[2026-09-11 22:28:05.041] [info] 9753/11165
[2026-09-11 22:28:05.042] [info] 9754/11165
[2026-09-11 22:28:05.042] [info] 9755/11165
[2026-09-11 22:28:05.042] [info] 9756/11165
[2026-09-11 22:28:05.043] [info] 9757/11165
[2026-09-11 22:28:05.043] [info] 9758/11165
[2026-09-11 22:28:05.044] [info] 9759/11165
[2026-09-11 22:28:05.044] [info] 9760/11165
[2026-09-11 22:28:05.044] [info] 9761/11165
[2026-09-11 22:28:05.045] [info] 9762/11165
[2026-09-11 22:28:05.045] [info] 9763/11165
[2026-09-11 22:28:05.046] [info] 9764/11165
[2026-09-11 22:28:05.046] [info] 9765/11165
[2026-09-11 22:28:05.046] [info] 9766/11165
[2026-09-11 22:28:05.047] [info] 9767/11165
[2026-09-11 22:28:05.047] [info] 9768/11165
[2026-09-11 22:28:05.048] [info] 9769/11165
[2026-09-11 22:28:05.048] [info] 9770/11165
[2026-09-11 22:28:05.048] [info] 9771/11165
[2026-09-11 22:28:05.049] [info] 9772/11165
[2026-09-11 22:28:05.049] [info] 9773/11165
[2026-09-11 22:28:05.050] [info] 9774/11165
[2026-09-11 22:28:05.050] [info] 9775/11165
[2026-09-11 22:28:05.050] [info] 9776/11165
[2026-09-11 22:28:05.051] [info] 9777/11165
[2026-09-11 22:28:05.051] [info] 9778/11165
[2026-09-11 22:28:05.052] [info] 9779/11165
[2026-09-11 22:28:05.052] [info] 9780/11165
[2026-09-11 22:28:05.052] [info] 9781/11165
[2026-09-11 22:28:05.053] [info] 9782/11165
[2026-09-11 22:28:05.053] [info] 9783/11165
[2026-09-11 22:28:05.053] [info] 9784/11165
[2026-09-11 22:28:05.054] [info] 9785/11165
[2026-09-11 22:28:05.054] [info] 9786/11165
[2026-09-11 22:28:05.055] [info] 9787/11165
[2026-09-11 22:28:05.055] [info] 9788/11165
[2026-09-11 22:28:05.055] [info] 9789/11165
[2026-09-11 22:28:05.056] [info] 9790/11165
[2026-09-11 22:28:05.056] [info] 9791/11165
[2026-09-11 22:28:05.057] [info] 9792/11165
[2026-09-11 22:28:05.057] [info] 9793/11165
[2026-09-11 22:28:05.057] [info] 9794/11165
[2026-09-11 22:28:05.058] [info] 9795/11165
[2026-09-11 22:28:05.058] [info] 9796/11165
[2026-09-11 22:28:05.058] [info] 9797/11165
[2026-09-11 22:28:05.059] [info] 9798/11165
[2026-09-11 22:28:05.059] [info] 9799/11165
[2026-09-11 22:28:05.060] [info] 9800/11165
[2026-09-11 22:28:05.060] [info] 9801/11165
[2026-09-11 22:28:05.060] [info] 9802/11165
[2026-09-11 22:28:05.061] [info] 9803/11165
[2026-09-11 22:28:05.061] [info] 9804/11165
[2026-09-11 22:28:05.062] [info] 9805/11165
[2026-09-11 22:28:05.062] [info] 9806/11165
[2026-09-11 22:28:05.062] [info] 9807/11165
[2026-09-11 22:28:05.063] [info] 9808/11165
[2026-09-11 22:28:05.063] [info] 9809/11165
[2026-09-11 22:28:05.064] [info] 9810/11165
[2026-09-11 22:28:05.064] [info] 9811/11165
[2026-09-11 22:28:05.064] [info] 9812/11165
[2026-09-11 22:28:05.065] [info] 9813/11165
[2026-09-11 22:28:05.065] [info] 9814/11165
[2026-09-11 22:28:05.066] [info] 9815/11165
[2026-09-11 22:28:05.066] [info] 9816/11165
[2026-09-11 22:28:05.066] [info] 9817/11165
[2026-09-11 22:28:05.067] [info] 9818/11165
[2026-09-11 22:28:05.067] [info] 9819/11165
[2026-09-11 22:28:05.067] [info] 9820/11165
[2026-09-11 22:28:05.068] [info] 9821/11165
[2026-09-11 22:28:05.068] [info] 9822/11165
[2026-09-11 22:28:05.069] [info] 9823/11165
[2026-09-11 22:28:05.069] [info] 9824/11165
[2026-09-11 22:28:05.069] [info] 9825/11165
[2026-09-11 22:28:05.070] [info] 9826/11165
[2026-09-11 22:28:05.070] [info] 9827/11165
[2026-09-11 22:28:05.071] [info] 9828/11165
[2026-09-11 22:28:05.071] [info] 9829/11165
[2026-09-11 22:28:05.071] [info] 9830/11165
[2026-09-11 22:28:05.072] [info] 9831/11165
[2026-09-11 22:28:05.072] [info] 9832/11165
[2026-09-11 22:28:05.072] [info] 9833/11165
[2026-09-11 22:28:05.073] [info] 9834/11165
[2026-09-11 22:28:05.082] [info] 9835/11165
[2026-09-11 22:28:05.083] [info] 9836/11165
[2026-09-11 22:28:05.083] [info] 9837/11165
[2026-09-11 22:28:05.091] [info] 9838/11165
[2026-09-11 22:28:05.091] [info] 9839/11165
[2026-09-11 22:28:05.092] [info] 9840/11165
[2026-09-11 22:28:05.092] [info] 9841/11165
[2026-09-11 22:28:05.092] [info] 9842/11165
[2026-09-11 22:28:05.093] [info] 9843/11165
[2026-09-11 22:28:05.093] [info] 9844/11165
[2026-09-11 22:28:05.094] [info] 9845/11165
[2026-09-11 22:28:05.094] [info] 9846/11165
[2026-09-11 22:28:05.094] [info] 9847/11165
[2026-09-11 22:28:05.095] [info] 9848/11165
[2026-09-11 22:28:05.095] [info] 9849/11165
[2026-09-11 22:28:05.095] [info] 9850/11165
[2026-09-11 22:28:05.096] [info] 9851/11165
[2026-09-11 22:28:05.096] [info] 9852/11165
[2026-09-11 22:28:05.096] [info] 9853/11165
[2026-09-11 22:28:05.097] [info] 9854/11165
[2026-09-11 22:28:05.097] [info] 9855/11165
[2026-09-11 22:28:05.098] [info] 9856/11165
[2026-09-11 22:28:05.098] [info] 9857/11165
[2026-09-11 22:28:05.098] [info] 9858/11165
[2026-09-11 22:28:05.099] [info] 9859/11165
[2026-09-11 22:28:05.099] [info] 9860/11165
[2026-09-11 22:28:05.099] [info] 9861/11165
[2026-09-11 22:28:05.100] [info] 9862/11165
[2026-09-11 22:28:05.100] [info] 9863/11165
[2026-09-11 22:28:05.110] [info] 9864/11165
[2026-09-11 22:28:05.110] [info] 9865/11165
[2026-09-11 22:28:05.110] [info] 9866/11165
[2026-09-11 22:28:05.111] [info] 9867/11165
[2026-09-11 22:28:05.111] [info] 9868/11165
[2026-09-11 22:28:05.111] [info] 9869/11165
[2026-09-11 22:28:05.112] [info] 9870/11165
[2026-09-11 22:28:05.112] [info] 9871/11165
[2026-09-11 22:28:05.113] [info] 9872/11165
[2026-09-11 22:28:05.113] [info] 9873/11165
[2026-09-11 22:28:05.114] [info] 9874/11165
[2026-09-11 22:28:05.114] [info] 9875/11165
[2026-09-11 22:28:05.114] [info] 9876/11165
[2026-09-11 22:28:05.115] [info] 9877/11165
[2026-09-11 22:28:05.115] [info] 9878/11165
[2026-09-11 22:28:05.115] [info] 9879/11165
[2026-09-11 22:28:05.116] [info] 9880/11165
[2026-09-11 22:28:05.116] [info] 9881/11165
[2026-09-11 22:28:05.117] [info] 9882/11165
[2026-09-11 22:28:05.117] [info] 9883/11165
[2026-09-11 22:28:05.117] [info] 9884/11165
[2026-09-11 22:28:05.118] [info] 9885/11165
[2026-09-11 22:28:05.118] [info] 9886/11165
[2026-09-11 22:28:05.119] [info] 9887/11165
[2026-09-11 22:28:05.119] [info] 9888/11165
[2026-09-11 22:28:05.119] [info] 9889/11165
[2026-09-11 22:28:05.120] [info] 9890/11165
[2026-09-11 22:28:05.120] [info] 9891/11165
[2026-09-11 22:28:05.120] [info] 9892/11165
[2026-09-11 22:28:05.121] [info] 9893/11165
[2026-09-11 22:28:05.121] [info] 9894/11165
[2026-09-11 22:28:05.122] [info] 9895/11165
[2026-09-11 22:28:05.122] [info] 9896/11165
[2026-09-11 22:28:05.122] [info] 9897/11165
[2026-09-11 22:28:05.123] [info] 9898/11165
[2026-09-11 22:28:05.123] [info] 9899/11165
[2026-09-11 22:28:05.124] [info] 9900/11165
[2026-09-11 22:28:05.124] [info] 9901/11165
[2026-09-11 22:28:05.124] [info] 9902/11165
[2026-09-11 22:28:05.125] [info] 9903/11165
[2026-09-11 22:28:05.125] [info] 9904/11165
[2026-09-11 22:28:05.125] [info] 9905/11165
[2026-09-11 22:28:05.126] [info] 9906/11165
[2026-09-11 22:28:05.126] [info] 9907/11165
[2026-09-11 22:28:05.126] [info] 9908/11165
[2026-09-11 22:28:05.127] [info] 9909/11165
[2026-09-11 22:28:05.127] [info] 9910/11165
[2026-09-11 22:28:05.128] [info] 9911/11165
[2026-09-11 22:28:05.128] [info] 9912/11165
[2026-09-11 22:28:05.128] [info] 9913/11165
[2026-09-11 22:28:05.129] [info] 9914/11165
[2026-09-11 22:28:05.129] [info] 9915/11165
[2026-09-11 22:28:05.130] [info] 9916/11165
[2026-09-11 22:28:05.130] [info] 9917/11165
[2026-09-11 22:28:05.130] [info] 9918/11165
[2026-09-11 22:28:05.131] [info] 9919/11165
[2026-09-11 22:28:05.131] [info] 9920/11165
[2026-09-11 22:28:05.131] [info] 9921/11165
[2026-09-11 22:28:05.132] [info] 9922/11165
[2026-09-11 22:28:05.132] [info] 9923/11165
[2026-09-11 22:28:05.133] [info] 9924/11165
[2026-09-11 22:28:05.133] [info] 9925/11165
[2026-09-11 22:28:05.133] [info] 9926/11165
[2026-09-11 22:28:05.134] [info] 9927/11165
[2026-09-11 22:28:05.134] [info] 9928/11165
[2026-09-11 22:28:05.134] [info] 9929/11165
[2026-09-11 22:28:05.135] [info] 9930/11165
[2026-09-11 22:28:05.135] [info] 9931/11165
[2026-09-11 22:28:05.136] [info] 9932/11165
[2026-09-11 22:28:05.136] [info] 9933/11165
[2026-09-11 22:28:05.136] [info] 9934/11165
[2026-09-11 22:28:05.137] [info] 9935/11165
[2026-09-11 22:28:05.137] [info] 9936/11165
[2026-09-11 22:28:05.137] [info] 9937/11165
[2026-09-11 22:28:05.138] [info] 9938/11165
[2026-09-11 22:28:05.138] [info] 9939/11165
[2026-09-11 22:28:05.139] [info] 9940/11165
[2026-09-11 22:28:05.139] [info] 9941/11165
[2026-09-11 22:28:05.139] [info] 9942/11165
[2026-09-11 22:28:05.140] [info] 9943/11165
[2026-09-11 22:28:05.140] [info] 9944/11165
[2026-09-11 22:28:05.140] [info] 9945/11165
[2026-09-11 22:28:05.141] [info] 9946/11165
[2026-09-11 22:28:05.141] [info] 9947/11165
[2026-09-11 22:28:05.141] [info] 9948/11165
[2026-09-11 22:28:05.142] [info] 9949/11165
[2026-09-11 22:28:05.142] [info] 9950/11165
[2026-09-11 22:28:05.143] [info] 9951/11165
[2026-09-11 22:28:05.143] [info] 9952/11165
[2026-09-11 22:28:05.143] [info] 9953/11165
[2026-09-11 22:28:05.144] [info] 9954/11165
[2026-09-11 22:28:05.144] [info] 9955/11165
[2026-09-11 22:28:05.144] [info] 9956/11165
[2026-09-11 22:28:05.145] [info] 9957/11165
[2026-09-11 22:28:05.145] [info] 9958/11165
[2026-09-11 22:28:05.146] [info] 9959/11165
[2026-09-11 22:28:05.146] [info] 9960/11165
[2026-09-11 22:28:05.146] [info] 9961/11165
[2026-09-11 22:28:05.147] [info] 9962/11165
[2026-09-11 22:28:05.147] [info] 9963/11165
[2026-09-11 22:28:05.147] [info] 9964/11165
[2026-09-11 22:28:05.148] [info] 9965/11165
[2026-09-11 22:28:05.148] [info] 9966/11165
[2026-09-11 22:28:05.149] [info] 9967/11165
[2026-09-11 22:28:05.149] [info] 9968/11165
[2026-09-11 22:28:05.149] [info] 9969/11165
[2026-09-11 22:28:05.150] [info] 9970/11165
[2026-09-11 22:28:05.150] [info] 9971/11165
[2026-09-11 22:28:05.150] [info] 9972/11165
[2026-09-11 22:28:05.151] [info] 9973/11165
[2026-09-11 22:28:05.151] [info] 9974/11165
[2026-09-11 22:28:05.152] [info] 9975/11165
[2026-09-11 22:28:05.152] [info] 9976/11165
[2026-09-11 22:28:05.152] [info] 9977/11165
[2026-09-11 22:28:05.153] [info] 9978/11165
[2026-09-11 22:28:05.153] [info] 9979/11165
[2026-09-11 22:28:05.153] [info] 9980/11165
[2026-09-11 22:28:05.154] [info] 9981/11165
[2026-09-11 22:28:05.154] [info] 9982/11165
[2026-09-11 22:28:05.154] [info] 9983/11165
[2026-09-11 22:28:05.155] [info] 9984/11165
[2026-09-11 22:28:05.155] [info] 9985/11165
[2026-09-11 22:28:05.156] [info] 9986/11165
[2026-09-11 22:28:05.156] [info] 9987/11165
[2026-09-11 22:28:05.156] [info] 9988/11165
[2026-09-11 22:28:05.157] [info] 9989/11165
[2026-09-11 22:28:05.157] [info] 9990/11165
[2026-09-11 22:28:05.157] [info] 9991/11165
[2026-09-11 22:28:05.158] [info] 9992/11165
[2026-09-11 22:28:05.158] [info] 9993/11165
[2026-09-11 22:28:05.159] [info] 9994/11165
[2026-09-11 22:28:05.159] [info] 9995/11165
[2026-09-11 22:28:05.159] [info] 9996/11165
[2026-09-11 22:28:05.160] [info] 9997/11165
[2026-09-11 22:28:05.160] [info] 9998/11165
[2026-09-11 22:28:05.160] [info] 9999/11165
[2026-09-11 22:28:05.161] [info] 10000/11165
[2026-09-11 22:28:05.161] [info] 10001/11165
[2026-09-11 22:28:05.162] [info] 10002/11165
[2026-09-11 22:28:05.162] [info] 10003/11165
[2026-09-11 22:28:05.162] [info] 10004/11165
[2026-09-11 22:28:05.163] [info] 10005/11165
[2026-09-11 22:28:05.163] [info] 10006/11165
[2026-09-11 22:28:05.163] [info] 10007/11165
[2026-09-11 22:28:05.172] [info] 10008/11165
[2026-09-11 22:28:05.173] [info] 10009/11165
[2026-09-11 22:28:05.173] [info] 10010/11165
[2026-09-11 22:28:05.173] [info] 10011/11165
[2026-09-11 22:28:05.174] [info] 10012/11165
[2026-09-11 22:28:05.174] [info] 10013/11165
[2026-09-11 22:28:05.175] [info] 10014/11165
[2026-09-11 22:28:05.175] [info] 10015/11165
[2026-09-11 22:28:05.175] [info] 10016/11165
[2026-09-11 22:28:05.176] [info] 10017/11165
[2026-09-11 22:28:05.176] [info] 10018/11165
[2026-09-11 22:28:05.177] [info] 10019/11165
[2026-09-11 22:28:05.177] [info] 10020/11165
[2026-09-11 22:28:05.177] [info] 10021/11165
[2026-09-11 22:28:05.178] [info] 10022/11165
[2026-09-11 22:28:05.178] [info] 10023/11165
[2026-09-11 22:28:05.178] [info] 10024/11165
[2026-09-11 22:28:05.179] [info] 10025/11165
[2026-09-11 22:28:05.179] [info] 10026/11165
[2026-09-11 22:28:05.180] [info] 10027/11165
[2026-09-11 22:28:05.180] [info] 10028/11165
[2026-09-11 22:28:05.180] [info] 10029/11165
[2026-09-11 22:28:05.181] [info] 10030/11165
[2026-09-11 22:28:05.181] [info] 10031/11165
[2026-09-11 22:28:05.182] [info] 10032/11165
[2026-09-11 22:28:05.182] [info] 10033/11165
[2026-09-11 22:28:05.182] [info] 10034/11165
[2026-09-11 22:28:05.183] [info] 10035/11165
[2026-09-11 22:28:05.183] [info] 10036/11165
[2026-09-11 22:28:05.183] [info] 10037/11165
[2026-09-11 22:28:05.184] [info] 10038/11165
[2026-09-11 22:28:05.184] [info] 10039/11165
[2026-09-11 22:28:05.185] [info] 10040/11165
[2026-09-11 22:28:05.185] [info] 10041/11165
[2026-09-11 22:28:05.185] [info] 10042/11165
[2026-09-11 22:28:05.186] [info] 10043/11165
[2026-09-11 22:28:05.186] [info] 10044/11165
[2026-09-11 22:28:05.186] [info] 10045/11165
[2026-09-11 22:28:05.187] [info] 10046/11165
[2026-09-11 22:28:05.187] [info] 10047/11165
[2026-09-11 22:28:05.188] [info] 10048/11165
[2026-09-11 22:28:05.188] [info] 10049/11165
[2026-09-11 22:28:05.188] [info] 10050/11165
[2026-09-11 22:28:05.189] [info] 10051/11165
[2026-09-11 22:28:05.189] [info] 10052/11165
[2026-09-11 22:28:05.189] [info] 10053/11165
[2026-09-11 22:28:05.190] [info] 10054/11165
[2026-09-11 22:28:05.190] [info] 10055/11165
[2026-09-11 22:28:05.191] [info] 10056/11165
[2026-09-11 22:28:05.191] [info] 10057/11165
[2026-09-11 22:28:05.191] [info] 10058/11165
[2026-09-11 22:28:05.192] [info] 10059/11165
[2026-09-11 22:28:05.192] [info] 10060/11165
[2026-09-11 22:28:05.193] [info] 10061/11165
[2026-09-11 22:28:05.193] [info] 10062/11165
[2026-09-11 22:28:05.193] [info] 10063/11165
[2026-09-11 22:28:05.194] [info] 10064/11165
[2026-09-11 22:28:05.194] [info] 10065/11165
[2026-09-11 22:28:05.194] [info] 10066/11165
[2026-09-11 22:28:05.195] [info] 10067/11165
[2026-09-11 22:28:05.195] [info] 10068/11165
[2026-09-11 22:28:05.196] [info] 10069/11165
[2026-09-11 22:28:05.196] [info] 10070/11165
[2026-09-11 22:28:05.196] [info] 10071/11165
[2026-09-11 22:28:05.197] [info] 10072/11165
[2026-09-11 22:28:05.197] [info] 10073/11165
[2026-09-11 22:28:05.197] [info] 10074/11165
[2026-09-11 22:28:05.198] [info] 10075/11165
[2026-09-11 22:28:05.198] [info] 10076/11165
[2026-09-11 22:28:05.198] [info] 10077/11165
[2026-09-11 22:28:05.199] [info] 10078/11165
[2026-09-11 22:28:05.199] [info] 10079/11165
[2026-09-11 22:28:05.200] [info] 10080/11165
[2026-09-11 22:28:05.200] [info] 10081/11165
[2026-09-11 22:28:05.200] [info] 10082/11165
[2026-09-11 22:28:05.201] [info] 10083/11165
[2026-09-11 22:28:05.201] [info] 10084/11165
[2026-09-11 22:28:05.201] [info] 10085/11165
[2026-09-11 22:28:05.202] [info] 10086/11165
[2026-09-11 22:28:05.202] [info] 10087/11165
[2026-09-11 22:28:05.202] [info] 10088/11165
[2026-09-11 22:28:05.203] [info] 10089/11165
[2026-09-11 22:28:05.203] [info] 10090/11165
[2026-09-11 22:28:05.204] [info] 10091/11165
[2026-09-11 22:28:05.204] [info] 10092/11165
[2026-09-11 22:28:05.204] [info] 10093/11165
[2026-09-11 22:28:05.205] [info] 10094/11165
[2026-09-11 22:28:05.205] [info] 10095/11165
[2026-09-11 22:28:05.205] [info] 10096/11165
[2026-09-11 22:28:05.206] [info] 10097/11165
[2026-09-11 22:28:05.206] [info] 10098/11165
[2026-09-11 22:28:05.207] [info] 10099/11165
[2026-09-11 22:28:05.207] [info] 10100/11165
[2026-09-11 22:28:05.207] [info] 10101/11165
[2026-09-11 22:28:05.208] [info] 10102/11165
[2026-09-11 22:28:05.208] [info] 10103/11165
[2026-09-11 22:28:05.208] [info] 10104/11165
[2026-09-11 22:28:05.209] [info] 10105/11165
[2026-09-11 22:28:05.209] [info] 10106/11165
[2026-09-11 22:28:05.210] [info] 10107/11165
[2026-09-11 22:28:05.210] [info] 10108/11165
[2026-09-11 22:28:05.210] [info] 10109/11165
[2026-09-11 22:28:05.211] [info] 10110/11165
[2026-09-11 22:28:05.211] [info] 10111/11165
[2026-09-11 22:28:05.211] [info] 10112/11165
[2026-09-11 22:28:05.212] [info] 10113/11165
[2026-09-11 22:28:05.212] [info] 10114/11165
[2026-09-11 22:28:05.212] [info] 10115/11165
[2026-09-11 22:28:05.213] [info] 10116/11165
[2026-09-11 22:28:05.213] [info] 10117/11165
[2026-09-11 22:28:05.214] [info] 10118/11165
[2026-09-11 22:28:05.214] [info] 10119/11165
[2026-09-11 22:28:05.214] [info] 10120/11165
[2026-09-11 22:28:05.215] [info] 10121/11165
[2026-09-11 22:28:05.215] [info] 10122/11165
[2026-09-11 22:28:05.215] [info] 10123/11165
[2026-09-11 22:28:05.216] [info] 10124/11165
[2026-09-11 22:28:05.216] [info] 10125/11165
[2026-09-11 22:28:05.216] [info] 10126/11165
[2026-09-11 22:28:05.217] [info] 10127/11165
[2026-09-11 22:28:05.217] [info] 10128/11165
[2026-09-11 22:28:05.217] [info] 10129/11165
[2026-09-11 22:28:05.218] [info] 10130/11165
[2026-09-11 22:28:05.218] [info] 10131/11165
[2026-09-11 22:28:05.219] [info] 10132/11165
[2026-09-11 22:28:05.219] [info] 10133/11165
[2026-09-11 22:28:05.219] [info] 10134/11165
[2026-09-11 22:28:05.220] [info] 10135/11165
[2026-09-11 22:28:05.220] [info] 10136/11165
[2026-09-11 22:28:05.220] [info] 10137/11165
[2026-09-11 22:28:05.221] [info] 10138/11165
[2026-09-11 22:28:05.221] [info] 10139/11165
[2026-09-11 22:28:05.221] [info] 10140/11165
[2026-09-11 22:28:05.222] [info] 10141/11165
[2026-09-11 22:28:05.222] [info] 10142/11165
[2026-09-11 22:28:05.223] [info] 10143/11165
[2026-09-11 22:28:05.223] [info] 10144/11165
[2026-09-11 22:28:05.223] [info] 10145/11165
[2026-09-11 22:28:05.224] [info] 10146/11165
[2026-09-11 22:28:05.224] [info] 10147/11165
[2026-09-11 22:28:05.224] [info] 10148/11165
[2026-09-11 22:28:05.225] [info] 10149/11165
[2026-09-11 22:28:05.225] [info] 10150/11165
[2026-09-11 22:28:05.225] [info] 10151/11165
[2026-09-11 22:28:05.226] [info] 10152/11165
[2026-09-11 22:28:05.226] [info] 10153/11165
[2026-09-11 22:28:05.226] [info] 10154/11165
[2026-09-11 22:28:05.227] [info] 10155/11165
[2026-09-11 22:28:05.227] [info] 10156/11165
[2026-09-11 22:28:05.227] [info] 10157/11165
[2026-09-11 22:28:05.228] [info] 10158/11165
[2026-09-11 22:28:05.228] [info] 10159/11165
[2026-09-11 22:28:05.228] [info] 10160/11165
[2026-09-11 22:28:05.229] [info] 10161/11165
[2026-09-11 22:28:05.229] [info] 10162/11165
[2026-09-11 22:28:05.230] [info] 10163/11165
[2026-09-11 22:28:05.230] [info] 10164/11165
[2026-09-11 22:28:05.230] [info] 10165/11165
[2026-09-11 22:28:05.231] [info] 10166/11165
[2026-09-11 22:28:05.231] [info] 10167/11165
[2026-09-11 22:28:05.231] [info] 10168/11165
[2026-09-11 22:28:05.232] [info] 10169/11165
[2026-09-11 22:28:05.232] [info] 10170/11165
[2026-09-11 22:28:05.232] [info] 10171/11165
[2026-09-11 22:28:05.233] [info] 10172/11165
[2026-09-11 22:28:05.233] [info] 10173/11165
[2026-09-11 22:28:05.234] [info] 10174/11165
[2026-09-11 22:28:05.234] [info] 10175/11165
[2026-09-11 22:28:05.234] [info] 10176/11165
[2026-09-11 22:28:05.235] [info] 10177/11165
[2026-09-11 22:28:05.235] [info] 10178/11165
[2026-09-11 22:28:05.235] [info] 10179/11165
[2026-09-11 22:28:05.236] [info] 10180/11165
[2026-09-11 22:28:05.236] [info] 10181/11165
[2026-09-11 22:28:05.236] [info] 10182/11165
[2026-09-11 22:28:05.237] [info] 10183/11165
[2026-09-11 22:28:05.237] [info] 10184/11165
[2026-09-11 22:28:05.237] [info] 10185/11165
[2026-09-11 22:28:05.238] [info] 10186/11165
[2026-09-11 22:28:05.238] [info] 10187/11165
[2026-09-11 22:28:05.238] [info] 10188/11165
[2026-09-11 22:28:05.239] [info] 10189/11165
[2026-09-11 22:28:05.239] [info] 10190/11165
[2026-09-11 22:28:05.239] [info] 10191/11165
[2026-09-11 22:28:05.240] [info] 10192/11165
[2026-09-11 22:28:05.240] [info] 10193/11165
[2026-09-11 22:28:05.240] [info] 10194/11165
[2026-09-11 22:28:05.241] [info] 10195/11165
[2026-09-11 22:28:05.241] [info] 10196/11165
[2026-09-11 22:28:05.242] [info] 10197/11165
[2026-09-11 22:28:05.242] [info] 10198/11165
[2026-09-11 22:28:05.242] [info] 10199/11165
[2026-09-11 22:28:05.243] [info] 10200/11165
[2026-09-11 22:28:05.243] [info] 10201/11165
[2026-09-11 22:28:05.243] [info] 10202/11165
[2026-09-11 22:28:05.244] [info] 10203/11165
[2026-09-11 22:28:05.244] [info] 10204/11165
[2026-09-11 22:28:05.245] [info] 10205/11165
[2026-09-11 22:28:05.245] [info] 10206/11165
[2026-09-11 22:28:05.245] [info] 10207/11165
[2026-09-11 22:28:05.246] [info] 10208/11165
[2026-09-11 22:28:05.246] [info] 10209/11165
[2026-09-11 22:28:05.246] [info] 10210/11165
[2026-09-11 22:28:05.247] [info] 10211/11165
[2026-09-11 22:28:05.247] [info] 10212/11165
[2026-09-11 22:28:05.248] [info] 10213/11165
[2026-09-11 22:28:05.248] [info] 10214/11165
[2026-09-11 22:28:05.248] [info] 10215/11165
[2026-09-11 22:28:05.249] [info] 10216/11165
[2026-09-11 22:28:05.249] [info] 10217/11165
[2026-09-11 22:28:05.249] [info] 10218/11165
[2026-09-11 22:28:05.250] [info] 10219/11165
[2026-09-11 22:28:05.250] [info] 10220/11165
[2026-09-11 22:28:05.251] [info] 10221/11165
[2026-09-11 22:28:05.251] [info] 10222/11165
[2026-09-11 22:28:05.251] [info] 10223/11165
[2026-09-11 22:28:05.252] [info] 10224/11165
[2026-09-11 22:28:05.252] [info] 10225/11165
[2026-09-11 22:28:05.253] [info] 10226/11165
[2026-09-11 22:28:05.253] [info] 10227/11165
[2026-09-11 22:28:05.253] [info] 10228/11165
[2026-09-11 22:28:05.254] [info] 10229/11165
[2026-09-11 22:28:05.254] [info] 10230/11165
[2026-09-11 22:28:05.254] [info] 10231/11165
[2026-09-11 22:28:05.255] [info] 10232/11165
[2026-09-11 22:28:05.255] [info] 10233/11165
[2026-09-11 22:28:05.256] [info] 10234/11165
[2026-09-11 22:28:05.256] [info] 10235/11165
[2026-09-11 22:28:05.256] [info] 10236/11165
[2026-09-11 22:28:05.257] [info] 10237/11165
[2026-09-11 22:28:05.257] [info] 10238/11165
[2026-09-11 22:28:05.258] [info] 10239/11165
[2026-09-11 22:28:05.258] [info] 10240/11165
[2026-09-11 22:28:05.258] [info] 10241/11165
[2026-09-11 22:28:05.259] [info] 10242/11165
[2026-09-11 22:28:05.259] [info] 10243/11165
[2026-09-11 22:28:05.259] [info] 10244/11165
[2026-09-11 22:28:05.260] [info] 10245/11165
[2026-09-11 22:28:05.260] [info] 10246/11165
[2026-09-11 22:28:05.261] [info] 10247/11165
[2026-09-11 22:28:05.261] [info] 10248/11165
[2026-09-11 22:28:05.261] [info] 10249/11165
[2026-09-11 22:28:05.262] [info] 10250/11165
[2026-09-11 22:28:05.262] [info] 10251/11165
[2026-09-11 22:28:05.262] [info] 10252/11165
[2026-09-11 22:28:05.263] [info] 10253/11165
[2026-09-11 22:28:05.263] [info] 10254/11165
[2026-09-11 22:28:05.263] [info] 10255/11165
[2026-09-11 22:28:05.264] [info] 10256/11165
[2026-09-11 22:28:05.264] [info] 10257/11165
[2026-09-11 22:28:05.265] [info] 10258/11165
[2026-09-11 22:28:05.265] [info] 10259/11165
[2026-09-11 22:28:05.265] [info] 10260/11165
[2026-09-11 22:28:05.266] [info] 10261/11165
[2026-09-11 22:28:05.266] [info] 10262/11165
[2026-09-11 22:28:05.267] [info] 10263/11165
[2026-09-11 22:28:05.267] [info] 10264/11165
[2026-09-11 22:28:05.267] [info] 10265/11165
[2026-09-11 22:28:05.268] [info] 10266/11165
[2026-09-11 22:28:05.268] [info] 10267/11165
[2026-09-11 22:28:05.268] [info] 10268/11165
[2026-09-11 22:28:05.269] [info] 10269/11165
[2026-09-11 22:28:05.269] [info] 10270/11165
[2026-09-11 22:28:05.269] [info] 10271/11165
[2026-09-11 22:28:05.270] [info] 10272/11165
[2026-09-11 22:28:05.270] [info] 10273/11165
[2026-09-11 22:28:05.271] [info] 10274/11165
[2026-09-11 22:28:05.271] [info] 10275/11165
[2026-09-11 22:28:05.271] [info] 10276/11165
[2026-09-11 22:28:05.272] [info] 10277/11165
[2026-09-11 22:28:05.272] [info] 10278/11165
[2026-09-11 22:28:05.272] [info] 10279/11165
[2026-09-11 22:28:05.273] [info] 10280/11165
[2026-09-11 22:28:05.273] [info] 10281/11165
[2026-09-11 22:28:05.273] [info] 10282/11165
[2026-09-11 22:28:05.274] [info] 10283/11165
[2026-09-11 22:28:05.274] [info] 10284/11165
[2026-09-11 22:28:05.275] [info] 10285/11165
[2026-09-11 22:28:05.275] [info] 10286/11165
[2026-09-11 22:28:05.275] [info] 10287/11165
[2026-09-11 22:28:05.276] [info] 10288/11165
[2026-09-11 22:28:05.276] [info] 10289/11165
[2026-09-11 22:28:05.276] [info] 10290/11165
[2026-09-11 22:28:05.277] [info] 10291/11165
[2026-09-11 22:28:05.277] [info] 10292/11165
[2026-09-11 22:28:05.277] [info] 10293/11165
[2026-09-11 22:28:05.278] [info] 10294/11165
[2026-09-11 22:28:05.278] [info] 10295/11165
[2026-09-11 22:28:05.279] [info] 10296/11165
[2026-09-11 22:28:05.279] [info] 10297/11165
[2026-09-11 22:28:05.279] [info] 10298/11165
[2026-09-11 22:28:05.280] [info] 10299/11165
[2026-09-11 22:28:05.280] [info] 10300/11165
[2026-09-11 22:28:05.280] [info] 10301/11165
[2026-09-11 22:28:05.281] [info] 10302/11165
[2026-09-11 22:28:05.281] [info] 10303/11165
[2026-09-11 22:28:05.282] [info] 10304/11165
[2026-09-11 22:28:05.282] [info] 10305/11165
[2026-09-11 22:28:05.282] [info] 10306/11165
[2026-09-11 22:28:05.283] [info] 10307/11165
[2026-09-11 22:28:05.283] [info] 10308/11165
[2026-09-11 22:28:05.283] [info] 10309/11165
[2026-09-11 22:28:05.284] [info] 10310/11165
[2026-09-11 22:28:05.284] [info] 10311/11165
[2026-09-11 22:28:05.284] [info] 10312/11165
[2026-09-11 22:28:05.285] [info] 10313/11165
[2026-09-11 22:28:05.285] [info] 10314/11165
[2026-09-11 22:28:05.286] [info] 10315/11165
[2026-09-11 22:28:05.286] [info] 10316/11165
[2026-09-11 22:28:05.286] [info] 10317/11165
[2026-09-11 22:28:05.287] [info] 10318/11165
[2026-09-11 22:28:05.287] [info] 10319/11165
[2026-09-11 22:28:05.287] [info] 10320/11165
[2026-09-11 22:28:05.288] [info] 10321/11165
[2026-09-11 22:28:05.288] [info] 10322/11165
[2026-09-11 22:28:05.288] [info] 10323/11165
[2026-09-11 22:28:05.289] [info] 10324/11165
[2026-09-11 22:28:05.289] [info] 10325/11165
[2026-09-11 22:28:05.289] [info] 10326/11165
[2026-09-11 22:28:05.290] [info] 10327/11165
[2026-09-11 22:28:05.290] [info] 10328/11165
[2026-09-11 22:28:05.290] [info] 10329/11165
[2026-09-11 22:28:05.291] [info] 10330/11165
[2026-09-11 22:28:05.291] [info] 10331/11165
[2026-09-11 22:28:05.291] [info] 10332/11165
[2026-09-11 22:28:05.292] [info] 10333/11165
[2026-09-11 22:28:05.292] [info] 10334/11165
[2026-09-11 22:28:05.292] [info] 10335/11165
[2026-09-11 22:28:05.293] [info] 10336/11165
[2026-09-11 22:28:05.293] [info] 10337/11165
[2026-09-11 22:28:05.294] [info] 10338/11165
[2026-09-11 22:28:05.294] [info] 10339/11165
[2026-09-11 22:28:05.294] [info] 10340/11165
[2026-09-11 22:28:05.295] [info] 10341/11165
[2026-09-11 22:28:05.295] [info] 10342/11165
[2026-09-11 22:28:05.295] [info] 10343/11165
[2026-09-11 22:28:05.296] [info] 10344/11165
[2026-09-11 22:28:05.296] [info] 10345/11165
[2026-09-11 22:28:05.297] [info] 10346/11165
[2026-09-11 22:28:05.297] [info] 10347/11165
[2026-09-11 22:28:05.297] [info] 10348/11165
[2026-09-11 22:28:05.298] [info] 10349/11165
[2026-09-11 22:28:05.298] [info] 10350/11165
[2026-09-11 22:28:05.298] [info] 10351/11165
[2026-09-11 22:28:05.299] [info] 10352/11165
[2026-09-11 22:28:05.299] [info] 10353/11165
[2026-09-11 22:28:05.299] [info] 10354/11165
[2026-09-11 22:28:05.300] [info] 10355/11165
[2026-09-11 22:28:05.300] [info] 10356/11165
[2026-09-11 22:28:05.301] [info] 10357/11165
[2026-09-11 22:28:05.301] [info] 10358/11165
[2026-09-11 22:28:05.301] [info] 10359/11165
[2026-09-11 22:28:05.302] [info] 10360/11165
[2026-09-11 22:28:05.302] [info] 10361/11165
[2026-09-11 22:28:05.302] [info] 10362/11165
[2026-09-11 22:28:05.303] [info] 10363/11165
[2026-09-11 22:28:05.303] [info] 10364/11165
[2026-09-11 22:28:05.303] [info] 10365/11165
[2026-09-11 22:28:05.304] [info] 10366/11165
[2026-09-11 22:28:05.304] [info] 10367/11165
[2026-09-11 22:28:05.305] [info] 10368/11165
[2026-09-11 22:28:05.305] [info] 10369/11165
[2026-09-11 22:28:05.305] [info] 10370/11165
[2026-09-11 22:28:05.306] [info] 10371/11165
[2026-09-11 22:28:05.306] [info] 10372/11165
[2026-09-11 22:28:05.306] [info] 10373/11165
[2026-09-11 22:28:05.307] [info] 10374/11165
[2026-09-11 22:28:05.307] [info] 10375/11165
[2026-09-11 22:28:05.307] [info] 10376/11165
[2026-09-11 22:28:05.308] [info] 10377/11165
[2026-09-11 22:28:05.308] [info] 10378/11165
[2026-09-11 22:28:05.308] [info] 10379/11165
[2026-09-11 22:28:05.309] [info] 10380/11165
[2026-09-11 22:28:05.309] [info] 10381/11165
[2026-09-11 22:28:05.309] [info] 10382/11165
[2026-09-11 22:28:05.310] [info] 10383/11165
[2026-09-11 22:28:05.310] [info] 10384/11165
[2026-09-11 22:28:05.311] [info] 10385/11165
[2026-09-11 22:28:05.311] [info] 10386/11165
[2026-09-11 22:28:05.311] [info] 10387/11165
[2026-09-11 22:28:05.312] [info] 10388/11165
[2026-09-11 22:28:05.312] [info] 10389/11165
[2026-09-11 22:28:05.312] [info] 10390/11165
[2026-09-11 22:28:05.313] [info] 10391/11165
[2026-09-11 22:28:05.313] [info] 10392/11165
[2026-09-11 22:28:05.313] [info] 10393/11165
[2026-09-11 22:28:05.314] [info] 10394/11165
[2026-09-11 22:28:05.314] [info] 10395/11165
[2026-09-11 22:28:05.314] [info] 10396/11165
[2026-09-11 22:28:05.315] [info] 10397/11165
[2026-09-11 22:28:05.315] [info] 10398/11165
[2026-09-11 22:28:05.315] [info] 10399/11165
[2026-09-11 22:28:05.316] [info] 10400/11165
[2026-09-11 22:28:05.316] [info] 10401/11165
[2026-09-11 22:28:05.316] [info] 10402/11165
[2026-09-11 22:28:05.317] [info] 10403/11165
[2026-09-11 22:28:05.317] [info] 10404/11165
[2026-09-11 22:28:05.317] [info] 10405/11165
[2026-09-11 22:28:05.318] [info] 10406/11165
[2026-09-11 22:28:05.318] [info] 10407/11165
[2026-09-11 22:28:05.318] [info] 10408/11165
[2026-09-11 22:28:05.319] [info] 10409/11165
[2026-09-11 22:28:05.319] [info] 10410/11165
[2026-09-11 22:28:05.320] [info] 10411/11165
[2026-09-11 22:28:05.320] [info] 10412/11165
[2026-09-11 22:28:05.320] [info] 10413/11165
[2026-09-11 22:28:05.321] [info] 10414/11165
[2026-09-11 22:28:05.321] [info] 10415/11165
[2026-09-11 22:28:05.321] [info] 10416/11165
[2026-09-11 22:28:05.322] [info] 10417/11165
[2026-09-11 22:28:05.322] [info] 10418/11165
[2026-09-11 22:28:05.322] [info] 10419/11165
[2026-09-11 22:28:05.323] [info] 10420/11165
[2026-09-11 22:28:05.323] [info] 10421/11165
[2026-09-11 22:28:05.323] [info] 10422/11165
[2026-09-11 22:28:05.324] [info] 10423/11165
[2026-09-11 22:28:05.324] [info] 10424/11165
[2026-09-11 22:28:05.324] [info] 10425/11165
[2026-09-11 22:28:05.325] [info] 10426/11165
[2026-09-11 22:28:05.325] [info] 10427/11165
[2026-09-11 22:28:05.325] [info] 10428/11165
[2026-09-11 22:28:05.326] [info] 10429/11165
[2026-09-11 22:28:05.326] [info] 10430/11165
[2026-09-11 22:28:05.327] [info] 10431/11165
[2026-09-11 22:28:05.327] [info] 10432/11165
[2026-09-11 22:28:05.327] [info] 10433/11165
[2026-09-11 22:28:05.328] [info] 10434/11165
[2026-09-11 22:28:05.328] [info] 10435/11165
[2026-09-11 22:28:05.328] [info] 10436/11165
[2026-09-11 22:28:05.329] [info] 10437/11165
[2026-09-11 22:28:05.329] [info] 10438/11165
[2026-09-11 22:28:05.329] [info] 10439/11165
[2026-09-11 22:28:05.330] [info] 10440/11165
[2026-09-11 22:28:05.330] [info] 10441/11165
[2026-09-11 22:28:05.330] [info] 10442/11165
[2026-09-11 22:28:05.331] [info] 10443/11165
[2026-09-11 22:28:05.331] [info] 10444/11165
[2026-09-11 22:28:05.331] [info] 10445/11165
[2026-09-11 22:28:05.332] [info] 10446/11165
[2026-09-11 22:28:05.332] [info] 10447/11165
[2026-09-11 22:28:05.332] [info] 10448/11165
[2026-09-11 22:28:05.333] [info] 10449/11165
[2026-09-11 22:28:05.333] [info] 10450/11165
[2026-09-11 22:28:05.333] [info] 10451/11165
[2026-09-11 22:28:05.334] [info] 10452/11165
[2026-09-11 22:28:05.334] [info] 10453/11165
[2026-09-11 22:28:05.334] [info] 10454/11165
[2026-09-11 22:28:05.335] [info] 10455/11165
[2026-09-11 22:28:05.335] [info] 10456/11165
[2026-09-11 22:28:05.336] [info] 10457/11165
[2026-09-11 22:28:05.336] [info] 10458/11165
[2026-09-11 22:28:05.336] [info] 10459/11165
[2026-09-11 22:28:05.337] [info] 10460/11165
[2026-09-11 22:28:05.337] [info] 10461/11165
[2026-09-11 22:28:05.338] [info] 10462/11165
[2026-09-11 22:28:05.338] [info] 10463/11165
[2026-09-11 22:28:05.338] [info] 10464/11165
[2026-09-11 22:28:05.339] [info] 10465/11165
[2026-09-11 22:28:05.339] [info] 10466/11165
[2026-09-11 22:28:05.339] [info] 10467/11165
[2026-09-11 22:28:05.340] [info] 10468/11165
[2026-09-11 22:28:05.340] [info] 10469/11165
[2026-09-11 22:28:05.340] [info] 10470/11165
[2026-09-11 22:28:05.341] [info] 10471/11165
[2026-09-11 22:28:05.341] [info] 10472/11165
[2026-09-11 22:28:05.342] [info] 10473/11165
[2026-09-11 22:28:05.342] [info] 10474/11165
[2026-09-11 22:28:05.342] [info] 10475/11165
[2026-09-11 22:28:05.343] [info] 10476/11165
[2026-09-11 22:28:05.343] [info] 10477/11165
[2026-09-11 22:28:05.343] [info] 10478/11165
[2026-09-11 22:28:05.344] [info] 10479/11165
[2026-09-11 22:28:05.344] [info] 10480/11165
[2026-09-11 22:28:05.344] [info] 10481/11165
[2026-09-11 22:28:05.345] [info] 10482/11165
[2026-09-11 22:28:05.345] [info] 10483/11165
[2026-09-11 22:28:05.346] [info] 10484/11165
[2026-09-11 22:28:05.346] [info] 10485/11165
[2026-09-11 22:28:05.346] [info] 10486/11165
[2026-09-11 22:28:05.347] [info] 10487/11165
[2026-09-11 22:28:05.347] [info] 10488/11165
[2026-09-11 22:28:05.347] [info] 10489/11165
[2026-09-11 22:28:05.348] [info] 10490/11165
[2026-09-11 22:28:05.348] [info] 10491/11165
[2026-09-11 22:28:05.348] [info] 10492/11165
[2026-09-11 22:28:05.349] [info] 10493/11165
[2026-09-11 22:28:05.349] [info] 10494/11165
[2026-09-11 22:28:05.349] [info] 10495/11165
[2026-09-11 22:28:05.350] [info] 10496/11165
[2026-09-11 22:28:05.350] [info] 10497/11165
[2026-09-11 22:28:05.351] [info] 10498/11165
[2026-09-11 22:28:05.351] [info] 10499/11165
[2026-09-11 22:28:05.351] [info] 10500/11165
[2026-09-11 22:28:05.352] [info] 10501/11165
[2026-09-11 22:28:05.352] [info] 10502/11165
[2026-09-11 22:28:05.352] [info] 10503/11165
[2026-09-11 22:28:05.353] [info] 10504/11165
[2026-09-11 22:28:05.353] [info] 10505/11165
[2026-09-11 22:28:05.353] [info] 10506/11165
[2026-09-11 22:28:05.354] [info] 10507/11165
[2026-09-11 22:28:05.354] [info] 10508/11165
[2026-09-11 22:28:05.354] [info] 10509/11165
[2026-09-11 22:28:05.355] [info] 10510/11165
[2026-09-11 22:28:05.355] [info] 10511/11165
[2026-09-11 22:28:05.355] [info] 10512/11165
[2026-09-11 22:28:05.356] [info] 10513/11165
[2026-09-11 22:28:05.356] [info] 10514/11165
[2026-09-11 22:28:05.356] [info] 10515/11165
[2026-09-11 22:28:05.357] [info] 10516/11165
[2026-09-11 22:28:05.357] [info] 10517/11165
[2026-09-11 22:28:05.357] [info] 10518/11165
[2026-09-11 22:28:05.358] [info] 10519/11165
[2026-09-11 22:28:05.358] [info] 10520/11165
[2026-09-11 22:28:05.359] [info] 10521/11165
[2026-09-11 22:28:05.359] [info] 10522/11165
[2026-09-11 22:28:05.359] [info] 10523/11165
[2026-09-11 22:28:05.360] [info] 10524/11165
[2026-09-11 22:28:05.360] [info] 10525/11165
[2026-09-11 22:28:05.360] [info] 10526/11165
[2026-09-11 22:28:05.361] [info] 10527/11165
[2026-09-11 22:28:05.361] [info] 10528/11165
[2026-09-11 22:28:05.361] [info] 10529/11165
[2026-09-11 22:28:05.362] [info] 10530/11165
[2026-09-11 22:28:05.362] [info] 10531/11165
[2026-09-11 22:28:05.362] [info] 10532/11165
[2026-09-11 22:28:05.363] [info] 10533/11165
[2026-09-11 22:28:05.363] [info] 10534/11165
[2026-09-11 22:28:05.363] [info] 10535/11165
[2026-09-11 22:28:05.364] [info] 10536/11165
[2026-09-11 22:28:05.364] [info] 10537/11165
[2026-09-11 22:28:05.364] [info] 10538/11165
[2026-09-11 22:28:05.365] [info] 10539/11165
[2026-09-11 22:28:05.365] [info] 10540/11165
[2026-09-11 22:28:05.365] [info] 10541/11165
[2026-09-11 22:28:05.366] [info] 10542/11165
[2026-09-11 22:28:05.366] [info] 10543/11165
[2026-09-11 22:28:05.366] [info] 10544/11165
[2026-09-11 22:28:05.367] [info] 10545/11165
[2026-09-11 22:28:05.367] [info] 10546/11165
[2026-09-11 22:28:05.367] [info] 10547/11165
[2026-09-11 22:28:05.368] [info] 10548/11165
[2026-09-11 22:28:05.368] [info] 10549/11165
[2026-09-11 22:28:05.368] [info] 10550/11165
[2026-09-11 22:28:05.369] [info] 10551/11165
[2026-09-11 22:28:05.369] [info] 10552/11165
[2026-09-11 22:28:05.369] [info] 10553/11165
[2026-09-11 22:28:05.370] [info] 10554/11165
[2026-09-11 22:28:05.370] [info] 10555/11165
[2026-09-11 22:28:05.371] [info] 10556/11165
[2026-09-11 22:28:05.371] [info] 10557/11165
[2026-09-11 22:28:05.371] [info] 10558/11165
[2026-09-11 22:28:05.372] [info] 10559/11165
[2026-09-11 22:28:05.372] [info] 10560/11165
[2026-09-11 22:28:05.372] [info] 10561/11165
[2026-09-11 22:28:05.373] [info] 10562/11165
[2026-09-11 22:28:05.373] [info] 10563/11165
[2026-09-11 22:28:05.374] [info] 10564/11165
[2026-09-11 22:28:05.374] [info] 10565/11165
[2026-09-11 22:28:05.374] [info] 10566/11165
[2026-09-11 22:28:05.375] [info] 10567/11165
[2026-09-11 22:28:05.375] [info] 10568/11165
[2026-09-11 22:28:05.375] [info] 10569/11165
[2026-09-11 22:28:05.376] [info] 10570/11165
[2026-09-11 22:28:05.376] [info] 10571/11165
[2026-09-11 22:28:05.376] [info] 10572/11165
[2026-09-11 22:28:05.377] [info] 10573/11165
[2026-09-11 22:28:05.377] [info] 10574/11165
[2026-09-11 22:28:05.377] [info] 10575/11165
[2026-09-11 22:28:05.378] [info] 10576/11165
[2026-09-11 22:28:05.378] [info] 10577/11165
[2026-09-11 22:28:05.378] [info] 10578/11165
[2026-09-11 22:28:05.379] [info] 10579/11165
[2026-09-11 22:28:05.379] [info] 10580/11165
[2026-09-11 22:28:05.379] [info] 10581/11165
[2026-09-11 22:28:05.380] [info] 10582/11165
[2026-09-11 22:28:05.380] [info] 10583/11165
[2026-09-11 22:28:05.381] [info] 10584/11165
[2026-09-11 22:28:05.381] [info] 10585/11165
[2026-09-11 22:28:05.381] [info] 10586/11165
[2026-09-11 22:28:05.382] [info] 10587/11165
[2026-09-11 22:28:05.382] [info] 10588/11165
[2026-09-11 22:28:05.382] [info] 10589/11165
[2026-09-11 22:28:05.383] [info] 10590/11165
[2026-09-11 22:28:05.383] [info] 10591/11165
[2026-09-11 22:28:05.384] [info] 10592/11165
[2026-09-11 22:28:05.384] [info] 10593/11165
[2026-09-11 22:28:05.384] [info] 10594/11165
[2026-09-11 22:28:05.385] [info] 10595/11165
[2026-09-11 22:28:05.385] [info] 10596/11165
[2026-09-11 22:28:05.385] [info] 10597/11165
[2026-09-11 22:28:05.386] [info] 10598/11165
[2026-09-11 22:28:05.386] [info] 10599/11165
[2026-09-11 22:28:05.387] [info] 10600/11165
[2026-09-11 22:28:05.387] [info] 10601/11165
[2026-09-11 22:28:05.387] [info] 10602/11165
[2026-09-11 22:28:05.388] [info] 10603/11165
[2026-09-11 22:28:05.388] [info] 10604/11165
[2026-09-11 22:28:05.389] [info] 10605/11165
[2026-09-11 22:28:05.389] [info] 10606/11165
[2026-09-11 22:28:05.389] [info] 10607/11165
[2026-09-11 22:28:05.390] [info] 10608/11165
[2026-09-11 22:28:05.390] [info] 10609/11165
[2026-09-11 22:28:05.390] [info] 10610/11165
[2026-09-11 22:28:05.391] [info] 10611/11165
[2026-09-11 22:28:05.391] [info] 10612/11165
[2026-09-11 22:28:05.392] [info] 10613/11165
[2026-09-11 22:28:05.392] [info] 10614/11165
[2026-09-11 22:28:05.392] [info] 10615/11165
[2026-09-11 22:28:05.393] [info] 10616/11165
[2026-09-11 22:28:05.393] [info] 10617/11165
[2026-09-11 22:28:05.393] [info] 10618/11165
[2026-09-11 22:28:05.394] [info] 10619/11165
[2026-09-11 22:28:05.394] [info] 10620/11165
[2026-09-11 22:28:05.395] [info] 10621/11165
[2026-09-11 22:28:05.395] [info] 10622/11165
[2026-09-11 22:28:05.395] [info] 10623/11165
[2026-09-11 22:28:05.396] [info] 10624/11165
[2026-09-11 22:28:05.396] [info] 10625/11165
[2026-09-11 22:28:05.396] [info] 10626/11165
[2026-09-11 22:28:05.397] [info] 10627/11165
[2026-09-11 22:28:05.397] [info] 10628/11165
[2026-09-11 22:28:05.398] [info] 10629/11165
[2026-09-11 22:28:05.398] [info] 10630/11165
[2026-09-11 22:28:05.398] [info] 10631/11165
[2026-09-11 22:28:05.399] [info] 10632/11165
[2026-09-11 22:28:05.399] [info] 10633/11165
[2026-09-11 22:28:05.399] [info] 10634/11165
[2026-09-11 22:28:05.400] [info] 10635/11165
[2026-09-11 22:28:05.400] [info] 10636/11165
[2026-09-11 22:28:05.400] [info] 10637/11165
[2026-09-11 22:28:05.401] [info] 10638/11165
[2026-09-11 22:28:05.401] [info] 10639/11165
[2026-09-11 22:28:05.401] [info] 10640/11165
[2026-09-11 22:28:05.402] [info] 10641/11165
[2026-09-11 22:28:05.402] [info] 10642/11165
[2026-09-11 22:28:05.403] [info] 10643/11165
[2026-09-11 22:28:05.403] [info] 10644/11165
[2026-09-11 22:28:05.403] [info] 10645/11165
[2026-09-11 22:28:05.404] [info] 10646/11165
[2026-09-11 22:28:05.404] [info] 10647/11165
[2026-09-11 22:28:05.404] [info] 10648/11165
[2026-09-11 22:28:05.405] [info] 10649/11165
[2026-09-11 22:28:05.405] [info] 10650/11165
[2026-09-11 22:28:05.405] [info] 10651/11165
[2026-09-11 22:28:05.406] [info] 10652/11165
[2026-09-11 22:28:05.406] [info] 10653/11165
[2026-09-11 22:28:05.406] [info] 10654/11165
[2026-09-11 22:28:05.407] [info] 10655/11165
[2026-09-11 22:28:05.407] [info] 10656/11165
[2026-09-11 22:28:05.408] [info] 10657/11165
[2026-09-11 22:28:05.408] [info] 10658/11165
[2026-09-11 22:28:05.408] [info] 10659/11165
[2026-09-11 22:28:05.409] [info] 10660/11165
[2026-09-11 22:28:05.409] [info] 10661/11165
[2026-09-11 22:28:05.409] [info] 10662/11165
[2026-09-11 22:28:05.410] [info] 10663/11165
[2026-09-11 22:28:05.410] [info] 10664/11165
[2026-09-11 22:28:05.410] [info] 10665/11165
[2026-09-11 22:28:05.411] [info] 10666/11165
[2026-09-11 22:28:05.411] [info] 10667/11165
[2026-09-11 22:28:05.412] [info] 10668/11165
[2026-09-11 22:28:05.412] [info] 10669/11165
[2026-09-11 22:28:05.412] [info] 10670/11165
[2026-09-11 22:28:05.413] [info] 10671/11165
[2026-09-11 22:28:05.413] [info] 10672/11165
[2026-09-11 22:28:05.413] [info] 10673/11165
[2026-09-11 22:28:05.414] [info] 10674/11165
[2026-09-11 22:28:05.414] [info] 10675/11165
[2026-09-11 22:28:05.414] [info] 10676/11165
[2026-09-11 22:28:05.415] [info] 10677/11165
[2026-09-11 22:28:05.415] [info] 10678/11165
[2026-09-11 22:28:05.415] [info] 10679/11165
[2026-09-11 22:28:05.416] [info] 10680/11165
[2026-09-11 22:28:05.416] [info] 10681/11165
[2026-09-11 22:28:05.416] [info] 10682/11165
[2026-09-11 22:28:05.417] [info] 10683/11165
[2026-09-11 22:28:05.417] [info] 10684/11165
[2026-09-11 22:28:05.418] [info] 10685/11165
[2026-09-11 22:28:05.418] [info] 10686/11165
[2026-09-11 22:28:05.418] [info] 10687/11165
[2026-09-11 22:28:05.419] [info] 10688/11165
[2026-09-11 22:28:05.419] [info] 10689/11165
[2026-09-11 22:28:05.419] [info] 10690/11165
[2026-09-11 22:28:05.420] [info] 10691/11165
[2026-09-11 22:28:05.420] [info] 10692/11165
[2026-09-11 22:28:05.420] [info] 10693/11165
[2026-09-11 22:28:05.421] [info] 10694/11165
[2026-09-11 22:28:05.421] [info] 10695/11165
[2026-09-11 22:28:05.422] [info] 10696/11165
[2026-09-11 22:28:05.422] [info] 10697/11165
[2026-09-11 22:28:05.422] [info] 10698/11165
[2026-09-11 22:28:05.423] [info] 10699/11165
[2026-09-11 22:28:05.423] [info] 10700/11165
[2026-09-11 22:28:05.423] [info] 10701/11165
[2026-09-11 22:28:05.424] [info] 10702/11165
[2026-09-11 22:28:05.424] [info] 10703/11165
[2026-09-11 22:28:05.424] [info] 10704/11165
[2026-09-11 22:28:05.425] [info] 10705/11165
[2026-09-11 22:28:05.425] [info] 10706/11165
[2026-09-11 22:28:05.425] [info] 10707/11165
[2026-09-11 22:28:05.426] [info] 10708/11165
[2026-09-11 22:28:05.426] [info] 10709/11165
[2026-09-11 22:28:05.427] [info] 10710/11165
[2026-09-11 22:28:05.427] [info] 10711/11165
[2026-09-11 22:28:05.427] [info] 10712/11165
[2026-09-11 22:28:05.428] [info] 10713/11165
[2026-09-11 22:28:05.428] [info] 10714/11165
[2026-09-11 22:28:05.428] [info] 10715/11165
[2026-09-11 22:28:05.429] [info] 10716/11165
[2026-09-11 22:28:05.429] [info] 10717/11165
[2026-09-11 22:28:05.429] [info] 10718/11165
[2026-09-11 22:28:05.430] [info] 10719/11165
[2026-09-11 22:28:05.430] [info] 10720/11165
[2026-09-11 22:28:05.430] [info] 10721/11165
[2026-09-11 22:28:05.431] [info] 10722/11165
[2026-09-11 22:28:05.431] [info] 10723/11165
[2026-09-11 22:28:05.432] [info] 10724/11165
[2026-09-11 22:28:05.432] [info] 10725/11165
[2026-09-11 22:28:05.432] [info] 10726/11165
[2026-09-11 22:28:05.433] [info] 10727/11165
[2026-09-11 22:28:05.433] [info] 10728/11165
[2026-09-11 22:28:05.433] [info] 10729/11165
[2026-09-11 22:28:05.434] [info] 10730/11165
[2026-09-11 22:28:05.434] [info] 10731/11165
[2026-09-11 22:28:05.434] [info] 10732/11165
[2026-09-11 22:28:05.435] [info] 10733/11165
[2026-09-11 22:28:05.435] [info] 10734/11165
[2026-09-11 22:28:05.435] [info] 10735/11165
[2026-09-11 22:28:05.436] [info] 10736/11165
[2026-09-11 22:28:05.436] [info] 10737/11165
[2026-09-11 22:28:05.436] [info] 10738/11165
[2026-09-11 22:28:05.437] [info] 10739/11165
[2026-09-11 22:28:05.437] [info] 10740/11165
[2026-09-11 22:28:05.437] [info] 10741/11165
[2026-09-11 22:28:05.438] [info] 10742/11165
[2026-09-11 22:28:05.438] [info] 10743/11165
[2026-09-11 22:28:05.438] [info] 10744/11165
[2026-09-11 22:28:05.439] [info] 10745/11165
[2026-09-11 22:28:05.439] [info] 10746/11165
[2026-09-11 22:28:05.440] [info] 10747/11165
[2026-09-11 22:28:05.440] [info] 10748/11165
[2026-09-11 22:28:05.440] [info] 10749/11165
[2026-09-11 22:28:05.441] [info] 10750/11165
[2026-09-11 22:28:05.441] [info] 10751/11165
[2026-09-11 22:28:05.441] [info] 10752/11165
[2026-09-11 22:28:05.442] [info] 10753/11165
[2026-09-11 22:28:05.442] [info] 10754/11165
[2026-09-11 22:28:05.442] [info] 10755/11165
[2026-09-11 22:28:05.443] [info] 10756/11165
[2026-09-11 22:28:05.443] [info] 10757/11165
[2026-09-11 22:28:05.443] [info] 10758/11165
[2026-09-11 22:28:05.444] [info] 10759/11165
[2026-09-11 22:28:05.444] [info] 10760/11165
[2026-09-11 22:28:05.444] [info] 10761/11165
[2026-09-11 22:28:05.445] [info] 10762/11165
[2026-09-11 22:28:05.445] [info] 10763/11165
[2026-09-11 22:28:05.445] [info] 10764/11165
[2026-09-11 22:28:05.446] [info] 10765/11165
[2026-09-11 22:28:05.446] [info] 10766/11165
[2026-09-11 22:28:05.446] [info] 10767/11165
[2026-09-11 22:28:05.447] [info] 10768/11165
[2026-09-11 22:28:05.447] [info] 10769/11165
[2026-09-11 22:28:05.447] [info] 10770/11165
[2026-09-11 22:28:05.448] [info] 10771/11165
[2026-09-11 22:28:05.448] [info] 10772/11165
[2026-09-11 22:28:05.449] [info] 10773/11165
[2026-09-11 22:28:05.449] [info] 10774/11165
[2026-09-11 22:28:05.449] [info] 10775/11165
[2026-09-11 22:28:05.450] [info] 10776/11165
[2026-09-11 22:28:05.450] [info] 10777/11165
[2026-09-11 22:28:05.450] [info] 10778/11165
[2026-09-11 22:28:05.451] [info] 10779/11165
[2026-09-11 22:28:05.451] [info] 10780/11165
[2026-09-11 22:28:05.452] [info] 10781/11165
[2026-09-11 22:28:05.452] [info] 10782/11165
[2026-09-11 22:28:05.452] [info] 10783/11165
[2026-09-11 22:28:05.453] [info] 10784/11165
[2026-09-11 22:28:05.453] [info] 10785/11165
[2026-09-11 22:28:05.453] [info] 10786/11165
[2026-09-11 22:28:05.454] [info] 10787/11165
[2026-09-11 22:28:05.454] [info] 10788/11165
[2026-09-11 22:28:05.454] [info] 10789/11165
[2026-09-11 22:28:05.455] [info] 10790/11165
[2026-09-11 22:28:05.455] [info] 10791/11165
[2026-09-11 22:28:05.456] [info] 10792/11165
[2026-09-11 22:28:05.456] [info] 10793/11165
[2026-09-11 22:28:05.456] [info] 10794/11165
[2026-09-11 22:28:05.457] [info] 10795/11165
[2026-09-11 22:28:05.457] [info] 10796/11165
[2026-09-11 22:28:05.457] [info] 10797/11165
[2026-09-11 22:28:05.458] [info] 10798/11165
[2026-09-11 22:28:05.458] [info] 10799/11165
[2026-09-11 22:28:05.458] [info] 10800/11165
[2026-09-11 22:28:05.459] [info] 10801/11165
[2026-09-11 22:28:05.459] [info] 10802/11165
[2026-09-11 22:28:05.459] [info] 10803/11165
[2026-09-11 22:28:05.460] [info] 10804/11165
[2026-09-11 22:28:05.460] [info] 10805/11165
[2026-09-11 22:28:05.461] [info] 10806/11165
[2026-09-11 22:28:05.461] [info] 10807/11165
[2026-09-11 22:28:05.461] [info] 10808/11165
[2026-09-11 22:28:05.462] [info] 10809/11165
[2026-09-11 22:28:05.462] [info] 10810/11165
[2026-09-11 22:28:05.462] [info] 10811/11165
[2026-09-11 22:28:05.463] [info] 10812/11165
[2026-09-11 22:28:05.463] [info] 10813/11165
[2026-09-11 22:28:05.463] [info] 10814/11165
[2026-09-11 22:28:05.464] [info] 10815/11165
[2026-09-11 22:28:05.464] [info] 10816/11165
[2026-09-11 22:28:05.464] [info] 10817/11165
[2026-09-11 22:28:05.465] [info] 10818/11165
[2026-09-11 22:28:05.465] [info] 10819/11165
[2026-09-11 22:28:05.465] [info] 10820/11165
[2026-09-11 22:28:05.466] [info] 10821/11165
[2026-09-11 22:28:05.466] [info] 10822/11165
[2026-09-11 22:28:05.466] [info] 10823/11165
[2026-09-11 22:28:05.467] [info] 10824/11165
[2026-09-11 22:28:05.467] [info] 10825/11165
[2026-09-11 22:28:05.467] [info] 10826/11165
[2026-09-11 22:28:05.468] [info] 10827/11165
[2026-09-11 22:28:05.468] [info] 10828/11165
[2026-09-11 22:28:05.468] [info] 10829/11165
[2026-09-11 22:28:05.469] [info] 10830/11165
[2026-09-11 22:28:05.469] [info] 10831/11165
[2026-09-11 22:28:05.470] [info] 10832/11165
[2026-09-11 22:28:05.470] [info] 10833/11165
[2026-09-11 22:28:05.470] [info] 10834/11165
[2026-09-11 22:28:05.471] [info] 10835/11165
[2026-09-11 22:28:05.471] [info] 10836/11165
[2026-09-11 22:28:05.471] [info] 10837/11165
[2026-09-11 22:28:05.472] [info] 10838/11165
[2026-09-11 22:28:05.472] [info] 10839/11165
[2026-09-11 22:28:05.472] [info] 10840/11165
[2026-09-11 22:28:05.473] [info] 10841/11165
[2026-09-11 22:28:05.473] [info] 10842/11165
[2026-09-11 22:28:05.473] [info] 10843/11165
[2026-09-11 22:28:05.474] [info] 10844/11165
[2026-09-11 22:28:05.474] [info] 10845/11165
[2026-09-11 22:28:05.474] [info] 10846/11165
[2026-09-11 22:28:05.475] [info] 10847/11165
[2026-09-11 22:28:05.475] [info] 10848/11165
[2026-09-11 22:28:05.475] [info] 10849/11165
[2026-09-11 22:28:05.476] [info] 10850/11165
[2026-09-11 22:28:05.476] [info] 10851/11165
[2026-09-11 22:28:05.477] [info] 10852/11165
[2026-09-11 22:28:05.477] [info] 10853/11165
[2026-09-11 22:28:05.477] [info] 10854/11165
[2026-09-11 22:28:05.478] [info] 10855/11165
[2026-09-11 22:28:05.478] [info] 10856/11165
[2026-09-11 22:28:05.479] [info] 10857/11165
[2026-09-11 22:28:05.479] [info] 10858/11165
[2026-09-11 22:28:05.479] [info] 10859/11165
[2026-09-11 22:28:05.480] [info] 10860/11165
[2026-09-11 22:28:05.480] [info] 10861/11165
[2026-09-11 22:28:05.481] [info] 10862/11165
[2026-09-11 22:28:05.481] [info] 10863/11165
[2026-09-11 22:28:05.481] [info] 10864/11165
[2026-09-11 22:28:05.482] [info] 10865/11165
[2026-09-11 22:28:05.482] [info] 10866/11165
[2026-09-11 22:28:05.483] [info] 10867/11165
[2026-09-11 22:28:05.483] [info] 10868/11165
[2026-09-11 22:28:05.483] [info] 10869/11165
[2026-09-11 22:28:05.484] [info] 10870/11165
[2026-09-11 22:28:05.484] [info] 10871/11165
[2026-09-11 22:28:05.485] [info] 10872/11165
[2026-09-11 22:28:05.485] [info] 10873/11165
[2026-09-11 22:28:05.485] [info] 10874/11165
[2026-09-11 22:28:05.486] [info] 10875/11165
[2026-09-11 22:28:05.486] [info] 10876/11165
[2026-09-11 22:28:05.487] [info] 10877/11165
[2026-09-11 22:28:05.487] [info] 10878/11165
[2026-09-11 22:28:05.487] [info] 10879/11165
[2026-09-11 22:28:05.488] [info] 10880/11165
[2026-09-11 22:28:05.488] [info] 10881/11165
[2026-09-11 22:28:05.488] [info] 10882/11165
[2026-09-11 22:28:05.489] [info] 10883/11165
[2026-09-11 22:28:05.489] [info] 10884/11165
[2026-09-11 22:28:05.490] [info] 10885/11165
[2026-09-11 22:28:05.490] [info] 10886/11165
[2026-09-11 22:28:05.490] [info] 10887/11165
[2026-09-11 22:28:05.491] [info] 10888/11165
[2026-09-11 22:28:05.491] [info] 10889/11165
[2026-09-11 22:28:05.491] [info] 10890/11165
[2026-09-11 22:28:05.492] [info] 10891/11165
[2026-09-11 22:28:05.492] [info] 10892/11165
[2026-09-11 22:28:05.493] [info] 10893/11165
[2026-09-11 22:28:05.493] [info] 10894/11165
[2026-09-11 22:28:05.493] [info] 10895/11165
[2026-09-11 22:28:05.494] [info] 10896/11165
[2026-09-11 22:28:05.494] [info] 10897/11165
[2026-09-11 22:28:05.495] [info] 10898/11165
[2026-09-11 22:28:05.495] [info] 10899/11165
[2026-09-11 22:28:05.495] [info] 10900/11165
[2026-09-11 22:28:05.496] [info] 10901/11165
[2026-09-11 22:28:05.496] [info] 10902/11165
[2026-09-11 22:28:05.496] [info] 10903/11165
[2026-09-11 22:28:05.497] [info] 10904/11165
[2026-09-11 22:28:05.497] [info] 10905/11165
[2026-09-11 22:28:05.498] [info] 10906/11165
[2026-09-11 22:28:05.498] [info] 10907/11165
[2026-09-11 22:28:05.498] [info] 10908/11165
[2026-09-11 22:28:05.499] [info] 10909/11165
[2026-09-11 22:28:05.499] [info] 10910/11165
[2026-09-11 22:28:05.499] [info] 10911/11165
[2026-09-11 22:28:05.500] [info] 10912/11165
[2026-09-11 22:28:05.500] [info] 10913/11165
[2026-09-11 22:28:05.501] [info] 10914/11165
[2026-09-11 22:28:05.501] [info] 10915/11165
[2026-09-11 22:28:05.501] [info] 10916/11165
[2026-09-11 22:28:05.502] [info] 10917/11165
[2026-09-11 22:28:05.502] [info] 10918/11165
[2026-09-11 22:28:05.502] [info] 10919/11165
[2026-09-11 22:28:05.503] [info] 10920/11165
[2026-09-11 22:28:05.503] [info] 10921/11165
[2026-09-11 22:28:05.504] [info] 10922/11165
[2026-09-11 22:28:05.504] [info] 10923/11165
[2026-09-11 22:28:05.504] [info] 10924/11165
[2026-09-11 22:28:05.505] [info] 10925/11165
[2026-09-11 22:28:05.505] [info] 10926/11165
[2026-09-11 22:28:05.505] [info] 10927/11165
[2026-09-11 22:28:05.506] [info] 10928/11165
[2026-09-11 22:28:05.506] [info] 10929/11165
[2026-09-11 22:28:05.507] [info] 10930/11165
[2026-09-11 22:28:05.507] [info] 10931/11165
[2026-09-11 22:28:05.507] [info] 10932/11165
[2026-09-11 22:28:05.508] [info] 10933/11165
[2026-09-11 22:28:05.508] [info] 10934/11165
[2026-09-11 22:28:05.508] [info] 10935/11165
[2026-09-11 22:28:05.509] [info] 10936/11165
[2026-09-11 22:28:05.509] [info] 10937/11165
[2026-09-11 22:28:05.509] [info] 10938/11165
[2026-09-11 22:28:05.510] [info] 10939/11165
[2026-09-11 22:28:05.510] [info] 10940/11165
[2026-09-11 22:28:05.511] [info] 10941/11165
[2026-09-11 22:28:05.511] [info] 10942/11165
[2026-09-11 22:28:05.511] [info] 10943/11165
[2026-09-11 22:28:05.512] [info] 10944/11165
[2026-09-11 22:28:05.512] [info] 10945/11165
[2026-09-11 22:28:05.512] [info] 10946/11165
[2026-09-11 22:28:05.513] [info] 10947/11165
[2026-09-11 22:28:05.513] [info] 10948/11165
[2026-09-11 22:28:05.513] [info] 10949/11165
[2026-09-11 22:28:05.514] [info] 10950/11165
[2026-09-11 22:28:05.514] [info] 10951/11165
[2026-09-11 22:28:05.515] [info] 10952/11165
[2026-09-11 22:28:05.515] [info] 10953/11165
[2026-09-11 22:28:05.515] [info] 10954/11165
[2026-09-11 22:28:05.516] [info] 10955/11165
[2026-09-11 22:28:05.516] [info] 10956/11165
[2026-09-11 22:28:05.516] [info] 10957/11165
[2026-09-11 22:28:05.517] [info] 10958/11165
[2026-09-11 22:28:05.517] [info] 10959/11165
[2026-09-11 22:28:05.517] [info] 10960/11165
[2026-09-11 22:28:05.518] [info] 10961/11165
[2026-09-11 22:28:05.518] [info] 10962/11165
[2026-09-11 22:28:05.519] [info] 10963/11165
[2026-09-11 22:28:05.519] [info] 10964/11165
[2026-09-11 22:28:05.519] [info] 10965/11165
[2026-09-11 22:28:05.520] [info] 10966/11165
[2026-09-11 22:28:05.520] [info] 10967/11165
[2026-09-11 22:28:05.520] [info] 10968/11165
[2026-09-11 22:28:05.521] [info] 10969/11165
[2026-09-11 22:28:05.521] [info] 10970/11165
[2026-09-11 22:28:05.522] [info] 10971/11165
[2026-09-11 22:28:05.522] [info] 10972/11165
[2026-09-11 22:28:05.522] [info] 10973/11165
[2026-09-11 22:28:05.523] [info] 10974/11165
[2026-09-11 22:28:05.523] [info] 10975/11165
[2026-09-11 22:28:05.523] [info] 10976/11165
[2026-09-11 22:28:05.524] [info] 10977/11165
[2026-09-11 22:28:05.524] [info] 10978/11165
[2026-09-11 22:28:05.524] [info] 10979/11165
[2026-09-11 22:28:05.525] [info] 10980/11165
[2026-09-11 22:28:05.525] [info] 10981/11165
[2026-09-11 22:28:05.526] [info] 10982/11165
[2026-09-11 22:28:05.526] [info] 10983/11165
[2026-09-11 22:28:05.526] [info] 10984/11165
[2026-09-11 22:28:05.527] [info] 10985/11165
[2026-09-11 22:28:05.527] [info] 10986/11165
[2026-09-11 22:28:05.527] [info] 10987/11165
[2026-09-11 22:28:05.528] [info] 10988/11165
[2026-09-11 22:28:05.528] [info] 10989/11165
[2026-09-11 22:28:05.528] [info] 10990/11165
[2026-09-11 22:28:05.529] [info] 10991/11165
[2026-09-11 22:28:05.529] [info] 10992/11165
[2026-09-11 22:28:05.529] [info] 10993/11165
[2026-09-11 22:28:05.530] [info] 10994/11165
[2026-09-11 22:28:05.530] [info] 10995/11165
[2026-09-11 22:28:05.530] [info] 10996/11165
[2026-09-11 22:28:05.531] [info] 10997/11165
[2026-09-11 22:28:05.531] [info] 10998/11165
[2026-09-11 22:28:05.532] [info] 10999/11165
[2026-09-11 22:28:05.532] [info] 11000/11165
[2026-09-11 22:28:05.532] [info] 11001/11165
[2026-09-11 22:28:05.533] [info] 11002/11165
[2026-09-11 22:28:05.533] [info] 11003/11165
[2026-09-11 22:28:05.533] [info] 11004/11165
[2026-09-11 22:28:05.534] [info] 11005/11165
[2026-09-11 22:28:05.534] [info] 11006/11165
[2026-09-11 22:28:05.534] [info] 11007/11165
[2026-09-11 22:28:05.535] [info] 11008/11165
[2026-09-11 22:28:05.535] [info] 11009/11165
[2026-09-11 22:28:05.536] [info] 11010/11165
[2026-09-11 22:28:05.536] [info] 11011/11165
[2026-09-11 22:28:05.536] [info] 11012/11165
[2026-09-11 22:28:05.537] [info] 11013/11165
[2026-09-11 22:28:05.537] [info] 11014/11165
[2026-09-11 22:28:05.537] [info] 11015/11165
[2026-09-11 22:28:05.538] [info] 11016/11165
[2026-09-11 22:28:05.538] [info] 11017/11165
[2026-09-11 22:28:05.538] [info] 11018/11165
[2026-09-11 22:28:05.539] [info] 11019/11165
[2026-09-11 22:28:05.539] [info] 11020/11165
[2026-09-11 22:28:05.539] [info] 11021/11165
[2026-09-11 22:28:05.540] [info] 11022/11165
[2026-09-11 22:28:05.540] [info] 11023/11165
[2026-09-11 22:28:05.540] [info] 11024/11165
[2026-09-11 22:28:05.541] [info] 11025/11165
[2026-09-11 22:28:05.541] [info] 11026/11165
[2026-09-11 22:28:05.542] [info] 11027/11165
[2026-09-11 22:28:05.542] [info] 11028/11165
[2026-09-11 22:28:05.542] [info] 11029/11165
[2026-09-11 22:28:05.543] [info] 11030/11165
[2026-09-11 22:28:05.543] [info] 11031/11165
[2026-09-11 22:28:05.543] [info] 11032/11165
[2026-09-11 22:28:05.544] [info] 11033/11165
[2026-09-11 22:28:05.544] [info] 11034/11165
[2026-09-11 22:28:05.544] [info] 11035/11165
[2026-09-11 22:28:05.545] [info] 11036/11165
[2026-09-11 22:28:05.545] [info] 11037/11165
[2026-09-11 22:28:05.545] [info] 11038/11165
[2026-09-11 22:28:05.546] [info] 11039/11165
[2026-09-11 22:28:05.546] [info] 11040/11165
[2026-09-11 22:28:05.546] [info] 11041/11165
[2026-09-11 22:28:05.547] [info] 11042/11165
[2026-09-11 22:28:05.547] [info] 11043/11165
[2026-09-11 22:28:05.548] [info] 11044/11165
[2026-09-11 22:28:05.548] [info] 11045/11165
[2026-09-11 22:28:05.548] [info] 11046/11165
[2026-09-11 22:28:05.549] [info] 11047/11165
[2026-09-11 22:28:05.549] [info] 11048/11165
[2026-09-11 22:28:05.549] [info] 11049/11165
[2026-09-11 22:28:05.550] [info] 11050/11165
[2026-09-11 22:28:05.550] [info] 11051/11165
[2026-09-11 22:28:05.550] [info] 11052/11165
[2026-09-11 22:28:05.551] [info] 11053/11165
[2026-09-11 22:28:05.551] [info] 11054/11165
[2026-09-11 22:28:05.551] [info] 11055/11165
[2026-09-11 22:28:05.552] [info] 11056/11165
[2026-09-11 22:28:05.552] [info] 11057/11165
[2026-09-11 22:28:05.552] [info] 11058/11165
[2026-09-11 22:28:05.553] [info] 11059/11165
[2026-09-11 22:28:05.553] [info] 11060/11165
[2026-09-11 22:28:05.553] [info] 11061/11165
[2026-09-11 22:28:05.554] [info] 11062/11165
[2026-09-11 22:28:05.554] [info] 11063/11165
[2026-09-11 22:28:05.554] [info] 11064/11165
[2026-09-11 22:28:05.555] [info] 11065/11165
[2026-09-11 22:28:05.555] [info] 11066/11165
[2026-09-11 22:28:05.555] [info] 11067/11165
[2026-09-11 22:28:05.556] [info] 11068/11165
[2026-09-11 22:28:05.556] [info] 11069/11165
[2026-09-11 22:28:05.556] [info] 11070/11165
[2026-09-11 22:28:05.557] [info] 11071/11165
[2026-09-11 22:28:05.557] [info] 11072/11165
[2026-09-11 22:28:05.558] [info] 11073/11165
[2026-09-11 22:28:05.558] [info] 11074/11165
[2026-09-11 22:28:05.558] [info] 11075/11165
[2026-09-11 22:28:05.559] [info] 11076/11165
[2026-09-11 22:28:05.559] [info] 11077/11165
[2026-09-11 22:28:05.559] [info] 11078/11165
[2026-09-11 22:28:05.560] [info] 11079/11165
[2026-09-11 22:28:05.560] [info] 11080/11165
[2026-09-11 22:28:05.560] [info] 11081/11165
[2026-09-11 22:28:05.561] [info] 11082/11165
[2026-09-11 22:28:05.561] [info] 11083/11165
[2026-09-11 22:28:05.561] [info] 11084/11165
[2026-09-11 22:28:05.562] [info] 11085/11165
[2026-09-11 22:28:05.562] [info] 11086/11165
[2026-09-11 22:28:05.562] [info] 11087/11165
[2026-09-11 22:28:05.563] [info] 11088/11165
[2026-09-11 22:28:05.563] [info] 11089/11165
[2026-09-11 22:28:05.563] [info] 11090/11165
[2026-09-11 22:28:05.564] [info] 11091/11165
[2026-09-11 22:28:05.564] [info] 11092/11165
[2026-09-11 22:28:05.564] [info] 11093/11165
[2026-09-11 22:28:05.565] [info] 11094/11165
[2026-09-11 22:28:05.565] [info] 11095/11165
[2026-09-11 22:28:05.565] [info] 11096/11165
[2026-09-11 22:28:05.566] [info] 11097/11165
[2026-09-11 22:28:05.566] [info] 11098/11165
[2026-09-11 22:28:05.566] [info] 11099/11165
[2026-09-11 22:28:05.567] [info] 11100/11165
[2026-09-11 22:28:05.567] [info] 11101/11165
[2026-09-11 22:28:05.567] [info] 11102/11165
[2026-09-11 22:28:05.568] [info] 11103/11165
[2026-09-11 22:28:05.568] [info] 11104/11165
[2026-09-11 22:28:05.568] [info] 11105/11165
[2026-09-11 22:28:05.569] [info] 11106/11165
[2026-09-11 22:28:05.569] [info] 11107/11165
[2026-09-11 22:28:05.570] [info] 11108/11165
[2026-09-11 22:28:05.570] [info] 11109/11165
[2026-09-11 22:28:05.570] [info] 11110/11165
[2026-09-11 22:28:05.571] [info] 11111/11165
[2026-09-11 22:28:05.571] [info] 11112/11165
[2026-09-11 22:28:05.571] [info] 11113/11165
[2026-09-11 22:28:05.572] [info] 11114/11165
[2026-09-11 22:28:05.572] [info] 11115/11165
[2026-09-11 22:28:05.572] [info] 11116/11165
[2026-09-11 22:28:05.573] [info] 11117/11165
[2026-09-11 22:28:05.573] [info] 11118/11165
[2026-09-11 22:28:05.573] [info] 11119/11165
[2026-09-11 22:28:05.574] [info] 11120/11165
[2026-09-11 22:28:05.574] [info] 11121/11165
[2026-09-11 22:28:05.574] [info] 11122/11165
[2026-09-11 22:28:05.575] [info] 11123/11165
[2026-09-11 22:28:05.575] [info] 11124/11165
[2026-09-11 22:28:05.575] [info] 11125/11165
[2026-09-11 22:28:05.576] [info] 11126/11165
[2026-09-11 22:28:05.576] [info] 11127/11165
[2026-09-11 22:28:05.576] [info] 11128/11165
[2026-09-11 22:28:05.577] [info] 11129/11165
[2026-09-11 22:28:05.577] [info] 11130/11165
[2026-09-11 22:28:05.577] [info] 11131/11165
[2026-09-11 22:28:05.578] [info] 11132/11165
[2026-09-11 22:28:05.578] [info] 11133/11165
[2026-09-11 22:28:05.578] [info] 11134/11165
[2026-09-11 22:28:05.579] [info] 11135/11165
[2026-09-11 22:28:05.579] [info] 11136/11165
[2026-09-11 22:28:05.579] [info] 11137/11165
[2026-09-11 22:28:05.580] [info] 11138/11165
[2026-09-11 22:28:05.580] [info] 11139/11165
[2026-09-11 22:28:05.580] [info] 11140/11165
[2026-09-11 22:28:05.581] [info] 11141/11165
[2026-09-11 22:28:05.581] [info] 11142/11165
[2026-09-11 22:28:05.581] [info] 11143/11165
[2026-09-11 22:28:05.582] [info] 11144/11165
[2026-09-11 22:28:05.582] [info] 11145/11165
[2026-09-11 22:28:05.582] [info] 11146/11165
[2026-09-11 22:28:05.583] [info] 11147/11165
[2026-09-11 22:28:05.583] [info] 11148/11165
[2026-09-11 22:28:05.583] [info] 11149/11165
[2026-09-11 22:28:05.584] [info] 11150/11165
[2026-09-11 22:28:05.584] [info] 11151/11165
[2026-09-11 22:28:05.584] [info] 11152/11165
[2026-09-11 22:28:05.585] [info] 11153/11165
[2026-09-11 22:28:05.585] [info] 11154/11165
[2026-09-11 22:28:05.585] [info] 11155/11165
[2026-09-11 22:28:05.586] [info] 11156/11165
[2026-09-11 22:28:05.586] [info] 11157/11165
[2026-09-11 22:28:05.586] [info] 11158/11165
[2026-09-11 22:28:05.586] [info] 11159/11165
[2026-09-11 22:28:05.587] [info] 11160/11165
[2026-09-11 22:28:05.587] [info] 11161/11165
[2026-09-11 22:28:05.587] [info] 11162/11165
[2026-09-11 22:28:05.588] [info] 11163/11165
[2026-09-11 22:28:05.588] [info] 11164/11165
[2026-09-11 22:28:05.590] [info] Generated 5439 wheels.
