66430
1211111111223
1211111111333
1211111111311
1211111113221
1211111113122
1211111112213
1211111112321
1211111112132
1211111123121
1211111123323
1211111123222
1211111123211
1211111122113
1211111122322
1211111121213
1211111121231
1211111121312
1211111132323
1211111132222
1211111132233
1211111133113
1211111133131
1211111133223
1211111133322
1211111133333
1211111133311
1211111131221
1211111131133
1211111131111
1211111331131
1211111331322
1211111333212
1211111333221
1211111332213
1211111332231
1211111332123
1211111321112
1211111321121
1211111321332
1211111321233
1211111321211
1211111322313
1211111322212
1211111322122
1211111322133
1211111323213
1211111323321
1211111312121
1211111312332
1211111312323
1211111312211
1211111313113
1211111313223
1211111313311
1211111311313
1211111311133
1211111311111
1211111221113
1211111221232
1211111221223
1211111223313
1211111223331
1211111223221
1211111222231
1211111222321
1211111222132
1211111231112
1211111231121
1211111231323
1211111231233
1211111232313
1211111232122
1211111232111
1211111233231
1211111233123
1211111213233
1211111213211
1211111212113
1211111212322
1211111211312
1211111211321
1211111211132
1211111211123
1211112311112
1211112311121
1211112311332
1211112311233
1211112312313
1211112312221
1211112312111
1211112313231
1211112333112
1211112333222
1211112333233
1211112333211
1211112332113
1211112332131
1211112332223
1211112331213
1211112331231
1211112322121
1211112322233
1211112321212
1211112321122
1211112211131
1211112211232
1211112211311
1211112213331
1211112213212
1211112213133
1211112213111
1211112212321
1211112212123
1211112223112
1211112223121
1211112223233
1211112223211
1211112222113
1211112222333
1211112221231
1211112221312
1211112232332
1211112232323
1211112232233
1211112232211
1211112233113
1211112233223
1211112233322
1211111211213
1211112231313
1211112231212
1211112231111
1211112121113
1211112121232
1211112121223
1211112121322
1211112123212
1211112123221
1211112123122
1211112122231
1211112122321
1211112122132
1211112122123
1211112131112
1211112131121
1211112131332
1211112131323
1211112131233
1211112132331
1211112132122
1211112132133
1211112133321
1211112133123
1211112113112
1211112113121
1211112113211
1211112112131
1211112112232
1211112112322
1211112112333
1211112111213
1211112111132
1211113211121
1211113211332
1211113211222
1211113211233
1211113212212
1211113212133
1211113212111
1211113213231
1211113213123
1211113233112
1211113233121
1211113233323
1211113233211
1211113232223
1211113232322
1211113232311
1211113231132
1211113222233
1211113223131
1211113223232
1211113223322
1211113221313
1211113221212
1211113221221
1211113221122
1211113221111
1211113311232
1211113313212
1211113313221
1211113313111
1211113312213
1211113312231
1211113312321
1211113312132
1211113323112
1211113323332
1211113323222
1211113323233
1211113323211
1211113322113
1211113322232
1211113322223
1211113322322
1211113322311
1211113321231
1211113332121
1211113332323
1211113333223
1211113333311
1211113331313
1211113331212
1211113331122
1211113331133
1211113131113
1211113131131
1211113131223
1211113133212
1211113133221
1211113133122
1211113133133
1211113133111
1211113132231
1211113132312
1211113132321
1211113132123
1211111122311
1211113121112
1211113121332
1211113121211
1211113122313
1211113122212
1211113122221
1211113123132
1211113123123
1211113112332
1211113112323
1211113112222
1211113112211
1211113113232
1211113113311
1211113111313
1211113111122
1211133111322
1211133113331
1211133113221
1211133113122
1211133113111
1211133123323
1211133123222
1211133122113
1211133122232
1211133122223
1211133122322
1211133122333
1211133121231
1211133121312
1211133132121
1211133132332
1211133132323
1211133133131
1211133133232
1211133133322
1211133131313
1211133331113
1211133331131
1211133331232
1211133331333
1211133333313
1211133333331
1211133333221
1211133333111
1211133332231
1211133332312
1211133332132
1211133332123
1211133321233
1211133322212
1211133322122
1211133322133
1211133323213
1211133323132
1211133312323
1211133312222
1211133312233
1211133312211
1211133313113
1211133313223
1211133313333
1211133313311
1211133311313
1211133311331
1211133311212
1211133311111
1211133221232
1211133221223
1211133221322
1211133221333
1211133223331
1211133223212
1211133222312
1211133231112
1211133231121
1211133232331
1211133232212
1211133232111
1211133233213
1211133233231
1211133233123
1211133213121
1211133213222
1211133213211
1211133212113
1211133212232
1211133212333
1211133211312
1211133211321
1211133211132
1211133211123
1211132111112
1211132111121
1211132111332
1211132111323
1211132111211
1211132112331
1211132113312
1211132113132
1211132113123
1211132133112
1211132133121
1211132133323
1211132133222
1211132133233
1211132133211
1211132132113
1211132132131
1211132132223
1211132132322
1211132132333
1211132131213
1211132131321
1211132122121
1211132122323
1211132122233
1211132123322
1211132121313
1211132121221
1211132121111
1211132231131
1211132231322
1211132231333
1211132231311
1211132233313
1211132233331
1211132233221
1211132233133
1211132232213
1211132221112
1211132221211
1211132222313
1211132222212
1211132222221
1211132222133
1211132223213
1211132223231
1211132223123
1211132212112
1211132212332
1211132213113
1211132213322
1211132213333
1211132211331
1211132211133
1211132211111
1211132321113
1211132321131
1211132321232
1211132321322
1211132321333
1211132321311
1211132323331
1211132323122
1211132322231
1211132322312
1211132331121
1211132331332
1211132331211
1211132332331
1211132332111
1211132333132
1211132333123
1211132313112
1211132313121
1211132313222
1211132313233
1211132313211
1211132312113
1211132312131
1211132312223
1211132312333
1211132311312
1211132311132
1211131211112
1211131211121
1211131211211
1211131212122
1211131213213
1211131233112
1211131233121
1211131233332
1211131232232
1211131232322
1211131232333
1211131232311
1211131231213
1211131231312
1211131231132
1211131222323
1211131223113
1211131223322
1211131223333
1211131221331
1211131221212
1211131221221
1211131221133
1211131221111
1211131311131
1211131311232
1211131311223
1211131311322
1211131311311
1211131313122
1211131313133
1211131312231
1211131312312
1211131312123
1211131323121
1211131323332
1211131322131
1211131322232
1211131322223
1211131322322
1211131321213
1211131321231
1211131321321
1211131321132
1211131321123
1211131332112
1211131332121
1211131332332
1211131332323
1211131332233
1211131333232
1211131333223
1211131333322
1211131333311
1211131331221
1211131331122
1211131331111
1211131131232
1211131131333
1211131131311
1211131133313
1211131133331
1211131133212
1211131132231
1211131132321
1211131132132
1211131132123
1211131121323
1211131121222
1211131121233
1211131121211
1211131122313
1211131122221
1211131122133
1211131123231
1211131123132
1211131123123
1211131112323
1211131112222
1211131113131
1211131113232
1211131113223
1211131113322
1211131113333
1211131111313
1211131111122
1211131111133
1211131111111
1211122111113
1211122111131
1211122111232
1211122111223
1211122111333
1211122113331
1211122113122
1211122113111
1211122112213
1211122112312
1211122112132
1211122123112
1211122123323
1211122123222
1211122123211
1211122122113
1211122122223
1211122122311
1211122121213
1211122132121
1211122133113
1211122133232
1211122133223
1211122131331
1211122131212
1211122331113
1211122331232
1211122333331
1211122333212
1211122333133
1211122333111
1211122332231
1211122332321
1211122321121
1211122321323
1211122321233
1211122321211
1211122322212
1211122322122
1211122322133
1211122323213
1211122312121
1211122313232
1211122311313
1211122311221
1211122311111
1211122221131
1211122221232
1211122221322
1211122223313
1211122223331
1211122223212
1211122223133
1211122223111
1211122222231
1211122222321
1211122222132
1211122222123
1211122231121
1211122231332
1211122231222
1211122231233
1211122232212
1211122232122
1211122232111
1211122233213
1211122233231
1211122233312
1211122233132
1211122213112
1211122213222
1211122212131
1211122212333
1211122212311
1211122211231
1211122211312
1211122211123
1211123111222
1211123111233
1211123112331
1211123112212
1211123112221
1211123112133
1211123112111
1211123113123
1211123133121
1211123133222
1211123132232
1211123132223
1211123132322
1211123132333
1211123131231
1211123131321
1211123131132
1211123122332
1211123122323
1211123122211
1211113112112
1211123123131
1211123123322
1211123123311
1211123121313
1211123121212
1211123121221
1211123121133
1211123231131
1211123231232
1211123231311
1211123233313
1211123233122
1211123233111
1211123232213
1211123232231
1211123232312
1211123232123
1211123221121
1211123221332
1211123221233
1211123222313
1211123222221
1211123222122
1211123223213
1211123223312
1211123223132
1211123212121
1211123212332
1211123212233
1211123213113
1211123213131
1211123213311
1211123211212
1211123321322
1211123323313
1211123323331
1211123323212
1211123323111
1211123322213
1211123322312
1211123322321
1211123331112
1211123331332
1211123331211
1211123332313
1211123332122
1211123332133
1211123332111
1211123333312
1211123313112
1211123313323
1211123313211
1211123312333
1211123312311
1211123311213
1211123311231
1211123311312
1211123311132
1211123311123
1211121311323
1211121312313
1211121312221
1211121312122
1211121312133
1211121312111
1211121313213
1211121313312
1211121313321
1211121313132
1211121333112
1211121333121
1211121333323
1211121333222
1211121333211
1211121332131
1211121332232
1211112111231
1211121332223
1211121332322
1211121332311
1211121331231
1211121331321
1211121331123
1211121322121
1211121322323
1211121322222
1211121323311
1211121321313
1211121321221
1211121321122
1211121211223
1211121211322
1211121213221
1211121213122
1211121213133
1211121213111
1211121212321
1211121223121
1211121223211
1211121222131
1211121222232
1211121222322
1211121222333
1211121221312
1211121221321
1211121221132
1211121221123
1211121232112
1211121232121
1211121232233
1211121233113
1211121233131
1211121233333
1211121231331
1211121231221
1211121231133
1211121231111
1211121121113
1211121121232
1211121121322
1211121121311
1211121123313
1211121123212
1211121123221
1211121123122
1211121123111
1211121122213
1211121122231
1211121122312
1211121122321
1211121122123
1211121131112
1211121131323
1211121131222
1211121131233
1211121132313
1211121132212
1211121132122
1211121133213
1211121133123
1211121113222
1211121112131
1211121112223
1211121112333
1211121111231
1211121111132
1211121111123
1211231111112
1211231111323
1211231111222
1211231111211
1211231112212
1211231113213
1211231113231
1211231113312
1211231133112
1211231133121
1211111221322
1211231133332
1211231133323
1211231133222
1211231133211
1211231132131
1211231132232
1211231132223
1211231132333
1211231132311
1211231131213
1211231131231
1211231131312
1211231131321
1211131313212
1211231131132
1211231122112
1211231122222
1211112233311
1211231122233
1211231122211
1211231123131
1211231123232
1211231123223
1211231121122
1211231121133
1211231231131
1211231231322
1211231233111
1211231232213
1211231232312
1211231232321
1211231232132
1211231221121
1211231221233
1211231222212
1211231222133
1211231223312
1211231223321
1211231223132
1211231212112
1211231212332
1211231212323
1211231212222
1211231213113
1211231213131
1211231213322
1211231211331
1211231211212
1211231211221
1211231211133
1211231211111
1211231321232
1211231321322
1211231321311
1211231323313
1211231323212
1211231323221
1211231323133
1211231322321
1211231322123
1211231331112
1211112311222
1211231331121
1211231331332
1211122121312
1211231331323
1211231331211
1211231332313
1211231332331
1211231332212
1211231332221
1211231332133
1211231332111
1211231333231
1211231333321
1211231333132
1211231333123
1211231313121
1211231313332
1211231313323
1211231313222
1211231313233
1211231313211
1211231312113
1211231312131
1211231312232
1211231312223
1211231311213
1211231311321
1211233311121
1211233311323
1211233311222
1211233312212
1211233312133
1211233312111
1211233313213
1211233313312
1211233313123
1211233333121
1211233333332
1211233333323
1211233333222
1211233333233
1211233332113
1211233332131
1211233332232
1211233331213
1211233331321
1211233331132
1211233322112
1211233322323
1211233322233
1211233322211
1211233323232
1211233323223
1211233323322
1211233323311
1211233321331
1211233321221
1211233321133
1211233321111
1211233211232
1211233213221
1211233213133
1211233212213
1211233212312
1211233212123
1211233223323
1211233223211
1211233222131
1211233222223
1211233222322
1211233221231
1211233221312
1211233221321
1211233221123
1211233232112
1211233232121
1211233232332
1211233232323
1211233232233
1211233231331
1211233231221
1211233231122
1211233121113
1211233121232
1211233121333
1211233121311
1211233123313
1211233123331
1211233123212
1211233123221
1211233123122
1211233123111
1211233122312
1211233122321
1211233122123
1211233131112
1211233131121
1211233131332
1211233131222
1211233132313
1211233132331
1211233132212
1211233132122
1211233132111
1211233133213
1211233133231
1211233133312
1211233133321
1211233133123
1211233113121
1211233113323
1211233113233
1211233113211
1211233112113
1211233112131
1211233112232
1211233112223
1211233112333
1211233112311
1211233111213
1211233111231
1211233111321
1211233111132
1211113133313
1211232211121
1211232211332
1211232211222
1211232212313
1211232212212
1211232212221
1211232212122
1211232212133
1211232212111
1211232213213
1211232213312
1211232213132
1211232233112
1211232233121
1211232233332
1211232233233
1211232233211
1211232232232
1211232232223
1211232232333
1211232231231
1211131233222
1211232231321
1211232231132
1211232222222
1211232223113
1211232223131
1211232223232
1211232223223
1211232223322
1211232223333
1211232223311
1211232221313
1211232221212
1211232221221
1211232221122
1211232221133
1211232311223
1211232311322
1211232313313
1211232313331
1211121123133
1211232313122
1211232312213
1211232312231
1211232312321
1211232312123
1211232323112
1211232323323
1211232323233
1211232322113
1211232321213
1211232321231
1211232321312
1211232321321
1211232332112
1211232332323
1211232332211
1211232333113
1211232333232
1211232333223
1211232333322
1211232333333
1211232331313
1211232331212
1211232131113
1211232131232
1211232131223
1211232131333
1211232131311
1211232133313
1211232133212
1211232133221
1211232133122
1211233223222
1211232133133
1211232132213
1211232132321
1211232132132
1211232132123
1211232121121
1211232121332
1211232121323
1211232121233
1211232122122
1211232122133
1211232123213
1211232123123
1211232112112
1211232112121
1211232112332
1211232112323
1211232112222
1211232112233
1211232113113
1211232113131
1211232113223
1211232113322
1211232111313
1211232111212
1211232111221
1211232111122
1211232111133
1211221111113
1211221111131
1211221111232
1211221111223
1211221111322
1211221111333
1211221111311
1211221113331
1211221113122
1211221113133
1211221112231
1211221112312
1211221112132
1211221112123
1211221123112
1211221123121
1211221123323
1211221123233
1211221122113
1211221122131
1211221122232
1211221121231
1211221121312
1211221121123
1211221132112
1211221132323
1211221132233
1211221132211
1211221133113
1211221133232
1211221133223
1211221131331
1211221131212
1211221131122
1211221131111
1211221331113
1211221331131
1211221331322
1211221331333
1211221331311
1211121322112
1211221333313
1211221333212
1211221333221
1211221333111
1211221332213
1211221332231
1211221332312
1211221332321
1211221321121
1211221321323
1211221322313
1211221322212
1211221322122
1211221323312
1211221312112
1211221312121
1211221312332
1211221312323
1211221312211
1211221313232
1211221313223
1211221313322
1211221313311
1211133332213
1211221311212
1211221311133
1211121131121
1211221311111
1211221221113
1211113133331
1211221221131
1211221221223
1211221221333
1211221223331
1211221223212
1211221223221
1211221223133
1211221222312
1211221222132
1211221231211
1211221232331
1211221232122
1211221232133
1211221233312
1211221233321
1211221233132
1211221233123
1211221213112
1211221213121
1211221213332
1211221213222
1211221213233
1211221212131
1211221212223
1211221212333
1211221212311
1211221211312
1211221211132
1211222311121
1211222311323
1211222311233
1211222312313
1211222312331
1211222312212
1211222312122
1211222312133
1211132132232
1211222312111
1211222313312
1211222313132
1211222333121
1211222333323
1211222333233
1211222332131
1211222332223
1211222332322
1211222332333
1211222332311
1211222331132
1211222322332
1211222322323
1211222322222
1211222323131
1211222321313
1211222321331
1211222321212
1211222321111
1211222211333
1211222211311
1211222213313
1211222213212
1211222213221
1211222333222
1211222213111
1211222212213
1211222212231
1211222212312
1211222212132
1211222212123
1211222223121
1211222223323
1211222223222
1211222222131
1211222222223
1211222222311
1211222221213
1211222221231
1211222232121
1211222232222
1211222233232
1211222231221
1211222231133
1211222121131
1211222121232
1211222123221
1211222123133
1211222123111
1211222122231
1211222122321
1211222122123
1211222131121
1211222131222
1211222131233
1211222132313
1211222132331
1211222132122
1211222132133
1211222133213
1211222113112
1211222113121
1211112233333
1211222113323
1211222113233
1211222112232
1211222112333
1211222111213
1211222111231
1211223211332
1211223211233
1211223212313
1211223212331
1211223212212
1211223212133
1211223212111
1211223213213
1211223213231
1211223233323
1211223233222
1211223233233
1211223233211
1211223232131
1211223232223
1211223232322
1211223231213
1211223231312
1211223231123
1211223222323
1211223222211
1211223223113
1211223223232
1211223223322
1211223223333
1211223221212
1211223221221
1211133131122
1211223221133
1211223311333
1211223311311
1211223313331
1211223313111
1211223312213
1211223312312
1211223312321
1211223312123
1211223323211
1211223322223
1211223322322
1211231232123
1211223321213
1211223321231
1211223321312
1211223321132
1211223332112
1211223332121
1211223332323
1211223332222
1211223332233
1211223333333
1211223333311
1211223331212
1211223331133
1211223131113
1211223131131
1211223131232
1211223131223
1211223131322
1211223131333
1211223133212
1211223133122
1211223133133
1211223132213
1211223132312
1211223132132
1211223121121
1211223121222
1211223121233
1211112312212
1211223121211
1211223122331
1211223122221
1211223123213
1211223123231
1211223123132
1211223112121
1211223112332
1211223113113
1211223113131
1211223113333
1211223113311
1211223111331
1211223111212
1211223111221
1211223111133
1211223111111
1211212111113
1211212111232
1211212111223
1211212113313
1211212113331
1211212113122
1211212113111
1211212112213
1211212112231
1211212112312
1211212112132
1211212123332
1211212123222
1211212123211
1211212122131
1211212122223
1211212122333
1211212121312
1211212121123
1211122313131
1211212132112
1211212132222
1211212133113
1211212133223
1211212133333
1211212131313
1211212131331
1211212131122
1211212131111
1211212331232
1211212331322
1211212333331
1211212333221
1211212333111
1211212332213
1211212332231
1211212332312
1211212332321
1211212332132
1211212321121
1211231221332
1211212321323
1211212321233
1211212321211
1211212322313
1211212322212
1211212322111
1211212323312
1211212323321
1211212312112
1211212312121
1211212312332
1211212312233
1211212313322
1211212311331
1211212311212
1211212311221
1211212221113
1211212221223
1211212221322
1211212223313
1211212223221
1211212223133
1211212222231
1211212222132
1211212222123
1211212231121
1211212231323
1211212231222
1211212231211
1211212232313
1211212232221
1211212232111
1211212233321
1211212233123
1211212213332
1211212213323
1211212213233
1211212213211
1211212212223
1211212211231
1211212211321
1211212211132
1211212211123
1211213111112
1211213111332
1211213111222
1211213111211
1211213112122
1211213112133
1211213112111
1211213133112
1211213133332
1211213133233
1211213132113
1211213132322
1211213132311
1211213122112
1211213122332
1211213122233
1211213122211
1211213123232
1211213123311
1211213121212
1211213121111
1211213231232
1211213231322
1211213231333
1211213233331
1211213233212
1211213233221
1211213233133
1211213233111
1211213232213
1211213232321
1211213232132
1211213221112
1211213221121
1211213221332
1211213221233
1211213221211
1211213222313
1211213222111
1211213223213
1211213223312
1211121331312
1211213223321
1211213223132
1211213223123
1211213212112
1211213212121
1211213212323
1211213212233
1211213213131
1211213211313
1211213211331
1211213211212
1211221133131
1211213211133
1211213321232
1211213321333
1211131123312
1211213323212
1211213323221
1211213323122
1211213323133
1211213322321
1211213322132
1211213331112
1211213331323
1211213332212
1211213332122
1211213332111
1211213333231
1211213333312
1211213333123
1211213313121
1211213313332
1211213313323
1211213313233
1211213313211
1211213312113
1211213312232
1211213312223
1211122132323
1211213312333
1211213312311
1211213311213
1211213311231
1211213311312
1211213311321
1211213311123
1211211311112
1211211311222
1211211311233
1211211311211
1211211312212
1211211312221
1211211313213
1211211313231
1211212322331
1211211313312
1211211313321
1211211313123
1211211333112
1211211333332
1211211333323
1211211333233
1211211332113
1211211332232
1211211332223
1211211332333
1211211332311
1211211331213
1211211331312
1211211331123
1211211322112
1211211322332
1211211322323
1211211323113
1211211323131
1211211323223
1211211323333
1211211323311
1211211321313
1211211321212
1211211321221
1211211321111
1211211211131
1211211211322
1211211211333
1211211211311
1211211213331
1211211213212
1211211212132
1211211212123
1211211223323
1211211223233
1211211223211
1211211222113
1211211222131
1211211222322
1211211222311
1211211221213
1211211221231
1211211221312
1211211221321
1211211232233
1211211233232
1211211233223
1211211233333
1211211231133
1211231322312
1211211121131
1211211121232
1211211121223
1211211121322
1211211123212
1211211123221
1211211123122
1211211122132
1211211122123
1211211131112
1211211131332
1211211131323
1211211131222
1211211132221
1211211132122
1211211132133
1211211133213
1211211133231
1211211133312
1211211133123
1211211113332
1211211113323
1211211113222
1211211113233
1211211113211
1211211112131
1211211112223
1211211112322
1211211112311
1211211111213
1211211111132
1211211111123
1211321111112
1211321111332
1211321111222
1211321111233
1211321112313
1211321112331
1211321112133
1211321113231
1211321113312
1211321113132
1211321113123
1211321133112
1211321133121
1211321133222
1211321132232
1211321132223
1211321131213
1211321131321
1211321131132
1211131211332
1211321122112
1211321122222
1211321122233
1211321123113
1211321123131
1211222233322
1211321123232
1211321123223
1211321123322
1211321123311
1211321121212
1211321121221
1211321231223
1211321231333
1211321231311
1211321233313
1211321233212
1211321233221
1211321233122
1211321233133
1211321233111
1211321232213
1211321232312
1211321232123
1211321221112
1211321221121
1211321221332
1211321221323
1211321221222
1211321222313
1211321222331
1211321222212
1211321222133
1211321223231
1211321223312
1211321223321
1211321223132
1211321212112
1211321212211
1211321213113
1211321213131
1211321213232
1211321213223
1211321211313
1211321211331
1211321211212
1211321321113
1211321321232
1211321321223
1211321321322
1211321321311
1211321323313
1211321323331
1211321323212
1211321323221
1211321323111
1211321322123
1211321331332
1211321331222
1211321331233
1211321331211
1211321332221
1211321333231
1211321333312
1211321333321
1211321333123
1211321313112
1211321313121
1211321313323
1211321313222
1211321313233
1211321312232
1211321231322
1211321312223
1211321312311
1211321311213
1211321311231
1211321311123
1211323311112
1211323311121
1211323311323
1211323311222
1211323312221
1211323312133
1211323313231
1211323313321
1211323313132
1211323333112
1211323333121
1211323333332
1211323332232
1211323332333
1211323331213
1211211331321
1211323331312
1211211123111
1211323331132
1211323322332
1211323322222
1211323322233
1211233131233
1211323323131
1211212222321
1211323323223
1211323323322
1211323323311
1211323321313
1211323321122
1211323321133
1211323321111
1211323211131
1211323211322
1211323211333
1211323211311
1211323213331
1211323213221
1211323212231
1211323212312
1211323212321
1211323212132
1211323212123
1211321313211
1211323223332
1211323223323
1211323223222
1211323222131
1211323222322
1211323222333
1211323222311
1211323221213
1211323221231
1211323221123
1211323232121
1211323233322
1211323231313
1211323231212
1211323231221
1211323231133
1211323121232
1211123132113
1211323123133
1211323123111
1211323122231
1211323122132
1211323122123
1211323131323
1211323131222
1211323132313
1211323132122
1211323132133
1211323132111
1211323133321
1211323133123
1211222231331
1211323113112
1211323113332
1211323113323
1211323113222
1211133233312
1211323113233
1211323112232
1211323112311
1211232333311
1211323111213
1211323111231
1211323111312
1211323111321
1211322211332
1211322211211
1211322212313
1211322212212
1211322212221
1211322212133
1211322213213
1211322213312
1211322233332
1211322233323
1211322233211
1211322232131
1211131232113
1211322232223
1211322232322
1211322232333
1211322232311
1211322231213
1211322231123
1211322222121
1211322222323
1211322222211
1211322223131
1211322223311
1211322221313
1211122113212
1211322221331
1211322311131
1211322313122
1211322312213
1211322312321
1211322312132
1211322323211
1211322322131
1211322322232
1211322322223
1211322322322
1211322322333
1211322321231
1211322321321
1211322321132
1211322321123
1211322332112
1211211112333
1211322332233
1211322332211
1211322333113
1211322331313
1211322331122
1211322131113
1211322131311
1211322133313
1211322133122
1211322133133
1211322132213
1211322121112
1211322121121
1211322121332
1211322122221
1211322122122
1211322122133
1211322123231
1211322123123
1211322112112
1211322112222
1211322113131
1211322113232
1211322111331
1211322111122
1211322111133
1211322111111
1211331111113
1211331111232
1211331113331
1211331113212
1211331113221
1211331113133
1211331113111
1211331112321
1211331112132
1211331112123
1211331123233
1211331122131
1211331122232
1211331122223
1211331121213
1211331121321
1211331132112
1211331132121
1211331133223
1211331133322
1211331131313
1211331131331
1211331131221
1211331331131
1211331331322
1211331331311
1211331333331
1211331333212
1211331333133
1211331333111
1211331332321
1211331332132
1211331332123
1211331321332
1211331321233
1211331321211
1211331322111
1211331323231
1211331323321
1211331323132
1211331312332
1211212212232
1211331312233
1211331312211
1211331313131
1211331313223
1211331313322
1211331311313
1211331311122
1211331311133
1211331311111
1211331221113
1211331221322
1211331221333
1211132213311
1211331221311
1211331223331
1211331223212
1211331223221
1211331222213
1211331231112
1211331231121
1211331231233
1211331231211
1211221312233
1211331232221
1211331233231
1211331233312
1211331233321
1211331233132
1211331213112
1211331213323
1211331213222
1211331212113
1211331212131
1211331212223
1211331212322
1211331212311
1211331211312
1211331211132
1211332311112
1211332311332
1211332311233
1211332312331
1211332312212
1211123113312
1211332312221
1211332312111
1211332313231
1211332313321
1211332333121
1211332333332
1211332333233
1211332332113
1211232121222
1211332332333
1211332332311
1211332331231
1211332331312
1211332331321
1211332331132
1211332331123
1211332322121
1211332322332
1211332322211
1211332323311
1211332321212
1211332321221
1211332321122
1211332321133
1211332211113
1211332211131
1211332211232
1211332211311
1211332213331
1211332213212
1211332213122
1211332212231
1211332212132
1211332212123
1211332223112
1211332223121
1211332223332
1211332223323
1211332223222
1211332223233
1211332222113
1211332222311
1211332221132
1211332232121
1211332232233
1211332233113
1211332231331
1211332231111
1211332121232
1211332121333
1211332121311
1211332123331
1211332123221
1211332123111
1211332122213
1211332122312
1211332122321
1211332122132
1211332122123
1211332131112
1211332131121
1211332131222
1211332131211
1211332132313
1211332132212
1211332132221
1211332132122
1211332132111
1211332133213
1211332133231
1211332133132
1211332113112
1211332113121
1211332113332
1211332113222
1211332113211
1211332112113
1211332112131
1211332112232
1211332112223
1211332112311
1211322122331
1211332111213
1211332111231
1211332111312
1211332111321
1211332111123
1211333211112
1211333211323
1211333211222
1211333212122
1211333213213
1211333213312
1211333213321
1211333213123
1211333233121
1211333233332
1211333233323
1211231321131
1211333233222
1211333232113
1211333232131
1211333232232
1211333232322
1211333232311
1211333231213
1211333231312
1211333231321
1211333231132
1211333222211
1211333223113
1211333223131
1211333223322
1211333223333
1211333223311
1211333221313
1211333221212
1211333221133
1211333221111
1211333311113
1211333311131
1211333311223
1211333311322
1211333313313
1211333313331
1211333313212
1211333313221
1211333313111
1211333312213
1211333312312
1211333312132
1211333323332
1211333323222
1211333322131
1211333322223
1211333322311
1211333321231
1211333321123
1211333332112
1211333332332
1211333332211
1211333333113
1211333333232
1211333333322
1211333331313
1211333331111
1211333131131
1211333131232
1211333131322
1211333131311
1211333133313
1211333133212
1211333132213
1211333132231
1211222312221
1211333132321
1211333121332
1211333121323
1211111333313
1211333122313
1211333122221
1211333122122
1211333123213
1211333123231
1211333123312
1211333123321
1211333123123
1211333112112
1211333113113
1211333113322
1211132123333
1211333113311
1211333111111
1211313111131
1211313111223
1211313111322
1211313113313
1211313113221
1211313113122
1211313113133
1211313113111
1211313112213
1211313112231
1211313112132
1211313123121
1211313123323
1211313123222
1211313122113
1211313122131
1211313122223
1211212223212
1211313122322
1211313122333
1211333221221
1211313122311
1211313121213
1211313121231
1211313121312
1211313121132
1211313121123
1211313132121
1211313132332
1211313132323
1211313132222
1211313133113
1211313133131
1211313133232
1211313131313
1211313131212
1211313131221
1211313131111
1211313331232
1211313331322
1211313331333
1211313331311
1211313333212
1211313333122
1211313333111
1211313332213
1211313332231
1211123232132
1211313332312
1211313332321
1211313332123
1211313321112
1211313321323
1211313322331
1211321311321
1211313322122
1211313322111
1211313323321
1211313323132
1211313323123
1211313312323
1211313312211
1211313313113
1211313313223
1211313313322
1211313313333
1211313311313
1211133223133
1211313311212
1211313311221
1211313311111
1211313221131
1211313221232
1211111322221
1211313221223
1211313223313
1211313223221
1211313223122
1211313223133
1211313222213
1211313231121
1211313231211
1211313232212
1211313232221
1211313232133
1211313232111
1211313233213
1211313233231
1211313233132
1211313233123
1211313213112
1211313213323
1211313213222
1211313213233
1211313212232
1211313212223
1211313212322
1211313212333
1211313212311
1211313211231
1211122122131
1211313211312
1211313211132
1211132111233
1211312111222
1211312111233
1211312112313
1211312112212
1211312112122
1211312112133
1211312113231
1211312113321
1211312113123
1211312133112
1211312133332
1211312133323
1211312133211
1211312132113
1211312132322
1211312132311
1211312131213
1211312131321
1211312131132
1211312131123
1211312122112
1211312122332
1211232221331
1211312122323
1211312122233
1211312122211
1211312123223
1211312123322
1211312123311
1211312121313
1211312121221
1211312231131
1211312231232
1211312231322
1211312231311
1211312233313
1211312233331
1211312233133
1211213213333
1211312233111
1211312232312
1211312232321
1211312221112
1211123132131
1211312221121
1211312221332
1211312221323
1211312221222
1211222222113
1211312221233
1211312221211
1211212311313
1211312222221
1211312222122
1211312222133
1211312223312
1211312212121
1211312212332
1211312212233
1211312213113
1211312213232
1211312213322
1211312213333
1211312213311
1211312211331
1211312211221
1211312211133
1211312211111
1211312321113
1211312321131
1211312321333
1211333132123
1211312321311
1211312323331
1211312323221
1211312323133
1211312323111
1211312322213
1211212322122
1211312322123
1211312331121
1211312331332
1211312331222
1211312331211
1211312332221
1211312332122
1211312332133
1211312332111
1211312333231
1211312333312
1211312333132
1211312313121
1211312313332
1211312313323
1211312313222
1211312313233
1211312312131
1211312312232
1211312312322
1211312312333
1211312311231
1211312311312
1211312311123
1211131111331
1211311211121
1211311211332
1211311212111
1211311213213
1211311213231
1211311213312
1211113323121
1211311213321
1211311233332
1211311233323
1211311233233
1211311232113
1211311232232
1211311232223
1211311232311
1211311231231
1211311231132
1211311222233
1211311222211
1211311223113
1211311223232
1211311223223
1211311223322
1211311223333
1211311221313
1211311221212
1211311221133
1211311311232
1211311311322
1211311311333
1211311311311
1211322212122
1211311313212
1211311313111
1211311323121
1211311323332
1211311323323
1211311323222
1211311323233
1211311322113
1211311322131
1211311321312
1211311321132
1211122332312
1211311332121
1211311332332
1211311333113
1211311333131
1211311333232
1211311333223
1211311333322
1211311333311
1211311331122
1211311331111
1211311131131
1211311131232
1211311131333
1211311131311
1211311133331
1211311133122
1211311133133
1211311132312
1211222333112
1211311121112
1211311121121
1211311122331
1211311122212
1211233313231
1211311122111
1211311123312
1211311123321
1211311123132
1211311112332
1211311112233
1211212133131
1211311113223
1211311111313
1211311111111
1213311111131
1211133213323
1213311111223
1213311113313
1213311113331
1213311113212
1213311113111
1213311112213
1213311112231
1213311112312
1213311112123
1211223222112
1213311123112
1213311123121
1213311123233
1213311122113
1213311122232
1213311122223
1213311122322
1213311122333
1213311122311
1213311121321
1213311121123
1213311132112
1213311132121
1213311132323
1213311132222
1213311132211
1213311133113
1213311133232
1213311133223
1213311133311
1213311131313
1213311131331
1213311131221
1213311131122
1213311131133
1213311131111
1213311331131
1213311331232
1211331313311
1213311333313
1213311333331
1213311333212
1213311333133
1213311332213
1213311332231
1213311332321
1213311332132
1213311332123
1211113222332
1213311321112
1213311321323
1213311321211
1213311322212
1213311322122
1213311322133
1213311322111
1213311323213
1213311323231
1213311323132
1213311323123
1213311312323
1213311313113
1213311313232
1213311313223
1213311313322
1213311311212
1213311311221
1213311311133
1213311221131
1213311221311
1213311223221
1213311223111
1213311222231
1211232123132
1213311222321
1213311222132
1213311222123
1213311231332
1213311231323
1213311231222
1211122213121
1213311231211
1213311232313
1213311232331
1213311232212
1213311232221
1213311232133
1213311233213
1213311233321
1213311233123
1213311213112
1213311213121
1213311213233
1213311213211
1213311212232
1213311212223
1213311212333
1213311212311
1211123222331
1213311211231
1213311211321
1213311211132
1213311211123
1213312311121
1213312311233
1213312312212
1213312312111
1213312313213
1213312313312
1213312313132
1213312333332
1213312333222
1213312333233
1213312333211
1213312332113
1213312332131
1213312332322
1213312332333
1213312332311
1211112221123
1213312331231
1213312322323
1213312322222
1213312323232
1213312323322
1213312321313
1213312321331
1213312321212
1213312321111
1213312211232
1213312211223
1213312211322
1213312211333
1211233312313
1213312211311
1213312213331
1211113233332
1213312213212
1213312213221
1213312213122
1213312213111
1213312212231
1213312212312
1213312212123
1213312223121
1213312223323
1213312223233
1213312223211
1213312222113
1213312222232
1213312221213
1213312221312
1213312221321
1213312221123
1211132213232
1211312123232
1213312232112
1213312232121
1213312232332
1213312232233
1213312232211
1211232321132
1213312233113
1213312233131
1213312233322
1213312233333
1213312233311
1211333213132
1213312231313
1213312231122
1211213231223
1213312231133
1213312121232
1213312121223
1213312121322
1213312121333
1213312121311
1213312123313
1211131223223
1213312123331
1213312123212
1213312123122
1213312123111
1213312122213
1213312122312
1213312122321
1213312122132
1213312122123
1213312131121
1213312131323
1211322311223
1213312131222
1213312131211
1213312132313
1213312132212
1213312132122
1213312133213
1213312133312
1213312113332
1213312113233
1213312112131
1211133121321
1213312111213
1213312111321
1211222232332
1213313211121
1213313211222
1213313212331
1213313212221
1213313213231
1213313213321
1213313213123
1213313233121
1213313233323
1213313233222
1213313232223
1213313232333
1213313232311
1213313231312
1213313222112
1213313222222
1213313222211
1213313223113
1213313223131
1213313223232
1213313223223
1213313223311
1213313221221
1213313221133
1213313221111
1213313311223
1213313311322
1213313313313
1213313313212
1213313313221
1213313313133
1213313313111
1213313312213
1213313312231
1213313323121
1213313323332
1213313323323
1213313323222
1213313323211
1211333332233
1213313322113
1213313322232
1213313322311
1213313321231
1213313321312
1213313321321
1213313321132
1213313321123
1213313332112
1213313332323
1213313333131
1213313333223
1213313331331
1211311312132
1213313331212
1211331221232
1213313331122
1213313331133
1213313131232
1213313131333
1213313133313
1213313133122
1213313132231
1213313132312
1213313132321
1213313132123
1213313121323
1211223132231
1211332321111
1213313121222
1213313122313
1213313122331
1213313122221
1213313123312
1213313123321
1213313112323
1213313112222
1213313112211
1211231121313
1213313113113
1213313113131
1213313113223
1213313113311
1213313111331
1213313111212
1213313111133
1213333111113
1213333111232
1213333111223
1213333111322
1211213313112
1213333111333
1213333111311
1213333113313
1213333113212
1213333113122
1213333113133
1213333112213
1213333112312
1213333112123
1213333123222
1213312211131
1213333123233
1213333123211
1213333122113
1213333122232
1213333122223
1213333122322
1213333122333
1211333223223
1213333122311
1211111232133
1213333121213
1213333121321
1213333121132
1213333132332
1213333132323
1213333132222
1213333132233
1213333132211
1213333133113
1213333133223
1213333133322
1213333131122
1213333131133
1213333131111
1213333331232
1213333331322
1213333331333
1213333331311
1213333333313
1213333333111
1213333332312
1213333321121
1213333321323
1213333322313
1213333322221
1213333323213
1213333323321
1213333323132
1213333323123
1213333312112
1211312331323
1213333312121
1213333312323
1213333313113
1213333313232
1213333313223
1213333313333
1213333313311
1213333311313
1213333311331
1213333311221
1213333311133
1211322133111
1213333311111
1213333221113
1213333221223
1213333221322
1213333221311
1213333223313
1213333223331
1213333223133
1213333223111
1213333222213
1213333222123
1213333231112
1213333232313
1213333232331
1213333232212
1213333232111
1213333233213
1213333213112
1213333213121
1213333213323
1213333213222
1213333213233
1213333212113
1213333212131
1213333212223
1213333212322
1213333211213
1213333211231
1213333211321
1211213123113
1213332111112
1213332111323
1213332111222
1211133232221
1213332111211
1213332112331
1213332112122
1213332112133
1213332113213
1213332113312
1213332113321
1213332133112
1213332133121
1213332133222
1211331132332
1213332133233
1213332133211
1213332132113
1213332132131
1213332132232
1211132213223
1213332132333
1213332131213
1213332131312
1213332122112
1213332122121
1213332122332
1213332122222
1211223331221
1213332122233
1213332123113
1213332123131
1213332123232
1213332121212
1213332121111
1213332231113
1213332231223
1213332231322
1213332231333
1213332231311
1213332233331
1213332233122
1213332233133
1213332232213
1211311333333
1213332232123
1213332221323
1213332221211
1213332222313
1213332222331
1213332222212
1213332222221
1213332222133
1213332222111
1213332223213
1213332223312
1213332223132
1213332212112
1211333312231
1213332212233
1213332212211
1213332213113
1213332213232
1213332213223
1213332213322
1213332213333
1213332213311
1213332211212
1213332211221
1213332321232
1213332321223
1213332321333
1213332321311
1213332323313
1213332323331
1213332323221
1213332323122
1213332322231
1213332322312
1213332322132
1213332322123
1213332331332
1213332331323
1211322122313
1213332331222
1213332332313
1213332332331
1213332332221
1213332332122
1213332332133
1213332333213
1213332333321
1213332313112
1213332313332
1213332313211
1213332312131
1213332312232
1213332312333
1213332312311
1213332311231
1213332311321
1213332311123
1213331211121
1213331211332
1213331211222
1213331211211
1213331212313
1213331212212
1213331212221
1213331212133
1213331213213
1213331213321
1213331213132
1213331213123
1213331233112
1213331233121
1213331233323
1213331233233
1213331233211
1213331232113
1213331232131
1213331232322
1213331232311
1213331231213
1213331231231
1213331231312
1213331231321
1213331231132
1213331222323
1213331222233
1213331222211
1213331223113
1213331223131
1213331223232
1213331223223
1213331223322
1213331223333
1213331223311
1213331221331
1213331221212
1213331221122
1213331221111
1213331311113
1213331311232
1213331311322
1213331311333
1213331311311
1213331313331
1213331313133
1213331312213
1213331312231
1213331312321
1213331323112
1213331323332
1213331323323
1213331323222
1213331323233
1213331323211
1213331322131
1213331322311
1213331321312
1213331321321
1213331321123
1213331332121
1213331332323
1213331332222
1213331333131
1213331333232
1213331333223
1213331333322
1213331333333
1213331331133
1213313112121
1213331331111
1213331131131
1213331131232
1213331131311
1213331133221
1213331132312
1213331132132
1213331132123
1213331121112
1213331121332
1213331121222
1213331121233
1213331122313
1213331122122
1213331122133
1213331122111
1211233312122
1213331112121
1213331112323
1213331112222
1213331112233
1213331113131
1213331113232
1213331113322
1213331113333
1213331113311
1213331111313
1213331111331
1213331111221
1211123231223
1213331111122
1213331111133
1213322111131
1213322111232
1213322111322
1213322111311
1213322113313
1213322113331
1213322113212
1213322113111
1213322112312
1213322112123
1213322122113
1213311111333
1213322122131
1213322122223
1213322122333
1211233323333
1213322122311
1213322121213
1213322121231
1213322121321
1213322121123
1213322132112
1213322132332
1213322132222
1213322133113
1213322133223
1213322133311
1213322131331
1213322131212
1213322331113
1213322331131
1213322331322
1213322331333
1213322333313
1213322333331
1213322333212
1213322333221
1213322333122
1213322333111
1213322332213
1213322332231
1213322332132
1213322321112
1213322321323
1213322321222
1213322321211
1213322322331
1213322322212
1213322322221
1213322323213
1213322323231
1213322323123
1213322312323
1213322313113
1213322313232
1213322313223
1213322313311
1213322311313
1213322311212
1213322311221
1213322311133
1213322221131
1213322221232
1213322221223
1213322221322
1213322221311
1211332111132
1213322223313
1213322223331
1213322223212
1213322223221
1213322223122
1213322222213
1213322222321
1213322231112
1213322231222
1213322231211
1213322232313
1213322232122
1213322232111
1213322233213
1213322233231
1213322233312
1213322233321
1213322233123
1213322213121
1213322213332
1213322213323
1213322213222
1213322213233
1213322213211
1213322212131
1213322212232
1213322212322
1213322212333
1213322211213
1213322211132
1213323111121
1213323111323
1213323111222
1211222323223
1213323111211
1213323112331
1213323112212
1213323112111
1213323113213
1213323113231
1213323113312
1213323113132
1213323113123
1213323133112
1213323133121
1213323133332
1213323133222
1213323133233
1213323133211
1213323132131
1213323132232
1213323132322
1213323132311
1213323131231
1213323131312
1213323131132
1211233113112
1213323122112
1213323122121
1213312233232
1213323122323
1213323122233
1213323122211
1213323123113
1213323123131
1213323123232
1213323123223
1213323123311
1213323121331
1213323121122
1213323231131
1213323231322
1211221123211
1213323231333
1213323231311
1213323233313
1213323233331
1213323233133
1213323232231
1213323232321
1213323221121
1213323221332
1213323221233
1213323222313
1213323222212
1213323222111
1213323223213
1213323223231
1213323212332
1213323212211
1213323213113
1213323213131
1213323213232
1213323213223
1213323213322
1213323213311
1213323211212
1213323211221
1213323211133
1213323321223
1213323321311
1213323323212
1211111132332
1213323323221
1213323323133
1213323323111
1213323322213
1213323322231
1213323322312
1213323322132
1213323331112
1213323331323
1213323331222
1213312111132
1213323331211
1213323332212
1213323332122
1213323333213
1213323333312
1213323333132
1213323313332
1213323313211
1213323312232
1211222313213
1213323312223
1213323312322
1213323312333
1213323311213
1213323311231
1213323311312
1213323311321
1213321311332
1213321311323
1213321311222
1213321311233
1213321311211
1213321312313
1213321312331
1213321312122
1213321312133
1211232323121
1213321312111
1213321313321
1213321333112
1213321333121
1213321333332
1213321333222
1213321333211
1213321332113
1213321332322
1213321332311
1213321331213
1213321331231
1213321331132
1213321331123
1211223113322
1213321322121
1213321322332
1213321322323
1213321322233
1213321322211
1213321323113
1213321323232
1213321323223
1213321323322
1213321323311
1213321321212
1211133232122
1213321321122
1213321321111
1213321211113
1213321211131
1213321211232
1213321211322
1213321211333
1213321211311
1213321213331
1213321213212
1213321213221
1213321213111
1213321212213
1213321212312
1213321212321
1213321212132
1213321223121
1213321223222
1213321222113
1213321222232
1213321222322
1213321222333
1213321222311
1213321221213
1213321221312
1213321232112
1213321232222
1213321233232
1213321233311
1213321231212
1213321231221
1213321121223
1213321121322
1213321123313
1213321123331
1213321123212
1213321123133
1213321123111
1213321122213
1211113312123
1213321122132
1213321131233
1213321132313
1213321132331
1213321132212
1213321132221
1213331112211
1213321132122
1213321132133
1213321132111
1213321133213
1213321133312
1213321133321
1213321133132
1213321113112
1213321113121
1213321113332
1213321113211
1213321112113
1213321112223
1213321112322
1213321112333
1213321112311
1213321111213
1211112323131
1213321111132
1213321111123
1213211111112
1213211111121
1211231221211
1213211111323
1213211111233
1213211111211
1213211112212
1213211112122
1213211112133
1213211112111
1213211113231
1213211133121
1213211133332
1213211133323
1213211133233
1213211133211
1213331331212
1213211132113
1213211132131
1213211132232
1213211132311
1213211131231
1213211131123
1213211122112
1213211122222
1213211122211
1213211123113
1211321131231
1213211123232
1213211123322
1213211123311
1213211121313
1213211121212
1213211121221
1213211121122
1213211231113
1213211231131
1211113122133
1213211231232
1213211231223
1213211231333
1213211233122
1213211233133
1213211232132
1213211221112
1213211221222
1211132121212
1213211221233
1213211222313
1213211222331
1213211222212
1213211222221
1213211222133
1213211223231
1213211223312
1213211223321
1213211223123
1213211212112
1213211212332
1213211213113
1213211213131
1213211213232
1213211213322
1213211213333
1213211213311
1211233331231
1213211211331
1213211211212
1213211321232
1213211321322
1213211323313
1213211322231
1213211322312
1213211322132
1213211331323
1213321223233
1213211331222
1213211331233
1213211332313
1213211332331
1213211332212
1213211332122
1213211332133
1213211333132
1213211313211
1213211312113
1213331121121
1213211312333
1211111312112
1213211312311
1213211311213
1213211311321
1213211311123
1213213311332
1213213311222
1213213311233
1211222331231
1213213312313
1213213312331
1213213312212
1213213312122
1213213313213
1213213313231
1213213313312
1213213313123
1213213333121
1213213333233
1213213333211
1213213332113
1211122322221
1213213332223
1213213332322
1213213332333
1213213332311
1213213331312
1213213322112
1213213322121
1213213322332
1213213322233
1213213323232
1213213323223
1213213323333
1213213321331
1213213211113
1213213211223
1213213213313
1213213213331
1213213213212
1213213213122
1213211221121
1213213213133
1213213213111
1213213212132
1213213212123
1213213223112
1213213223211
1213213222131
1213213222232
1213213222333
1213213232323
1211133321222
1213213233223
1213213233322
1213213233333
1213213231313
1213213231221
1213213231111
1213213121113
1213313213312
1213213121223
1213213121311
1213213123221
1213213123111
1213213122213
1213213122231
1213213122321
1213213122132
1213213132221
1213213132122
1211233333211
1213213132133
1213213133312
1213213133123
1213213113323
1213213113222
1213213112322
1211111311221
1213213112333
1213213112311
1213321333323
1213213111312
1213213111321
1213213111123
1213212211112
1213212211121
1213212211332
1213212211233
1213212212122
1213212212133
1213212213213
1213212213231
1213212233112
1213212233332
1213212233323
1213322233132
1213212233233
1213212232223
1213212232322
1213212231213
1213212231321
1213212231123
1213212222121
1213212222233
1213212223232
1213212223223
1213212223333
1213212223311
1213212221313
1213212221212
1213212311131
1213212311232
1213212311223
1213212311333
1213212313313
1213212313212
1213212313221
1213212313122
1213212313133
1213333312233
1213212312213
1213212312231
1213212312312
1213212312132
1213212323112
1213212323121
1213212323211
1213212322113
1213212322232
1213212322223
1213212322322
1213212312321
1213212322333
1213212321231
1213212321123
1213212332323
1213212332211
1213212333131
1213212333232
1213212333311
1213212331313
1213212331111
1213212131113
1213212131131
1213212131232
1213211212323
1213212131223
1211123133323
1213323321333
1213212131311
1213212133122
1211313231222
1213212132231
1213212132321
1213212132132
1213212132123
1213212121112
1213212121222
1213212121233
1213212122122
1213212122133
1213212123213
1213212123231
1213212123312
1213212123321
1213212123132
1213322211312
1213212123123
1213212112323
1213212113113
1213212113131
1213212113223
1213212113311
1211332131323
1213212111331
1213212111212
1213212111133
1213332211133
1213212111111
1213223111131
1213223111322
1213223113331
1213223113122
1213223112213
1213223112231
1213223112321
1213223112132
1213223123121
1213223123233
1213223123211
1213223122113
1213223122232
1213223122223
1213223121312
1213223121132
1213223132112
1213223132121
1213223132332
1213223132222
1213223132233
1213223133113
1211112313312
1213223133232
1213212331331
1213223133223
1213223133322
1213223133333
1213223131313
1213223131212
1213223131122
1213223331232
1213223331223
1213223331322
1213223331333
1213223331311
1213223333313
1213223333331
1213223333221
1213223333133
1213223332213
1213223332231
1213223332321
1213223332132
1213223321112
1213223321332
1213223321211
1213223322331
1213223323231
1213223323132
1213223312121
1213313333311
1213223312323
1213223312222
1213223312211
1213223313113
1213223313232
1213223313322
1213223313333
1213223311122
1213223311133
1213223221113
1213223221322
1211321321131
1213223221333
1213223221311
1213223223313
1213223223122
1213312111312
1213223223133
1213223222312
1213223222321
1213223222132
1213223231121
1213223231222
1213223231211
1213223232313
1211123223231
1213223232221
1213223232122
1213223233231
1213223233312
1213223233321
1211313232313
1213223233132
1213223233123
1213223213112
1211211113112
1213223213121
1213223213222
1213223213211
1213223212223
1213223212322
1213223211213
1213223211231
1211122322331
1213223211321
1213222111112
1213222111121
1213222111332
1211223321123
1213222111222
1213222112313
1213222112331
1213222112212
1213222112221
1213222112122
1213222112133
1213222112111
1213222113213
1213222113321
1213222133323
1213222133222
1213222132113
1213222132232
1213222132322
1213222132311
1213222131321
1213222122121
1213222123113
1213222123232
1213222123223
1213222123322
1213222123333
1213222123311
1213222121221
1213222121122
1213222121133
1213222231131
1213222231232
1213222231223
1213222231322
1213222231333
1213222231311
1211333212313
1213222233212
1213222233111
1213222232213
1213222232231
1213222232312
1213222232321
1213222232132
1213222232123
1213222221112
1213222221121
1213222221332
1213222221222
1213222221233
1213222221211
1213222222313
1213222222221
1213222222111
1213222223213
1213222223231
1213222223312
1213222212332
1211231231311
1211312321232
1213222212323
1213222212233
1213222212211
1213222213113
1213222213232
1213222213322
1213222213311
1213222211313
1213222211331
1213222211122
1213222211133
1213222321113
1213222321322
1213222321311
1213222323313
1213222323133
1213222322213
1213222322231
1213222322123
1213222331323
1213222331222
1213222332331
1213222332212
1213222332133
1213222332111
1213222333231
1213222333132
1213222313332
1213222313323
1213222313222
1211231333312
1213222312333
1213222312311
1213222311213
1213222311312
1213222311132
1213222311123
1211213212211
1213221211112
1213221211332
1213221212313
1213221212331
1213221212221
1213221212133
1213221212111
1213221213213
1213221213231
1213321233113
1213221213312
1213221213321
1211322113322
1213221213132
1213221213123
1213221233112
1213221233332
1213221233233
1213221233211
1213221232131
1213221232232
1213221232223
1213221232322
1213221232311
1213221231213
1213221231321
1213221222112
1213221222121
1213221222332
1213221222211
1213221223333
1213221221313
1213221221331
1213221221122
1213221221133
1213312131332
1213221221111
1213221311232
1213221311322
1213221313313
1213221313221
1213221313133
1213221313111
1213221312213
1213221312312
1213221312321
1211223333232
1213221312132
1213221312123
1213221323112
1213221323121
1213221323332
1211231123333
1213221323323
1211131213312
1213221323233
1213221322223
1213221322322
1213221322311
1213221321213
1211113111221
1213221321312
1213221321321
1213221321132
1211321231131
1213221332112
1213221332121
1213221332332
1213221332211
1213221333113
1213221333232
1211331322221
1213221333311
1213221331313
1213221331331
1213221331212
1211133323321
1213221331122
1213221331111
1213221131232
1213221131322
1213221131333
1213221131311
1213221133331
1213221133212
1213221133221
1213221133133
1213221132213
1213221132231
1213221132312
1213221132321
1213221132132
1213221132123
1213221121121
1213221121332
1213221121233
1213221122331
1213221122212
1213221231231
1213221122133
1213221123312
1213221123321
1213221112332
1213221112323
1213221112222
1213221112233
1213221113232
1213221113311
1213221111331
1213221111221
1213221111111
1213232111113
1213232111131
1213232111322
1213232111333
1211321331112
1213232113331
1213232113212
1213232113111
1213232112231
1213232112132
1213232112123
1213232123323
1213232123233
1213232122113
1213232122131
1213232122232
1213232122223
1213221232333
1213232121213
1213232121231
1213232121312
1213232121132
1213232121123
1213232132112
1213232132332
1213232132323
1213232132222
1213232132233
1213232133113
1213232133131
1213232133333
1213232133311
1213232131313
1213232131331
1213232131212
1213232131111
1213232331113
1213232331131
1213232331232
1213232331333
1213232331311
1213313211323
1213232333212
1213232333221
1213232333122
1211131111221
1213232333133
1213232333111
1213232332213
1213232332231
1211121211113
1213232332321
1213232332132
1213313322322
1213232321112
1213232321121
1213232321332
1211111233321
1213232321233
1213312123221
1213232321211
1213232322313
1213232322122
1213232322133
1213232323213
1213232323231
1213232323321
1213232323132
1213232312112
1213232312121
1213232312323
1213232312222
1213232312233
1213232312211
1213232313113
1213232313131
1213232313223
1213232313333
1213232311313
1213232311221
1213232311133
1213232311111
1213232221113
1211332313213
1213232221131
1213232221322
1213232221333
1213232223313
1213232223221
1213232223122
1213232222213
1213232222312
1213232222321
1213232222123
1213232231121
1213232232212
1213232232221
1213232232133
1211333113333
1213232232111
1213232233312
1213232233132
1213232213112
1213232213121
1213232213332
1213232213222
1213232213233
1213232212113
1213232212131
1213232212232
1213232211231
1213232211321
1213233111121
1213233111332
1213233111233
1213233112313
1213233112133
1213233113231
1213233113321
1213233113123
1213233133121
1213233133323
1213233132113
1213233132232
1213233132223
1213233132333
1213233131321
1213233122121
1211221323132
1213233122332
1213233122323
1213233122222
1213233122211
1213233123113
1213233121313
1213233121331
1213233121122
1213233121111
1211212233312
1213233231113
1213233231232
1213233231223
1213233231322
1213233231333
1213311331113
1213233231311
1213233233313
1211111123332
1213233233331
1213233233212
1213233233221
1213331211112
1213233233133
1213233232213
1213233232231
1213233232321
1213233232123
1213233221112
1213233221233
1213233222313
1213233222212
1213233222122
1213233222133
1213233222111
1213233223312
1213233223132
1213233223123
1213233212121
1213233212222
1213233212211
1213233213113
1213233213131
1213233213232
1213233213223
1213233213322
1213233211313
1213233211331
1213233211133
1213233211111
1211222211223
1213233321113
1213233321232
1213233321311
1213233323313
1213233323331
1213233323221
1213233323122
1213233322231
1213233322312
1213233322132
1213233331121
1213233331332
1213233331323
1213233331233
1213233331211
1213233332313
1213222322132
1213233332331
1213233332122
1213233332133
1213233333213
1213233333231
1213233333132
1213233333123
1213233313121
1213233313332
1213233312322
1213233312333
1213221222233
1213233312311
1213233311213
1213233311312
1213233311132
1213231311112
1213231311332
1213231311323
1213231311233
1213213131211
1213231312221
1213231312122
1213231312133
1213231313231
1213231313312
1213231313123
1211223113223
1213231333112
1213231333332
1213231333323
1213231333222
1213231333233
1213231333211
1213231332113
1213231332322
1213231332333
1211232113232
1213231331312
1213231331321
1213231331123
1213231322323
1213231322222
1213231322233
1213231323113
1213231323131
1213231323232
1213231323333
1213231321313
1213231321331
1213231321212
1213231321122
1213231321133
1213231321111
1213231211113
1213231211131
1213231211223
1211232132231
1213231211333
1213231211311
1213231213221
1213313211211
1213231213133
1213231213111
1213231212213
1213231212231
1213231212132
1213231212123
1213231223323
1213231223233
1213231223211
1211122312332
1213231222232
1213231222223
1213231222322
1213231222311
1213231221213
1213231221312
1213231221321
1213231221123
1213231232112
1213231232121
1213231232323
1213231232233
1213231232211
1213231233131
1211213311132
1213231233232
1213231233322
1213231233333
1213231231313
1213231231331
1213231231212
1213331332211
1213231121131
1213231121322
1213231123313
1213231123212
1213231123221
1213231123122
1213231123133
1213231122213
1213231122132
1213231122123
1213231131112
1213231131121
1213231131222
1211123221323
1213231132212
1213231132133
1213231132111
1213231133213
1213231133231
1213223221223
1213231133321
1213231133123
1213231113112
1213231113121
1213231113332
1211333231231
1213231113323
1213231112113
1213231112232
1213231112322
1213231112333
1213231111231
1213231111321
1213231111123
1213121111112
1213121111121
1213121111332
1213121111211
1213121112313
1213121112331
1213121112221
1213121112133
1213121112111
1213121113213
1213121113231
1213121113312
1213121113321
1213121113132
1213121133222
1213121133233
1213121132113
1213121132322
1213121132333
1213121131213
1213311221113
1213121131231
1213121131312
1213121131123
1213121122112
1213121122332
1213121122323
1213121122222
1213121123131
1213121123232
1211323123313
1213121123322
1213121121133
1213121231113
1213121231131
1213121231232
1213121231333
1213121233313
1213121233331
1213121232213
1213121232123
1213121221112
1213121221332
1213121221323
1213121221222
1213121222331
1213121222212
1213121222221
1213121222133
1213121223213
1213121223231
1211312113132
1213121223312
1213121223321
1213121223132
1213121212112
1213121212121
1213121212323
1213121212233
1213121212211
1213121213131
1213121213232
1213121213322
1213121213333
1213121211313
1213121211331
1213121211212
1213121211221
1213121211111
1213311323312
1213121321223
1213121321333
1213121321311
1213121323313
1213121323221
1213121323122
1213121322231
1213121322321
1213121322132
1213121322123
1213121331112
1213121331121
1213121331332
1213121331323
1213121331222
1213121332212
1213121332111
1213121333231
1213121333123
1213121313112
1213121313121
1213121312232
1211312321223
1213121312322
1211231112313
1213121312311
1213121311213
1213121311321
1213123311112
1213123311121
1213123311332
1213123311222
1213123311233
1213123312313
1213123312331
1213123312212
1213223321121
1213123312221
1213123312133
1213123313213
1213123313231
1213123313321
1213123313132
1213123333112
1213123333332
1213123333222
1213123333211
1213123332113
1213123332131
1213123332232
1213123332223
1213123332322
1213123332333
1213123332311
1213123331213
1211111311212
1213123331231
1213123331321
1213123331132
1211121222113
1213123322112
1213123322121
1213123322211
1213123323113
1213123323131
1213123323223
1213123323333
1213123323311
1213123321212
1213123321221
1213123211232
1213123211322
1213123211333
1213123213331
1213123213212
1213123213122
1211312123113
1213123212213
1213123212231
1213123223112
1213123223332
1213123223323
1213123222113
1213123222131
1213123222232
1213123222223
1213123222311
1213123221213
1213123221231
1213123221312
1213123221321
1211122313113
1213123232121
1213123232323
1213123232222
1213123233113
1213123233131
1213123233232
1213123233333
1213123233311
1213212122221
1213123231212
1213123231221
1213123231122
1213123231133
1213123231111
1213123121131
1213123121322
1213123121333
1213123121311
1213123123313
1213123123331
1213123123221
1213123123122
1213123123133
1213123122321
1213123122132
1213123122123
1213123131121
1213123131323
1213123131222
1213123131211
1213123132313
1213233332212
1213123132331
1213123132221
1213123133213
1213123133231
1213123133312
1213123133321
1213123133132
1213123133123
1213123113323
1213123113222
1211321133211
1213123112131
1213123112232
1213123112322
1213123111231
1211112133132
1213123111321
1213122211121
1213122211332
1213122211211
1213122212313
1213122212331
1213122213231
1213122213132
1211322331111
1213122233112
1213122233121
1213122233332
1213122233233
1213122232113
1213122232232
1213122232223
1211132212233
1213122232322
1213122232333
1213122232311
1213122231312
1213122231321
1213122231132
1213122231123
1213122222121
1213122222332
1213122222222
1213122222233
1213122222211
1213122223113
1213122223223
1211132132311
1213122223333
1213122221313
1213122221133
1213122311113
1213122311131
1213122311223
1213122313313
1213122313331
1211111131313
1213233131231
1213122313212
1213122313122
1213122312231
1213122312123
1213122323121
1213122323332
1213122323233
1213122323211
1213122322232
1213122322322
1213122321132
1213122332121
1213122332332
1213122332323
1211113331221
1213122332222
1213122332233
1213122333113
1213122333131
1213122333311
1213122331313
1213122131113
1213122131223
1213122131333
1213122131311
1213122133331
1213122133212
1213122133111
1213122132312
1213122121121
1213122121211
1213122122331
1213122122212
1213122122221
1213122122122
1213122122111
1213122123231
1213122123132
1211131311113
1213122112112
1213122112121
1213122112222
1213122112211
1213122113113
1213122113311
1213333331113
1213223323312
1213122111313
1213122111331
1213122111212
1213122111221
1213122111133
1213122111111
1213131111113
1213131111322
1213131111333
1213131113221
1213131113122
1213131113133
1213131113111
1213131112312
1213223322122
1213131112132
1213131123112
1213131123121
1213131123332
1213131123211
1213131122113
1213131122131
1213131122232
1213131122223
1211331332213
1213131122322
1213131122333
1213131122311
1213131121312
1213131121132
1213131121123
1213131132121
1213221123132
1213131132332
1213211221332
1213131132323
1213212113333
1213131133113
1213131133232
1213131133322
1213131133333
1213131131313
1211312232213
1213131131212
1213131131221
1213131131133
1213131131111
1213131331232
1213131331223
1213131331333
1213131331311
1213131333313
1213131333221
1213131333122
1213131333133
1213131333111
1213131332213
1213131332231
1213211232213
1213131332312
1213131332132
1213131332123
1213221211222
1213131321112
1213131321332
1213131321323
1213131321222
1213131321233
1213131321211
1213123111312
1213131322313
1213131322331
1213131322221
1213131322122
1213131322133
1211213211221
1213131323321
1213131323132
1213131323123
1213131312112
1213131312233
1213131313113
1213131313131
1213131313322
1213131313333
1213131313311
1213131311313
1213131311212
1213131311221
1213131311122
1213131221113
1213131221131
1213131221232
1213311211312
1213131221223
1213131221311
1213131223331
1213131223122
1211132332212
1213131223111
1213131222213
1213131222231
1213131222321
1213131231323
1213131231211
1213131232313
1213131232331
1213131232221
1213131232122
1211122132211
1213131232133
1213131233213
1213131233312
1213131213121
1213131213233
1213131212113
1213131212131
1213131212232
1213131212322
1213131212333
1213132311323
1213132311222
1213132311233
1213132311211
1213132312331
1213132312221
1213132312122
1213132312133
1211233111312
1213132313213
1213132313321
1213132313123
1213132333112
1213132333121
1213132333332
1213132333323
1213132333222
1213132333211
1213132332113
1213132332131
1213132331213
1213132331132
1213132331123
1213132322112
1213132322121
1213132322332
1213323111233
1213132322222
1211322131333
1213132322211
1213132323131
1213132323333
1213132321331
1213132321133
1213132321111
1213132211113
1213223323213
1213132211232
1213132211322
1213132213313
1213132213212
1211321211221
1213132213221
1213132213133
1213132213111
1213132212312
1213132223112
1213132223121
1213132223332
1213132223222
1213132223233
1213132223211
1213131233123
1213132222113
1213132222232
1213132222333
1213132221213
1213132221312
1213132221321
1213132232112
1213132232332
1213132232323
1213132232222
1211233233131
1213132233113
1213132233232
1213132233322
1213132231212
1213132231221
1213132231122
1213132121113
1213132121223
1211211211113
1213132121311
1213132123313
1213132122231
1213132122321
1213132122132
1213132131112
1213132131121
1213132131222
1213132131233
1213132132313
1213132132331
1213132132122
1213132132111
1213132133213
1213132133312
1213132133123
1213211313233
1213132113112
1213121232312
1213132113323
1213132113222
1213132113211
1213132112232
1213132112223
1213132112333
1213132111213
1213132111231
1213132111312
1213132111321
1213132111132
1213132111123
1213133211112
1213133211332
1213133211323
1213133211222
1213133211211
1213133212221
1213133212122
1213133212133
1213133212111
1213133233112
1213133233332
1211122212322
1213133233222
1213133233233
1213133232223
1213133231213
1213133231231
1213133231312
1213133231132
1213133222112
1213133222121
1213133223113
1213133223223
1213133223322
1213133223311
1213133221313
1213133221331
1213133221212
1213133221122
1213133221133
1213133221111
1213133311232
1213133311333
1213133313313
1213133313331
1213133313221
1213133313133
1213133312231
1213133312312
1213133312321
1213311112321
1213133312132
1213133312123
1213133323121
1213133323323
1213133323211
1213133322113
1213133322131
1213133322232
1213133322322
1213133322333
1213133321213
1213133321231
1213133321312
1213133332121
1213133332332
1213133332323
1211311332112
1213133332233
1213133332211
1213133333232
1213133333223
1213323132223
1213133333311
1213133331313
1213133331331
1213133331212
1213311321332
1213133331133
1213133131113
1213133131131
1213133131232
1213133131223
1213133131333
1213133131311
1213133133313
1213133133331
1213133133122
1211231321113
1213133132213
1213133132231
1213133132321
1211111131212
1213133132132
1213133132123
1213133121332
1213133121323
1213133121233
1213133121211
1213133122313
1213133122221
1213133122122
1213133122111
1213133123231
1213133123312
1213133123321
1213133123132
1213133112222
1213133112233
1211331331232
1213133112211
1213321322112
1213133113113
1213133111331
1213323333231
1213133111221
1213133111122
1213133111111
1213113111131
1213113111223
1213113111333
1213113113331
1213113113212
1213113113221
1213113113122
1213113113133
1213113112213
1213113112231
1213113112312
1213113112321
1213322131111
1213113112132
1213113123112
1213113123222
1213113123211
1213113122232
1213113122322
1213113122311
1213113132222
1213113132233
1213113133131
1213113133232
1213113133333
1213113133311
1213113131331
1213113131111
1213113331232
1213113331322
1211223133221
1213113331311
1213113333313
1213113333331
1213113333212
1213113333122
1213113333133
1213113332213
1213113332231
1213113332132
1213113332123
1213113321121
1213113321332
1213132322233
1213113321222
1213113322313
1213213221321
1213113322331
1213113322133
1213113322111
1213113323231
1213113323321
1213113312112
1213113313131
1213113313232
1213113311313
1213113311331
1211321213333
1213223221232
1213113311133
1213113221131
1213113221322
1211231233221
1213113221333
1213113221311
1213113223313
1213113223221
1213113223133
1213113222321
1213113231112
1213113231121
1211132233212
1213113231332
1213113231323
1213113231222
1213113231233
1213113232313
1213113232212
1213312331123
1213113232221
1213113232122
1213313332211
1213113232111
1213113233213
1213113233321
1213113213112
1213113213233
1211132133332
1213113212113
1213113212131
1213113212223
1213113212322
1213113212333
1213113211213
1213113211312
1211311113311
1213113211132
1213113211123
1213332132322
1213112111112
1213112111332
1213313333322
1213112111222
1211112231133
1213112111233
1213112111211
1213112112313
1213112112212
1213112112221
1213112112122
1213112112133
1213112112111
1213112113213
1213112113312
1213231231122
1213112113321
1213112113123
1213112133112
1213112133121
1213112133332
1211211133321
1213112133222
1213112133233
1213112132131
1213112131213
1213112131231
1213112131312
1213112131321
1213112131123
1213112122332
1213112122222
1213112123232
1213112123223
1213112123333
1213112121331
1213112121212
1213112121221
1213112231113
1213112231232
1213112231223
1213112231333
1213112231311
1211223122122
1213112233331
1213112233212
1213112233122
1213112233133
1213213221231
1213112233111
1213112232213
1213112232123
1213112221112
1213112221332
1213221333131
1213112221222
1213112221233
1211133133223
1213112222313
1213112222331
1213112222212
1213112222221
1213112222111
1213112223312
1213112223321
1211212123323
1213112223132
1213313222332
1213112223123
1213112212112
1213112212222
1213112212233
1213112212211
1213112213113
1213112213131
1211112222322
1213112213311
1213112211313
1213112211331
1213112211212
1213112211221
1213112211133
1213231121223
1213112321113
1213112321131
1213112321322
1213112321333
1213112323212
1213112323122
1213112323133
1213112323111
1213112322213
1213112322231
1213112322132
1213112322123
1213112331233
1213112331211
1213112332313
1213112332221
1213112332133
1213112333231
1213112333132
1211321211122
1213112333123
1213112313112
1213112313332
1213112313323
1213112313222
1213112312232
1213112312223
1213112311132
1213112311123
1211223232113
1213111211121
1213111211332
1213111212313
1213111212331
1213111212212
1213111212221
1213111213213
1213111213231
1213111213321
1213111213132
1213111233323
1213111233222
1213111232113
1213231313213
1213111232333
1213111232311
1213111231231
1213111231132
1213111231123
1213111222112
1213111222121
1213111222222
1213111222233
1213111223113
1213111223131
1213111223232
1213111223322
1213111221313
1213111221331
1213111221133
1213111221111
1213111311131
1213111311311
1213111313212
1213111313221
1213111313122
1213111313111
1213111312213
1213111312231
1213111312123
1213111323121
1213111323332
1213111323323
1213111323222
1213111323233
1213111322232
1213111322223
1211213131123
1213111322333
1213111322311
1213111321213
1213111321231
1213111321123
1213111332323
1213123212321
1213111332222
1213111332233
1213111332211
1213111333113
1213111333223
1213111333311
1213111331313
1213111331331
1213111331111
1213111131131
1213111131232
1213111131333
1213111133313
1213111133331
1213111133221
1213111132213
1213111132321
1213111132132
1213111132123
1213331211323
1213111121121
1213111121332
1213111121222
1213111122331
1213111122221
1213111122111
1213111112112
1213111112121
1213111112323
1213111112222
1213111112233
1213111112211
1213111113223
1211131231231
1213333332321
1213111111122
1213111111111
1212211111113
1211231111332
1212211111223
1212211111333
1212211111311
1212211113313
1212211113331
1212211113212
1212211113133
1212211112312
1212211112321
1212211112132
1212211112123
1211311121222
1212211123121
1212211123211
1212211122113
1212211122131
1212211122232
1211132322321
1212211122223
1212211121231
1212211121312
1212211121321
1212211132112
1212211132332
1212211132222
1212211132211
1212211133131
1211313333133
1212211133223
1212211133333
1212211133311
1212211131331
1212211131122
1212211131111
1212211331113
1212211331223
1212211333331
1212211333221
1212211333122
1212211333111
1212211332213
1212211332231
1212211332312
1212211332321
1212211332132
1212211332123
1212211321121
1212211321332
1212211321323
1212211321222
1212211322221
1212211322133
1212211323321
1211121212132
1212211323132
1212211323123
1212211312112
1212211312222
1212211312233
1212211313113
1212211313311
1212211311313
1211333332222
1212211311331
1212211311212
1212211311221
1211121311332
1211331123323
1212211221113
1212211221131
1212211221232
1212211223313
1212211223212
1212211223221
1212211223122
1212211223133
1212211223111
1212211222213
1212211222231
1212211222321
1212211222132
1212211222123
1212211231121
1212211231332
1212211231323
1211132333213
1212211231222
1212211232313
1212211232331
1213232223331
1212211232212
1212211232221
1212211232122
1212211232133
1212211233213
1212211233231
1212211233321
1212211213332
1212211213233
1212211213211
1212211212113
1212211212131
1212211212223
1212211212322
1212211212333
1212211211312
1212211211123
1212212311121
1212212311323
1212212311233
1212212312313
1212212312212
1212212312221
1212212313213
1212212313231
1211233333112
1212212313312
1212212313321
1212212333121
1212212333323
1213332321131
1212212333211
1212212332232
1212212332223
1212212332322
1212212332333
1211122132222
1212212331231
1211133233132
1211332133312
1212212331123
1212212322121
1212212322332
1212212322222
1212212323232
1212212323311
1212212321212
1212212321221
1212212321133
1212212321111
1212212211131
1212212211333
1212212211311
1212212212321
1212212212132
1212212223112
1212212223332
1212212223222
1212212222113
1212212222131
1212212222322
1212212221231
1212212221132
1212212232332
1212212232222
1212212232233
1212212233232
1212212233322
1212212233333
1212212231331
1212212231122
1212212231111
1212212121113
1212212121333
1212212123313
1212212123212
1213113312211
1212212123133
1212212123111
1212212122213
1212212122312
1213113321323
1212212131112
1212212131121
1212212131323
1212212131222
1212212131233
1212212132313
1213133313111
1212212132212
1212212132221
1212212132133
1212212133213
1212212133132
1212212133123
1212212113112
1212212113121
1212212113323
1212212112232
1212212112322
1212212111213
1212212111231
1211122313333
1212212111312
1212212111321
1212213211112
1212213211121
1212213211332
1212213211222
1212213211233
1212213211211
1212213212111
1212213213312
1212213213321
1212213213132
1212213233121
1212213233332
1212213233323
1212213233222
1212213233211
1212213232232
1212213232322
1212213232333
1212213232311
1212213231213
1212213231231
1212213231312
1211321132311
1212213231321
1212213231132
1212213222121
1212213222222
1212213222233
1212213223113
1212213223311
1212213221313
1212213221212
1212213221133
1212213221111
1212213311232
1212213311322
1212213311333
1211233322332
1212213313212
1212213313221
1212213312312
1212213312321
1212213323112
1212213323332
1212213323323
1212213323222
1212213322131
1212213322223
1212213322333
1212213321213
1212213321231
1212213321321
1212213321123
1212213332112
1212213332121
1211113122331
1212213332332
1212213332323
1212213332222
1212213333113
1212213333223
1212213333333
1213213223222
1212213333311
1212213331331
1212213331122
1212213331133
1212213331111
1212213131131
1212213131333
1212213131311
1212213133331
1212213133212
1213311233132
1212213133221
1212213133133
1212213133111
1212213132213
1212213132321
1212213132132
1212213132123
1212213121121
1212213121332
1212213121233
1212213121211
1212213122313
1212213122331
1212213122221
1211132323221
1212213122122
1212213122133
1212213123213
1213322311331
1212213123123
1212213112121
1212213112222
1212213112233
1212213113113
1212213113131
1212211121123
1212213113232
1212213113322
1211322113311
1212213111331
1212213111221
1212213111122
1211133213233
1211232311333
1212213111133
1212233111113
1212233111131
1212233111232
1212233111333
1212233111311
1212233113221
1212233113122
1212233112312
1212233112132
1212233123112
1213313232232
1212233123332
1212233123233
1212233122113
1211321323122
1212233122131
1211231332122
1212233122232
1212233122322
1212233122311
1211112212231
1212211111131
1212233121213
1211323223211
1212233121231
1212233121312
1212233121321
1212233121132
1212233132112
1212233132121
1211131313331
1212233132332
1212233133223
1212233133322
1212233133333
1212233131313
1212233131221
1213113233312
1212233131122
1212233131111
1212233331113
1212233331322
1212233331333
1212233331311
1212233333331
1212233332213
1212233332321
1212233332132
1212233332123
1212233321112
1212233321121
1212233321332
1212233322221
1212233322133
1212233323213
1212233323231
1212233323312
1212233323321
1212233323123
1212233312112
1212233312332
1212233312323
1212233312222
1212233312211
1212233313113
1212233313131
1212233313333
1212233311313
1212233311331
1212233311212
1212233311221
1212233221113
1212233221131
1212233221232
1212233221322
1212233223133
1212233223111
1212233222132
1212233222123
1211122231112
1212233231112
1212233231222
1212233231233
1212233231211
1212233232313
1211123213232
1212233232331
1212233232212
1212233232221
1212233232133
1212233232111
1212233233231
1212233233321
1212233233132
1212233213112
1212233213323
1212233213222
1212233213233
1212233212113
1212233212232
1212233212322
1212233212333
1212233212311
1212233211213
1212233211231
1213331122221
1212233211312
1212233211321
1212233211132
1212232111112
1212232111121
1212232111332
1212232111323
1212232111222
1212232112221
1212232112122
1213311223313
1212232112111
1212232113213
1212232113231
1212232113312
1212232113321
1212232113132
1212232113123
1212232133222
1212232133233
1212232133211
1212232132113
1212232132131
1212232132232
1212232132322
1212232132311
1212232131231
1212232131312
1212232131321
1212232122121
1211212232331
1212232122222
1212232122233
1212232123113
1212232123131
1212232123223
1212232123333
1212232121212
1212232121111
1212232231113
1211132223312
1212232231232
1212232231223
1212232231311
1212232233331
1212232233221
1212232233122
1212232233111
1212232232213
1212232232231
1212232232312
1212232232132
1212232221323
1212232221222
1212232221233
1212232222313
1212232222212
1212232222221
1212232223213
1212232223231
1212232223312
1212232212112
1212232212121
1212232212332
1212232212222
1212232213131
1212232213232
1212232213223
1212232211313
1212232211331
1212232211133
1212232211111
1212232321131
1212232321232
1212232321223
1212232321333
1212232323331
1212232323122
1213313112233
1213131213323
1212232323111
1212232322231
1212232322312
1212232322321
1212232322132
1211121323322
1212232322123
1212232331332
1212232331211
1212232332313
1212232332212
1213331332233
1212232332122
1212232332133
1212232332111
1212232333231
1212232333312
1213223232331
1212232333321
1212232333132
1212232333123
1212232313112
1212232313121
1212232313222
1211223313133
1213112221211
1212232313211
1213212332121
1212232312223
1212232312322
1212232312311
1211321232321
1212232311231
1212232311321
1212232311132
1211321312113
1212232311123
1212231211112
1213123213313
1212231211332
1212231211323
1211122121132
1212231211233
1212231211211
1212231212313
1212231212331
1212231212212
1212231212221
1212231212122
1212231212133
1212231213213
1211311323112
1212231213231
1212231213132
1212231213123
1212231233112
1212231233121
1212231233332
1212231233323
1212231233222
1212231233211
1212231232223
1212231232322
1212231232311
1212231231312
1212231231132
1212231231123
1212231222121
1212231222332
1212231222222
1212231222233
1211323233113
1212231223232
1212231223333
1212231223311
1212231221313
1212231221122
1212231221111
1212231311113
1212231311232
1212231311223
1211321111211
1213212232113
1212231313331
1212231313212
1212231313221
1212231313111
1212231312312
1212231312321
1212231312123
1212231323121
1212231323332
1212231323233
1212231323211
1212231322131
1212231322232
1212231322322
1212231322333
1212231322311
1212231321312
1212231321321
1211311313122
1212231332112
1212231332332
1211111132112
1213121233122
1212231332222
1212231332211
1212231333113
1212231333131
1212231333232
1212231333223
1212231333322
1212231333311
1212231331331
1212231331221
1212231331122
1212231331133
1211311131322
1212231131113
1212231131131
1212231131232
1212231131322
1212231131311
1212231133331
1212231133212
1213211233331
1212231133221
1212231133133
1212231133111
1212231132213
1212231132312
1212231132321
1212231132123
1212231121112
1212231121121
1211112223323
1212231121332
1212231121222
1213332231131
1212231121233
1212231122212
1212231122221
1212231122133
1212231123213
1212231123231
1212231112112
1212231112323
1212231112222
1212231112233
1212231112211
1212231113232
1212231113223
1212231113333
1212231111331
1212231111221
1212231111122
1211212113221
1212231111133
1213231222333
1212231111111
1212222111131
1212222111322
1212222113313
1212222113331
1212222112321
1212222112123
1212222123121
1212222123332
1212222123323
1212222123233
1212222122113
1212222122131
1212222122223
1212222122333
1212222121312
1212222132332
1212222132323
1212222132233
1213132231111
1213133133221
1212222133113
1211311233222
1212222133131
1212222133232
1212222133223
1212222133322
1212222133311
1212222131313
1212222131331
1212222131221
1212222131111
1212222331113
1212222331131
1212222331232
1212222331322
1212222331333
1212222331311
1212222333313
1212222333331
1213223132323
1212222333212
1212222333221
1212222333122
1212222332213
1212222332312
1212222332321
1212222332132
1212222332123
1212222321121
1211133331223
1212222321332
1212222321323
1212222322313
1212222322331
1213112232132
1212222322212
1212222322133
1212222323231
1212222323312
1212222312121
1212222312332
1212222312323
1212222312222
1212222313131
1212222313232
1212222313311
1212222311313
1212222311331
1212222311212
1212222311221
1211232311311
1212222311122
1212222311111
1212222221131
1212222221223
1212222221322
1212222221311
1212222223313
1212222223331
1211132113321
1212222223212
1212222222123
1212222231112
1212222231121
1212222231332
1212222231323
1212222231233
1213131132222
1212222231211
1212222232212
1212222233213
1212222233231
1211122121123
1212222233132
1212222233123
1212222213112
1212222213121
1212222213233
1211311312321
1212222212232
1212222212223
1212222211213
1212222211231
1212222211312
1212222211132
1212223111112
1213312323223
1212223111121
1213331112332
1212223111222
1212223111233
1212223112313
1213121113123
1212223112331
1212223112212
1212223112122
1212223112133
1212223113213
1212223113312
1212223133112
1212222133333
1212223133121
1213313331111
1212223133332
1212223133222
1212223133233
1212223132223
1212223132311
1212223131213
1212223131312
1212223131321
1212223131123
1212223122112
1212223122222
1212223123131
1212223123232
1212223123322
1212223123333
1212223121331
1212223121221
1211213233122
1212223121122
1212223121111
1212223231113
1212223231232
1212223231223
1212223231322
1212223233313
1212223233212
1212223233221
1212223233122
1212223233133
1212223233111
1212223232231
1212223232321
1212223232123
1212223221121
1212223221332
1212223222221
1212223222133
1212223223213
1212223223231
1212223223312
1212223223123
1212223212112
1212223212121
1212223212332
1212223212323
1212223212233
1212223212211
1212223213131
1212223213232
1212223213322
1212223213311
1212223211313
1212223211122
1212223211133
1212223321113
1212223321223
1212223323313
1212223323331
1212223323212
1212223323133
1212223323111
1213311123222
1212223322213
1212223322231
1212223322312
1212223322132
1212223331112
1212223331332
1212223331323
1212223331222
1212223331233
1212223332313
1212223332331
1212223332212
1212223332221
1212223332122
1213213212321
1212223332133
1212223332111
1212223333231
1212223333312
1212223333321
1212223313121
1212223313332
1213312112322
1213331133331
1213212132213
1212223313222
1212223313211
1212223312131
1211322223333
1212223312232
1212223312223
1213133323112
1212223312333
1212223311213
1212223311231
1212223311312
1212223311132
1212221311121
1212221311323
1212221311222
1212221311211
1212221312313
1212221312331
1212221312221
1212221312122
1212213223232
1212221312111
1212221313312
1212221313123
1213332232321
1212221333121
1212221333222
1212221333211
1212221332113
1212221332131
1212221332232
1212221332322
1212221332333
1212221332311
1213112323313
1212221331231
1212221331123
1212221322112
1212221322121
1211121223222
1212221322332
1213312323333
1212221322323
1211133121123
1212221322233
1212221322211
1212221323333
1212221323311
1212221321313
1212221321212
1212221321111
1212221211131
1213111323112
1212221211232
1213231212312
1212221211333
1212221211311
1212221213313
1212221213331
1211322113223
1212221213221
1212221213133
1212221212213
1211322323112
1212221212132
1212221223112
1212221223323
1212221223222
1212221223233
1212221222113
1212221222131
1212221222232
1212221222223
1213322332312
1212221222322
1212221222333
1212221221123
1212221232112
1212221232332
1213321312221
1212221233113
1212221233223
1212221233333
1212221233311
1212221231331
1212221231212
1212221231221
1212221231122
1212221231111
1212221121113
1212221121223
1212221123313
1212221123122
1212221122231
1212221122132
1212221131323
1212221131211
1212221132313
1211313212131
1212221132331
1212221133213
1212221133321
1212221133123
1212221113121
1212221113222
1212213322113
1212221113233
1212221113211
1212233333122
1212221112131
1212221112223
1212221112322
1212221111312
1212221111321
1212221111132
1212221111123
1211323123122
1212233113133
1212311111121
1212311111332
1212311111323
1212311112212
1212311112133
1212311112111
1212311113231
1212311113123
1212311133112
1212311133323
1211112223222
1212311133222
1212311133233
1212311133211
1212311132113
1212311132223
1212311132322
1212311132333
1213313232131
1212311132311
1212311131231
1212311131132
1211313322221
1213233123322
1212311131123
1212311122323
1212311122222
1212311123113
1212311123223
1212311123322
1212311121331
1212311121212
1212311121221
1213312122231
1212311121122
1212311231131
1212311231232
1212311231322
1211132333321
1212311231311
1212311233331
1212311233212
1212311233221
1213321131332
1212311233111
1212311232213
1213321221231
1212311232231
1212311232312
1212311232321
1212311232132
1212311221112
1212311221332
1212311221233
1212311222313
1213312231221
1212311222122
1212311222111
1212311223312
1212311223321
1212311223123
1212311212121
1211232322232
1211313133322
1212311212332
1212311212323
1212311212211
1212311213223
1211122113221
1212212233113
1212311213311
1211221322133
1212311211313
1212311211221
1212311211133
1212311211111
1213333312211
1212311321131
1212311321232
1212311321223
1212311321333
1212311321311
1212311323313
1212311323331
1212311323122
1212311323133
1212311323111
1212311322231
1212311322321
1213323233111
1212311322132
1212311322123
1212311331112
1212311331121
1212311331332
1212311331323
1212311331222
1212311332331
1212311332221
1212311332133
1212311332111
1212311313121
1212311313332
1212311312113
1212311312232
1212311311213
1212311311231
1212311311312
1212311311321
1212311311132
1212313311332
1212313312313
1212313312331
1212313312212
1212313312122
1212313313213
1212313313132
1212313333332
1212313333323
1212313333222
1212313333233
1212313332223
1212313332333
1212313331213
1212313331321
1212313322112
1212313322332
1212313322233
1212313322211
1212313323113
1212313323131
1212313323232
1212313323311
1212313321212
1212313321122
1212313321111
1211331121123
1212313211232
1212313211223
1212313211322
1212313211333
1212313211311
1212313213313
1212313213331
1212313213221
1212313213122
1212313213133
1212313213111
1212313212231
1212313212312
1212313212321
1212313223332
1212313223323
1212313223233
1212313223211
1212313222232
1212313222223
1212313222322
1212313221213
1212313221231
1212313221132
1212313221123
1212313232332
1212313232323
1212313232222
1212313232233
1212313232211
1212313233113
1213321113222
1212313233131
1212313233232
1212313233223
1212313233322
1212313231212
1212313231221
1212313231122
1212313121113
1212313121131
1211333313133
1212313121333
1212313121311
1212313123313
1212313123331
1211231321333
1212313123212
1212311123232
1212313123221
1212313123111
1212313122312
1213233213311
1212313122132
1212313122123
1212313131112
1212313131121
1212313131332
1212313131323
1212313131222
1212313131233
1212232211212
1212313132331
1213211113132
1212313132212
1212313132122
1212313132133
1212313133213
1212313133231
1212313133321
1212313133132
1212313113112
1212313113222
1212313113233
1212313113211
1212313112232
1212313112223
1212313112322
1213323122222
1212313112333
1212313111213
1212313111321
1212313111123
1212312211121
1211233233113
1212312211332
1212312211222
1212312212313
1212312212331
1212221232222
1212312212221
1212312212122
1212312212133
1212312212111
1213111213312
1212312213231
1212312213321
1212312213132
1212312213123
1212312233121
1212312233323
1212312232131
1212312232232
1212312232333
1212312231213
1212312222112
1212312222121
1212312222323
1212312222233
1211111213323
1212312223113
1212312223322
1212312223333
1213321123122
1213211331211
1213111122122
1212312223311
1213312331213
1212312221212
1212312221221
1212312221122
1213222223132
1213121332313
1212312221111
1212312311113
1212312311322
1212312311333
1212312313331
1212312313212
1212312313133
1212312313111
1212212331213
1212312312213
1212312312312
1212312323112
1212312323332
1212312323323
1212312323233
1212312323211
1212312322113
1212312322131
1212312322322
1212312321231
1213133311131
1212312332121
1212312332222
1212312332233
1213223113313
1213122121222
1212312332211
1212312333131
1212312333232
1212312333333
1212312331212
1212312331111
1213121323111
1212312131113
1212312131131
1212312131232
1212312131223
1212312131322
1212312133212
1212312133122
1212312132231
1212312132312
1212312132321
1212312132132
1212312121332
1212312121222
1212312121211
1212221121311
1212312122313
1212312123231
1212312112112
1212312112332
1212312112323
1212312113113
1212312113223
1212312113333
1212312111313
1212312111331
1212312111221
1212312111122
1213232212333
1212312111111
1212323111113
1212323111131
1212323111232
1212323111223
1212323113313
1212323113331
1212323113221
1212323113111
1212323112231
1212323112132
1211313321121
1212323123112
1212323123332
1212232321113
1212323123211
1212323122131
1212323122232
1212323122333
1212323122311
1212323121213
1212323121231
1213312111123
1213221221212
1213232322331
1212323121312
1212323132121
1212323132332
1212323132323
1212323132222
1212323133113
1212323133131
1212323133232
1212323133223
1212323133322
1212323133311
1212323131313
1212323131331
1213222113312
1212323131212
1212323131133
1212213113311
1212323131111
1213233311123
1212213211323
1212323331113
1212323331131
1212323331232
1212323331322
1213213131332
1212323331311
1212323333313
1212323333331
1213121221211
1212323333122
1211133322313
1212323333133
1212323333111
1212323332213
1212323332132
1212323332123
1211131112233
1212323321112
1212323321121
1212323321332
1212323321323
1212323322313
1213133222211
1212323322331
1212323322221
1212323322111
1212323323213
1211233312331
1212323323132
1212323312112
1211133132233
1212323312121
1212323312332
1212323312233
1212323312211
1212323313113
1212323313232
1212323313333
1211222233131
1212323311122
1213132233311
1212323311133
1211123331323
1213331312312
1212323221113
1212323221131
1212323221232
1212323221223
1212323221322
1212323221333
1212323223212
1212323223221
1212223231333
1212323223122
1213332232231
1212323223133
1212323222213
1212323222132
1212311123131
1212323231323
1212323231233
1212323232313
1212323232133
1212323233213
1212323233231
1212232223321
1212323233312
1212323233321
1212323233132
1212323233123
1212323213112
1212323213121
1212323213332
1212323213222
1212323213233
1211123212222
1212323213211
1212323212113
1211213132223
1212323212131
1212323212311
1212323211213
1212323211231
1212323211321
1212323211123
1212322111112
1212322111121
1213322322122
1212322111332
1212322111323
1212322111222
1212322112331
1212322112212
1212322112221
1213111313313
1212322112133
1212322113213
1212322113132
1212322113123
1212322133112
1212322133121
1212322133332
1212322133323
1212322133233
1212322132113
1212322132232
1212322132322
1212322132333
1212322132311
1212322131132
1212322131123
1212322122112
1212322122121
1212322122323
1212322122211
1211113131311
1212322123113
1212322123131
1212322123232
1212322123311
1212322121122
1212322231113
1212322231131
1212322231232
1213211331332
1212322231333
1212322233313
1212322233212
1212322233221
1212322233133
1212322233111
1212322232213
1212322232231
1212322232312
1212322232132
1212322232123
1212322221112
1212322221121
1212322221332
1212322221222
1212311333321
1212322222313
1212322222331
1212322222212
1212322222221
1213113123121
1212322222133
1212322222111
1212322223231
1212322223132
1212322223123
1212322212112
1212322212121
1212322212332
1212222123211
1212322212211
1212322213131
1212322213311
1212322211313
1212322211221
1212322211111
1212322321113
1212322321232
1212322321223
1212322321311
1212322323313
1213232311212
1212322323212
1212322323221
1212322323122
1212322323133
1212322322231
1212322322312
1212322322321
1212322322123
1212322331112
1212322331332
1212322331222
1212322331211
1212322332221
1212322333213
1212322333312
1212322333321
1212322313121
1212322313323
1212322313211
1212322312113
1212322312223
1212322312322
1213121221233
1212232122323
1212322311231
1212322311321
1212322311132
1212211131313
1212322311123
1212321211112
1212321211121
1212321211332
1212321211233
1212321211211
1212321212313
1211221133311
1212321212212
1212321212122
1212321213213
1212321213231
1211222122213
1212321213312
1213213221312
1212321213123
1212321233112
1212321233332
1212321233222
1212321232113
1211311313221
1212321231213
1212321231312
1212321222112
1212321222332
1212321222222
1212312111212
1212321222233
1213211321131
1212321223131
1212321223322
1211331123121
1212321223333
1212321223311
1212321221212
1212321221122
1212321221111
1212321311232
1212321311322
1213222122332
1212321313331
1212321313212
1212321313221
1212321313122
1212321313133
1212321312231
1211212123233
1212321312132
1212321312123
1212321323121
1212321323323
1212321323222
1212321323233
1212321323211
1212321322131
1212321322223
1212321322333
1212321322311
1212321321231
1212321321312
1212321321123
1212321332332
1212212111132
1212313321133
1212321332233
1212321333113
1212321333131
1212321333333
1211212231233
1212321331212
1212321331221
1212231311333
1212321331111
1212321131113
1212321131232
1212321131333
1212321131311
1212321133313
1212322113321
1212321133331
1212321133212
1212321133122
1212321133133
1212312132213
1212321133111
1212321132231
1212321132312
1212321132321
1212321132123
1212321121323
1212321121211
1212321122221
1212321122133
1211223322113
1212321122111
1212321123312
1212321123321
1212221121131
1212321123132
1212321112121
1212321112332
1212321112222
1212321112211
1212321113113
1212321113131
1212321113232
1212321111313
1212321111331
1211123231333
1212321111212
1212321111221
1212321111122
1213313131322
1212321111133
1212321111111
1212332111113
1212332111131
1212332111232
1213121231311
1212332111322
1211331133333
1212332113331
1212332113212
1212332113122
1212332113133
1212332112312
1213321233223
1212332112321
1212332123112
1212332123121
1212332123332
1212332123323
1212332123222
1212332123211
1212332122232
1212332122223
1212332122322
1212332122311
1212332121312
1212332121321
1212332132112
1212332132332
1212221123221
1212332132222
1212332132211
1212332133131
1212332133223
1212332133311
1212332131313
1212332131133
1212332331113
1212332331232
1212332331223
1212332331322
1212332331333
1212323323321
1212332333313
1212332333331
1212332333122
1212332332132
1212332321112
1211133321112
1213112122233
1212332321121
1212332321332
1212332321323
1212332321222
1212332321233
1212332321211
1212332322122
1212332322111
1212332323123
1212332312112
1212332312121
1212332312233
1212332313232
1212332313322
1211132332313
1212332313333
1212332311221
1212332311122
1213313321213
1212332221113
1212332221232
1212332221223
1212332221322
1212332221311
1212332223331
1212332223212
1212332223133
1212332223111
1212332222312
1212332231222
1211122322111
1212332232122
1212332232133
1212213212331
1212332233213
1212332233231
1211331123112
1212332233132
1212332233123
1212332213112
1212332213121
1212332213332
1212332213323
1212332213233
1212332212113
1212332212322
1213323112122
1212332212333
1212332211321
1212332211132
1212333111121
1212333111233
1212333112331
1212333112221
1212333112122
1212333112133
1212333113213
1212333113231
1212333113312
1212333133112
1212333133121
1212333133323
1212333133222
1212333132113
1212333132131
1212333132223
1212333132322
1212333132333
1212333132311
1212333131213
1212333131132
1212333131123
1212333122121
1212333122323
1212333123131
1212333123232
1212333123223
1212333123322
1212333123311
1212333121331
1212333121122
1212333121133
1212333231113
1212232213322
1212333231223
1212333231322
1212333231333
1212333231311
1212333233331
1212333233212
1213233133233
1212333233221
1212333232213
1211123132311
1212333232132
1212333232123
1212333221112
1212333221121
1212333221332
1212221331213
1212333221222
1212333221211
1212333222331
1213331321132
1212333222212
1212333222111
1212333223213
1212333223231
1212333223312
1212333223132
1212333212112
1212333212222
1212333212233
1212333212211
1212333213131
1212333213232
1212333213223
1212333211331
1212333211212
1212333211122
1212333211111
1212213322311
1212333321113
1212333321232
1212333321333
1212333323221
1212333323133
1212333323111
1212333322312
1212333322132
1212333331112
1212333331121
1212333331323
1212333331222
1212333331233
1212333332212
1212333332133
1212333332111
1212333333231
1212333333312
1212333333321
1212333333132
1212333333123
1212333313112
1212333313121
1212333313323
1212333313222
1212333312223
1212333312322
1212333312311
1212333311231
1212333311123
1212331311112
1212331311121
1212331311332
1213322111113
1212331311323
1211123113321
1212323122322
1212331311233
1212331312331
1212331312212
1212331312221
1212331312122
1212331312133
1212331313231
1212331313321
1212331333112
1212331333332
1212331332113
1212331332232
1212331332322
1212322333132
1212331332333
1212331332311
1212331331312
1212331331321
1212331331132
1212213232113
1212331322323
1211133122131
1212331323131
1212331323322
1212332131331
1212331323333
1212331321212
1212331321122
1213212311113
1212331321111
1212331211113
1212331211223
1212331211322
1213233211212
1212331211311
1212331213331
1212331213122
1212331213111
1212331212213
1212331212231
1211233131211
1212331212312
1212331212132
1212331223121
1212331223211
1212331222113
1212233221223
1212331222131
1212331222223
1212331222333
1213112122121
1212331222311
1212321121233
1212331221231
1212331221321
1213322223133
1212331221132
1212331221123
1213111133122
1212331232121
1212331232332
1212331232233
1212331233113
1212331233232
1212331233322
1212331231313
1212331231331
1212331231212
1213322323321
1212331231221
1212331231122
1212331121223
1212331121311
1212331123313
1212331123212
1212331123221
1212331123122
1212331123111
1212331122213
1212333322213
1212331122231
1212331122132
1212331122123
1212331131112
1211322211323
1212331131332
1212331131323
1212331131233
1211222222322
1212331132313
1212331132331
1212331132122
1212331132111
1212331133231
1212331133312
1212211221311
1212331133132
1212331133123
1212331113112
1212331113332
1212331112131
1212331112232
1212331112322
1212331111312
1212331111321
1212131111112
1212131111121
1212131111332
1212131111211
1212131112331
1212131112122
1212131112133
1212131113321
1212131113132
1212131133112
1212131133323
1212131133222
1212131133233
1212131133211
1212131132113
1212131132232
1212131132223
1212131132322
1212131132333
1212131132311
1212131131231
1212131131312
1212131131123
1212131122112
1212131122121
1212131122233
1212131122211
1211113311322
1212131123113
1212131123131
1212131123232
1212131123223
1212131123322
1212131121313
1213132321122
1212131121221
1211232233222
1212223111332
1212131121122
1212131121133
1212131121111
1212131231232
1212131231322
1212131231333
1212131233313
1212131233221
1211231222331
1212131233133
1211311132231
1212131233111
1212131232231
1212131232123
1212131221211
1212131222331
1213111232232
1212131222221
1212131222122
1212131222133
1212131222111
1212131223231
1212131223312
1212131223321
1212131223132
1213212332233
1212131212121
1213332233111
1212131212332
1212131212323
1212131212222
1212131212233
1212131212211
1212131213113
1212131213131
1212131213232
1212131213333
1212131211313
1211113332112
1212131211212
1212131211122
1212131321131
1212131321223
1212131321322
1212131323331
1212131323212
1212131323221
1212131322213
1212131322321
1211211112113
1212131322123
1212131331323
1212131331222
1212131332331
1212131332212
1212131332221
1211333132132
1212131333213
1212231113131
1212131333231
1212131333312
1212131333321
1212131333123
1212131313121
1212131313323
1212131312131
1212131311213
1212131311231
1212131311312
1212131311321
1212133311332
1212133311323
1212133311233
1211222331123
1212133312313
1212133312331
1212133312221
1212133312111
1212133313213
1212133313231
1212133313312
1212133313321
1212133313132
1212133333112
1212133333121
1212133333332
1212133333222
1213313333232
1212133333233
1212133333211
1212133332131
1212133332223
1212133332311
1212133331213
1212133331312
1212133331321
1212133331123
1211312312311
1212133322112
1213321313312
1212133322323
1212133322233
1212133323113
1212133323131
1212133323322
1211123331222
1212133323311
1212133321331
1212133321122
1212133211113
1212332231121
1212133211223
1212133211322
1212133213313
1213332131132
1212133213331
1212133213212
1212133213221
1212133213111
1212133212213
1212133212312
1211333233112
1212133212321
1212133212123
1212133223112
1212133223332
1212133223323
1212133223233
1212133222232
1212213331221
1212133222223
1212221333233
1212133222322
1212133222333
1212133222311
1212133221213
1212133221231
1212133221312
1212133221123
1212133232112
1212133232332
1212133232222
1212133232233
1212133233113
1212133233131
1212133233223
1212331312313
1212133233333
1212133231313
1212133231331
1212133231212
1212133231221
1212133231122
1212133231111
1212133121131
1212133121223
1212133121322
1212133121333
1212133123331
1212133123212
1212133123122
1212133122231
1212133122312
1212133122132
1212133131112
1212133131323
1212133132331
1212133132221
1211323221132
1212133132133
1212133133213
1212133133231
1212133133321
1212133113112
1212133113233
1212133113211
1212133112232
1212133112223
1212133112322
1212133112333
1211122312233
1212133111231
1212133111312
1213111233332
1212133111321
1212133111123
1212132211112
1212132211121
1212132211323
1212132212313
1213231322112
1212132212212
1212132212133
1212132213213
1212132213321
1212132213132
1212132233112
1212132233222
1212132233233
1212132232232
1212132232223
1212132231213
1212132231231
1212132231312
1212132222332
1212132222323
1213332112111
1212132222222
1213333223221
1212132222233
1212132223131
1212132223232
1212132223223
1211233231313
1212132223333
1212132221313
1212132221122
1212132311223
1212132311333
1211331313232
1212132311311
1213222131231
1212132313331
1212232222331
1212132313212
1213211311312
1212132313221
1213231211232
1212132313122
1212132313111
1212132312213
1212132312231
1211323132221
1212132312312
1212132323112
1213223312332
1212132323121
1212132323332
1212132323323
1212132323222
1212132323211
1212132322113
1212132322232
1212132322223
1212132322333
1212132321213
1212132321123
1212132332112
1211213333213
1212132332121
1212132332332
1212132332323
1212132332222
1211121213313
1212231232131
1212132332233
1212132332211
1212132333113
1212132333232
1212132333322
1212132333333
1212132333311
1212132331313
1212132331212
1211133313322
1212132331221
1211123213333
1212132331122
1212132331133
1212132131131
1212132131232
1212132131322
1212132131311
1212132133313
1212132133111
1212132132231
1212132132123
1212132121332
1212132121323
1212132121222
1212132121233
1212132122212
1212221122312
1212132122221
1212132122122
1212132122111
1212132123312
1211112331312
1213323211122
1212132123321
1212132123132
1212132123123
1211333211332
1212132112112
1212132112323
1212132113113
1212132113311
1212132111212
1212132111133
1213223333122
1212132111111
1213122321231
1212121111131
1212121111311
1212121113313
1212121113331
1212121113212
1212121113221
1212121113111
1212121112312
1212121123112
1212121123222
1212121123233
1212121123211
1212121122113
1211223112112
1212121122131
1212121122223
1212121122333
1212121121231
1212121132332
1212121132323
1212121132222
1212121133232
1212121133223
1212121133333
1212121131331
1212121131122
1212121131111
1212121331113
1212121112231
1212121331223
1212121331322
1212121331333
1212121331311
1212121333313
1212121333331
1213222223321
1212121333122
1212121332312
1212121321332
1213113323213
1212121321222
1212121321211
1212121322313
1211311332233
1212121322133
1212121312121
1212223321333
1212121312211
1212121313113
1213231323311
1212121313131
1212121313223
1212121313322
1212121313333
1212121311313
1212121311212
1212121311133
1212121311111
1212121221223
1212121223313
1212121223331
1212121223221
1212121223133
1212121222213
1212121222321
1212121231112
1212121231222
1212121231211
1212121232331
1212121232212
1212121232221
1212121232122
1212121233213
1212121233312
1212121233123
1212121213112
1211312223321
1212121213332
1212121213323
1212121213233
1212121212113
1212121212131
1212121212232
1212121212223
1212121212322
1212121211312
1212122311112
1212332311331
1212122311121
1212122311323
1212122312313
1212122312133
1212122312111
1212122313231
1212122313312
1212122313321
1212122333112
1213311322313
1212121221311
1212122333121
1212122333323
1212122333222
1212122333211
1212122332113
1212122332131
1212122332322
1212122332333
1212122332311
1212122331321
1212122331132
1212122331123
1212122322112
1212122322332
1212122322233
1212122322211
1213213211131
1212122323113
1212122323131
1212122323322
1212321222211
1212122323311
1212122321212
1212122321221
1212122321122
1212122211113
1212122211131
1212122211223
1212122211322
1212122211311
1212122213313
1212122213331
1212122213221
1212122212213
1212122212321
1212122212132
1212122223121
1212122223233
1212122222113
1212122221213
1212122221321
1212122221132
1211222321133
1212122221123
1213312212213
1212122232121
1213111122212
1212122232211
1212122233113
1212122233232
1212122233322
1211313231112
1212122233311
1211211231212
1212122231122
1212122231111
1212122121232
1212122121333
1212122121311
1212122123221
1212122123122
1212122123111
1212122122213
1212122122231
1212122122123
1212122131112
1212122131121
1211311213123
1212122131332
1212122131323
1213123112311
1212133211131
1212122132212
1212312323121
1212122132133
1212122132111
1212122133231
1212122133132
1212122113112
1212122113121
1212122113323
1212122113222
1212122113233
1212122113211
1212122112113
1212122112223
1212122112322
1212122112333
1211323121131
1213223312233
1212122112311
1212122111213
1211221332132
1212122111231
1212122111132
1212123211323
1212123211222
1212123211233
1212123211211
1212123212221
1213223133311
1212123212122
1212123212133
1212123212111
1212123213213
1212123213312
1212312233233
1212123213321
1212123213132
1212123213123
1212123233211
1212123232113
1212123232223
1211212331311
1212123232333
1212123232311
1212123231213
1212123231312
1212123231321
1212123231123
1212123222222
1212123222233
1212123222211
1212123223131
1212123223322
1212123223333
1212123223311
1212123221313
1212321123213
1212123221212
1212123221122
1212123311113
1212123311131
1212123311232
1212123311223
1212123311322
1212123311333
1212123313331
1212123313221
1213122323323
1212123313122
1212121322212
1212123313133
1212123312231
1212122222333
1212123312312
1212123312321
1212123312123
1212123323112
1212123323323
1212123323233
1212123322131
1212123322223
1212123322322
1212123322333
1212123322311
1212123321213
1212123321231
1212123321132
1212123332112
1212123332332
1212123332323
1212123332233
1212123333113
1212123333131
1212123333232
1212123333322
1212123333311
1212123331313
1212123331221
1212123331122
1212123131113
1212123131131
1212123131232
1212123131333
1212123131311
1212123133313
1212123133331
1213233312223
1212123133122
1212123133133
1212123133111
1212123132213
1212123132231
1212123121112
1212123121233
1212121332231
1212123121211
1212123122313
1212123122331
1212123122221
1212123122122
1212123123231
1212221111213
1212123123312
1212123123123
1212123112112
1212123112323
1212223321311
1212123112222
1213222212222
1212123112233
1212123113322
1212123111331
1212123111212
1212123111221
1212123111111
1212112111131
1212112111322
1212112113313
1212112113331
1212112113212
1212112113221
1212112113122
1212112113133
1212112113111
1212112112231
1212112112132
1213232131221
1212112123121
1212112123332
1212112123211
1212112122113
1212112122131
1212112122223
1212112122322
1212112121213
1212112121132
1212112121123
1212112132112
1211133131133
1212112132332
1212112132323
1212112132233
1212112132211
1212112133131
1212112133223
1212112133322
1212112131212
1212112131221
1211333312321
1212112131122
1212112331113
1212112331131
1212112331322
1212112331333
1212112331311
1213322232221
1212112333313
1212112333331
1211111231211
1211221133322
1213132132133
1212112333212
1212112333221
1212112333122
1211313311133
1212112333133
1212112332213
1212112332312
1212122331231
1212112332132
1211223331122
1212112321112
1212112321323
1212112321233
1212112321211
1213332211331
1212112322212
1212112322221
1212112322122
1212112322111
1212112323231
1212112323312
1213211231311
1212112323123
1212112312112
1212112312222
1212112312211
1212112313131
1212112313223
1212112313333
1212112311221
1212233322313
1212112311122
1212112311133
1212112221113
1212112221232
1212123212313
1212112221223
1212112221322
1211111131331
1213213331213
1212112221333
1212112223313
1212112223221
1212321221313
1212112223122
1212333312232
1212112222231
1212112222312
1212112222132
1212112231112
1212112231121
1211211222333
1212112231332
1212112231222
1212321331313
1212112231211
1211122332132
1212112232313
1212112232221
1212112232122
1212112232133
1212112232111
1212112233213
1212112233231
1212112233312
1212322321333
1212112233123
1212112213112
1212112213332
1212112213323
1212112213222
1212112213233
1212112213211
1212112212113
1212112212131
1212112212232
1212112212311
1212112211312
1212112211123
1212113111112
1212113111121
1211313131133
1212113111332
1212113111323
1211121223112
1212113111211
1212113112331
1212113112212
1212113112133
1211222232323
1212113113213
1212113113312
1211331132323
1212113113132
1213121213223
1212113133112
1212232231322
1212113133332
1212113133323
1212113133233
1212113133211
1211131123213
1211323211232
1212331331123
1212113132131
1212113132223
1212113132322
1212113132333
1212113132311
1212113131213
1212113131231
1212113131312
1211232313133
1212113122112
1212321332121
1212113122121
1212113122332
1212113122323
1211322211222
1212113122222
1212113123131
1212113123322
1212113123311
1212113121313
1213122312132
1212113121331
1212113121212
1212113121221
1211233322121
1212113121133
1212113121111
1212113231113
1212113231232
1212313321331
1212113231223
1212113231322
1212113231311
1212113233331
1212113233212
1212113233122
1212113233133
1212113233111
1212113232231
1212113232312
1212113232321
1211121231122
1213212213132
1212113221112
1212113221323
1212113221222
1212113221233
1212113221211
1212113222313
1212113222331
1212113222212
1212113222221
1212113222122
1212113222133
1211213123322
1212113222111
1212113223231
1212113223321
1212113223123
1212113212112
1212112332321
1212113212323
1212113212222
1212113213113
1212113213232
1212113213333
1212113213311
1212113211313
1212113211331
1212113211212
1212113211221
1212113211122
1211122322313
1213232131133
1212113211133
1212113321131
1212113321232
1212113321223
1212113321311
1212113323313
1212113323331
1212113323221
1212113323133
1212113323111
1212113322213
1212113322231
1212113322312
1212113322321
1212113322123
1212113331112
1212113331121
1212113331323
1212113331233
1212113331211
1212113332313
1213232213323
1212113332331
1212113332221
1212113332122
1212113332133
1212113332111
1212113333213
1212113333231
1212113333132
1212113313112
1212113313121
1212113313332
1212223131132
1212113313323
1212113313222
1212113313211
1213331331221
1212113312232
1212113312223
1212113311231
1212332232221
1212113311132
1212111311332
1212111311222
1212111311233
1212111312313
1212111312331
1211212221131
1212321112112
1212111312221
1211332313123
1212111312122
1212111313213
1212111313231
1212111313312
1212111313123
1212111333121
1213131312121
1213113121132
1212111333332
1212111333323
1212233313223
1212111332113
1212111332232
1212111332223
1212111332322
1211111113111
1212111332311
1213212313331
1212111331213
1212111331231
1212111331321
1212111331123
1212111322112
1212111322121
1212111322332
1212111322323
1213322123211
1212111322233
1212111322211
1212322313332
1212111323113
1212111323131
1212111323232
1212111323223
1212111323322
1212111321313
1212111321331
1212111321212
1212111321122
1212111321111
1212111211113
1212111211131
1212111211223
1212111211333
1212111213313
1212111213331
1212111213212
1212111213111
1212111212213
1212111212132
1212111212123
1212111223222
1212111223233
1212111223211
1212111222113
1212111222131
1212111222311
1212111221213
1212111221231
1212111221132
1212111232112
1211313333331
1212111232332
1212111232323
1212111232233
1211212122322
1212111232211
1212111233113
1212111233131
1212111233311
1212111231313
1211233231212
1212111231331
1212111231212
1212111231221
1212111121131
1213221121222
1212111121232
1212111121223
1212111121333
1212111123313
1212111123331
1211232123312
1212111123221
1212222111113
1212111123122
1212111122213
1212111122312
1211331332231
1212111131121
1211121323131
1212111131332
1212111131222
1212111131233
1212111132331
1212111132212
1212111132122
1212111132133
1212111133312
1212111133321
1212111113121
1212111113332
1212111113323
1212111113222
1212111112113
1212111112322
1212111112311
1211333212111
1212111111213
1212111111231
1212111111312
1212111111123
1223111111323
1223111111211
1223111112313
1212323123222
1223111112331
1223111112212
1223111112221
1223111112122
1223111112111
1223111113231
1223111113312
1211112333121
1223111113321
1223111113132
1223111133121
1213313311333
1213111321312
1223111133332
1223111133222
1223111132131
1223111132322
1223111132333
1211132121133
1213122332211
1223111131213
1223111131231
1223111131132
1223111131123
1223111122112
1223111122121
1223111122332
1223111122222
1223111122233
1212233311111
1223111123113
1223111123223
1213111331133
1223111121331
1223111121212
1223111121221
1223111121133
1223111121111
1223111231113
1223111231232
1223111231223
1213131121321
1223111231311
1223111233331
1223111233212
1223111232213
1223111232321
1223111221112
1223111221121
1211111331311
1223111221222
1213323322123
1223111222313
1223111222212
1223111222122
1223111222133
1223111223213
1223111223312
1213223122333
1223111223321
1223111223123
1223111212112
1213131233132
1223111212332
1211213223231
1223111212222
1223111212211
1223111213113
1223111213232
1223111213322
1223111213333
1223111213311
1223111211313
1223111211221
1223111211122
1223111211133
1223111321131
1223111321232
1223111321322
1223111321333
1213233312131
1223111321311
1223111323313
1223111323331
1223111323212
1223111323122
1223111323133
1211232211233
1223111323111
1223111322231
1223111331121
1223111331332
1223111331323
1223111332122
1223111332111
1223111333213
1223111333321
1223111333132
1223111313121
1223111313332
1223111313222
1223111313233
1223111312232
1223111312322
1223111312311
1213131133223
1223111311231
1223111311321
1223111311132
1223111311123
1223113311112
1223113311121
1213233211122
1223113311332
1223113311222
1212322222122
1223113312331
1223113312221
1223113312122
1223113312111
1223113313213
1223113313231
1223113313123
1223113333112
1223113333121
1223113333332
1211233313321
1223113333323
1223113332232
1212133322222
1223113332223
1212312322223
1223113332311
1223113331213
1223113322121
1223113322323
1223113322233
1223113322211
1213312113112
1223113323113
1223113323131
1223113323333
1223113323311
1213222331332
1223113321212
1223113321221
1223113321133
1223113321111
1223113211113
1212212333233
1223113211131
1223113211322
1223113211333
1223113211311
1223113213313
1223113213212
1223113213221
1213332132311
1223113213133
1223113212213
1223113212231
1223113212321
1223113212123
1212232131132
1223113223121
1223113223323
1223113223222
1223113223233
1223113223211
1223113222232
1223113222333
1223113221231
1223113221312
1213213331231
1223113221321
1223113221132
1223113221123
1211332221123
1223113232112
1223113232121
1223113232332
1213223121321
1212312121323
1223113232233
1223113233131
1223113231331
1223113231212
1223113231221
1223113231122
1223113231133
1223113231111
1223113121131
1223113121232
1211331111322
1213123333233
1223113121223
1223113121322
1223113123331
1223113123212
1223113122213
1223113122312
1223113122321
1223113122132
1223113131121
1223113131222
1223113131233
1223113132313
1223113132212
1223113132221
1213122113322
1223113132122
1223113132111
1211321332111
1223113133312
1223113133321
1223113113121
1223113113332
1223113113323
1211112231331
1223113113233
1223113113211
1223113112113
1223113112232
1223113112223
1223113112322
1223113112333
1223113112311
1223113111213
1213313132213
1223113111312
1223113111321
1223113111132
1223113111123
1223112211222
1223112211233
1223112211211
1212323322212
1223112212313
1223112212221
1223112212122
1223112212111
1223112213213
1211121222311
1223112213312
1223112213321
1223112213132
1223112213123
1223112233112
1212123132321
1223112233121
1223112233332
1212231321213
1223112233222
1223112233233
1223112232113
1223112232131
1213212112332
1223112232232
1223112232223
1223112232333
1223112231213
1212123233121
1223112231312
1213113333111
1223112231123
1223112222112
1223112222121
1223112222323
1223112222211
1223112223113
1211231233212
1223112223131
1223112223232
1223112223322
1213323221222
1223112223311
1212233131212
1223112221331
1223112221212
1223112221122
1223112221111
1223112311232
1223112311322
1223112311333
1223112313221
1223112313111
1223112312213
1223112312231
1213321313132
1212111323311
1223112312312
1223112312321
1223112323112
1223112323332
1223112323323
1223112323222
1223112323233
1223112323211
1211112213313
1213233131213
1223112322113
1213211321223
1223112322223
1223112322322
1223112321231
1223112321312
1223112321132
1223112321123
1223112332121
1223112332332
1223112332323
1223112332211
1223112333113
1223112333131
1223112333232
1223112333223
1223112333333
1211112212132
1223112333311
1223112331313
1223112331331
1223112331212
1223112331221
1223112331133
1212132333131
1223112331111
1212221232211
1223112131131
1223112131333
1223112131311
1213323331332
1223112133313
1213312222322
1223112133212
1223112133221
1223112132213
1223112132231
1223112132312
1223112132321
1223112132132
1212133312212
1223112132123
1223112121112
1212131332111
1223112121121
1223112121222
1213121312113
1223112121233
1223112121211
1213211122233
1223112122331
1223112122212
1223112122122
1223112122133
1213123221132
1223112122111
1213231211322
1223112123213
1223112123231
1223112123312
1223112123321
1223112112332
1223112112222
1223112112233
1223112112211
1213222313211
1223112113113
1223112113223
1223112113322
1223112113333
1211112331132
1223112111313
1223112111331
1223112111133
1212113223132
1223112111111
1212313311233
1223123111131
1223123111223
1212123211332
1223123111322
1212332112123
1223123113313
1223123113331
1223123113212
1223123113122
1213313131223
1213323121313
1223123113111
1223123112231
1223123112123
1223123123332
1223123123222
1223123123233
1223123123211
1213211131321
1223123122113
1212211311111
1223123122232
1213122111122
1223123122223
1213322112231
1223123122322
1223123121231
1223123121312
1223123121123
1213313122133
1223123132112
1223123132332
1223123132323
1223123132222
1223123132233
1211112111312
1223123132211
1223123133113
1223123133223
1223123133322
1223123131313
1223123131212
1223123131221
1223123131122
1223123131111
1223123331113
1223123331131
1212121111333
1223123331223
1223123331322
1223123331333
1223123331311
1223123333313
1223123333331
1223123333212
1223123333122
1223123333111
1223123332213
1223123332231
1223123332312
1223123332321
1223123321121
1223123321323
1223123321233
1213232221311
1223123322313
1223123322331
1212112311331
1223123322212
1212313212132
1223123322111
1212113133121
1223123323231
1223123323312
1223123323123
1223123312112
1213231212321
1223123312332
1223123313113
1223123313223
1223123313322
1223123313311
1213221122313
1223123311313
1213211113321
1223123311212
1223123311221
1223123221113
1223123221131
1223123221223
1223123221322
1223123221333
1223123221311
1223123223313
1211321322132
1223123223221
1212112223111
1223123223122
1213331133212
1223123223133
1223123223111
1223123222231
1223123222123
1223123231121
1223123231332
1223123231323
1223123231222
1223123232313
1212122222232
1223123232331
1223123232212
1223123232122
1223123232133
1223112222332
1223123232111
1223123233213
1212331233131
1223123233312
1223123233321
1223123233132
1213312133321
1223123213112
1213222222331
1223123213121
1223123213323
1223123213222
1223123213233
1223123212232
1223123212223
1223123212322
1212112322313
1223123212311
1223123211213
1223123211231
1223123211321
1223123211132
1211313323312
1223123211123
1223122111332
1223122111233
1223122111211
1223122112212
1223122112221
1223122112122
1223122112111
1223122113231
1223122113321
1223122113123
1211222233311
1223122133112
1211331131122
1223122133121
1213321332131
1213213132331
1223122133332
1213131211213
1223122133323
1211331232331
1223122133222
1211212312211
1223122132113
1223122132131
1213223223111
1223122132223
1223122132333
1223122132311
1223122131312
1223122131132
1223122131123
1213123111123
1223122122332
1223122122233
1223122122211
1223122123232
1223122123223
1223122123333
1223122121313
1223122121122
1223122121133
1223122231113
1223122231131
1223122231223
1223122231311
1223122233331
1223122233111
1213112122323
1223122232213
1223122221332
1223122221222
1223122221233
1223122222331
1223122222122
1223122222133
1212322332111
1212133132313
1212111113112
1223122222111
1223122223213
1223122223231
1223122223312
1223122223321
1211231212121
1223122223132
1223122212112
1223122212121
1223122212332
1223122212323
1223122212233
1223122213113
1223122213333
1223122211313
1223122211331
1223122321131
1223122321223
1223122321322
1223122321333
1223122323212
1223122323111
1223122322123
1223122331112
1223122331332
1223122331233
1213321113323
1223122332313
1223122332212
1212112313232
1223122332122
1223122332133
1223122333213
1213211313222
1223122333312
1223122333321
1211223212122
1223122313323
1211323233333
1223122313211
1223122312113
1223122312131
1223122312232
1223122312223
1223122312311
1223122311213
1223122311231
1223122311312
1211322113333
1223122311321
1223122311132
1223122311123
1223121211112
1223121211121
1223121211332
1211323322323
1223121211222
1223121211211
1223121212331
1213231332311
1213123113211
1223121212212
1223121212221
1211311221111
1223121212122
1223121212133
1223121212111
1223121213231
1223121213312
1223121213321
1223121233112
1223121233121
1223121233332
1223121233222
1223121233211
1213211313121
1223121232232
1223121231213
1223121231231
1223121231312
1223121231321
1223121231123
1211212131221
1223121222112
1223121222332
1212121311331
1223121222233
1223121223113
1211311211233
1223121223131
1223121223232
1223121223223
1223121223322
1223121223333
1223121223311
1223121221331
1223121221212
1223121221133
1223121221111
1223121311131
1223121311223
1223121311322
1223121311333
1223121313313
1223121313331
1223121313212
1223121313122
1223121313133
1223121313111
1223121312213
1223121312312
1223121312321
1223121312132
1223121323332
1223121323323
1223121322131
1223121322232
1223121322322
1223121322333
1223121322311
1223121321213
1213213321221
1223121321231
1223121321312
1223121332121
1223121332332
1223121332211
1223121333232
1223121333311
1223113313312
1223121331313
1223121331331
1223121331212
1223121331221
1223121331122
1223121331111
1223121131131
1213231333121
1223121131232
1223121131223
1223121131322
1212233131133
1223121131333
1223121131311
1223121133331
1223121133221
1211223311113
1223121133122
1223121132231
1223121132132
1223121132123
1223121121121
1223121121332
1223121121323
1223121121222
1223121121233
1223121122313
1223121122331
1223121122221
1223121122122
1223121122111
1223121123213
1223121123132
1223121123123
1223121112121
1223121112332
1223121112323
1211212223122
1223121112222
1212131222313
1223121112233
1223121112211
1223121113113
1223121113131
1223121113232
1223121113333
1223121113311
1223121111331
1223121111212
1223121111221
1223121111133
1223121111111
1223132111223
1223132111322
1223132111311
1223132113313
1223132113331
1223132113212
1223132113221
1223132113122
1223132113133
1223132112321
1223132112123
1223132123121
1223132123332
1223132123323
1223132123233
1223132122113
1223132122311
1223132121213
1223132121312
1223132121321
1213232123332
1223132121132
1223132121123
1223132132112
1223132132332
1223132132323
1223132132233
1212233311122
1223132132211
1223132133113
1211121212231
1223132133131
1223132133223
1223132133322
1223132133311
1223132131331
1223132131122
1223132331113
1223132331131
1223132331232
1223132331322
1213132212231
1223132331333
1212212321313
1223132333313
1223132333133
1223132333111
1211211233113
1223132332213
1223132332312
1223132332132
1223132321112
1223132321233
1223132322313
1223132322331
1223132322221
1223132322133
1223132323213
1223132323231
1223132323312
1223132323321
1223132323132
1223132323123
1223132312112
1223132312332
1223132313131
1223132313223
1223132313311
1223132311313
1223132311331
1213133222233
1223132311212
1223132311221
1223132311122
1223132311133
1223132221131
1223122123113
1223132221223
1223132221311
1223132223313
1223132223331
1223112221221
1223132223212
1223132223221
1223132223133
1223132222132
1223132222123
1223132231112
1223132231121
1223132231332
1223132231233
1223132232313
1223132232331
1223132232212
1223132232122
1223132232133
1211323212213
1223132232111
1223132233213
1223132233123
1223132213121
1223132213332
1223132213323
1223132213222
1223132213233
1223132213211
1223132212113
1223132212131
1223132212232
1223132212322
1223132212333
1223132212311
1211132231113
1223132211231
1223132211321
1223132211123
1223133111121
1211233212321
1223133111323
1223133111233
1223133111211
1223133112313
1223133112331
1223133112212
1223133112221
1212333212332
1223133112122
1223133113312
1223133113321
1223111311312
1223133113123
1223133133112
1213111222211
1223133133222
1223133132131
1212121123121
1223133132232
1223133132223
1223133132311
1223133131213
1223133131312
1223133131132
1223133131123
1223133122112
1223133122121
1223133122332
1223133122323
1223133122222
1223133122233
1213113133322
1223133123113
1223133123131
1223133123232
1223133123223
1223133123322
1223133123311
1211311131113
1223133121331
1223133121212
1223133121221
1223133121122
1223133121133
1223133121111
1223133231113
1223133231131
1223133231223
1223133233313
1223133233331
1223133233212
1223133233221
1223133233122
1223133233133
1223133232213
1223133232231
1211212232212
1213311111232
1223133232312
1223133232321
1223133232132
1223133232123
1223133221112
1223133221121
1223133221222
1223133221233
1211313113212
1223133221211
1223133222331
1223133222212
1223133222122
1223133222133
1223133223213
1223133223231
1223133223321
1223133223123
1223133212112
1223133212332
1223133212323
1223133212222
1212133333323
1223133213113
1223133213131
1223133213232
1223133213223
1223133213322
1212321231123
1223133213333
1223133211313
1223133211221
1223133211111
1212221222311
1212331322233
1223133321113
1223133321232
1223133321223
1223133321322
1211123111211
1223133321333
1223133321311
1223133323313
1223133323133
1223133322231
1223133322132
1223133331112
1223133331121
1223133331332
1223133331323
1223133331222
1223133331233
1223133331211
1212232132223
1223133332313
1223133332331
1213211213223
1223133332122
1223133332133
1223133332111
1223133333213
1223133333231
1223133333132
1223133313112
1223133313121
1223133313332
1223133313233
1211231123311
1223133312113
1223133312131
1211113222211
1223133312223
1223133312333
1223133312311
1223133311231
1212113311213
1223133311321
1223133311132
1211113123213
1223131311112
1223131311323
1211313311331
1223131311211
1211113313313
1211311232322
1223131312331
1223131312221
1223131312122
1213323212222
1223131312111
1223131313213
1223131313231
1223131313312
1213123333121
1223131313123
1223131333112
1223131333121
1223131333332
1223131333323
1223131333222
1223131333233
1223131332113
1223131332131
1213122213312
1212333223123
1223131332322
1223131332333
1223131332311
1223131331213
1223131331321
1223131331132
1223131331123
1223131322332
1223131322222
1223131322233
1213133221221
1223131323113
1223131323232
1211323112333
1223131323333
1223131323311
1223131321313
1223131321331
1223131321212
1223131321122
1223131321133
1223131211223
1223131211322
1223131211333
1223131211311
1223131213313
1223131213212
1223131213221
1223131213133
1223131213111
1223131212213
1223131223112
1223131223121
1223131223323
1212333321311
1223131223222
1223131223211
1223131222232
1223131222223
1223131222322
1211313221333
1223131222333
1223131221213
1223131221123
1223131232112
1223131232121
1223131232332
1223131232233
1223131232211
1223131233113
1223131233333
1212131312232
1223131233311
1223131231313
1223131231221
1223131231122
1223131231133
1223131231111
1223131121113
1223131121232
1223131121223
1212232121331
1223131121333
1223131121311
1223131123331
1223131123212
1213333233123
1212332231112
1223131123221
1223131123122
1223131122231
1223131122321
1212121231323
1223131122132
1223131122123
1223131131112
1223131131233
1223133133211
1223131131211
1213223311221
1223131132313
1223131132212
1223131132133
1223131133213
1223131133231
1223131133321
1223131133123
1213132221231
1223131113112
1223131113332
1223131113323
1223131113233
1223131112232
1223131112223
1223131111231
1223131111312
1223131111132
1223131111123
1223331111332
1223331111222
1223113323223
1223331111233
1213132112131
1223331111211
1223331112313
1223331112221
1223123331232
1223331112122
1223331112111
1223331113312
1223331113321
1223331113123
1223331133112
1223331133121
1223331133332
1223331133222
1223331133233
1223331133211
1223331132232
1223331132223
1223331132311
1211221323321
1223331131231
1223331131312
1223331131321
1223331131123
1223331122112
1223331122332
1223331122211
1213121311312
1223331123131
1223331121313
1211213113213
1223331121212
1223331121221
1212113112111
1223331121133
1223331121111
1213112221121
1223331231232
1223331231223
1212232232321
1223331231322
1223331233313
1223112233323
1223331233331
1223331233133
1223331232213
1213231222131
1223331232312
1213212332222
1223331232132
1223331221121
1223331221332
1223331221222
1223331221233
1223331221211
1223331222313
1223331222212
1211121332113
1223331222221
1212122121223
1223331222133
1223331223231
1223331223312
1223331223132
1223331223123
1223331212112
1211133212311
1223331212121
1211333112233
1223331212332
1223331212323
1223331212233
1223331212211
1211123323133
1223331213232
1223331213333
1223331213311
1223331211331
1223331211212
1223331211221
1223331211133
1211322222112
1223331321113
1223331321131
1223331321232
1212331132133
1223331321223
1212133131211
1223331321311
1223132132222
1223331323313
1213321121333
1223331323212
1223331323221
1223331323133
1223331322213
1223331322312
1223331322321
1223331331121
1223331331332
1223331331233
1213111322322
1223331331211
1223331332313
1223331332331
1223331332111
1223331333321
1211312121133
1223331333132
1223331333123
1223331313112
1223331313332
1211222322211
1223331313222
1212133121113
1223331312113
1212221212123
1223112332112
1223331312131
1223331312232
1223331312223
1223331312322
1223331312333
1223331312311
1223331311213
1213221331133
1223331311321
1223331311132
1211322223322
1223331311123
1213312112223
1223333311332
1223333311211
1223333312313
1223333312331
1211222322121
1223333312221
1223333312122
1223113333222
1223333312133
1223333313312
1211223121332
1223333313123
1223333333112
1223333333323
1213331222121
1223333333222
1223333333211
1213223123112
1223333332113
1223333332131
1223333332223
1223333332322
1223333331231
1223333331321
1223333331123
1223333322332
1223333322323
1223333322233
1223333323223
1223333323322
1223333323333
1223333323311
1223333321212
1212322121133
1223333321122
1223333321111
1223333211232
1223333211223
1223333211322
1223333211333
1213113312121
1223333211311
1223333213212
1223333213122
1223333213133
1223333213111
1213112132113
1223333212213
1223333212321
1223333212132
1223333212123
1223333223332
1213113132211
1223333223323
1211233132133
1223333223233
1223333222232
1213311132332
1213131333212
1223333222223
1223333222333
1223333222311
1213222321232
1223333221213
1223333221231
1223333232323
1212231313313
1223333232222
1223333232233
1223333233131
1223333233322
1223333233311
1223333231313
1223333231331
1223333231221
1223333231122
1212221113332
1223333231133
1223333231111
1223333121113
1223333121232
1223333121223
1223333121311
1213233313112
1223333123212
1223333123122
1223333123133
1223333122312
1223333122321
1223333131332
1223333131233
1223333132313
1223333132331
1223333132212
1223333132122
1211312321322
1223333132133
1223333132111
1223333133312
1211111322331
1223333133321
1223333133132
1223333133123
1223333113112
1223333113332
1223333113222
1212232322213
1223333113233
1223333112113
1223333112232
1223333112223
1223333112333
1211322311311
1223333111231
1223333111321
1223123212333
1223333111132
1223332211332
1223332211222
1223332211211
1223332212313
1211332313312
1223332212133
1211313133333
1223332213312
1223332213321
1223121311311
1223332213123
1223332233112
1223332233121
1223332233332
1223332233323
1223332233233
1223332232113
1223332232232
1211123231113
1223332232322
1223332232311
1223332231213
1223332231231
1211231323111
1223332231312
1223332231132
1223332222121
1223332222332
1223332222323
1223332222211
1223332223223
1223332223322
1223332221331
1211133231211
1223332221212
1223332221122
1223332221133
1223332311131
1223332311322
1223332311311
1223332313331
1223332313122
1223332313133
1223332312213
1223332312231
1223332312321
1223332323112
1223332323121
1223332323323
1223332323211
1212232213311
1223332322113
1223332322131
1223332322232
1223332322333
1223332322311
1223332321231
1223332321312
1223111133323
1223332321123
1223332332112
1213112311321
1212331232222
1223332332323
1223332332222
1223332332233
1223332333113
1223332333131
1223332333232
1223332333322
1211213331121
1223332331313
1223332331331
1223332131223
1223332131322
1223332131333
1223332131311
1223332133313
1223332133212
1223332133221
1223332133133
1223332133111
1223332132321
1223332132132
1223332132123
1223332121112
1223332121121
1223332121323
1223332121222
1213122212212
1223332122313
1223332122331
1223332122133
1223332123231
1211131211233
1223332123312
1223332123132
1223332123123
1211133133333
1223332112112
1223332112323
1223332113113
1223332113131
1223332113232
1212322123322
1223332113322
1223332111313
1211132312311
1223332111111
1223321111113
1223321111232
1223321111223
1223321111333
1223321111311
1223321113313
1223321113212
1223321113111
1223321123112
1223321123233
1223321122113
1213323111112
1223321122223
1223321122322
1223321121213
1223321121231
1213312321133
1223321121132
1213222212112
1223321121123
1213123211311
1223321132112
1223321132121
1211221231323
1223321132323
1223321132233
1213233133332
1223321132211
1223321133113
1223321133131
1223321133232
1223321133322
1223321133333
1223321131331
1223321131212
1223133231232
1223321131122
1223321131111
1211323331123
1223321331113
1223321331131
1223321331223
1223321333331
1223321333221
1223321333122
1223321333133
1223321333111
1223321332231
1223321332312
1223321332132
1211323132212
1223321321121
1223321321332
1223321321323
1223122122222
1223321321222
1223321321211
1223321322313
1223321322331
1223321322221
1223321322122
1223321323312
1223321323132
1223321312332
1223321312323
1223321312211
1223321313113
1223321313232
1223321313322
1223321313333
1223321313311
1223321311313
1223321311331
1211231213311
1223321311122
1223321311133
1212222111333
1223321311111
1212112321222
1223321221113
1223321221131
1223321221232
1223321221223
1212121112213
1223321221322
1223321221333
1223321221311
1223321223313
1223321223331
1223321223212
1211111321222
1223132313322
1223321223221
1223321223122
1223321223133
1223321222312
1223321222321
1223321222132
1223321222123
1211113213132
1213232323312
1223321231323
1223321231222
1223321231233
1223321231211
1223321232313
1223321232331
1223321232212
1223321232221
1223321232122
1223321232111
1223321233213
1211313113331
1223321233231
1223321233312
1223321213121
1223321213332
1223321213323
1223321213233
1223321212131
1223321212223
1211311211323
1223321212322
1223321212311
1213131312211
1223321211213
1223321211321
1223321211123
1223322311112
1223322311121
1223322311332
1223322311233
1223322312313
1223322312212
1223322312221
1223322312122
1213222213333
1223322312133
1213133222332
1223322313213
1223322313231
1223322313321
1223322333323
1223322333222
1223322333233
1223322333211
1223322332113
1223322332131
1212213323211
1223322331231
1223322331312
1223322331321
1211322311333
1223322331123
1223322322121
1223322322233
1223322323131
1223322323232
1223322323311
1223322321313
1223322321331
1223322321212
1223322321221
1223322321111
1223322211113
1223322211131
1223322211232
1223322211223
1223322211322
1223322211333
1223322213313
1211113222323
1223322213331
1223322213221
1223322213133
1223113133123
1223322212213
1223322212231
1223322223112
1223322223121
1223322223332
1223322223222
1223322223233
1213311313311
1223322223211
1212313311121
1223322222223
1213131112213
1223322222311
1223322221231
1223322221312
1223322221123
1223322232112
1223322232121
1223322232323
1223322232233
1223322233232
1223322233322
1213233222331
1223322233311
1211323322121
1223322231313
1223322231133
1223322121223
1223322121322
1223322121311
1223322123313
1223322123331
1223322123133
1223322123111
1223322122312
1223322122132
1223322122123
1223322131121
1223322131332
1223322131323
1223322131222
1223322132331
1223322132221
1223322132122
1223322132133
1223322132111
1223322133213
1223322133312
1223322133321
1223322133132
1223322113112
1223322112113
1223322112131
1223322112232
1223322112223
1211113231213
1223322112333
1211111111131
1223322112311
1223322111321
1223323211112
1223333223112
1223323211332
1213313323233
1223323211323
1213132321221
1223323211222
1212221233322
1223323211211
1223323212212
1223323212122
1223323213231
1223323213321
1223323233112
1223323233332
1223323233323
1223323232131
1223323232232
1223323232322
1211321121133
1223323231213
1212323322122
1223323231312
1223323231132
1223323222112
1213232211123
1223323222332
1223323222323
1211122233123
1211321211111
1223323222222
1223323223113
1223323223322
1223323221313
1212332322133
1223323221133
1223323311223
1223323311333
1223323313313
1212223112221
1223323313331
1211133112132
1223323313212
1212212223121
1223323313221
1223323313122
1212223111211
1223323313111
1223323312213
1223323323121
1223323323323
1223323323222
1223323323233
1223323323211
1223323322131
1211331111223
1223323322232
1223323322322
1223323321231
1223323321321
1223323332112
1223323332323
1223323332222
1223323332233
1223323333232
1223323333311
1223323331313
1223323331331
1223323331221
1223131131222
1223323331111
1223323131113
1223323131131
1223323131232
1223323131223
1223323131322
1223323131333
1223323131311
1223323133331
1223323133212
1223323133122
1223323132213
1223323132231
1223323132321
1223323132132
1223323121121
1223323121332
1213113231211
1223323121323
1223323121222
1223323121233
1223323122331
1212113313233
1223323122221
1223323122133
1223323123213
1213331131333
1223323123231
1223323123312
1223323123321
1223323123132
1211231112221
1223133121313
1223323112121
1213121313332
1223323112332
1223323112211
1223323113113
1223323113232
1223323113223
1213122211323
1223323113333
1212331321221
1223323113311
1223323111313
1223323111331
1223323111212
1223312111113
1223312111131
1212332212131
1223312111232
1212132322322
1223312111322
1223312111333
1223312111311
1223312113331
1223312113122
1223312112213
1223312112231
1211131121332
1223312112132
1223312123112
1223312123121
1223312123332
1223312123323
1211312311321
1223312123211
1223312122113
1223312122232
1223312122223
1223312122333
1223312122311
1211133132112
1223312121213
1213331321213
1223332313221
1223312121231
1212112212333
1223312121321
1223312121123
1223312132112
1223312132121
1223312132332
1223312132323
1223312132222
1223312132233
1223312132211
1211123133332
1223312133113
1223312133131
1223312133333
1213331132213
1223312133311
1211221333133
1223312131221
1223312131133
1223312331113
1223312331131
1223312333313
1223312333212
1223312333122
1223312333133
1223312333111
1223312332123
1223312321112
1223312321332
1223312321222
1223312321233
1223312321211
1223312322313
1223312322331
1213123121232
1223312322212
1223312322221
1223312322122
1223312322133
1213223111333
1223312323213
1223312323231
1223312323321
1223312312332
1223312312323
1223312312222
1223312312233
1223312313113
1223312313223
1223312313322
1223312313333
1223312313311
1223312311313
1213132113121
1223312311331
1223312311122
1211222133123
1223312221113
1223312221232
1223312221223
1223312221311
1223312223313
1223312223331
1223312223221
1211221323213
1223312223133
1212111313321
1223312223111
1223312222213
1223312222231
1223312222132
1223312222123
1211323321221
1223312231121
1223111132223
1223312231323
1223312231211
1223111231322
1223312232313
1223312232331
1223312232212
1223312232221
1223312232122
1223312233213
1211121321331
1223312233312
1211122331131
1223312233321
1213233311321
1223312233132
1223312233123
1223312213112
1223312213121
1223312213332
1223312213323
1223312213233
1223312213211
1223312212131
1213222321131
1223312212232
1211111313322
1223312212311
1211231313112
1223312211213
1223312211231
1212312123312
1223312211312
1223312211321
1223312211132
1223313111112
1223313111323
1213213321122
1223313111222
1223313111233
1223313111211
1223313112221
1223313112122
1223313113123
1223313133112
1211123333123
1213112321232
1223313133121
1223313133323
1213331222112
1212333113321
1223313133222
1223313133233
1223313133211
1223313132232
1223313132223
1223313132311
1211122221311
1223313131132
1223313122121
1223313122323
1223313122222
1223313122211
1223313123113
1223313123131
1223313123232
1223313123223
1223131222311
1223313123333
1213312311222
1213213121131
1223313121331
1223313121212
1223313121221
1223313121133
1223323213123
1223313121111
1223313231131
1223313231223
1223313231322
1223313231311
1223313233331
1223313233221
1223313233122
1223313233133
1212322223213
1223313232231
1223313232312
1223313232321
1223313232132
1223313232123
1223313221112
1223313221121
1223313221323
1223313221233
1223313221211
1223313222313
1223131112322
1223313222331
1213113111311
1223313222212
1211321121111
1223313222221
1223313222111
1223313223213
1223313223321
1223313223132
1223313212121
1223113113222
1223313212332
1223313212323
1223313212222
1211332221321
1223313212233
1223313212211
1213322123121
1223313213113
1223323112222
1223313213131
1223313213223
1223313213333
1223313213311
1223313211313
1223313211212
1223313211111
1223313321232
1223313321322
1213311312112
1223313321311
1213213211311
1223313323331
1223313323212
1223313323221
1223313323111
1223313322231
1223313322312
1223313322321
1213232321222
1223313322132
1223313331121
1223313331222
1223313331233
1223313332313
1223313332331
1223313332133
1223313333213
1223313333312
1223313333132
1223313313112
1223313313121
1223313313332
1223313313222
1223313313233
1223313313211
1223313312131
1223313312232
1223313312223
1223313312333
1212212123331
1223313311132
1223313311123
1223311311323
1223332223232
1223311311222
1223311312212
1223311312221
1223311312122
1211213123333
1223311312133
1223311312111
1211223213312
1223311313213
1223311313312
1223311333121
1223311333332
1223311333323
1223311333233
1223311333211
1223311332113
1213112312131
1223311332131
1223311332232
1223311332333
1223311332311
1211111333133
1223311331231
1223311331312
1223311331321
1223311323232
1223311323322
1223311323333
1223311321331
1212133313123
1223311321212
1223311321221
1223311321133
1211323213313
1223311321111
1223311211113
1223311211131
1223311211232
1223311211223
1223311211333
1223311211311
1223311213313
1223311213212
1223311213221
1212223312311
1223311213133
1223311213111
1223311212231
1223311212312
1223311212321
1223311212132
1223311223121
1223311223332
1223311223211
1223311222131
1223311222223
1223311222333
1223311222311
1212111122123
1223311221213
1223311221231
1223311221312
1223311221321
1223311221132
1223311232323
1223311232211
1223311233113
1223311233232
1223311233322
1212113333312
1223311233333
1213212113232
1223311231212
1223311231221
1223311121131
1223311121232
1223311121223
1223312231112
1223311123331
1223311123221
1212123233323
1223311123133
1223311122231
1223311131112
1223311131121
1223311131323
1223122112313
1223311131222
1223311131233
1223311132331
1223311132221
1212213121112
1223333133231
1223311132133
1223311132111
1223311133312
1223311133123
1223311113112
1223311113323
1212322321131
1223311113211
1223311112113
1223311112223
1223311112311
1223311111312
1211323312122
1213223222213
1213111131322
1223311111321
1223311111123
1223221111332
1212213111313
1223221111222
1223221112313
1223221112331
1223221112122
1223221112133
1223221112111
1223221113213
1223221113231
1223221113312
1223221113132
1223331123113
1223221133332
1223221133323
1223221133211
1223221132113
1223221132131
1223221132322
1223221131231
1223221131132
1223221122112
1223221122332
1223221122222
1223221123131
1211111313131
1223221123232
1223221123333
1223221121212
1223221121221
1223221121122
1223221121133
1223221121111
1223221231113
1223221231131
1223221231232
1211311231321
1213132221132
1223221231223
1223221231322
1223221231311
1223221233212
1223221233122
1223221233133
1223133211331
1223221232213
1223221232231
1223221232321
1211113211112
1223221232132
1213223212333
1223221232123
1223221221323
1223221221222
1223221221211
1223221222212
1223221222221
1223221222122
1223221222133
1223221222111
1211312311213
1223221223213
1223221223231
1223221223321
1213122331122
1223221223123
1223221212121
1223221212332
1223221212323
1223221212211
1223221213131
1223221213322
1223221213333
1211212323213
1223221211313
1223221211221
1213312213313
1223221211122
1223221211111
1223221321113
1213332113231
1223221321232
1223221321223
1223221321322
1212213131322
1223221321333
1223221321311
1223221323313
1223221323212
1223221323221
1223221323122
1223221323133
1223221322231
1223221322312
1223221322132
1212313322222
1223221322123
1223221331112
1223221331121
1223221331332
1223221331323
1223221331233
1213132131211
1223221332313
1212133113332
1223221332331
1223221332212
1223221332221
1223221333231
1223221333312
1223221333321
1213113122131
1223221313112
1223221313121
1223221313323
1223221313222
1223331123322
1223221312131
1223221312232
1223221312322
1211322131232
1223111123311
1223221312333
1223221311213
1223221311231
1223221311312
1223221311123
1213121112122
1223223311112
1212131321232
1223223311121
1223223311222
1223121211233
1223223311233
1223223311211
1223223312313
1223223312331
1223223312212
1223223312122
1223223312133
1223223313312
1213322323132
1223223313321
1213212222211
1223122133233
1223223313132
1223223313123
1223223333121
1223223332131
1212332323231
1223223332232
1223223332322
1223223332333
1223223332311
1213133223232
1223223331132
1223223331123
1213223212311
1223223322112
1223223322121
1223223322332
1223223322233
1223223323113
1223223323131
1223223323223
1223223323333
1223223323311
1223223321331
1223223321212
1213233223321
1223223321133
1223223211113
1223223211131
1212131123311
1223223211322
1223223211311
1223223213313
1223223213212
1223223213221
1223223213122
1223223213111
1223223212231
1223223212312
1223223212132
1223223212123
1223223223112
1223223223121
1223223223323
1213133322223
1223223223222
1223221313233
1223223223233
1223223223211
1223223222113
1223223222131
1211131132213
1223223222223
1223223222333
1223223222311
1223223221231
1212322213322
1223223221123
1223223232121
1223223232332
1223223232323
1212332313311
1223223232222
1223223232233
1223223232211
1223223233232
1223223233223
1223223233333
1223223233311
1223223231331
1223223231212
1223223121131
1223223121223
1223223123313
1223223123331
1223223123212
1223223123221
1223223123133
1213322113221
1223223123111
1223223122213
1223223122321
1213122312213
1223223122132
1212223122233
1223223122123
1223223131332
1223223131323
1223223131222
1223223131233
1223223131211
1211223323233
1223223132313
1223223132212
1223223132221
1223223132133
1223223133213
1223223133321
1223223133123
1223223113112
1223223113121
1223223113332
1223223113233
1223223112131
1211331231222
1223223112232
1223223112223
1223223112322
1223223112333
1223223111213
1223223111312
1223223111132
1223222211112
1223222211121
1211312231113
1223222211332
1223222211222
1223222212331
1223222212212
1223222212221
1212311333312
1223222212133
1223222212111
1223222213213
1223222213231
1223222213321
1223222213123
1223222233112
1223222233121
1223222233332
1223222233222
1223222233233
1223222233211
1223222232113
1223222232333
1223222231231
1223222231312
1223222231321
1223222231132
1223222222222
1223222222211
1223222223113
1223222223131
1223222223232
1223222223322
1223222221313
1223222221331
1223222221212
1213131123233
1223222221122
1223222221111
1223222311131
1223222311333
1223222311311
1223222313331
1223222313212
1223222313221
1223221233221
1223222313133
1223222312213
1223222312312
1223222323112
1223222323121
1223222322223
1223222322322
1223222322333
1223222322311
1213211212121
1223222321231
1223222321312
1223222321321
1211232311232
1223222321132
1223222332112
1223222332323
1223222332222
1223222332233
1211121211232
1223222333131
1223222333232
1223222333322
1223222333333
1223222333311
1213233113213
1223222331313
1223222331331
1223222331212
1223222331221
1223222331122
1223222331133
1223222331111
1223222131131
1212133122321
1223121312231
1223222323222
1223222131223
1223222131333
1223222133313
1223222133331
1223313131312
1223222133122
1223222133133
1223222133111
1223222132213
1223222132132
1223222132123
1223222121112
1223222121332
1223222121323
1212111232222
1223222121222
1223222121211
1223222122313
1223222122331
1223222122212
1223222122221
1223333311121
1223222122122
1223222123321
1212333121111
1223221331211
1223222112121
1223222112332
1223222112233
1223222113113
1223222113131
1223222113232
1223222113223
1223222113333
1211322322311
1223222111313
1223222111331
1213332121133
1223222111212
1213222312232
1223222111221
1223222111111
1223231111113
1223231111232
1223231111223
1223231111322
1223231111311
1213333332123
1223231113212
1223231113221
1223231113133
1223123133131
1223231113111
1223231112231
1223231112312
1223231112321
1223231112132
1223231123112
1223231123121
1223231123332
1211333232223
1223231123323
1223231123222
1223231123233
1211333131333
1223231123211
1223231122113
1223231122131
1223231122232
1223231122223
1223231122322
1223231122333
1223231122311
1223231121213
1211211121333
1223231121132
1213312213133
1223231121123
1223231132323
1223231132222
1211333331122
1223231132233
1212111223112
1223231133131
1223231133223
1223231133322
1213131233321
1223231133333
1223231133311
1223231131331
1223231131133
1223231331232
1223231331223
1223231333313
1223231333212
1223231333221
1223231333122
1223231333133
1223231333111
1223231332312
1211313212113
1223231332321
1223231332123
1223231321112
1223231321121
1223231321332
1223231321323
1223231322313
1223231322331
1223231322212
1223231322221
1223231322122
1223231322133
1223231323213
1223231323312
1223231323321
1223231312112
1223231312121
1223231312233
1223231313113
1223231313223
1223231313322
1223231313333
1223231313311
1223231311331
1223231311212
1223231311221
1213331231123
1223231311111
1223231221113
1223231221232
1212311123311
1223231221322
1223231221333
1212211133232
1223231221311
1223231223313
1212313132221
1223231223331
1223231223212
1223231223122
1223122113312
1223231223133
1223231222213
1223231222231
1223231222312
1223231222321
1223231222132
1223231231121
1223231231332
1223231231323
1223122233221
1223231231233
1223231232313
1223231232221
1223231232111
1223231233213
1223231233312
1211222331312
1213113121231
1223231233321
1223231213112
1223231213121
1223231213332
1223231213222
1223231213233
1223231212113
1223231212232
1212132113223
1223231211213
1223232311121
1223232311233
1223232312313
1211312232123
1212132211211
1223232312331
1211231122121
1223232312212
1223232312221
1223232312122
1223232312111
1223232313231
1223232313321
1223232313132
1223133333321
1223232333332
1223232333222
1223232332131
1223232332232
1223232332223
1223232332333
1223232331213
1223232331321
1223232331132
1223232331123
1223232322112
1212212331132
1223232322121
1212111123111
1223232322332
1212232133323
1223313111121
1223232322323
1223232322222
1223232322233
1223232322211
1212121211231
1223232323113
1223232323223
1223232321331
1223232321212
1223232321221
1223232321122
1223232321133
1223232321111
1223232211232
1223232211223
1212332112132
1212113132113
1223232211333
1223232213313
1223232213331
1223232213212
1223232213122
1223221233331
1223232213111
1223232212231
1223232223332
1223232223323
1223232223233
1211223311223
1212233213211
1223232223211
1223232222131
1223232222232
1223232222223
1212311332212
1223232222333
1223232221213
1223232221231
1223232221312
1223232221321
1223232221123
1223232232112
1223232232233
1223232232211
1211223311232
1223232233333
1223232231313
1223232231212
1223232231221
1223232121113
1223232121232
1223232121333
1223232121311
1223232123221
1223232123122
1223232123133
1223232123111
1223232122231
1213323233221
1223232122312
1223232122132
1223232122123
1223232131112
1223232131323
1223232131222
1213111232223
1223232131233
1223323132123
1223232132313
1223232132331
1223232132212
1212123113131
1223232132122
1223232132133
1223232133231
1223232133321
1212132112233
1223232113112
1212321222323
1223232113222
1223232112113
1223232112232
1223232111231
1223232111321
1223232111132
1223232111123
1223233211112
1223233211332
1213221211233
1223233211323
1223233211222
1213223231323
1223233211233
1211332231133
1223233211211
1223233212313
1223233212212
1223233212221
1213112232312
1212221223121
1223233212111
1223233213312
1223233213321
1223233213132
1213323121221
1223233213123
1223233233112
1223233233323
1223233233222
1223233233211
1223233232333
1223233232311
1223233231231
1223233231123
1223233222332
1223233222211
1223233223113
1213131311133
1223233223131
1223233223232
1223233223333
1223233223311
1223233221313
1223233221331
1223233221212
1223233221221
1223233221122
1223233221133
1211113122122
1223233221111
1223233311113
1212321312213
1223233311131
1223233311322
1223233311333
1223233311311
1223233313313
1212331333121
1223233313122
1211123213322
1223233313111
1223233312213
1223233312231
1223233312132
1212112133232
1223233312123
1223233323121
1223233323222
1223233322113
1211211221132
1223233322131
1223233322232
1223233322223
1211333112222
1223233322322
1223233322333
1223233321213
1211333133331
1223233321321
1223233321132
1223233332112
1223233332121
1223233332332
1223233332222
1223233333131
1223233333223
1223233333322
1223233333311
1223233331313
1223233331212
1223233331122
1213132313231
1223233331111
1223233131113
1223131121322
1223233131131
1223233131333
1223233133331
1223233133212
1212323311212
1223233133221
1223233133122
1223233133133
1223233132213
1223233132231
1223233132312
1223233132321
1212221123212
1223233132132
1223233132123
1223233121121
1223233121332
1223233121323
1223233121233
1223233121211
1223233122212
1223233122122
1223233122133
1223233123213
1223233123312
1223233112121
1223233112332
1223233112211
1223233113131
1223133113132
1223233113232
1211122332123
1213333333122
1223233113223
1223233111313
1223233111212
1223233111122
1223213111322
1223213113313
1223213113212
1223213113221
1223213113122
1223213113133
1223323223333
1223213112213
1223213112231
1223213112312
1223213112321
1212212132331
1223213112123
1223213123112
1213112111121
1223213123121
1223213123332
1223213123323
1223213123233
1223213123211
1223213122232
1212122123331
1223213122223
1211312333321
1223213122333
1223213121312
1223213121321
1223213121132
1223213121123
1212233322111
1223213132112
1223213132233
1212332121132
1223213132211
1223213133113
1223213133322
1212223113132
1223213133311
1223213131331
1223213131212
1223213131221
1223213131133
1223213331113
1223213331131
1223213331232
1223213331223
1223213331311
1223213333313
1223213333212
1223213333221
1211113331331
1223213333133
1213123221123
1223213333111
1223213332213
1223213332312
1223213332321
1223213321323
1213133333113
1223213321222
1223213321233
1223213321211
1223213322313
1223213322331
1223213322212
1223213322221
1223213322133
1223213323213
1223331112331
1223213323312
1223213323321
1223213323132
1223132122131
1223213323123
1223213133333
1223213312112
1223213312121
1223213312233
1212212333222
1223213312211
1223213313113
1223213313232
1223213311313
1223213311331
1223213311133
1213323313222
1223213311111
1223213221113
1212313321313
1223213221322
1223213221333
1223213221311
1223213223331
1223213223212
1223213223221
1213121233133
1223213223122
1213131331322
1223213222213
1223213222321
1223213231112
1223213231323
1223213231222
1223213231233
1223213232313
1223213232331
1223213232212
1223213232122
1223213232133
1223213232111
1223213233213
1223213233231
1223213233321
1223213213121
1223213213323
1223111133211
1223213213222
1223213213233
1223213213211
1223213212131
1211131313221
1223213212232
1223213212223
1223213212322
1223213211312
1223213211321
1211311331313
1223213211123
1223212111332
1213113131313
1223212111323
1223212111222
1213123112223
1223212112313
1213333321233
1223212112221
1223212112122
1223212112133
1223212113213
1213122332112
1212221122213
1223212113132
1223212133112
1223212133121
1223212133332
1223212133323
1223212133222
1223212133233
1223212133211
1223212132113
1223212132131
1223212132232
1212313113323
1223212132322
1223332112121
1223212132333
1223212131213
1223212131231
1213112122112
1223212131123
1223212122112
1223212122121
1223323221212
1223212122332
1213231233311
1223212122222
1223212122233
1223212122211
1212112312121
1223212123311
1223212121313
1223212121331
1223212121221
1223212121122
1223212231232
1211122212232
1211321222122
1223212233313
1223212233331
1223212233212
1223212233221
1223212233133
1223212232213
1223222132312
1223212232312
1223212232321
1223212221121
1223212221233
1223212222212
1223212222133
1212312333322
1223212222111
1223212223312
1223212223321
1223212223132
1223212223123
1223212212112
1223212212332
1223212212323
1211213323313
1213121123333
1223212212222
1223212212233
1223212212211
1223212213113
1223212213232
1212223211331
1223212213223
1223212213333
1223212211313
1223212211331
1223212211212
1223212211221
1223212211122
1223212211133
1223212211111
1213131211132
1223212321131
1223312313131
1223212321322
1223212321333
1223212321311
1211131233323
1223212323313
1223212323331
1223212323221
1223212323122
1223212323133
1223212323111
1223212322231
1223212322312
1223212322132
1223212322123
1223212331121
1223212331332
1211122211321
1223212331323
1223212331222
1223212331211
1223212332313
1211113313331
1223311321122
1223212332212
1223212332122
1223212332111
1223212333213
1223212333312
1212232223132
1223212333321
1223212333132
1212321113333
1223212333123
1212321333311
1223212313112
1213113323132
1223212313323
1223212313222
1211332222232
1223212313233
1211213312322
1223233233121
1223212313211
1211313313311
1223212312131
1211211213111
1223212312232
1223212312223
1223212312311
1223212311231
1223212311312
1223212311132
1223211211121
1223211211332
1223211211323
1223211211211
1223211212313
1223211212331
1223211212221
1223211212122
1223211212133
1223211212111
1223211213231
1223122231232
1223211213321
1223211213123
1223211233222
1223211232113
1223211232232
1223211232322
1223211232333
1223211231312
1223211231321
1223211222112
1223232123313
1223233323323
1223211222121
1223211222323
1213323222133
1223211222211
1223211223131
1223211223232
1223211223223
1223211223322
1223211223311
1213312322211
1223132111232
1223211221313
1223211221331
1223211221212
1223211221221
1223211221122
1223211221133
1223211221111
1213121131132
1223211311113
1223211311232
1223211311223
1223211311322
1223211311333
1223211311311
1223211313313
1223211313331
1223211313212
1211332121223
1223211313221
1223211313122
1223211312213
1223211312321
1223211312132
1223211323112
1223211323332
1223211323222
1223211323233
1223211323211
1223211322232
1223211322223
1223211322322
1212132232113
1223211322333
1223211322311
1223211321231
1223211321132
1223211321123
1223323211121
1223222212122
1223211332112
1223211332121
1211333122212
1223211332332
1223211332222
1223211333113
1223223221321
1223211333131
1223211333232
1223211333223
1223232211311
1223211333322
1223211331212
1223211331221
1223211331133
1223211331111
1223211131113
1223211131131
1223211131232
1223211131311
1223211133313
1223211133331
1223211133212
1223211133221
1223211133122
1223211133133
1223211132213
1223211132321
1223211132132
1223211132123
1212231123123
1223211121112
1212211131212
1223211121121
1223211121233
1223211122313
1223211122331
1223313322123
1223211122212
1223211122221
1223211122133
1223211122111
1211123321131
1223211123231
1223211123321
1223211112323
1223211112211
1223211113232
1223211113223
1223211113322
1223211113311
1223211111212
1223211111221
1223211111122
1222111111232
1222111111333
1213223113133
1222111113313
1223331213113
1222111113212
1222111113221
1222111113122
1222111113111
1222111123112
1222111123121
1222111123222
1222111123233
1222111122113
1222111122131
1212111133132
1222111122223
1222111122322
1213322111223
1222111122311
1222111121231
1222111121312
1222111121321
1222111121132
1222111132112
1212331122312
1222111132332
1222111132323
1223313312113
1222111132222
1222111132233
1222111132211
1222111133113
1212222121213
1222111133131
1222111133232
1222111133223
1213121312131
1212321232131
1222111131313
1222111131331
1212123222121
1222111131212
1222111131221
1222111131133
1222111331113
1222111331131
1222111331223
1212112122333
1222111331322
1211122212223
1222111331333
1222111333313
1222111333212
1222111333133
1222111333111
1222111332231
1222111332312
1222111332123
1212211123332
1222111321121
1222111321332
1213321221321
1223112332222
1222111321323
1222111321222
1211231121212
1222111321211
1212213222332
1223122123311
1222111322313
1222111322212
1222111322221
1212232312232
1222111322133
1222111322111
1222111323213
1222111323231
1211132212323
1222111323312
1213331221133
1212221112232
1222111323321
1222111323123
1223212221323
1222111312112
1222111313113
1222111313131
1222111313333
1222111313311
1222111311313
1222111311331
1222111311122
1222111311133
1212131231311
1222111311111
1222111221113
1222111221232
1222111221223
1222111223221
1222111223122
1213123321122
1222111223133
1222111223111
1222111222231
1222111222123
1222111231121
1222111231332
1222111231323
1222111231222
1213123113121
1222111231211
1222111232313
1222111232122
1211221211123
1211313312121
1222111232133
1222111232111
1211322231132
1222111233213
1222111233231
1222111233312
1222111233321
1222111233132
1222111213112
1222111213121
1223233222222
1222111213332
1222111213323
1222111213222
1222111213233
1222111212113
1211331133311
1211331211123
1212212322323
1222111212131
1222111212232
1211221232111
1222111212322
1222111212333
1222111211231
1222111211312
1222111211132
1213122131322
1222111211123
1222112311121
1223313332212
1222112311332
1222112311233
1222112311211
1222112312313
1222112312212
1222112312122
1222112312133
1222112312111
1222112313213
1212332232313
1222112313312
1222112313132
1222112313123
1222112333112
1222112333121
1222112333332
1222112333222
1222112333233
1222112332113
1213333323231
1222112332223
1222112331213
1223312313232
1222112331231
1222112331312
1211311111331
1222112331321
1222112331132
1222112322112
1222112322121
1222112322332
1222112322323
1222112323113
1212233323132
1222112323232
1211331133131
1222112323311
1222112321313
1222112321122
1223131231331
1222112321111
1222112211113
1213213312111
1222112211131
1222112211232
1222112211223
1222112213331
1211132323133
1222112213212
1211211332131
1222112213221
1222112213111
1222112212231
1222112212312
1211121111312
1222112212123
1213313211112
1213133233121
1223313122233
1222112223112
1222112223121
1222112223222
1222112223233
1211132123232
1222112223211
1222112222232
1222112222322
1222112222333
1222112222311
1211113231123
1222112221213
1222112221231
1213323323313
1222112221321
1222112221123
1211322313221
1222112232121
1222112232332
1222112232222
1222112232233
1222112232211
1222112233232
1222112233223
1212221333332
1222112233333
1222112231331
1211322211112
1212112312332
1222112231122
1222112231111
1223231212223
1222112121113
1222112121232
1223131122312
1223323333113
1222112121223
1222112121322
1222112121311
1223212121111
1222112123313
1222112123331
1222112123122
1222112123111
1222112122213
1212112123112
1222112122231
1222112122321
1222112122132
1222112122123
1222112131112
1222112131332
1222112131323
1222112131222
1222112131233
1212213222211
1222112132331
1223311111213
1222112132221
1222112132122
1222112132111
1222112133231
1222112133312
1222112113121
1222112113332
1222112113222
1222112112113
1222112112131
1222112112322
1222112111213
1222112111231
1222112111312
1222112111321
1222112111123
1222113211121
1222113211323
1222113211233
1222113211211
1211323222113
1222113212212
1212332222321
1222113212133
1222113212111
1222113213231
1222113213132
1222113213123
1222113233323
1222113232232
1222113232322
1222113232311
1213131113212
1222113231213
1222113231312
1222113231321
1222113222112
1222113222121
1222113222332
1213331132231
1222113222323
1222113222222
1213212121121
1222113222233
1213233233122
1222113222211
1222113223113
1222113223223
1222113223333
1222113223311
1222113221313
1222113221331
1222113221212
1222113221221
1222113221122
1222113311113
1222113311333
1213322311122
1222113311311
1222113313313
1213131312222
1222113313331
1222113313221
1222113312312
1222113312321
1222113312132
1223213131122
1222113323112
1222113323121
1211231111121
1212312223131
1222113323332
1222113323222
1222113323233
1222113322113
1213223232212
1222113322322
1222113322333
1222113322311
1212212212312
1222113321213
1222113321231
1222113321312
1222113321321
1222113321132
1212232121122
1222113332332
1222113332222
1222113333113
1222113333232
1222113333223
1222113333322
1222113333333
1222113333311
1222113331313
1222113331331
1222113331212
1211332221213
1222113331221
1222113331133
1222113331111
1222113131131
1213312131112
1222113131232
1212111111321
1222113131333
1222113131311
1222113133221
1222113133122
1222113133133
1222113133111
1222113132213
1222113132231
1222113132321
1222113132123
1222113121121
1212322213333
1222113121332
1211312331233
1222113121233
1222113122313
1222113122221
1222113122122
1222113122133
1213313121121
1222113122111
1222113123213
1222113123312
1222113123321
1222113123123
1211132112313
1211132221121
1222113112112
1222113112121
1222113112211
1222113113113
1222113113232
1222113113223
1222113113322
1222113113333
1222113113311
1222113111313
1222113111221
1211221321222
1222113111122
1222133111131
1222133111223
1222133111333
1222133111311
1222133113331
1222133113212
1222133113221
1222133113133
1222133113111
1222133112213
1222133112231
1222133112321
1222133112132
1211333232333
1222133123112
1222133123332
1222133123222
1222133123233
1213223233213
1222133123211
1222133122113
1222111212311
1222133122131
1222133122232
1212211322331
1222133122322
1222133122311
1222133121213
1222133121231
1222133121312
1222133121321
1222133132121
1222133132332
1222133132323
1223321122131
1222133132222
1222133132233
1222133133131
1222133133223
1222133133333
1222133131212
1222133131221
1222133131122
1222133131133
1222133331232
1222133331322
1222133331311
1222133333313
1211231213333
1213332113132
1212222123112
1222133333331
1222133333221
1222133333122
1222133333133
1222133333111
1222133332312
1222133332321
1222133332123
1222133321112
1213321213313
1222133321332
1222133321323
1222133321222
1222133322313
1222133322221
1222133322122
1213231213313
1222133322133
1222133323132
1222133323123
1222133312121
1222133312332
1222133312323
1222133312233
1212211211213
1222133312211
1212231232333
1222133313131
1213323212323
1222133313232
1222133313333
1222133313311
1223313131231
1222133311313
1222133311331
1213221313331
1222133311212
1222133311122
1222133221113
1222133221131
1223223221213
1222133221232
1222133221223
1222133221333
1222133221311
1222133223221
1222133223122
1223233213231
1222133222213
1222133222231
1223222321213
1222133222321
1222133222132
1222133231121
1222133231323
1222133231222
1222133231233
1222133231211
1222133232313
1222133232212
1222133232133
1222133232111
1222133233312
1222133233321
1222133233132
1211111331113
1222133233123
1222133213121
1222133213323
1222133213222
1222133213233
1222133213211
1222133212232
1222133212223
1222133212322
1222133212333
1222133212311
1222133211213
1222133211312
1222133211132
1212213312123
1212221311112
1222133211123
1222132111112
1222132111323
1211212131212
1223331112212
1222132111222
1222132111211
1222132112331
1222132112133
1222132113231
1222132113312
1222132113123
1211232331331
1222132133112
1212213233233
1222132133121
1222132133332
1222132133211
1222132132223
1222132132322
1222132132311
1222132131231
1222132131123
1222132122112
1211133222321
1222132122332
1222132122323
1222132122222
1211311113322
1222132122211
1222132123131
1222132123232
1222132123322
1211213332221
1222132123333
1211113312312
1211223211323
1222132123311
1223211321213
1222132121212
1222132121221
1222132231113
1222132231232
1222132231322
1222132231311
1223131233223
1222132233313
1222132233212
1222132233122
1222132233133
1222111231112
1222132232213
1222132232321
1222132232132
1222132232123
1222132221121
1222132221323
1222132221233
1222132222212
1222132222221
1222132222111
1222132223312
1222132223321
1213331123231
1222132223123
1222132212112
1212112222321
1222132212121
1222132212332
1222132212323
1222132212222
1222132212233
1222132212211
1222132213113
1222132213131
1213111211112
1222132213333
1222132211313
1222132211331
1213112323331
1222132211212
1222132211221
1222132211133
1222132321113
1222132321232
1222132321322
1222132323331
1222132323221
1222132323122
1222132323133
1222132322213
1222132322123
1222132331112
1223132333212
1222132331323
1222132331222
1223122221323
1222132332313
1222132332212
1222132332221
1222132332122
1211311212221
1222132332133
1222132333213
1222132333231
1212121233132
1222132333312
1222132333321
1211231112122
1222132333132
1222132333123
1223211123123
1222132313112
1222132313332
1222132313222
1222132312113
1223331132333
1222132312322
1213321131323
1222132312333
1222132311231
1222132311312
1222132311321
1222132311132
1222132311123
1222131211112
1222131211332
1222131211323
1222131211222
1222131211211
1222131212313
1222131212331
1222131212212
1222131212122
1222131212133
1222131212111
1213322313131
1222131213213
1222131213231
1211122122322
1222131213132
1222131213123
1222131233121
1222131233323
1222131233222
1222131233233
1222131232131
1223321112312
1222131232232
1222131232223
1222131232311
1222131231213
1223212332133
1222131231312
1211122231211
1222131231321
1222131231123
1222131222112
1222131222323
1213133222222
1222131222233
1222131222211
1223313321333
1222131223113
1222131223131
1211233323113
1222131223232
1222131223322
1222131223333
1211213111323
1222131223311
1222131221331
1222131221212
1222131221221
1222131221133
1222131221111
1222131311232
1222131311322
1222131311333
1222131311311
1222131313133
1222131313111
1222131312213
1222131312231
1222131312312
1222131312123
1211212121321
1222131323112
1223221211212
1222131323332
1222131323222
1222131323211
1222131322131
1222131322223
1222131322322
1222131322333
1222131322311
1212113232213
1222131321231
1222131332121
1222131332323
1211111131122
1222131332222
1222131332233
1222131332211
1222131333223
1222131333322
1222131333333
1222131333311
1222131331313
1222131331331
1222131331111
1222131131131
1222131133313
1222131133331
1222131133212
1222131133221
1222131133122
1222131133111
1222131132213
1222131132312
1222131132321
1222131132132
1222131132123
1222131121112
1222131121332
1222131121222
1222131121211
1222131122313
1211331212333
1222131122133
1222131122111
1222131123231
1222131123312
1222131123321
1222131123132
1222131123123
1222131112112
1211222331321
1222131112121
1222131112332
1222131112323
1222131112211
1222131113113
1222131113131
1222131113333
1222131113311
1222131111221
1222131111111
1222122111113
1213222313112
1222122111131
1222122111232
1211312322132
1222122111223
1222122111333
1211232131322
1222122111311
1222122113313
1222122113221
1222122113133
1222122113111
1222122112213
1212323231112
1222122112312
1222122112321
1222132223213
1222122112123
1213312313123
1222122123112
1222122123332
1211321122211
1212313332131
1222122123222
1222122123233
1222122122113
1212111123133
1222122122232
1222122122223
1222122122322
1222122122333
1222122121231
1213131311111
1222122121312
1222122121321
1222122121132
1222122121123
1222122132121
1222122132332
1222122132323
1222122132233
1222122132211
1212223222331
1222122133113
1222122133131
1222122133322
1222122133311
1222122131313
1222122131221
1222122131122
1222122331113
1212333312131
1222122331131
1222122331223
1222122331322
1222122331333
1223211222233
1222122333313
1222122333221
1222122332213
1222122332231
1212331121232
1212123231132
1223213212311
1222122332312
1213113233132
1223223333222
1222122332321
1222122332132
1211313333313
1222122321332
1211121233223
1222122321323
1222122321222
1222122321211
1222122322111
1222122323213
1222122323231
1222122323312
1222122323321
1223333232112
1222122323123
1222122312112
1211123131213
1222122312121
1222122312332
1211113123312
1222122312233
1222122313113
1222122313322
1223211112332
1222122313333
1211322323233
1222122313311
1222122311212
1222122311133
1222122311111
1222122221113
1222122221131
1222122221223
1222122221322
1222122221333
1222122223331
1222122223221
1222122223122
1222122223111
1222122222213
1212311131213
1222122222231
1222122222321
1222122222123
1211313331113
1222122231112
1222122231121
1222122231323
1222122231233
1222122232331
1222122232221
1222122232122
1222122113331
1222122232111
1222122233213
1222122233321
1222122233132
1222122233123
1212112323213
1222122213112
1222122213121
1223332111331
1222122213332
1222122213323
1222122213233
1222122213211
1222122212113
1211213133121
1222122212311
1222122211231
1222122211132
1223312133232
1222122211123
1222123111332
1222123111323
1211221121213
1222123111211
1222123112212
1222123112221
1222123112111
1222123113231
1213313322131
1222123113132
1222123133323
1222123133233
1223331131132
1222123132131
1222123132232
1222123132311
1222123131213
1222123131312
1222123131321
1222123131132
1222123122332
1211223333223
1222123122323
1222123122211
1213313311113
1222123123131
1222123123232
1222123123223
1222123123322
1222123123333
1212312232223
1222123121313
1222123121331
1222123121221
1222123231113
1222123231232
1222123231223
1222123231311
1222123233313
1212131233331
1222123233122
1213122123213
1222123233111
1222123232213
1222123232231
1222123232312
1222123232321
1222123232132
1222123221112
1222123221121
1222123221323
1212211313322
1222123222313
1212123211121
1222123222331
1222123222221
1212111132111
1222123222122
1222123223213
1222123223231
1222123223321
1222123223123
1222123212112
1222123212332
1222123212222
1222123212233
1222123212211
1222123213232
1222123213333
1222123211331
1211111313333
1222123211212
1222123211221
1222123211122
1222123211133
1211223333322
1222123211111
1222123321113
1222123321131
1222123321322
1223222122133
1222123321311
1222123323313
1222123323331
1222123323212
1222123323221
1222123323111
1211332323113
1222123322231
1222123322312
1222123322132
1222123322123
1222123331112
1222123331332
1222123331222
1222123331233
1223333313231
1222123331211
1222123332221
1222123332122
1222123332111
1222123333213
1222123333231
1222123333312
1222123333321
1222123313121
1222123313332
1222123313233
1222123312113
1222123312131
1222123312322
1222123312311
1222123311213
1222123311321
1222123311123
1222121311112
1222121311332
1222121311222
1222121311233
1222121311211
1213322132211
1222121312212
1212321231321
1222121312122
1222121312133
1222121313213
1212221131233
1223132221232
1222121313231
1222121313312
1222121313132
1222121333121
1223113331321
1222121333323
1222121333222
1222121333233
1222121332131
1222121332232
1222121332322
1222121332333
1222121332311
1222121331213
1222121331231
1223211211112
1222121331321
1222121331132
1223213321112
1222121322112
1222121322121
1213132122213
1222121322323
1222121322222
1222121322233
1222121322211
1222121323223
1222121323322
1222121323311
1212223123113
1222121321331
1222121321221
1222121321133
1222121211113
1222121211232
1213132313132
1212312122133
1222121211223
1223323212331
1222121211322
1222121211333
1222121213331
1222121213122
1212121233231
1222121213111
1211133131212
1222121212213
1222121212231
1222121212312
1222121212132
1222121223112
1222121223121
1222121223332
1222121223233
1222121223211
1222121222131
1222121222232
1211331312112
1222121222333
1213213122123
1222121222311
1222121221213
1222121221312
1222121232112
1222121232121
1222121232323
1222121232211
1222121233113
1222121233223
1222121233322
1222121233333
1222121231331
1222121231212
1212122212123
1223111231131
1222121231122
1222121231133
1222121231111
1222121121131
1222121121232
1222121121333
1223322132313
1222121121311
1212322111233
1222121123313
1211122333122
1222121123212
1222121123122
1222121123111
1222121122213
1222121122231
1211323231111
1213321133123
1222121122312
1222121122321
1222131313313
1222121122132
1222121122123
1222121131121
1222121131332
1222121131222
1222121131233
1211111233312
1222121132313
1222121132221
1212312113232
1222121132122
1222121132133
1212232231333
1222121132111
1222121133231
1212123323332
1222121133312
1222121133321
1222121133123
1211321111323
1222121113112
1222121113121
1222121113332
1212323232331
1222121113323
1222121113222
1222121113211
1213223123222
1222121112113
1223332131113
1222121112223
1212331333233
1222121112322
1211311133111
1222121112333
1223313332111
1222121112311
1222121111231
1222121111312
1211312132333
1222121111321
1222121111132
1222121111123
1222231111112
1222231111332
1222231111323
1223112311223
1222231111222
1222231112331
1222231112212
1211332311222
1222231112221
1222231113213
1222231113231
1222231113312
1222231113321
1222231113132
1222231113123
1222231133112
1222231133121
1222231133332
1213121332122
1222231133222
1222231132232
1222231132223
1222231132322
1222231132333
1222231132311
1222231131213
1212121112123
1222231131312
1222231131321
1222231131123
1222231122121
1222231122332
1222231122211
1222231123113
1222231123131
1222231123232
1222231123223
1222231123322
1212111323333
1222231123333
1222231123311
1223311333112
1222231121331
1222231121221
1213132232233
1222231121111
1222231231113
1213332233313
1222231231223
1222231233313
1222231233331
1222231233111
1222231232213
1222231232312
1222231232132
1222231221121
1222231221222
1222231221211
1222231222331
1222231222212
1211111222312
1222231222122
1212121223122
1222231223231
1222231223312
1222231223321
1222231223132
1211331121132
1222231223123
1222231212112
1222231212121
1222231212332
1222231212233
1222231212211
1223223111321
1222231213113
1222231213131
1222231213223
1222231213333
1222231211221
1222231211133
1222231211111
1222231321232
1222231321322
1211313312233
1223322131211
1222231321333
1222231321311
1222231323313
1211133313131
1222231323221
1222231323122
1213213212312
1222231323133
1212132232333
1222231323111
1222231322213
1222231322231
1222231331112
1222231331332
1222231331323
1211121233232
1223112131322
1222231331222
1222231331233
1222231331211
1222231332313
1222231332331
1222231332212
1222231332221
1223112312123
1222231332122
1222231332133
1222231333213
1222231333231
1222122333111
1222231313222
1211331112231
1222231313233
1222231313211
1222231312113
1222231312131
1223232132221
1222231312232
1222231312322
1222231311213
1212332111311
1222231311231
1212123132312
1222231311312
1222231322123
1222231311132
1222233311112
1222233311222
1222233311233
1222233312331
1222233312212
1222233312221
1222233312122
1222233312133
1222233313213
1222233313231
1222233313321
1222233313132
1222233333332
1222233333323
1223112211332
1222233333222
1222233332232
1222233332322
1222233332333
1222233332311
1222233331321
1222233331132
1222233331123
1222233322112
1212212112333
1223132121231
1222233322121
1222233322323
1222233322222
1222233322233
1222233322211
1222233323113
1222233323333
1223321212232
1222233323311
1222233321313
1211133111113
1222233321221
1222233321122
1213122211222
1222233321133
1222233321111
1222233211131
1222233211311
1222233213331
1222233213221
1211311322311
1222233213122
1222233213133
1222233212321
1222233223112
1222233223233
1222233223211
1222233222113
1222233222232
1222233222223
1222233222322
1222233221213
1222233221312
1213213232233
1222233221123
1222233232112
1222233232121
1222233232332
1222233232323
1222233233113
1222233233131
1222233233311
1211122312112
1222233231313
1222233231212
1222233231122
1212211113122
1222233231133
1222233121131
1222233121232
1222233121322
1222233123313
1222233123212
1222233122231
1222233122312
1222233122123
1222233131112
1222233131332
1211311221331
1222233131323
1222233131222
1222233131233
1222233132313
1222233132331
1222233132133
1222233132111
1222233133132
1222233133123
1222233113112
1213231122231
1222233113332
1222233113233
1222233113211
1213233221121
1222233112232
1222233112322
1222233112333
1222233111213
1222233111231
1223332113223
1222233111312
1222233111321
1222233111123
1222232211112
1222232211121
1212311333132
1222232211332
1222232212331
1222232212133
1213311113133
1222232212111
1222133311221
1222232213132
1213111123231
1222232213123
1222232233323
1222232233222
1222232233233
1222232232113
1222232232232
1211133322111
1222232232322
1222232232311
1222232231213
1222232231312
1222232231321
1222232222112
1222232222332
1222232222233
1222232222211
1222232223131
1222232223232
1222232223223
1222232223322
1222232223333
1222232223311
1222232221331
1222232221212
1222232221111
1222232311131
1222132223132
1222232311223
1212122311332
1222232311322
1222232311333
1222121113233
1222232313331
1211223212221
1222232313111
1222232312213
1222232312231
1222232312321
1212123122212
1222232312132
1211112121131
1222232312123
1222232323112
1222232323121
1213311111322
1222232323233
1222232322113
1222232322333
1222232321231
1222232321312
1222232321321
1213213112232
1212322322132
1223231113331
1222232321132
1222232332121
1222232332332
1222232332222
1222232332233
1213231323322
1222232333113
1222232333322
1213211333123
1222131211121
1222232333333
1222232333311
1211331121312
1222232331313
1212231122313
1222232331331
1222232331212
1222232331221
1222232331122
1212233132233
1222232331111
1211111332312
1222232131113
1222232131131
1213331332332
1222232131232
1222232131322
1222232133313
1211212331333
1222232133221
1222232133122
1222232133133
1222232132312
1222232132321
1222232132132
1222232132123
1222232121112
1222232121121
1222232121332
1222232122313
1211113223113
1222232122331
1222232122212
1222232122122
1222232123231
1222232123123
1222232112332
1222232112323
1222232112233
1222232112211
1211223132123
1222232113113
1222232113131
1222232113232
1212132111221
1222232113333
1222232113311
1222232111122
1222232111111
1212213332233
1222221111232
1222221111322
1222221113221
1212112211132
1222221113122
1222221113111
1222221112213
1222133323213
1222221112231
1222221112321
1222221112132
1222221112123
1222221123121
1222221123222
1222221122232
1212331332223
1222221122223
1222221122322
1223133111112
1222221122333
1222221121213
1222221121312
1212213121323
1222221121321
1223333121131
1222221121132
1222221132112
1222221132332
1222221132323
1213233112331
1222221132222
1212133131233
1222221132211
1222221133113
1222221133131
1222221133223
1222221133322
1222221133333
1222221133311
1222221131313
1211123321113
1222221131331
1222221131212
1222221131221
1211233221213
1222221131133
1222221331113
1222221331131
1222221331311
1222221333313
1222221333122
1213221131113
1222221333133
1222221332213
1222221332231
1222221332312
1222221332321
1213212233222
1222221332132
1222221321112
1222221321121
1222221321323
1222221321233
1212233223221
1222221322122
1222221323213
1211322123312
1222221323231
1222221323312
1222221323321
1222221323123
1222221312112
1222221312121
1222221312233
1222221313113
1211311211112
1222221313131
1222221313223
1222221313322
1222221313333
1213321233322
1222221313311
1222221311313
1222132322321
1222221311212
1222221311221
1222221311133
1222221221113
1222221221232
1222221221322
1211221122223
1222221223313
1223311123313
1222221223212
1222221223221
1212323132211
1222221223122
1211323313213
1222221223133
1222221223111
1222221222213
1222221222231
1222221222312
1222221222321
1222221222132
1222221222123
1222221231112
1222221231121
1222221231211
1222221232313
1213323122332
1222221232212
1222221232133
1222221232111
1222221233213
1222221233231
1222221233132
1222221233123
1222221213332
1222221213323
1222221213233
1222221213211
1222221212131
1212233132222
1222221212333
1222221212311
1222221211213
1222221211231
1223221111323
1222221211312
1222221211132
1212131111323
1222221211123
1222222311332
1212311122112
1222222311323
1222222311233
1222222311211
1223212231311
1222222312313
1222222312331
1222222312122
1212222222321
1222222312133
1213331131223
1222222313213
1222222313231
1211212322221
1222222313321
1213121132232
1222222313132
1222222333121
1222222333332
1211321121331
1222222333323
1222222333211
1222222332113
1213331312123
1222222332131
1213332321113
1222222332223
1212112232212
1222222332322
1222222332333
1222222332311
1223232112333
1222222331312
1222222331132
1222222331123
1222222322121
1222222322222
1222222322233
1212123122133
1222222323113
1222222323232
1222222323223
1222112221132
1222222323311
1211211232323
1222222321313
1222222321331
1222222321221
1222222211113
1222233212213
1222222211333
1222222211311
1222222213313
1222222213331
1223313113312
1222222213212
1222222213221
1222222213133
1222222212123
1222222223112
1222222223121
1222222223323
1222222222113
1222222222131
1222222222223
1222222222322
1222222222333
1222222222311
1213111111133
1222222221213
1222222221321
1222222221132
1222222221123
1222222232112
1222222232121
1222222232332
1222222232323
1222222232211
1222222233113
1222222233232
1222222233322
1222222233333
1212132311232
1222222233311
1222222231212
1223322231212
1222222231133
1222222231111
1222121232332
1222222121232
1222222121223
1223111211111
1222222121322
1222222123212
1222222123221
1222222123111
1222222122213
1222222122123
1222222131112
1222222131332
1212132112222
1222222131323
1222222131222
1222222131233
1222222131211
1222222132221
1222222132122
1222222132111
1222133311111
1222222133213
1223132221113
1222222133231
1222222133321
1222222133132
1222222113121
1222222113222
1222222113211
1222222112113
1222222112232
1222222112223
1222222112333
1222222112311
1211113111133
1222222111312
1222222111321
1222222111123
1222223211112
1222223211332
1222223211222
1222223211211
1222223212133
1222223212111
1222223213231
1222223213312
1222223213321
1222223213132
1213311213323
1212121332213
1222223233112
1222223233332
1222223233323
1222223233222
1222223233233
1212322323111
1222223232113
1222223232131
1222223232232
1222223232322
1222223232311
1222223231321
1222223231132
1222223231123
1222123113312
1222223222112
1222223222332
1222223222233
1213213131121
1222223222211
1222223223131
1222223223232
1222223223322
1222223221313
1222223221331
1222223221212
1222223221221
1222223221122
1222223221133
1222223311113
1211233233333
1222223311232
1222223311223
1212321131131
1222223311322
1222223313313
1222223313331
1222223313212
1222223313122
1222223313133
1223331333312
1222223313111
1222223312213
1213221112121
1222223312321
1223132222213
1223333332232
1222223312123
1222223323112
1222223323121
1211321132131
1213331222222
1222223323332
1222223323222
1222223323211
1222223322113
1222223322223
1222223321213
1222223321231
1222223321321
1212112233321
1222223321132
1222223321123
1222223332112
1222223332332
1212331212123
1222223332323
1222223332222
1222223332211
1222223333113
1222223333232
1211122311122
1222223333322
1222223333333
1222223331331
1222223331212
1223112112121
1222222113323
1222223331122
1222223331133
1222223331111
1211212321112
1222223131232
1222223131322
1222223131333
1222223131311
1222223133331
1222223133212
1222223133221
1222223133122
1222223133111
1222223132312
1223211112233
1222223132123
1222223121112
1222223121121
1222223121332
1222223121323
1222223121222
1222223121233
1222223122331
1223332131131
1222223122212
1222223122122
1222223122111
1222223123231
1222223123312
1222223123132
1222223123123
1222223112112
1222223112121
1211311213132
1223111233133
1222223112332
1222223112323
1212233133131
1222223112233
1222223112211
1213211131132
1222223113131
1222223113223
1222223111313
1222223111122
1222223111133
1222212111113
1213221121112
1222212111131
1222212111232
1211223331111
1222212111223
1223321123332
1222212111333
1212111112131
1222212113313
1222212113221
1222212113122
1222212112213
1222212112231
1222212112312
1222212112123
1213113121321
1212213133313
1222212123332
1222212123323
1222212122113
1222212122131
1222212122322
1222212122311
1222212121231
1222212121132
1211322333223
1222212121123
1222212132112
1222212132121
1222212132332
1222212132323
1223133222111
1222212132222
1222212132233
1222212133113
1222212133131
1223333233333
1222212133223
1222212133322
1222212133333
1222212131331
1222212131221
1222212131122
1222212131133
1222212131111
1211322121211
1212121312323
1222212331131
1211223223223
1222212331322
1222212331333
1222212333331
1222212333212
1213332222122
1222212333122
1222212333133
1222212333111
1222212332213
1222212332312
1222212332132
1222212321121
1222212321332
1222212322212
1222212322122
1211331223313
1222212322133
1222212322111
1222212323213
1222212323321
1222212323132
1222212312112
1222212312332
1222212312233
1222212313113
1222212313232
1222212313223
1222212313322
1222212313333
1222212313311
1213321311121
1222212311313
1222212311212
1222212311111
1222212221113
1222212221232
1222113212331
1222233323223
1222212221333
1222212221311
1222212223313
1222212223331
1222212223212
1222212223133
1222212222213
1211213222212
1222212222132
1222212231121
1222212231332
1222212231323
1223211231231
1222212231222
1222212231233
1222212231211
1222212232313
1222212232212
1222212232133
1222212233213
1222212233231
1222212233321
1222212233132
1222212213332
1222212213222
1222212213233
1222212213211
1222212212113
1222212212131
1222212212223
1222212212333
1222212212311
1222111221311
1222212211213
1222212211312
1211321331121
1222212211123
1222213111112
1222213111323
1222213111233
1222213111211
1222213112313
1222213112331
1222213112212
1222213112221
1222213112133
1223232121131
1222111113133
1222213112111
1222213113213
1222213113312
1222213113321
1222213113132
1222213133112
1222213133121
1222213133332
1213333321211
1212312332323
1222213133323
1222213133222
1222213133211
1222213132113
1213213311211
1222213132223
1222213132333
1213321121232
1222213131213
1222213131123
1222213122112
1222213122121
1222213122222
1222213122233
1222213122211
1222213123113
1222213123223
1222213123322
1222213123311
1222213121313
1222213121331
1223311121322
1222213121212
1222213121221
1222213121122
1222213231113
1222213231223
1222213231322
1222213231311
1222232112222
1222213233313
1222213233331
1222232132213
1222213233212
1222213233122
1213232233321
1222213233133
1222213233111
1222213232213
1222213232312
1222213232132
1222213221112
1222213221121
1222213221332
1222213221323
1212133233311
1222213221222
1222213221233
1222213222331
1222213222212
1222213222133
1222213222111
1222213223213
1222213223231
1222213223132
1222213212112
1222213212332
1222213212222
1223333222113
1222213212233
1222213213113
1222213213131
1223331331323
1222213213223
1222213213333
1222121132331
1222213213311
1222213211313
1222213211331
1222213211221
1223312332231
1222213211122
1222213211111
1222213321131
1223313112133
1222213321223
1222213321322
1222213323313
1222213323221
1222213323122
1222213323133
1222213322213
1222213322312
1222213322321
1222213322123
1222213331112
1222213331121
1222213331323
1222213331222
1222213331233
1212213313313
1222213331211
1222213332331
1222213332212
1222213332111
1223211323121
1222213333231
1222213313323
1222213313233
1222213313211
1222213312113
1222213312131
1222213312232
1222213312223
1222213312333
1222111131122
1222213312311
1222213311231
1213312123133
1222213311321
1213323223321
1222213311132
1222211311112
1222211311121
1211332132133
1222211311332
1222211311323
1222211311222
1222211311233
1222211311211
1222211312313
1222211312212
1222211312122
1222211312133
1222211313213
1222211313231
1222211313312
1222211313132
1222211313123
1222211333121
1222211333332
1222211333323
1222211333233
1222211333211
1222211332113
1222211332131
1222211332223
1222211332333
1211322331133
1222211331213
1222223111331
1222211331321
1222211331123
1222211322323
1211323111132
1212222131133
1222211322222
1222211322233
1222211322211
1213231231221
1222211323113
1222211323223
1222211323322
1222211323333
1222211323311
1222211321313
1222213322231
1222211321331
1222211321212
1213132323232
1222211321221
1213233122112
1222211321122
1222211321133
1212221313231
1222211211131
1222211211223
1222211211322
1222211211333
1222211213313
1222211213212
1222211213133
1222211213111
1222211212321
1222211212132
1222211212123
1212222222231
1222211223112
1211231312311
1222211223211
1222211221213
1222211221231
1222211221321
1222211221123
1222211232112
1222211232121
1212111221321
1222211232332
1223223133231
1222211232323
1222211232211
1222211233113
1211212322133
1222211233131
1222211233232
1222211233223
1212121121132
1222211233322
1222211233311
1222211231313
1222211231212
1211222121322
1223211233332
1222211231221
1222211231133
1222211121113
1222111213211
1222211121131
1222211121232
1222211121223
1211312213223
1222211121322
1222211121311
1222211123313
1222211123331
1222211123221
1222211123122
1222211122231
1222211122312
1222211122321
1222211122132
1222211122123
1222211131121
1222211131332
1222211131323
1222211131222
1211213211111
1212222313333
1222211131233
1222211131211
1222211132331
1222211132212
1222211132221
1212221132122
1222211132111
1222211133213
1213333133311
1222211133231
1222211133312
1222211133321
1222211133132
1223132322111
1222211133123
1222211113112
1222211113332
1222211113323
1222211113222
1222211113211
1222211112113
1222211112131
1222211112232
1222211112223
1222211112322
1222211112333
1222211112311
1222211111312
1212123132123
1222211111321
1222211111132
1222211111123
1222321111112
1222321111121
1222132113321
1222321111323
1222321112331
1222321112212
1222321112221
1222321112133
1222321112111
1222321113231
1222321113312
1222321113321
1222321113132
1222321133112
1223213213332
1222321133332
1222321133323
1222321133222
1222321133233
1213333211123
1222321132113
1211111221131
1222321132131
1212113212233
1222321132223
1222321132322
1222321132333
1222321131312
1222321131321
1222321131132
1222321131123
1222321122112
1222321122121
1222321122323
1222321122222
1222321122211
1222321123113
1222321123131
1222321123311
1212131211133
1222321121313
1222321121331
1222133323231
1222321121212
1222321121122
1222321121111
1222321231131
1222321231232
1222321231322
1211312132131
1213131223221
1222321231311
1223113221213
1222132112313
1222321233313
1222321233221
1222321233122
1222321233133
1222321232213
1222321232123
1213333212333
1222321221112
1212213111212
1222321221121
1222321221332
1222321221222
1222321221233
1222321221211
1222321222313
1222321222331
1222111232221
1222321222122
1222321222133
1222321222111
1222321223231
1222321223312
1222321223123
1222321212112
1222321212121
1222321212323
1222321213113
1222321213232
1222321213223
1222321213333
1213221113322
1222321213311
1222321211313
1222321211331
1222321211212
1212213333131
1222321211122
1222321211133
1212111233223
1222321321322
1222321321311
1222321323313
1212111121311
1222321323331
1222321323212
1222321323133
1222321322213
1213112313233
1222321322231
1211123133112
1222321322312
1222321322132
1222321322123
1222321331121
1222321331332
1222131111313
1222321331323
1222321331222
1222321331211
1222321332313
1222321332221
1211331111131
1222321332122
1213313112332
1222321332111
1222321333231
1222321333312
1222321333321
1222213313332
1222321333132
1222321333123
1222321313112
1222321313121
1222321313323
1222321313233
1222321313211
1222321312131
1222321312223
1223322213122
1222321312322
1211222111132
1222321311213
1222321311312
1222321311321
1222321311132
1222321311123
1212312312132
1222323311112
1222323311121
1222323311222
1222323311233
1222323311211
1222323312313
1222323312221
1222323312122
1222323312133
1222323313231
1222323313312
1222323313321
1222323313132
1222323313123
1222323333112
1222323333323
1222323333233
1222323333211
1212313332322
1222323332131
1223323111111
1222323332232
1222323332223
1222323332322
1212131323122
1222323332333
1222323331231
1222323331321
1222323331132
1222323322112
1222323322323
1222323322222
1211132232132
1212212112131
1222323322211
1222323323232
1222323323322
1222323323311
1222323321331
1222323321212
1213121222111
1222323321221
1212331322332
1222323321122
1222323321133
1222133232331
1222323211131
1223322232211
1222323211223
1222323211322
1222323211333
1222323211311
1211221322331
1222323213313
1222323213212
1222323213221
1222323213122
1222323213111
1222323212213
1222323212231
1222323212312
1222323212321
1222323212123
1222323223112
1222323223332
1222323223211
1222323222131
1222323222311
1222323221312
1222323221321
1222323221123
1222323232121
1211333321213
1222323232323
1222323232222
1222323232233
1222323232211
1222323233113
1222323233223
1222323233322
1213222333213
1212133233322
1222323233311
1222323231313
1222323231212
1222323231122
1212231221212
1222323121131
1222323121232
1222323121223
1222323231221
1222323121311
1222323123313
1212133132212
1222323123221
1222323123122
1222323123133
1222323123111
1222323122213
1222323122231
1222323122312
1211111232331
1213221133122
1223131322121
1222323122321
1222323122132
1222323131121
1222323131332
1222323131323
1222323131233
1222323131211
1222323132212
1222323132221
1222323132111
1222323133231
1222323133312
1222323133123
1212121111232
1222323113121
1211311332222
1222323113332
1212132112211
1222323113323
1222323113222
1212311313211
1222323113233
1222323112113
1222323112131
1222323112223
1222323112333
1222323112311
1212122113332
1222323111231
1222323111321
1222322211112
1222322211121
1223231233123
1222322211323
1222322211222
1222322211233
1222322212331
1222322212212
1222322212221
1222322213213
1211121311222
1222322213312
1222322213321
1222322213132
1222322213123
1223132222312
1222221312222
1222322233121
1222322233332
1222322233323
1212311111112
1222322233222
1222322232131
1222322232232
1222322232322
1222322232333
1222322232311
1223222232322
1222322231213
1222322231231
1223231232122
1222322231312
1212212222232
1222322231321
1222322231132
1222322231123
1222322222112
1222322222233
1222322223131
1222322223232
1222322223223
1211332232211
1222322223322
1222322223333
1222322221313
1222322221212
1222322221221
1222322221122
1222322221111
1222322311113
1222322311131
1222322311232
1222322311223
1222322311333
1222322311311
1222322313331
1222322313221
1222322313122
1222322313133
1222322313111
1222322312213
1213111313133
1212123223223
1222322312231
1222322312312
1222322312132
1222322312123
1222322323112
1212323312323
1222322323332
1222322323323
1212331111213
1222322323222
1222322323233
1222322323211
1222322322131
1222322322232
1213322323312
1222322322322
1222322321213
1223313132333
1222322321231
1222322321312
1211123321311
1222322321123
1222322332112
1222322332121
1222322332332
1222322332233
1222322332211
1212122122321
1222212121312
1222322333322
1222322333311
1222322331313
1222322331122
1213211332221
1222322131131
1222322131223
1222322131322
1211333113232
1222322131333
1211232231123
1222322131311
1213133111313
1222322133331
1222322133133
1222322133111
1222112313231
1222322132213
1222322132231
1222322132321
1222322132132
1222322121112
1222322121222
1222322121233
1222322122331
1222322122212
1222322123132
1222322123123
1211122313311
1222322112121
1222322112323
1222231122233
1222322112222
1222322112233
1222322112211
1222322113113
1222322113131
1222322113232
1222322113322
1222322113333
1222322113311
1222322111221
1212212332131
1222322111122
1211113122111
1222322111133
1222322111111
1222331111113
1222331111131
1211323321331
1222331111322
1222331111333
1222331113331
1222331113133
1222331112231
1222331123112
1222331123332
1222331123323
1222331123222
1222331122113
1222331122131
1222331122232
1222331122333
1222331122311
1211223221122
1211322221111
1222331121312
1222331121321
1222331132112
1222331132121
1222331132332
1222331132233
1222111122333
1222331132211
1222331133131
1222331133232
1222331133223
1222331133322
1222331133333
1222331133311
1222331131331
1222331131221
1222331131122
1222331331113
1222232123312
1222331331232
1222331331322
1222331331333
1222331333313
1222331333212
1222123133222
1222331333122
1222331332213
1222331332321
1222331321121
1222132312131
1222331321332
1213223212113
1222331321222
1222331321211
1222331322313
1222331322212
1222222322211
1222331323213
1222331323312
1211233223233
1222331323321
1222212211132
1222331323123
1211212113133
1222331312112
1222331312332
1222331312222
1222331312211
1222331313113
1213223131111
1223131313132
1222331313232
1212311313112
1222331313322
1222331313333
1213112132322
1222331311313
1222331311212
1222331311221
1222331311122
1223323231123
1222331311111
1222331221223
1211111223122
1211321333213
1222331221322
1222331221333
1222331223313
1222331223331
1222331223221
1223333122123
1222331223122
1222331223133
1222331223111
1223121332323
1222331222213
1212132212122
1222331222231
1222331222321
1222331222132
1222331231121
1222331231332
1222331231323
1222111212223
1222331231222
1222331231233
1222331232212
1222331232221
1222331232122
1222331232133
1222331232111
1222331233213
1222331233231
1222331233312
1222331233132
1212331231111
1222331233123
1222331213112
1212121111223
1222331213323
1222331213222
1222331213211
1222331212113
1222331212232
1222331212223
1222331212333
1222331212311
1222331211213
1222331211312
1222331211321
1222331211132
1222331211123
1212131312223
1222332311112
1211221221322
1222332311332
1213321331321
1222332311323
1222332311222
1222332311233
1222332311211
1222332312313
1211123312223
1222332312111
1212211231233
1222332313231
1211323333233
1222332313312
1222332313321
1222332333112
1222332333121
1211123123232
1222332333323
1222332333233
1212312313221
1222332332113
1222332332232
1222332332223
1212321312321
1212133213122
1222332332311
1222332331213
1222332331231
1222332331312
1212332333212
1222332331123
1223121123321
1222332322121
1222332322332
1211211322211
1222323223222
1222332322323
1222332323113
1212231311131
1222332323131
1222332323223
1213322122322
1222332323333
1212121212333
1222332323311
1222332321313
1222332321122
1222332321133
1222332211131
1222332211322
1222332211333
1222332213313
1222332213331
1222332213212
1223113232323
1222332213221
1222332212213
1222332212231
1212213212122
1222332212132
1222332223121
1211111122333
1222332223332
1222332223323
1211131331133
1213232232313
1222332223222
1222332223233
1222332223211
1213321231111
1222332222113
1211133333122
1222332222131
1222332222232
1222332222223
1222332222322
1222332222333
1222332222311
1211111233213
1222332221213
1222332221231
1222332221312
1222332221132
1222332221123
1222332232121
1222332232323
1222222231313
1222332232222
1222332232233
1222332232211
1213312322121
1222332233113
1211121113323
1222332233131
1222332233223
1222332233322
1222332233311
1222332231313
1222332231331
1222332231221
1222332231122
1222332121113
1213221212122
1223211112112
1222332121232
1222332121322
1222332121333
1213123233223
1222332121311
1222332123313
1222332123212
1222332123122
1222332131323
1222332131222
1222332131233
1222332131211
1222332132313
1222332132331
1212311131312
1222232222222
1222332132212
1213121121313
1212323111322
1222332132221
1212222212311
1222332132122
1222332132133
1222332133213
1222332133321
1222332133132
1222332133123
1222332113112
1222332113332
1222332113323
1222332113222
1222332113233
1222332113211
1222332112113
1211321322321
1223333323131
1222332112232
1222332112223
1213232123222
1222332112333
1222332112311
1223113312212
1222332111213
1222332111132
1222332111123
1222333211112
1222333211121
1212321232232
1222333211332
1222333211323
1211232113311
1222333211233
1212221323113
1222333211211
1222333212331
1211121322332
1222333212212
1222333212221
1223322133123
1222333212122
1222333213231
1222333213312
1222333213132
1222333213123
1222333233222
1212311221323
1222333233233
1222333233211
1222333232113
1222333232131
1222333232223
1222333232333
1222333232311
1222333231123
1222333222121
1222333222332
1222333222323
1222333222233
1222333223113
1222333223131
1222333223223
1222333223333
1212322133222
1222333223311
1222333221331
1222333221221
1222333221122
1222333221133
1222333221111
1222333311113
1222333311131
1222333311232
1222333311223
1222333311322
1222333311333
1222333311311
1222333313212
1222333313221
1222333313122
1223323313133
1222333313111
1222333312213
1222333312231
1211213111233
1222333312312
1222333312132
1222333323323
1222333323222
1222333323233
1222333323211
1222333322131
1211213133211
1222333322232
1222333322223
1222223211323
1222333322333
1222333322311
1222333321213
1222333321231
1222333321132
1213321222223
1222333321123
1222231232231
1222333332332
1222333332323
1212122332232
1222112331123
1222333332222
1213333332213
1222333332233
1222333332211
1222333333113
1222333333131
1213211211221
1222333333232
1222333333223
1212223321131
1222333333333
1222333333311
1222333331313
1222333331212
1222333331122
1222333331111
1222333131113
1222323222223
1222333131131
1222333131232
1212332332321
1222333131322
1222333131333
1222333131311
1222333133313
1222333133212
1222333133133
1222333132213
1222333132231
1222333132123
1213232212322
1223121332233
1222333121121
1222333121323
1222333121222
1222333121233
1223321222231
1222213123333
1222333121211
1222333122313
1223111223132
1222333122331
1222333122212
1222333122221
1222333123312
1222333123321
1212232313332
1222333112121
1222333112332
1222333112233
1222333113113
1222333113131
1222333113232
1212331311222
1222333113311
1222333111122
1222333111111
1222313111113
1223213222231
1222313111232
1222313111223
1212313323223
1222313111322
1223233323211
1222313111311
1211132113213
1222313113313
1211123221112
1222313113212
1222313113221
1222313113133
1222313113111
1222121211311
1222313112213
1222313112231
1222313112312
1222313112132
1222313112123
1213333133131
1222313123112
1222313123332
1222313123222
1212331231133
1222313123211
1213211112313
1222313122113
1222313122232
1222313122333
1222313122311
1222313121312
1211332333112
1212323121123
1222313121321
1222313121132
1222313121123
1211213332331
1222313132112
1211311121332
1222313132121
1222313132332
1222313132222
1211223223131
1222313133131
1222313133232
1222313133322
1222313133333
1212213112332
1222313131212
1222313131221
1222313131122
1222313131111
1222313331113
1222313331131
1212122222322
1222313331223
1222313333313
1222313333331
1222313333212
1222313333122
1212212212231
1222313333133
1223133111222
1222313333111
1222133123323
1222313332213
1222313332231
1222313332312
1223331333213
1222313332132
1222313332123
1222313321112
1222313321323
1223131221231
1222313321222
1222313321233
1222313321211
1222313322331
1222313322221
1222313322133
1223321322133
1222313322111
1213231131332
1222313323213
1222313323321
1222313323123
1222313312121
1222313312332
1222313312323
1222313312222
1222313313131
1222313313223
1212331131222
1222233121223
1222313313322
1222313313333
1222313311313
1222313311331
1222313311212
1212121321233
1222313311221
1222313311133
1222313311111
1222313221113
1222313221131
1211132222111
1222313221322
1222313221333
1223211312312
1222313221311
1222313223313
1223311132122
1222313223331
1212223221222
1222313223212
1213313311232
1222313223221
1222313223122
1222313223111
1222313222213
1211111323231
1222133233231
1222313222231
1222313222312
1222313222132
1222313222123
1211113222121
1222313231112
1222313231121
1222313231323
1222313231233
1211312133121
1222313231211
1222313232331
1222313232122
1222313233213
1222313233312
1222313233132
1213332323133
1222313233123
1222313213112
1222313213121
1222313213323
1222313213222
1222123132322
1222313213233
1213333333331
1213211233111
1212111311211
1222313212113
1222313212232
1222313212322
1222313212333
1222313211213
1213212131333
1222313211231
1222123313211
1222313211321
1211123211313
1222313211123
1222312111332
1222312111323
1222312111222
1222312111233
1222312111211
1222312112331
1222312113213
1222312113132
1222333123231
1222312113123
1222312133222
1222312133233
1222312132113
1211113231321
1222312132131
1223121133212
1222312132232
1223221111211
1222312132223
1222312132322
1222312131213
1222312131312
1222312131321
1222312122323
1222312122222
1223311112322
1222312122211
1222312123131
1222312123232
1211123321223
1222312123223
1222312123322
1222312123333
1222312123311
1222312121313
1222312121331
1222312121212
1222312121221
1222312121122
1222312231113
1222312231131
1222312231232
1222312231311
1222312233313
1222312233331
1211312213131
1222312233212
1222312233122
1211211131233
1222312233111
1222312232213
1222312232123
1222312221323
1222312221222
1222312222331
1222312222221
1222312222122
1222312222111
1222312223231
1211131211323
1213123212123
1222211123111
1222312223312
1222312223321
1222312223132
1222312223123
1222312212112
1213323321232
1222312212121
1222312212332
1212121211132
1222312213113
1222312213223
1211213131132
1212223232132
1222312211212
1222312211122
1222312211133
1222312211111
1222312321113
1222322322333
1222312321232
1223312311111
1222312323313
1222312323221
1222312323122
1222312323133
1222312322213
1222312322312
1222312322321
1222233222311
1222312322132
1222312322123
1211331232133
1222312331121
1212331121333
1222121233311
1222312331332
1222312331323
1232313311132
1212212321331
1121122311221
1122312322311
1231333123222
1213121331211
1231322311111
1121122231211
1121122232331
1211322232113
1223123121213
1231212113333
1233121122321
1121122233312
1121122233132
1121331123121
1213122131131
1121122221311
1122113212323
1112332313321
1122233131331
1231332121212
1121122223313
1121323133231
1233122132233
1232121211222
1211111323132
1121122223133
1121231232231
1232132211123
1121122223111
1211312212323
1222132213223
1121122212223
1121122212232
1121121222311
1121122212322
1212212221312
1212131131132
1112313321121
1121122213112
1232311121223
1121122213323
1212123222112
1121122213332
1223223121311
1111121111333
1121122211312
1233313212223
1121122211123
1231121322132
1121121211311
1112111212223
1212323313223
1123332333312
1223311232112
1222222231221
1121121213221
1121121213331
1121121213133
1123331112121
1211333221122
1232133331233
1211321112212
1121121212123
1121121222113
1121121222223
1123331221331
1221213311223
1121121223112
1223112322311
1121121221321
1111121311111
1211313232122
1112232332323
1233133313322
1121121221231
1232132111113
1121121221123
1121121221132
1121121233131
1223131132122
1121121233333
1221112112132
1122133121322
1233211133321
1211122113313
1213322213112
1222312222212
1121121231221
1123321121333
1213211223213
1121121231331
1121121231111
1121121311233
1212312122212
1233222223211
1121121311211
1121121312313
1212112112123
1223122313121
1121121313321
1121121333323
1121121333233
1232333232222
1121121333222
1211122311331
1211313213211
1212232312131
1123111222211
1221313233232
1121121331312
1213213331132
1121121331213
1122123211112
1212332112231
1121121331231
1122111232323
1121121323113
1222211322121
1122113331222
1222333122133
1121311321231
1222112123221
1231332232321
1121121322211
1121121321313
1122312322223
1121121131323
1121313331311
1122331331321
1121121132212
1221323213222
1121121132221
1111211122322
1121121133312
1121121121113
1223111113213
1112333111111
1121131233332
1112232232131
1121121121322
1123132132133
1121121123212
1121121123221
1121121123122
1213113211231
1121121122321
1232231312211
1121121122231
1112311321321
1122222212223
1222231131132
1121121113233
1233223333322
1221333212323
1121121113211
1213322133131
1121121111231
1211331223111
1121221111223
1121221111232
1212321311333
1232113113233
1213221331221
1121221111333
1122311122222
1211111123112
1111112221131
1213111121233
1121221113212
1121221112213
1212223211212
1221123223333
1223331223321
1222133321233
1121221112231
1123123311222
1121221122131
1121221122232
1212133121232
1121321313323
1121221123222
1211113333333
1121221121321
1121221123332
1122132132213
1221122133123
1121221133113
1231331213123
1121221133131
1111233313311
1121221133311
1112232111221
1121221132112
1223321112213
1232212332313
1121221132323
1233232332332
1121221131212
1121221131331
1211221232313
1121221131122
1112312321223
1111122233131
1231222233111
1221211232122
1121221321332
1231123222223
1232123323123
1233212233123
1121221322122
1211122132332
1232132231323
1121221323213
1112222212123
1121221331232
1212322133211
1121221331322
1212332223122
1221311211133
1121221333221
1223232232222
1122111323333
1121221333313
1122112212322
1212121332132
1121221333133
1112313323312
1211211231122
1233132132223
1213123222333
1121221332213
1121221332123
1213223131221
1231113221311
1121221313113
1121221313322
1121221312112
1123322132332
1232331323331
1212322212323
1121221312233
1233232212331
1232331221112
1121221312222
1121221312211
1231312312122
1223232121223
1121221311221
1213113122223
1233332122321
1121221311111
1121221231222
1121221232313
1112211222232
1211131133133
1213313322333
1213332133332
1233131313111
1213131111232
1121221232111
1112233121333
1233311132321
1121221223212
1232212132333
1212122223323
1121221223313
1231231233322
1111111123111
1212212131332
1121133123112
1233231131312
1212333211133
1121221212333
1231131122223
1121221212322
1231112221121
1121221213112
1233123211111
1221311311321
1121221213323
1123121233111
1121221213222
1211223312132
1121221211312
1121221211213
1221133233311
1112133231121
1212233231332
1112122211123
1121222211311
1121222213221
1232213231233
1223313311312
1121222213331
1213312231111
1121222213133
1222112111132
1121222213122
1211123231322
1231321122123
1121222212312
1231133133212
1123321233311
1213231132122
1212113121122
1121222321313
1112111311122
1233133212322
1221112223122
1221123133111
1121222222223
1121323331132
1121222222333
1121222223332
1211322331212
1121222223211
1121222221312
1212132321132
1231321222322
1223313131213
1121222221213
1223122212211
1232233112323
1232132233321
1212112311313
1121222221132
1121222233333
1222321333213
1121222232332
1112132332122
1213333322133
1233131111212
1121222231212
1122112121132
1212223333123
1233322211323
1211222321221
1212123231231
1222123122112
1121222231133
1211323113121
1111221232112
1221211333111
1121222311211
1121222312212
1211133312332
1213122331133
1231331112112
1112332313132
1223322111312
1121222312133
1222133222312
1121222312111
1221222112321
1121222313213
1211323232112
1231231132331
1121222332113
1122231223232
1121121212213
1231211311312
1121222323113
1122322211313
1111232211212
1222312231322
1221323311133
1121222322233
1222332322112
1231131313232
1121222322211
1212113312322
1121222321221
1121222131112
1123313213132
1121222132212
1222333221212
1121222132133
1122212333323
1121222121113
1121222121322
1211321233331
1121222123133
1121222123122
1232112121211
1221313321221
1211313331131
1121222122123
1121222112223
1231223311221
1122232112122
1212233232122
1121222113332
1121222113211
1121222111321
1112213133323
1211312232132
1121132133332
1121222111132
1232313122121
1121223313212
1122312111221
1222331111223
1121223313111
1121223312213
1212312333311
1231231332223
1121223312123
1223223323322
1232223123331
1121223312132
1121223322232
1121223322333
1112333212313
1122233113133
1221321321312
1121223323222
1233232131311
1233121132133
1222312112111
1121223321231
1121321122323
1121111111113
1121223321132
1233211213331
1213133112121
1121223333113
1231323132232
1122233312332
1232123233123
1221122233223
1121223332222
1212312123321
1111222333133
1121223332211
1111213222112
1213213113332
1233321122211
1121123222133
1121222311323
1121132113213
1121223331133
1211321322213
1222212312323
1121223331122
1212313333211
1123221131131
1233323223222
1121223331111
1233323312313
1213112321223
1121223211112
1232132211231
1121223211323
1122333231333
1213221223322
1111221323311
1221323111113
1121223211332
1121223211233
1121131211323
1112312231113
1121223212331
1112213111332
1223331333231
1121123133332
1232213213222
1121223212122
1121223213312
1222132112111
1111212123111
1121223213132
1121223232113
1123333112321
1221132122331
1121223232322
1121223232311
1222123111222
1121223233112
1212132121112
1212121122311
1123212313111
1233123121331
1121223233323
1121213212323
1121223233211
1221121333313
1213231311222
1221311323122
1121223231312
1121223231321
1232321233312
1213121211133
1233313113212
1121121213122
1121223222222
1211211222223
1232212313222
1212112123222
1232321221232
1222233211322
1121223221122
1211221123222
1233322112323
1121223221111
1121223121112
1121223121332
1111112213211
1212232222111
1121223121211
1233131222222
1121223122212
1112131113223
1121223122331
1121231231223
1233333312312
1211132112111
1123133113333
1213123211223
1121221131111
1122321233233
1121223123123
1231322313232
1121223131322
1223133312322
1121223133313
1111121231211
1121223133111
1232212213113
1121223113131
1213122223232
1121223113333
1212231231321
1112222232323
1223323122313
1233321222221
1221312121323
1211223223311
1213113221113
1121223112222
1123232322122
1121221322212
1121223111313
1112313322111
1121223111111
1122321133221
1112331333212
1121221221232
1233121232112
1121231111233
1112211231212
1121111132332
1232113211113
1211231322231
1213322112132
1121231113123
1121231132232
1121231132311
1121231133332
1213111111313
1121231131132
1121231123223
1213222313121
1121233321221
1221331112232
1212323123323
1212121233321
1121231123311
1212333222122
1231312333222
1211132221222
1121231121212
1231311121123
1233121321331
1121231121111
1122233322221
1121231222212
1221132121211
1212133133132
1123131113122
1112113232223
1123113221232
1232311313312
1232312213323
1233331311331
1231313111212
1121231231232
1121213113123
1121231231322
1122111312122
1121231233212
1211121321111
1211311132321
1121231232312
1111233112312
1213213232332
1121231213311
1121231233122
1112213121133
1212211221322
1222331313311
1121231211331
1121231111222
1121231211133
1212112133113
1223231111131
1111123332233
1223131212231
1121122231222
1121231331323
1231122321231
1121231331332
1121231331222
1123223111322
1221123133221
1223233133313
1121231332122
1121231333132
1121231321322
1233322331221
1222233332113
1231323321223
1121231322123
1231113223212
1222333231213
1121231322132
1121231312223
1121231312232
1213331332112
1121231312333
1122312313221
1211231112133
1121322231312
1122322122222
1121222231221
1121233211131
1223231223221
1121133221322
1121233213111
1121233222113
1212131232312
1121233222131
1223311112333
1111221113233
1211121311112
1223113311211
1233312231322
1121233222223
1121233222232
1223213331333
1123211333132
1222313232313
1121233223222
1121233221321
1223321113331
1121233233322
1223111232312
1121233232233
1211121232323
1121233232211
1121233231111
1232222133313
1121233311121
1211323211223
1122212321221
1232332223113
1211133211213
1221233213323
1121233311222
1121233312313
1123331311333
1121233312331
1121233312111
1121233313213
1122321312123
1122223231322
1211133323231
1232222133122
1213113122113
1121233333112
1231313312123
1112213131213
1121223313313
1121233333211
1121233331132
1223222121233
1122132322333
1121233323113
1121233323131
1121131113223
1223223122231
1222311112112
1121233323333
1123332121313
1123123311233
1112133221131
1211213321131
1111121111223
1211331133113
1121233322211
1121233321313
1213221231312
1121233321111
1211313131331
1122322222111
1213313233112
1121233131211
1222221312332
1123221313313
1121233132221
1213112312311
1123332233133
1121233133123
1112221113111
1223312213222
1232322232211
1121233121113
1223213313322
1121233121223
1121311222121
1232231233231
1121233123331
1123331213132
1222232123321
1122331232323
1232233123321
1121233122123
1212322212233
1222321321232
1122321233112
1121233112223
1223212231131
1121231311312
1121233112232
1211321231232
1111223133112
1121233113112
1213233332111
1112131112323
1121233113332
1111223313233
1233123333231
1121233113222
1122121123332
1121221122223
1231231331213
1122331121333
1123311112123
1121233111123
1211311122221
1223121123312
1121232311131
1121232311232
1112212112312
1212112131331
1121221132211
1121132211122
1222333123132
1121232311322
1121232313221
1112211133123
1213121312333
1232111332111
1121232313122
1222132131312
1123213113233
1122232121122
1213113111113
1212212122123
1121232313111
1222233331312
1112111123222
1231321231313
1213133333131
1121232312123
1223222311322
1121232312132
1212123122111
1121331211132
1223221311132
1233122222132
1211311231213
1121232323112
1111123213132
1121133313333
1121232323222
1211223122133
1121232321321
1121232321231
1233313111333
1121232332323
1121232332233
1121232332211
1221132332323
1121232331331
1212213131223
1122333212121
1121232331133
1111112321233
1222212323231
1231221113223
1111232212323
1122132331221
1121232331122
1212232331121
1121113312123
1213123123111
1221212222232
1121232211323
1122113232213
1121232211222
1212211212311
1121321113231
1233112113222
1121231131213
1232311233311
1221122133132
1232222122111
1121221323321
1122133212321
1121232212212
1121232212221
1212231323323
1112121213212
1211313223111
1233222232222
1121333311113
1122123131322
1121222231313
1121232213213
1121232213123
1121312333231
1121232232131
1232322221123
1212211112213
1121232232232
1211311111221
1121232233112
1211323333211
1121232231321
1111222133113
1121232231132
1231311113111
1213212212221
1121232223311
1112232231123
1121232222121
1223332112222
1121232222233
1123132212132
1213122323112
1212223211221
1232232113211
1232112321231
1231333133232
1121232221331
1121232221133
1122133311112
1232131121131
1121232121112
1232231233132
1121232121121
1121311223232
1121232121323
1123133233211
1121232122221
1122313331312
1232221312113
1123121121221
1121232123123
1121232123132
1121232131333
1121232133221
1112212311111
1212212212123
1121212331322
1111222211132
1221113222122
1121232132231
1223123332123
1222213131132
1233133123211
1121232132132
1212112132121
1121232112323
1211233232222
1121231111323
1213321121113
1121232112332
1121232112211
1121232111221
1123213323232
1121233313132
1121232111133
1123311133113
1121113332211
1112233112311
1121213111323
1122111123221
1213132312212
1231323222313
1121213112221
1123222311321
1121221213121
1121331313311
1233323121223
1121213112331
1112333123231
1121213112111
1233213131213
1233113232322
1121213133112
1121213133121
1233212212223
1221312321132
1121213133211
1112111322221
1121213131213
1213232111232
1222321331233
1121213131123
1121213131132
1212333111211
1123311313131
1121213123131
1123311231222
1222233231331
1123213322211
1121213123223
1212222132222
1123122131131
1211222313231
1112131311322
1233322333131
1112123321113
1121213122332
1121213122233
1121213122222
1221222311133
1121213122211
1111112331232
1223123311122
1121213121122
1211233131323
1121222131233
1213233321322
1231333331113
1112321132311
1112131131131
1233133232122
1121213222331
1222223323323
1232232331213
1121332111132
1121213223312
1121213223132
1231321323333
1232311323223
1232323112233
1221333313323
1221322331211
1211123312232
1211311313331
1221311132333
1121122211231
1121213233313
1223321322111
1121221223122
1211121312212
1121213233133
1211131212212
1222212112321
1121213232321
1112211333222
1121213213113
1223122112133
1123222222331
1121213213322
1223233332211
1121213213311
1223122112331
1121213211313
1223223131112
1121213331323
1231331223322
1121213331222
1213213311112
1221113311321
1121213332221
1223321112123
1123332311213
1222112322233
1122232132333
1232113323223
1121213332122
1121213332111
1121213333321
1123331211233
1231113133131
1121213333132
1231132311332
1221313132221
1211322123213
1121213321333
1121213323313
1121213323122
1213111211222
1123112213232
1121213322312
1233212213222
1121213322213
1121213322231
1121213322123
1223333231212
1223311231122
1121213322132
1121213312322
1121213312311
1122113123232
1121213313121
1212311112221
1232111313332
1221323113111
1212332123233
1221221121322
1213122133313
1121213313211
1213311321222
1232321323213
1121213311123
1121212111131
1121212111223
1223231211123
1121212111333
1121212113133
1121212113111
1121212112321
1121212112213
1213113322221
1123331133122
1221133221312
1121212122113
1222111332132
1121212122232
1111222321323
1121212123332
1121212123222
1223212331112
1121332211311
1221231231312
1121231211111
1121212133223
1123312133213
1211211123331
1121212133322
1121111331311
1232313332133
1233222132212
1222222331231
1121212132323
1233322213123
1121313131212
1121212131212
1112322321231
1121212131313
1121123111233
1233332321133
1233211232222
1222223312132
1121212131331
1123311133311
1112323311112
1122131112331
1213122312321
1122332323132
1121212321233
1112233223323
1223213222123
1123232321112
1223331233212
1222333132132
1121212323231
1121333312321
1212212122231
1122122332311
1121212323132
1211311133221
1123121332212
1112231121212
1222212212322
1121212331113
1123311123222
1213213223332
1121212321323
1112322313212
1233211123111
1121212331131
1122333323122
1221333131123
1121212333313
1122211112123
1123333123222
1211212112321
1232322323333
1121212332213
1212123133212
1231313333311
1121212332132
1221223333312
1121212313113
1233113323121
1223333112311
1121212313311
1112111313223
1122233332312
1121212312121
1223233311232
1231323112212
1233111211213
1121212311221
1123211322213
1121212311313
1213331322333
1222123331121
1111223222331
1213212121323
1122222123211
1232132131221
1221111113323
1223313311231
1121212231112
1123231333323
1232212111211
1232323313122
1121212231323
1122133122132
1122122221312
1123123232332
1122231113311
1112111313232
1123323331233
1233122223122
1232223332311
1121212232122
1233232322131
1121212233321
1121212233213
1122211222321
1121212233231
1123113331223
1212133322121
1121212223133
1121331231222
1121212212131
1121223321321
1112313133232
1121212212333
1211111223212
1121212211312
1212333322231
1231223233312
1121212211132
1222223211121
1121211211131
1121211211223
1213231132331
1112313331223
1231232312332
1223113232222
1121211211333
1122122213221
1111222333122
1231221223131
1121211213212
1231211113213
1121211213221
1123112113321
1232121322223
1121211212321
1121211222113
1121211223332
1121211223222
1122222223331
1121211221312
1231231132212
1121211221321
1232331222111
1211313333221
1121211221231
1223122322132
1121322111331
1223332232223
1121211233131
1213222331233
1121211233223
1233321323111
1121211233232
1211121232332
1233213313112
1223121221122
1121211233322
1232331113321
1121211233311
1212233222321
1111221211113
1232211132132
1121211232121
1222123233133
1123122211121
1222312111112
1121211231313
1212313331132
1231221211233
1121211311211
1231122231312
1222232322311
1121211312212
1123113211213
1231231121232
1121211312313
1233333221313
1121211312111
1223133112133
1123123123111
1123232221311
1121211332113
1212321311113
1222133131313
1121211332322
1221133223323
1121211333222
1121211331213
1221222213332
1123211233111
1211323323232
1121211322233
1121322331331
1231213213221
1121211321133
1222323132331
1121211131332
1213113222213
1112122112231
1232311132212
1121211131233
1112332312122
1222122311331
1112313122113
1231231322222
1121211132122
1211123121111
1212221323232
1222213131312
1233312132113
1223222232223
1233211311332
1233123112111
1233122322212
1121211133312
1121232322232
1212132132213
1231322231222
1233122222312
1121211133231
1123311133223
1233323213313
1121211121232
1111211233213
1121211123221
1121211123133
1121322212133
1231121123311
1121211122312
1231221131223
1231311122311
1213132212213
1121211122123
1122331231111
1222312222133
1121211122132
1121211322211
1121211112223
1212232222122
1112121232211
1121211112232
1232111122222
1221121321121
1223323311311
1121211112322
1223312311221
1121211113112
1123121231311
1121211111312
1213221311131
1222111121123
1122321122122
1221122322323
1223121322113
1233313122131
1121331111333
1121331111311
1122133231313
1223233212331
1121331113133
1212321311311
1231321132313
1222131112233
1121331113122
1121112323223
1121331122113
1121331122131
1231322121231
1121331122333
1232231111333
1211332113233
1232223333332
1223211121211
1123113231233
1121331123332
1212231223131
1232211311113
1232322233333
1221312331313
1121331123211
1212211321112
1221332131313
1121331133232
1111121312112
1122321331111
1221231323332
1121331132222
1231113112312
1121331131212
1123333233231
1213331221313
1121331131313
1121331322221
1221212323333
1221211232111
1213131222132
1121331322313
1213133122133
1123213331321
1121122112213
1121331323231
1221221223211
1213321233131
1121331333313
1121113321132
1121331333331
1221323321112
1223322221132
1232232232323
1121223132231
1111211323312
1122231312213
1222323333121
1121212322111
1121331332231
1222223131113
1121331332123
1212122131211
1223123311111
1223322231331
1221111211113
1121221313131
1123111313212
1111112211231
1121331313113
1121331313131
1121331313223
1121331313333
1211221313333
1123121221222
1121331313322
1123233232213
1121331312323
1121331311331
1123233312322
1122122212132
1121331231323
1121331232313
1121131133133
1212221132133
1121331232122
1121331232111
1111233311212
1232222232322
1221231223311
1121331233213
1212231131223
1223122222313
1112332232121
1231233222221
1121213323221
1121331233123
1112232121121
1112133333331
1232323132123
1121231323313
1121212332123
1111111211131
1221333111112
1223122222221
1121331221232
1223233223223
1121331221322
1232212312311
1121331223212
1112333122313
1233321123223
1121331223331
1232222131311
1232131223332
1213111123312
1121331223133
1123333222213
1232232133123
1121331223122
1221312322223
1121321111121
1232331121111
1121121111321
1112323223222
1121331222321
1232111123113
1121331222132
1121331212223
1232133313323
1121332131112
1121121112131
1121331213222
1112133232111
1121331211321
1121331211213
1211321223213
1232222132231
1211122312211
1121332211113
1221123322333
1122231223113
1121332213313
1233311333223
1222212232122
1121332213133
1212311321113
1121232233323
1123123112311
1121332212123
1111123113322
1121332222232
1231211231232
1121332222322
1123123331132
1121332223121
1213113313322
1212333213113
1222323112322
1233121211333
1121332223323
1121332223332
1112221311313
1121332223233
1121332221213
1213131123323
1233131132321
1121332221132
1121312113312
1121332233113
1123112322213
1213322222132
1121332232112
1231122231213
1121332232121
1122332233312
1121231333213
1121221332321
1123233221112
1121332232332
1233231232231
1212111122132
1121332231111
1121332311323
1212321233121
1231112112133
1232332332222
1121312132223
1222133213112
1222232322131
1123313113113
1233232132312
1211122132233
1121121333112
1121332312313
1121121223323
1212211312332
1232313322312
1122113112212
1121322323121
1222112321133
1122333323212
1231332311213
1121332333121
1121332333233
1213211322123
1222233333211
1112323213331
1121332333211
1121221111322
1231322121213
1213321221123
1121332323322
1121332322323
1121332321212
1121332131233
1122112213112
1222232232333
1121233333332
1122332233123
1121332132133
1121332132122
1231332232312
1232213311221
1211212231332
1231323122222
1121332121113
1121232333223
1121332121223
1123131231211
1222231111121
1112121331231
1223331132113
1121113221221
1222331213121
1121332121322
1212111321133
1232331223213
1221231213123
1121332123212
1213111132231
1121332123331
1232332233121
1223123113133
1121332123122
1121221223133
1121211331321
1112223211112
1122221222322
1121332112333
1233312221112
1121332113121
1233321223123
1231131111232
1212211132233
1121332111312
1121332111321
1212311223213
1231132233232
1121332111231
1112232211222
1121333311131
1212122311211
1123123122132
1222332123111
1121333311232
1121333313212
1112322231231
1121333313331
1123233323331
1223121331133
1221231311333
1121333312132
1233231123131
1222332122312
1121333322232
1112133123323
1121333322311
1121112112322
1233311312321
1121333323323
1213232231323
1121221232331
1121333323332
1213211323221
1222232221221
1121122323132
1221133132331
1121333323222
1211221113111
1121333321321
1112112113332
1121333321132
1121333333223
1232213313223
1213311231233
1121333333232
1121333332121
1121333332332
1123212131131
1233311232322
1121333332233
1121333332211
1122313232233
1121333211222
1223123313333
1122123231123
1121333213123
1213111222323
1121333213132
1121333232113
1213322322133
1111213112211
1121333232223
1213333112132
1233321131231
1121333233112
1211321231113
1231311321121
1213313221313
1121333233222
1121231222331
1223231232133
1121333223131
1122233121132
1233133313333
1231311221223
1121333221122
1223123112321
1112331123222
1121333121112
1213122212133
1121333121211
1123222123333
1121333122122
1221321113223
1121333131333
1121333131322
1221113221112
1232221331112
1221233211123
1121333133212
1221111123122
1121333133313
1121333132231
1123223121213
1121333113113
1212121312233
1121333113131
1121122122322
1213231121311
1121333113232
1211121231212
1121333113333
1212221131332
1222232222323
1121333113322
1122221223211
1221221332333
1212122233223
1121333112121
1211112232121
1121333112211
1121112222131
1222223332233
1121333111212
1211131221313
1231333121231
1212333111112
1221312232113
1211311113131
1121333111111
1121321111323
1222322222211
1233233322211
1121321111332
1121321111222
1112211322332
1223122133211
1121321112133
1121321112122
1111232311132
1211113233233
1121321113321
1231331123123
1222112131211
1121321113213
1121321113132
1231331111122
1211132232231
1232231231222
1123321122312
1233122311331
1221323313223
1121321132333
1213332311213
1112331222312
1223133231322
1121321133211
1213321131211
1233131131333
1121321131321
1211312322231
1112131222112
1121321123333
1121321122332
1121321121212
1121211211311
1121232321213
1223131131323
1121321121122
1123312123122
1223111121122
1231332113213
1232232213111
1121321221323
1212222223111
1111222131221
1121332123313
1213333121231
1121321222122
1121321223321
1121122233231
1211111223133
1223231132112
1222323311323
1231112113321
1232131223233
1121321223123
1222133211231
1121223132132
1121321231232
1121321231311
1121321233331
1121321233133
1121321232132
1211132311231
1232332111313
1213223313311
1121321213113
1121321213232
1123222132223
1121321213333
1232113323232
1121222311112
1222131122331
1222312232321
1121321212233
1121321212211
1121321211111
1211123321232
1121321331323
1232121311232
1121332311112
1121321331211
1221333132311
1121321332313
1121121213313
1123223312112
1121321332133
1231322131133
1223213223313
1121321333132
1112313321112
1233213231232
1221222323321
1121321321113
1233332122312
1121321321131
1233312113213
1111232332212
1121321321232
1121321323221
1122113112133
1221333331233
1213221111133
1121321323313
1123111111111
1122231323222
1222111111322
1121321322321
1121321322213
1112232222222
1221222321332
1121321322123
1211311321213
1221331232211
1222322131232
1121213211221
1231312211232
1122113331323
1213213322222
1122222323312
1212232131123
1231213331231
1232112332222
1121231133121
1222113121211
1232322112311
1213133111212
1121321312333
1121231133233
1121321312322
1223111322312
1123231211333
1233133332312
1122313221213
1121321313233
1211111122232
1211211213133
1232331323133
1121321313222
1121321313211
1121321311231
1233311121233
1221331223211
1221332332123
1222212233123
1121321311132
1121323211131
1212213132231
1122223122121
1121323222113
1123221223322
1121323222333
1123122332211
1121323222322
1123223223331
1223231131111
1111112322111
1121323223211
1121323221213
1112221121321
1121323233131
1231233123113
1211222232233
1122111322233
1231231223323
1233132122323
1121211133321
1231333132121
1121323311112
1112112211333
1223132233231
1231131223331
1121221233312
1212123111133
1221223113123
1111211323132
1112132123333
1121323312221
1212112131313
1122321111133
1212312221331
1121323312313
1232232333323
1232313331323
1211312131231
1121233333121
1123222321223
1121322333113
1211312211212
1121323313213
1111211323321
1111111232332
1121323313231
1121323313132
1222232133212
1112123121133
1121323332322
1121323332311
1232213231112
1121323333233
1121323333211
1121323331321
1212211333133
1121333212122
1112321231113
1231133221122
1231313131131
1121323331213
1122132131131
1121213323331
1231232233213
1121323331231
1121323323223
1121323133123
1211321221211
1223332131232
1232323322223
1111222132233
1223123122131
1221333111211
1123313112121
1233112233311
1121213212332
1123212121332
1212212323113
1221112211123
1211231322132
1121323322332
1232223232332
1121323322233
1112223112332
1121221313223
1211322123321
1122112233321
1213331112112
1112122132121
1121323131323
1232131332322
1121323131222
1223322123122
1222211123212
1121211323311
1232211211222
1212331113211
1121323121131
1231133322223
1121132332111
1221111221231
1121323121232
1121323121333
1121323123313
1121111232331
1213232113122
1123231233223
1212223311321
1233232222332
1121323123122
1111233321323
1232212332111
1121323122231
1231122211121
1121323112113
1232331132322
1121323112333
1122231213123
1221322311213
1213211323212
1121323112322
1121323112311
1212313132313
1121321131132
1123212112323
1121232212111
1121322311113
1121322311131
1112111311221
1212333323212
1121322311322
1112322131131
1122212211322
1121322313212
1122212313321
1212132313133
1122123332112
1121322313221
1121322313133
1121322313122
1112231231113
1211121322233
1112322113223
1213132321313
1223222332332
1223222123123
1231233221211
1223231313232
1121322312312
1231213321313
1121322312321
1233212222132
1233123132322
1221332213332
1121322312123
1233322123312
1211213113321
1121322322113
1231322113221
1121322322322
1111123233233
1233321212211
1121322323332
1122122221132
1212212323333
1223232132111
1121322321213
1221133112311
1121322333333
1213122132321
1121322333311
1222333322322
1111123233112
1121212123323
1121322332233
1232122222133
1121322332211
1123211333123
1112131131232
1231133111221
1122232331112
1121322331122
1222132111233
1121223311223
1233112232121
1121332221123
1221332222123
1112133211231
1223123223331
1232132131133
1121322212221
1222221321222
1122133321122
1122121113331
1121322213321
1231133322333
1213132211131
1121221112321
1233323313231
1121211212132
1121322232113
1121322232131
1121222311121
1231111133331
1123233123223
1121322232333
1232311212132
1223222222233
1121322233112
1121322233332
1121322233222
1121322231321
1222323231133
1121322231213
1123223321222
1121322231123
1121322231132
1212222322122
1121212213112
1221111322332
1121322223232
1121322223311
1123111211121
1212113223312
1233211212132
1231123121333
1232313332331
1121322222222
1121223123312
1123222212323
1211232212331
1112331331232
1121322221212
1121322221313
1221321331313
1231323333321
1121322121112
1211223322333
1233223331212
1223223212321
1121322121233
1112331233312
1213121333312
1121322122212
1121322123321
1121322131113
1112123333213
1233321312311
1121331132112
1112112132133
1231213121131
1233213331233
1121322131232
1233223221221
1121322131333
1112113112323
1121331321121
1112133331113
1222123131123
1122232321113
1211232322223
1123113221322
1112123312322
1121322133212
1212332213211
1121322133221
1123232223133
1233332223233
1121322132321
1121322132231
1121322113333
1222231131231
1121211211322
1123321111312
1111221121113
1231232213121
1121322111221
1213232333331
1221331322332
1121322111133
1211213213232
1221333213322
1211331131212
1121312111222
1231113332213
1121312112212
1232111213311
1121312112313
1121312112331
1231231112333
1233223112233
1121312112122
1122221222113
1221321333311
1211312231333
1222221322313
1121312113123
1121312132113
1121312133332
1112133221223
1122221211223
1231312212312
1233331233132
1121312131213
1232313322132
1212223221112
1121323231221
1121312123223
1221112131331
1121312123322
1121312122332
1121312121212
1121312121313
1222321121133
1121312121331
1231211322213
1221311323212
1222122331311
1121312222212
1121312222313
1222321211221
1123323231322
1123311131313
1121312222122
1121312223321
1121312223231
1231122331331
1121312231322
1223123213332
1121312233133
1122223131231
1121312233122
1231311313322
1121312232321
1121312213131
1121312213223
1122323233213
1223322321133
1121122113313
1112313212131
1121312212211
1121312211212
1123133323112
1233332113332
1121312211133
1121122331311
1121312331222
1121123132322
1121312332221
1121312333213
1121312321113
1121312321131
1222213212323
1232231211321
1121312323212
1232232321122
1211132122211
1121312323313
1121131313122
1213113313113
1233121223332
1121121232323
1121323232332
1211222332113
1121312323122
1212321122122
1121312322321
1121312322213
1223232113332
1233112211223
1212122323232
1121312312113
1231233132322
1221311211331
1212322221211
1231132213313
1121312313323
1121312313332
1121312313233
1121312311312
1221332132211
1121312311321
1212332131111
1231213232121
1211222213133
1121312311213
1121312311123
1122331232211
1233121322222
1121312311132
1213233123311
1121331133223
1121313111311
1211123233212
1233332321331
1223111232132
1232221313222
1121313113212
1121313113331
1121313331322
1223223112113
1121313112213
1121313112123
1212121211213
1111231231312
1231222221332
1121333333113
1121313122223
1121313122333
1121313122311
1211121323232
1123232133232
1121313123112
1211123222212
1212231331212
1223131221312
1121133132211
1111223221323
1213232331223
1121212321112
1121313123323
1121233221123
1121313123332
1221312133133
1121313121321
1222332231212
1122222133223
1222322221331
1122312333232
1233132132131
1212332233321
1221131213333
1223122213223
1121313121123
1121322333131
1121313133113
1221311221121
1221213112222
1213131223133
1121313132112
1211132212222
1121322222323
1121122223331
1121211322112
1121313132233
1121313132211
1211323131121
1233232322311
1111121113221
1211133132211
1121313131313
1121313131331
1212123113113
1121313131122
1123122132312
1223332121211
1222212331311
1122113122233
1231313111111
1112312112331
1121313321211
1121323333222
1231113232133
1222312133332
1112322222323
1232212112133
1222331132323
1121313331113
1112322223311
1121313331333
1121313333212
1121313333331
1211113112121
1223222221221
1112222323311
1121313332321
1112111311133
1212211123233
1222331322221
1122123212331
1121313332213
1232213132233
1121313332123
1122231112222
1231233223321
1121313313113
1121313313131
1211332233232
1232222112211
1121313313333
1211113223333
1222233311332
1232212113231
1121313312211
1212312312123
1121112222223
1121313311212
1213121323133
1112223333131
1121211131211
1121313311133
1121313311122
1211331112213
1122223222313
1121313311111
1233213113123
1223231131122
1223233111221
1222312232312
1121313231323
1121313231233
1122313232332
1123333221131
1122221123221
1212131111233
1232122323111
1221213231312
1232211222233
1121233321212
1121111211321
1121231223231
1232331321131
1123122211323
1121313233231
1213111122313
1122212232222
1121332323232
1121313233123
1121313221113
1123233221211
1121313221131
1122123331212
1233322323211
1231122313212
1121313221333
1121313223221
1121221311122
1232133211133
1121313223331
1121221111131
1121222223121
1121313222312
1233113333311
1211233213313
1212323213323
1112133111232
1121313222132
1232321313311
1121313212223
1223311322233
1221333223312
1121313212232
1122222113133
1121313212333
1213232112321
1223122223123
1111122333222
1121313213332
1123111331133
1121313213233
1122333221332
1121313213222
1121313211312
1121313211321
1211121213212
1123132312313
1222133223212
1121323133312
1221323222123
1223111321223
1233213113231
1121332323223
1223131212132
1233212121123
1223121321321
1121311311232
1121131111313
1123221312312
1121311311333
1112333323233
1121311313313
1211312223231
1121323322112
1121132133112
1232322333112
1121311313111
1111121211321
1111213121112
1231222311312
1232233323233
1212322113231
1232121333232
1121311322232
1121331211312
1121311322322
1111233131133
1232112311311
1223132122223
1121311322311
1122332232313
1123121212211
1121311323222
1121321211221
1112331313232
1231213312133
1121122232111
1111123323211
1211331221131
1121311333223
1121311332323
1121311332233
1122132221221
1121231213232
1112312232321
1121311331221
1233233213111
1121311331133
1121311331111
1213323231232
1212231331313
1123132332131
1213122211112
1121311211222
1121311212221
1233212212232
1221232122323
1121311232311
1211311123123
1121311233121
1121311233323
1221212312133
1121311231231
1112223323112
1121311223311
1222111221322
1232221132232
1121223221212
1211232311113
1233112313213
1232233321321
1212233131331
1111121321323
1223232112223
1232132213121
1213322112213
1121311222233
1121311222211
1213323223123
1122322212332
1211322212111
1121311221212
1112132322321
1121311221313
1213332112221
1231131123121
1211332323322
1121311221331
1121113223232
1121311221122
1111231232131
1123233111323
1213232133223
1223112123123
1121311121112
1121311121121
1123232132112
1122111122321
1112223213321
1221121221232
1222221311331
1222323112232
1121311122133
1121311122122
1121311123321
1231112333231
1121311131113
1211121211333
1222211122213
1121331133311
1121311131223
1222122211312
1121311131311
1123323322123
1211212223111
1233122333133
1221231331133
1222131322232
1221321222233
1121311133133
1221333213113
1213312321122
1212321331122
1221221223112
1221223233313
1231113311122
1222212331113
1231333231112
1123333313223
1121321111211
1121223212133
1233112222223
1212213232131
1212332133113
1121222132331
1122321112222
1231223323213
1112233223222
1232113222322
1121311113311
1211112323223
1221221133132
1231323133112
1121311112222
1121311111331
1121311111133
1122332221113
1123211111332
1222113323323
1123211111233
1231113321233
1123211112221
1123211112133
1212233211123
1123211112111
1123311111311
1232131212312
1123211113312
1211122332213
1112211311233
1123211113213
1213311312211
1122111133213
1123211113123
1112121311121
1212132312123
1223333322211
1221332323123
1121311212212
1123211132232
1212121313232
1233233122123
1121321211313
1111211121231
1213232332123
1232332123123
1123211133332
1121323113332
1123211133222
1232131213122
1123211123311
1213331313313
1123211122112
1123211122332
1232222123213
1123211121313
1123211121133
1231311211132
1123211221233
1123131213112
1123211221222
1112313323231
1232211311333
1123211222212
1123211222133
1222213112122
1233132123333
1211332213313
1123211223312
1121121332311
1111111232233
1123211223123
1212212323322
1123211223132
1112223331221
1123211231131
1123211231322
1123211233122
1222113311232
1121323113222
1231232213222
1123211232312
1231322232221
1231231111213
1123211213131
1212323313131
1112112132331
1112322212221
1213131212311
1123211131123
1231213312313
1123211212121
1121132121313
1232133323122
1212323211312
1212121312222
1123211212233
1232213123211
1123211212211
1231111231321
1231122323332
1121232222332
1112323111312
1123211211122
1123211331332
1121221232221
1122322322321
1211331322212
1123211332212
1112223131232
1123211332221
1122221213313
1112232111313
1231122211332
1123211332331
1221211311313
1232331222313
1213112212121
1123211321223
1111221111132
1123232231233
1213123223233
1123211323122
1222122321121
1123211322123
1212131231223
1121121111132
1233121321111
1223323331212
1123211312113
1112231323133
1123211312232
1123211312311
1122231233222
1123211313121
1223322212312
1112222333323
1122321121222
1123211311312
1123211311213
1123323233221
1112222113233
1222232123132
1233233232211
1221322123113
1121321223132
1122222332123
1123211311123
1111213333311
1121122321323
1212111333222
1221233311122
1123213211131
1231121233313
1213132322323
1221131111323
1221313121131
1123213213212
1123213213221
1123113213121
1123213212312
1213111123132
1123213222131
1123213222232
1223333123221
1122132313313
1223112313212
1221123323222
1123213223112
1122323232221
1123213221213
1212231223322
1231313221111
1123213221231
1123213233113
1231132313132
1212132221111
1221332311221
1223211133111
1123213233232
1123213233333
1112211221312
1123213232121
1123213232323
1123213232222
1212133112113
1123213231221
1123131131212
1222331323132
1123232232331
1221323131212
1121323311211
1123213231133
1231331122111
1212122232222
1122222213323
1222313133113
1232121222323
1123311131221
1122212213313
1111231331221
1233111313223
1211122323123
1211231231223
1123213313231
1111222313311
1123213332232
1233111321222
1121221332312
1123213332333
1213312132111
1233322113322
1221123212313
1121333322131
1123213332322
1231231122213
1121331133131
1212212321122
1123213333222
1231221311333
1123213333211
1233131331313
1123213331312
1111212313231
1212133211232
1232122233331
1231132222131
1121212312332
1123213323131
1211211233322
1112233123111
1123213322112
1232112113223
1213333333133
1123213322222
1123213321221
1123131223212
1211212333212
1123213321133
1123213131112
1123231223332
1111231222332
1121321132311
1121131221313
1123213131332
1213122212111
1222111333331
1123213131233
1123213131222
1122232312223
1231322312332
1123213132133
1231133231123
1121211132212
1123222331233
1123213132111
1223322233223
1123213121113
1123213121333
1123213121322
1112211222113
1123213123313
1123213123133
1213333321222
1222212121321
1232312231222
1213212211323
1123213122213
1123213112131
1112113333333
1232233132231
1123213112223
1123311323213
1231123323223
1212231121323
1123213112232
1123213112333
1223133133323
1123213112311
1122212123111
1211132131132
1121333233121
1123213113323
1223112232311
1123122312231
1123311333122
1231132231122
1123213111312
1123213111123
1221232312322
1123213111132
1122133213221
1112131311232
1123212311232
1122131133112
1121212122322
1221223322123
1123212311311
1223232113211
1231312133132
1232212213223
1223113131323
1123212313212
1123221313212
1222332122231
1123212313331
1123321132111
1123212312312
1122112321112
1222123312333
1121211121311
1233131323211
1231232132211
1123212322131
1232223323131
1123212322232
1221232311213
1222221331232
1123212322333
1121222133213
1211333213231
1233332123133
1123123223233
1213231231133
1112113123321
1123212321231
1211231213223
1211233133132
1222331332132
1123212321132
1123212333232
1122112223212
1211121233311
1121221123233
1213121122233
1223131232323
1223221132232
1222223231213
1231311321211
1233121233322
1211221321211
1221332122322
1123212331133
1221233122333
1123212211121
1123212211323
1123121232213
1122112113331
1212332122113
1123212211211
1213133311311
1121331132332
1123212212122
1121213231322
1123212213321
1222232131311
1231312133231
1223333322121
1231122212212
1233211131121
1221333313112
1111213221122
1121232233211
1123212231321
1221312333333
1121222211322
1123212231231
1123212223113
1123212222222
1212211111322
1232121311311
1212312211323
1121213311132
1223232333323
1123212221133
1123212121121
1123212121233
1222113332211
1233322121323
1222331221311
1123212123312
1123212123123
1233333212133
1212331121113
1121132112111
1111122222322
1121322112112
1211133213332
1121311222332
1233133131122
1123212131333
1223113313132
1223322113332
1222311221331
1123122331313
1211222231212
1233111111131
1123212133331
1122121121132
1211113321213
1221221212231
1221213111331
1213122113223
1222111111311
1123212133122
1123212132312
1112322232333
1123212132231
1122211211321
1123212132132
1121211332232
1122223332122
1112113112332
1212211231211
1232132133113
1221113212222
1123212113131
1123313232113
1223323232311
1232122222221
1123212113232
1223331123223
1121222312221
1213212223113
1123212112112
1123212112121
1123212112332
1232211132312
1122312313331
1123212112211
1121312311231
1123211113231
1123222112133
1223211332233
1123111223232
1222133312222
1123222113132
1122122231122
1233231232123
1123322131133
1123222132232
1123222132322
1232322232323
1222333233112
1221123333333
1123122322131
1123222133323
1123222133332
1233323133312
1222311123231
1123222133222
1213212331221
1123222123113
1222113313111
1123232121132
1123222123223
1123222111323
1123222123322
1123231223222
1233221321211
1123222122121
1123222121331
1211222323232
1123222121133
1213312323311
1123222221233
1233223123123
1232112112222
1123222221222
1123222222212
1123222222313
1121132322312
1121331131221
1221121222321
1212321133221
1122123222332
1231332131123
1233213232312
1211123211133
1123222223321
1222312133323
1123222231113
1123222231223
1211231222111
1123222231333
1112122223331
1212333231131
1112333122221
1123222232123
1122222113313
1123222232132
1222123213131
1123212332332
1123222213311
1123211221323
1123222212121
1122113313121
1112331311221
1211322222332
1223111212323
1123222212222
1123222212211
1223231212333
1123222211212
1123222211313
1123222331112
1122133332232
1232121132321
1211232313212
1121333122313
1122212313132
1213122233222
1121211313132
1231331221212
1121132332122
1222313211312
1123222331222
1221313311222
1121111211312
1231232113111
1233331212232
1221111131323
1212332333111
1123222332111
1123222333213
1123222333123
1123222333132
1112213132333
1121312231223
1123222321113
1122113312131
1221331232222
1123222321232
1123222323212
1123222323221
1121311222112
1123222323313
1121233321133
1122322122112
1221232333213
1123222323111
1123222322312
1122212233223
1213111231321
1112213133211
1123212312123
1222221122113
1123222322123
1222123133211
1231211113312
1123222312232
1123311321323
1122322312223
1123222312333
1112332333222
1123222312322
1233331311133
1123222312311
1123222313112
1233311313122
1211312212211
1223122111222
1123222313211
1123222311312
1231222332122
1221113132232
1121322321321
1121321121221
1123222311231
1223122323313
1112233111132
1123222311132
1121312133233
1223212321232
1231121213333
1123223111232
1211123123333
1231133232113
1123223113212
1123223113331
1223122131321
1122132213132
1123223113133
1233211212123
1221333131321
1231111212111
1123223112132
1123223122113
1123223233213
1122313333323
1123223122131
1123223122322
1123223123112
1121312221121
1123223123121
1231212323332
1221321211112
1123223123332
1112212123323
1223322332311
1121133111311
1211132312232
1123223123211
1211221231112
1123223121312
1123223121132
1211213321322
1121313333133
1223221131321
1123223133322
1231222331222
1213111233121
1231233323111
1232121223333
1222221232122
1123223132222
1211111213332
1123332211122
1232331131312
1121122213233
1211233211333
1123223131313
1212311121133
1123223131122
1213323133323
1122311313112
1233113232232
1223333223121
1123223322331
1122321212221
1123223322122
1232133131321
1123223322111
1123213332223
1112212321112
1123223331113
1231133333333
1123223331131
1121331113313
1123223331223
1123223331311
1213221231123
1123223333313
1123223333331
1121212212113
1123223332321
1112332111132
1231333132233
1123223332123
1213222333321
1223233231321
1123211333213
1231112111222
1123223313223
1222322331133
1123223313333
1123223313322
1123223312332
1112313211321
1112221211213
1231333312112
1123223311133
1122131121313
1223123312323
1221123312213
1213311333122
1123232331333
1122111223323
1232213122113
1123223231211
1123223232331
1122212333121
1232133212121
1123223232111
1123223233321
1123223233231
1222332321111
1123221112233
1121121112232
1223231213211
1123223221113
1232223133231
1121331312233
1223323113131
1123223221223
1123313213123
1123223221232
1112311132231
1111232213322
1232111212112
1223323312123
1121233132111
1112222131233
1232232313312
1123223223313
1123223223133
1212333121221
1123223223111
1223231111333
1231131112213
1233231221222
1123223222231
1213323221211
1232323333113
1123222233313
1123223222123
1112123233111
1221111233333
1123223212232
1123223112123
1123223213121
1223113133132
1123223213332
1212222111311
1223313321131
1123223211321
1231223113313
1211112333332
1233122331223
1123223211231
1223213223111
1221113333213
1123223211132
1212223333213
1112332311323
1123221311223
1211212221333
1123221311232
1222221331223
1122133322233
1121131122313
1232322223332
1221311322213
1221113213113
1122211313322
1123221313122
1123221312123
1221133123111
1122131331323
1123221322131
1211331232313
1123221322322
1222211322332
1123221322311
1223123321222
1121323122123
1121232133212
1123213321331
1212312211211
1123221323121
1232221332133
1123221323323
1223332323222
1232231132121
1123221321321
1232131223222
1112132113312
1121212121231
1123221333131
1112321212332
1221222232122
1123221333333
1123221332112
1221332122232
1213311312222
1112221222231
1123213113121
1123221332332
1121233231331
1212331123133
1233133212232
1231322231211
1232122133233
1123221331313
1112332211113
1123221331331
1123111132231
1121322211112
1112331233123
1123221331133
1123221331111
1213112233313
1123221211121
1231121221332
1213222131132
1232312133131
1123221212212
1123331112323
1221112312332
1213133112323
1223113212132
1121212312112
1122332233231
1121211222223
1221312221331
1123221212221
1123221213312
1231312323322
1221232121212
1123221213123
1123213323333
1123221232311
1213221333322
1232223233232
1123221233112
1123221231312
1231232322133
1231222321333
1222313131331
1123221231123
1112111212311
1123221222112
1123221222233
1112232223113
1232231211123
1123221221313
1123221221133
1222212113111
1111112232331
1121223132312
1223133322321
1123131332132
1223313112313
1221232111112
1222321232312
1123221121112
1231111311322
1222223213213
1121121321212
1123221121233
1123221121222
1212332121213
1123221122212
1123221122313
1231212123321
1123222221211
1213333212311
1123221122122
1123221133212
1111123111221
1233333111221
1233222311233
1123221133122
1123221132213
1121332321122
1123221132231
1123221113333
1112312313332
1123221112112
1123221112332
1112211131222
1121132132322
1111111123212
1123221112222
1121323223233
1123221111331
1123221111122
1232212123223
1123233111112
1232331132333
1123233111121
1121111313311
1123233111222
1223113321313
1222331221232
1121313113133
1233221321233
1221122221132
1223312112312
1123233112212
1212213313122
1112222233131
1123233112221
1233313331322
1233123121212
1223312312112
1123233112313
1213331322223
1212131322132
1232331123333
1123233112111
1123233113123
1212131113312
1123233113132
1122321132123
1212112222123
1112212221311
1123233133233
1211111221333
1233211333121
1123233131132
1211212311122
1233232331133
1223212221332
1232312322212
1123233123131
1211313132233
1121213331332
1232113232121
1123233123232
1231132113211
1212213113223
1222123112122
1123233123333
1221133121131
1123233122112
1123233122121
1122312222332
1212233122223
1222321212222
1123233122222
1123233122211
1213213131323
1123233121313
1123323312333
1122213131223
1231312332311
1121122312211
1232221313211
1123233221121
1123233221323
1211322332222
1232213113111
1123233221332
1123233221222
1221132313212
1212112122311
1123233222212
1123233222313
1121332212132
1123233222122
1223223233131
1123233223312
1121112131233
1212131113123
1233212331223
1123233223213
1112131212331
1123233223123
1123233231113
1222232111221
1233322231213
1121333121121
1121312312232
1111112331223
1123233231131
1213323232312
1111211133223
1123233233133
1112133232212
1123233233111
1233322133111
1121331331311
1213131213222
1123233232231
1123233213131
1233132331121
1123233213333
1123233212112
1232133323111
1123233212332
1122213211233
1123233212233
1121333313111
1231111122221
1231322331311
1223211113131
1123233211221
1123121111211
1111233132121
1231121231232
1223233321312
1123212221221
1123233211331
1123233211133
1211121113332
1121321323212
1121311323332
1232213312222
1222112321331
1221133131323
1123333312222
1121122311133
1231231322112
1123233331112
1233232313221
1123233331121
1112322223232
1212132232311
1123233331323
1222312213311
1123233331233
1122211223212
1123233331222
1223112111122
1123211222221
1122233113122
1123233332331
1123233332133
1112112222232
1123233332122
1221113233122
1123233333231
1231322331113
1112212211321
1231231322233
1123233333132
1123233321232
1121332121131
1233123132333
1232233321312
1111121322331
1123233323313
1222221322133
1112133221333
1123233323111
1233123232231
1123233322231
1232123311111
1213113213332
1123211232123
1233131211332
1123133212111
1123233312223
1232231212311
1123233312232
1121213133332
1222123132333
1123233313323
1211312333123
1231211123322
1123233313233
1122112131122
1233213123232
1122313211223
1123233311312
1231313311113
1112123331323
1123233311213
1123312113233
1111123313313
1233111133333
1122131321223
1123232111232
1212123131322
1123232111322
1123232113331
1123232113133
1231223312211
1233122113111
1123232113111
1221331111213
1121323223323
1123222212112
1222312321131
1121122311212
1123232112312
1121113211112
1123232112132
1123232122113
1231312123331
1232213123332
1121332323311
1112222222131
1233222112232
1121222312331
1123232122131
1211222122312
1123232122223
1121213221323
1112123133211
1232221333213
1222132312311
1121232332332
1112322213321
1211331232212
1123232123233
1123232133311
1121231113132
1123312231212
1112322132213
1222312133121
1123232131212
1221313112322
1223223121333
1123232131111
1123111123231
1223322113211
1233313313232
1123211213223
1123232321323
1123232321233
1223122111112
1123232321211
1111221333233
1221123212212
1232312222123
1123232322331
1123232323312
1123123323113
1231123132122
1123232323213
1123313132231
1121321333123
1211331311331
1121332332322
1123232331232
1111232311123
1211121223332
1121332313132
1231122131223
1212311212222
1223212222331
1121231233331
1121332232222
1223211213213
1123232333212
1123223233132
1123232332312
1211131112121
1123232332132
1232211133313
1123232312112
1123232312233
1231211312113
1123232312211
1213313111111
1121333322113
1233222213221
1212223121133
1123232311212
1232111233212
1123232311313
1231211232321
1123232311331
1123232311111
1211333133221
1121332111213
1122232222122
1211311323211
1123222122323
1231112213311
1123232231112
1122112122223
1123213232233
1121223111331
1233231231223
1123232232221
1112211321111
1123232232111
1222112333323
1123232233213
1223231311122
1123232221131
1213213113211
1123111223223
1122112221113
1123232221223
1123233331211
1123232221322
1112221313131
1111212132133
1212121133322
1231212313221
1123232223313
1213213133321
1112322322113
1123232223122
1121232232113
1122222132121
1123232223111
1213111333131
1123232222321
1231123212132
1123232222123
1121331112312
1212231312231
1123232222132
1123131212223
1122333311213
1233331211132
1231313111133
1123232212322
1123232212311
1223221122323
1231221223311
1121211111132
1112323333121
1122233122223
1123232213222
1213112213322
1121133123323
1222332213122
1123113211231
1221111331312
1123232211321
1123232211231
1232333222311
1123223231332
1121122233213
1221221233333
1223312122322
1112122321121
1112133111322
1231133231231
1232223111231
1123231213331
1121122213222
1211313321332
1111222121123
1123232313322
1121121231212
1211332231313
1123231213133
1231212122133
1213333113221
1222113232113
1231311331113
1121313322212
1222222113233
1123231213122
1232313233111
1123231213111
1123231212312
1123231212321
1123222121111
1221112111223
1211113333322
1123231212231
1122331112232
1123231222113
1122331332333
1123231222333
1123231222322
1222333113223
1123211333312
1232213212333
1121313121132
1231331113232
1221322221222
1123231223121
1233322331122
1123231221312
1221222222321
1123231221231
1211131113113
1223311322121
1123231221132
1121321123322
1123231233333
1123331223113
1211133232133
1123231233311
1123231232121
1233233113332
1121132123333
1121223222323
1123231232233
1233133221311
1123231232211
1121212213211
1123231231331
1123132112223
1122323113221
1123313332332
1121222211232
1213133332112
1123231311332
1123231311233
1232232113332
1123231312212
1122333222212
1123231312313
1123231312122
1122233312112
1223211222332
1123231313213
1123231313123
1213233132311
1223213122311
1232232331312
1123221113223
1222232111331
1121332231122
1221232313332
1212221223332
1123231332311
1121122211321
1112113312213
1212323112312
1112113321231
1222223112222
1123233311231
1123231333112
1123231331312
1123231331231
1112121223222
1231222133222
1213231121232
1122311311321
1123231323131
1223313222133
1123231323333
1211322333311
1232212111323
1123231322323
1123223133131
1121122211132
1111233113212
1231132322332
1123231322233
1112311112121
1123231322222
1123231321221
1121122223122
1112133131331
1123231321313
1231313313111
1123231321122
1121332133312
1112113233323
1232213111311
1212311223231
1123231321111
1123231131121
1223323321123
1222223232333
1222322212313
1123231131233
1123231131222
1123221233233
1232223212231
1211231122323
1121322122122
1211133111232
1231112122121
1123321222113
1223122113132
1123231133312
1123132111132
1232313122112
1223213131313
1221133232112
1123231133123
1123231121113
1213321113233
1123231123221
1232232231331
1122322131123
1123231123133
1123231123111
1213222233122
1122133121232
1211132331323
1222112121131
1123231122312
1121212133311
1223232113233
1122112112132
1231213132221
1121133232313
1123231122321
1123212221331
1123231112131
1123231112232
1112213122222
1123231113323
1212331132212
1221211133232
1123231111321
1121233131121
1123231111213
1123311111113
1213211233212
1223212213311
1112211211311
1123311111223
1121231113312
1112323223121
1221233233231
1213211211313
1123311111232
1223232213221
1123311113313
1123321121322
1212312121233
1123311113331
1123223311212
1222113111133
1123311113133
1123311113111
1222112332131
1222313322212
1121111133311
1211222322112
1123311122113
1211113222222
1212332311133
1123113131111
1123311123332
1211233311112
1123311123233
1123132222223
1123311121321
1122112132332
1222222312111
1123311121213
1123223133223
1223312333221
1231321123212
1123311121231
1121323232211
1123311121132
1211212321222
1222133313322
1123223321121
1123311132211
1122122231331
1121221132121
1212332223313
1233333133122
1211111121321
1232332333322
1222322312321
1123311131111
1223232212213
1112331212333
1121223133133
1213121321232
1112322212313
1123311321222
1213111133111
1123311322331
1232121113232
1123311322133
1211112211333
1123311323312
1232123311133
1212112123233
1123311323231
1122122312331
1121112232332
1121322113322
1222333112112
1121233112113
1123311323132
1123311331113
1123311331232
1112311113311
1231131321211
1123123113222
1111123223113
1121121221312
1123311333133
1232222331221
1221313221231
1233212331113
1121321231322
1123111221212
1233312331211
1231132332131
1232123311212
1213333231323
1223323311232
1123311332321
1223311133132
1121232333333
1212312122122
1222323133132
1121231233111
1221133111132
1232212222111
1231112231232
1213113132112
1121211222232
1123311332123
1111221321212
1232213222231
1232321213211
1123311313232
1123212313221
1123212312132
1232121332222
1121122311122
1123311312222
1231333322331
1121331321332
1232222231231
1123311311122
1123311231112
1123311231332
1112312111332
1123311232313
1123311232331
1221232331233
1221122323333
1121322232232
1123311233213
1211321212323
1221222111131
1123221322333
1123332122112
1123311233132
1231312221231
1211323233311
1212133321133
1123311221113
1223312131212
1123311221131
1213233111323
1232221231223
1123311221223
1233112323131
1123311221333
1123311223212
1211332212321
1123311223331
1123311223133
1112333232131
1123223212113
1211211321122
1123311222123
1221311332122
1231332333312
1123311212131
1122223111323
1123311212322
1121312133211
1123323112111
1123311213121
1223212322213
1121121321331
1123311213332
1121222322112
1121312211122
1122312331313
1213322221113
1222223133313
1123312232112
1121312331121
1213233113132
1121233123133
1123221123312
1123322331333
1112133113111
1121111231233
1123311213211
1123321233113
1122231331313
1123311211312
1213211112221
1123311233123
1112213111323
1212111233232
1122132323222
1213232222132
1121122121132
1123311211123
1123311211132
1221122113222
1123312211223
1111112312323
1123312211333
1231132223112
1223231331113
1123312213212
1233133111223
1223332331133
1221233123211
1123312213221
1123213323223
1223313333123
1123312213313
1233312212332
1213233133211
1123312213133
1123312213111
1213311123332
1123312212213
1122212322323
1112221311331
1121321123232
1232321312121
1232122233111
1123123113233
1222223231312
1123312222113
1212133312122
1123312222131
1223221221233
1121222232211
1122231212111
1212121333212
1123312222223
1231211331332
1123312222232
1123312222311
1222312223213
1121213113213
1123312223112
1211323112322
1231113233321
1123312223121
1121312313112
1232232222311
1123312223233
1123331131113
1123211221121
1213213112223
1223233222112
1123312223222
1212231323222
1123312221312
1123133223322
1121213211111
1123321113211
1233321313112
1123312221321
1212121112321
1233113113333
1123312221213
1223312223122
1222333111212
1121122213121
1123312221231
1123312221123
1123113232313
1233233221231
1123131311133
1112323112131
1122131111121
1123312233322
1123312232323
1122133313213
1123312232233
1111212122213
1123312231221
1213233313323
1231123111231
1211331122333
1213122123312
1123312231313
1211312222313
1123312311121
1123132221123
1121333232333
1123312311332
1112331232133
1112312111121
1233331333221
1121311232333
1232321212311
1123312312212
1121131321132
1121323111321
1212323312222
1232333322222
1123313321312
1121332331132
1121322321123
1221333223123
1222223232223
1221312111122
1123312313213
1222133232221
1111221321122
1121212223212
1233311331313
1212212221123
1233132111332
1123223212223
1232111311123
1123333313311
1123312332113
1123312332333
1223111313323
1233222331231
1123312333332
1122111323113
1123213122321
1123233312113
1122121231332
1221231222222
1123312331231
1233221113212
1122121311313
1212133132111
1223331313323
1121331233321
1123312323333
1213211321113
1121311313221
1223113121113
1233331313131
1123312323322
1121331122322
1123312322211
1123312321212
1231112121313
1123312321331
1123312321111
1112212233312
1212131112221
1233122111311
1123312131332
1123312132221
1221333222221
1123312211232
1122222123222
1123312132313
1123233111332
1213113111232
1123312132122
1112122333313
1123312132111
1123312133123
1233333212212
1211212233132
1212221121322
1123312121131
1223121113322
1122323112312
1123312121223
1233323122213
1212233313311
1221231112222
1222333112323
1123232332231
1223113321331
1122233222213
1123312121311
1112331112312
1231121312322
1123233332313
1212322113312
1233111311221
1123312123133
1123312122132
1123312112223
1122333133222
1123311331131
1123213123122
1212123332211
1232123122113
1121321332221
1123312113112
1112213133112
1123312111321
1222233213212
1233122331322
1233311333322
1222111312222
1123313311113
1112222333121
1123313311131
1231331333311
1232313111121
1123313311223
1212312233332
1111233223212
1232322111231
1123313311333
1112321221121
1123313313212
1122313133132
1123313313122
1233322122122
1221312231321
1123311122311
1123313312231
1123313322113
1231121212121
1123313322223
1223321113122
1221331311222
1123313322333
1112121323333
1121113223322
1221333231311
1121232313133
1123313322311
1222311131131
1223131221321
1123313323323
1123313323211
1231332123131
1211231331222
1123232133223
1223322322332
1221333131213
1221211231332
1223222322131
1123313321123
1123313321132
1123313333131
1123313333333
1232122232231
1121311121323
1123311312233
1121223231132
1122332231222
1123313333322
1123212212111
1231221221331
1121323131233
1123313332121
1123313331313
1123313331331
1121323233333
1112212131313
1123313331111
1232132133322
1222132121313
1121221321112
1123313212313
1123313212331
1211113313122
1112113211233
1222332123331
1233132121313
1121313312112
1123313213321
1121221113313
1223123123121
1123313213213
1212232133332
1123313232232
1123212231132
1123313232322
1213332121122
1231133223131
1121311111122
1212323122223
1212131332313
1111233111113
1123313233222
1232221313112
1221133121322
1122111233311
1121233312212
1121211331123
1123313231321
1123313231213
1223111233111
1123313231231
1121313122131
1232113311112
1212112121231
1111231221313
1212311212112
1121122331113
1213113133113
1123233133121
1112113322322
1122113121122
1123313221212
1123313221221
1212321221331
1232223311211
1222323111213
1123313221122
1233321322312
1123313121112
1213332211122
1123313121323
1112122222321
1123312332322
1231113321121
1211231123113
1123313121332
1123313121222
1213332123322
1121122313223
1123313121211
1123113322122
1111222112213
1213331331313
1123313122212
1222232323222
1123313123321
1212322123333
1123313123123
1121221333122
1122232132232
1231321333222
1211112313213
1211323221321
1221232221121
1123313131131
1232211231321
1231121212323
1123223122333
1213312133123
1123313133221
1111123323222
1221232223123
1123313133331
1221322332221
1123313133133
1123313132123
1123313113223
1121212121132
1221311231131
1222213311213
1123313113232
1211113113333
1123313113322
1211231223213
1111121332312
1231211131321
1123313113311
1122123311311
1111211223111
1221231333333
1213232121321
1123313112222
1121133111333
1222122231211
1111221213313
1211313222321
1123313111212
1212322211133
1112211121333
1232122223123
1121212321332
1112123112212
1213233121221
1123313111313
1222333112222
1232323122331
1123313111331
1123313111111
1211232111331
1121311313331
1112332121223
1121132132311
1123332111233
1123332112221
1211112322222
1122131113132
1212223132333
1123313121233
1121222221231
1233211131222
1232312311313
1123222232312
1121231331112
1211333323211
1123332113321
1111231332233
1121322313111
1123332113213
1233232122212
1123332113132
1123213221123
1123332132113
1112211312331
1231213231212
1121223113232
1123332132223
1123332132232
1111112133131
1223121221313
1123332132322
1123231331321
1123332133121
1232212121133
1123332133323
1211323123221
1123332133233
1123232112231
1123332133211
1223323121211
1121133123121
1122221122213
1122233322122
1223223123122
1123332131312
1123332123113
1213322131221
1121313112321
1111223321311
1123223111311
1221311332212
1123332123232
1123332123311
1122112113221
1123332122323
1123332122233
1123332122222
1212122223332
1123332121133
1221211321211
1123313313221
1123332121122
1223232123212
1112113113113
1123332121111
1232311112311
1123332221332
1212322123223
1111212222223
1233131133122
1211331231332
1123213133213
1212133133312
1123332221222
1122133121223
1213213313132
1122211112231
1212122312212
1123332222331
1222133131111
1232313222221
1123111233332
1213133311113
1123332222133
1123132121311
1111112131313
1231222111112
1221322212112
1123332222122
1112131331221
1232322233311
1223333333233
1123332223123
1231321231111
1123332223132
1112322333311
1232311332131
1223313221332
1123332231232
1223123313131
1122311223123
1123332231311
1123122111313
1221223321232
1123332232213
1123332232123
1212131213223
1231233211313
1121331322122
1121322323222
1123332212112
1112211133132
1123332212121
1122313333332
1123332211212
1223111113123
1221311111222
1211121121333
1123332211221
1121213331233
1121221211123
1233321322321
1123311232212
1111211131111
1223121111122
1123111312312
1123332211331
1222113112222
1123332331112
1123332331121
1231221331221
1123332331222
1232321112213
1123332332331
1121332212231
1123332332133
1123332333123
1211113311131
1213212231312
1223331322123
1121122132211
1212223323122
1222111112213
1232133111121
1223332312123
1123332321131
1123332321333
1123323123333
1123332323212
1123212322322
1211222311211
1223213221232
1123332323133
1231331212313
1222113221133
1121311331313
1111123123231
1123231231221
1213332221332
1123333232111
1213222121212
1122231222211
1123332322312
1122131221222
1233311313221
1123332322213
1123332322123
1123332312232
1211332221231
1233331112213
1221332312121
1231113332132
1123332313121
1123332313332
1123332313233
1233131322333
1123333111311
1231232222321
1212331323232
1123231113121
1232131311332
1123333122131
1121223232232
1233111332312
1123333122232
1232211312123
1121312321322
1232311222333
1123333123112
1121333323112
1123333123332
1122313122231
1123231121131
1123333123233
1231112312333
1123333121231
1121312122323
1123312313321
1222322123321
1121312332331
1211123211122
1123333133113
1123333133311
1121231112133
1213211132322
1222322233112
1232212212332
1122213212111
1211212221311
1221211332132
1121121112311
1121112211223
1213212313111
1121211313321
1123333132323
1212133131121
1121133113122
1211232221111
1221122331213
1211123322132
1123333131313
1123333131331
1123333131122
1111123312132
1123333131111
1233113133221
1123233321311
1221233222321
1123333321121
1123333321323
1123333321233
1121313121312
1123333321222
1112312322312
1232112331122
1112333231132
1233333222332
1123333322221
1233133212223
1121321213223
1112213221222
1222112322211
1123222312223
1221223323111
1223213231332
1123333323231
1213121232231
1233112333112
1221212213212
1123333323123
1122232111332
1123333323132
1212112112312
1233212313322
1123333331113
1123333331131
1123333331223
1123222231131
1121231232132
1121312313211
1121221332132
1123231123313
1112231323313
1122211133333
1232212133332
1233212122333
1211333222233
1123212332222
1123333332132
1231313211323
1123333313113
1121121311112
1123333313322
1233331123112
1212122311233
1122112322133
1123312322332
1122121132323
1211311233211
1233222223323
1123333231121
1123222313323
1221223323313
1121223222112
1212233221333
1111232112122
1231111123123
1231131211312
1233232112222
1122311331332
1123332112313
1123333231222
1121213233221
1123333232313
1231122123231
1233222213331
1121332312221
1232231312112
1123333232122
1123211132131
1213333312332
1123333233321
1213311321121
1222311211233
1121222322332
1121133323321
1121231322213
1123333233213
1221331113121
1123333233123
1112111112213
1223211313133
1232232322112
1123333233132
1123223222321
1222123222212
1232311311323
1123333221223
1211212211312
1121333122133
1223332212212
1222123132113
1121323221321
1121322321132
1112111132222
1212212132122
1222111312323
1121312113132
1121311321213
1123333221322
1233222131233
1123333223133
1121121132331
1112313131122
1121333223232
1221111233311
1123333223111
1123333222321
1123333222231
1123333222123
1231232322331
1123333222132
1112311323332
1123333212223
1123333212232
1231312221123
1123333212322
1123333211312
1223321331311
1123123332333
1222332111321
1123312333233
1122133312221
1121132323133
1213212221133
1121223131131
1231311213112
1222313222321
1121332311211
1112312322132
1121321121313
1223122121111
1123333211213
1123333211231
1212313323333
1123333211132
1112132331211
1123331311322
1123331313221
1123331313313
1222321122332
1122132133111
1123331313122
1123331312231
1123331312123
1213212323233
1123331312132
1121233311323
1123331322113
1212332323213
1112332112113
1213313231231
1121223233121
1123331322232
1211132211313
1123331322322
1121323132122
1221221331321
1122321123132
1211333121211
1121133321332
1121232131322
1233113313122
1121223121323
1123331323211
1222123332212
1121321133323
1233322121233
1123331321231
1221221123133
1111222133333
1123331333131
1231232321222
1121313321233
1123331333223
1213232132211
1121223311333
1211233223332
1121232123321
1221132111133
1213133212331
1212123121121
1233311322131
1221211323321
1123331332112
1123331332121
1111222321112
1122233122333
1123331332323
1121313331131
1232322312212
1121312212112
1123311132121
1121313312233
1123331332211
1123331331212
1223321131221
1123331331331
1123331211323
1231331312132
1123221311113
1232312233213
1121221331131
1221331112131
1123331211211
1121121113332
1231222123223
1123221111212
1213333222231
1233311112222
1233333131232
1123331212313
1123331212331
1123331212122
1212123132132
1122132231123
1213122232131
1233232333113
1123331212111
1233131222121
1123331213213
1221312122221
1211322311322
1123331232232
1123212223232
1212222122322
1121221323231
1123331233112
1123331233121
1122333333132
1122222113331
1223212312113
1232211321312
1123331233211
1123331231321
1231212213312
1213312232222
1232113232233
1123331231132
1231231212213
1121231312113
1233323112232
1121212333212
1123331223311
1123331122212
1121232131223
1122231123231
1123313122111
1231313132213
1123311113212
1111212213221
1231321213212
1222131232113
1221221312133
1123331222112
1211222133132
1213213311323
1221323322313
1123331222121
1233333123321
1222111111223
1221122223332
1123232231121
1121213221233
1233122323231
1222212131212
1233311311322
1121323221231
1111223213113
1123331222233
1222133132211
1112323333233
1123331222222
1222331112123
1222311313313
1223332133331
1121212231211
1123331221313
1123331221111
1223333112131
1123231211113
1123331121121
1121212213233
1111213332121
1211212132323
1123331121323
1112123131123
1233333312123
1223212233122
1112232113113
1211311123213
1212232111211
1123331122331
1231222323133
1123331123213
1123331131131
1123123121113
1212231133313
1123331131333
1231333112213
1233131321231
1121333231213
1212123221133
1123312323223
1213211222111
1123331133212
1123331132123
1123331113223
1211311132132
1123331113322
1233113232223
1232231323231
1123331112211
1121121212321
1123331111313
1123133332222
1121131322333
1221111332311
1123331111111
1122311213322
1223233222233
1123231313132
1121221311313
1223113213111
1123213111213
1221231232223
1223322113121
1121213333213
1123312211322
1123323111222
1121321221121
1233321131123
1233112233322
1123323111211
1112111131221
1233133113212
1123323112313
1213323332221
1212311111233
1231332331323
1112223232311
1221231332332
1123323112331
1122223323122
1112111212131
1211132211221
1123212223322
1233332321221
1211123113132
1122323213112
1121233211223
1222113112332
1123323132223
1121112113233
1123323133332
1121123331121
1221122121131
1123323133222
1231232213211
1123323133211
1221113331323
1213323232213
1123332312131
1123323131321
1123213321212
1123323131132
1123323123113
1123111221221
1232122233133
1123323123322
1111121121123
1123323123311
1122212211113
1231211312333
1213122322113
1233332322222
1123323122233
1233322221133
1213123311323
1221211132211
1213113213323
1121213312131
1121311131232
1123323122211
1223321322212
1223231211321
1123123331321
1121331213121
1212122321111
1112231231131
1232322331123
1121233231122
1222133133113
1121111123121
1122233223133
1212113112122
1123331133313
1212111231133
1223321211312
1123323121331
1221333333123
1122211233321
1213213133231
1123323121111
1123323221222
1233323212132
1232113323333
1123323222221
1232113132221
1223111233221
1123323222313
1123323222122
1121233322222
1123323223312
1213321131121
1123323223321
1123112333213
1123323223123
1123323231223
1213213132313
1123323231232
1123323231333
1231322221113
1123323233212
1123323233313
1112312332212
1221221122321
1121313322133
1123323233111
1121331221311
1221212211322
1123323232213
1122332213112
1223233311223
1122223321232
1123323232123
1222231333312
1121121232211
1122231322333
1121332322121
1211233222311
1221213232322
1212232211221
1123212133221
1123323232132
1123323213232
1123323213333
1222211111213
1221232221222
1222313312211
1123323213311
1211221322221
1222213311123
1112332223112
1123332111222
1123323212112
1212212223233
1123233233313
1123333231332
1123323212323
1123232131313
1211112221321
1221113331233
1123323212233
1232212222133
1112232323222
1123222313233
1221323323123
1123213222322
1231131313113
1231113111223
1221233312222
1123323211122
1223331212222
1111231133313
1232221312322
1223233232232
1123323331222
1221233132211
1233233221321
1221333222212
1123323332331
1221331231221
1112312311231
1222212211321
1123323332111
1231222323111
1122311133112
1123323333213
1222132123223
1222322122122
1123311323321
1123211333231
1121132131321
1233213121212
1123323333231
1123323321131
1112312123131
1211112113222
1123323321311
1222233233223
1123211211212
1112322233121
1112323322112
1221323112321
1212223231311
1222121112131
1121333113223
1222122332123
1222331222312
1122332331322
1121123232321
1221213312321
1122131211133
1123323323111
1123131233132
1123213233223
1123233212121
1121122122232
1123323322213
1223112111212
1123323322231
1212211231112
1122112311331
1122333121331
1123222333321
1123332332111
1122223321223
1213333122131
1122333123131
1122131333213
1123323312113
1211123133211
1211212313232
1123222213113
1232213323312
1123311132233
1232312133113
1222233223121
1123323312232
1112112332232
1231211132232
1123323312322
1123123321331
1222221232221
1123323313112
1112322111331
1123323313222
1233313312222
1232132232313
1123323313211
1122232213333
1121233231221
1122333222221
1123323311231
1232313223312
1112332123212
1123322111223
1211322121233
1121313313232
1123322111232
1123322111333
1222332323322
1123333221311
1112311122313
1123322113212
1222331222123
1123313211112
1222233311121
1112332321212
1212313313321
1232322332311
1121122311111
1123131113221
1121233123111
1123322112312
1121222132122
1123322112231
1123322112123
1231331322232
1123322112132
1123322122113
1221132312231
1121223231213
1123322122333
1221231323323
1211323121311
1123322122322
1231111331122
1123322122311
1123322123121
1122331321212
1231131211123
1123311231323
1123322123332
1121113133212
1231312231331
1123322123233
1223313233111
1123322121312
1121223332332
1123322121231
1222212321233
1121323313123
1231221133133
1222212231112
1221131223312
1123322133223
1211211132212
1123211322321
1223121312123
1233113313133
1233113313331
1213322133322
1121132313233
1212112111311
1123322133311
1123322133113
1123322132233
1233221331232
1221321123321
1222122122131
1123322131313
1112121111213
1212111211232
1123322321121
1233212221333
1211313231323
1223121122212
1123322321323
1123322321332
1231332333213
1222213132311
1122132112211
1221332133311
1222222223332
1123322322122
1222131131333
1111212132221
1222321332331
1123322323213
1112223122331
1123322323123
1211132232123
1223123312121
1232122133332
1123322323132
1213112123113
1112311211222
1123322331131
1231223131331
1211121112113
1112122311122
1231211121133
1122311123232
1233123321232
1121333121222
1213221332233
1212333122211
1233221321112
1123322332321
1231112332133
1232232333211
1123322332132
1222333122111
1112232223322
1122232321131
1222332133312
1123322313113
1121231132131
1123211231333
1121112233333
1233222133123
1213221133111
1123222121122
1121223132321
1223321123211
1121121213212
1211123111112
1123322313223
1111221123133
1123322313333
1123322313322
1123322313311
1123322312112
1122132221331
1123322312323
1221333322213
1211131221122
1123322312332
1111231321321
1223322212123
1123322311212
1233322223322
1231211132131
1213123132212
1233113321213
1212312223223
1223112133331
1223123221232
1121233221213
1212321211222
1123322311111
1223212321113
1231321332311
1233321323331
1123322231112
1123322231233
1121212321211
1123322231222
1223232113323
1123223132121
1123322231211
1122131211331
1123231233232
1213131232212
1231322233123
1222332131112
1121233231212
1123322233312
1211133112213
1233212132222
1112222211113
1123322233321
1211121311233
1213332211111
1213122112332
1123322233132
1223231231211
1112133121321
1223311122213
1123322221113
1123322221131
1231112122222
1212232323212
1212132131333
1123322221223
1213322113133
1123322221322
1213232322111
1123322223212
1123322223221
1122213312312
1232222121112
1123322223133
1213313123123
1111221233333
1123322223122
1123322223111
1231222212233
1123322222213
1222223223333
1123323233133
1123322222123
1112313313223
1232113123122
1123322212333
1212233112123
1231312313312
1123322212311
1123322213112
1121223121121
1223323322311
1233221132332
1123322213211
1223113322222
1123322211231
1122322333312
1221213212111
1123321211131
1231313121332
1123321213313
1232211212221
1123321212321
1123313133111
1123223323312
1112333212133
1123321212123
1233312122211
1223111123322
1231113221223
1123321222131
1112113221122
1212322112313
1233222133312
1123321222223
1222313332321
1232132233123
1213232223133
1123321223112
1223212111211
1221121211213
1121321231333
1213132331231
1232323321213
1221121313322
1123321223332
1122323222231
1123321223233
1123321223222
1213231112223
1112231123311
1123321223211
1223231221131
1123223232313
1211131232223
1122122333323
1123321221321
1123331311131
1233312231223
1221321221111
1112331231112
1211313221113
1232212233313
1123321232112
1122232321223
1122231113232
1121233121333
1123213133123
1223222112323
1123321231212
1111112322212
1211332332131
1222232112121
1121233122321
1123321231313
1121323312111
1222332211113
1123321231111
1231313221122
1212333111323
1232123212232
1123222121212
1213322122232
1233222211311
1223312113133
1123321311121
1123321311323
1211321222221
1211322133221
1123321311332
1121223323121
1231111113333
1212331322211
1121333221133
1123333333122
1221211131212
1111122323223
1211223333131
1123321312221
1123321312331
1123232232212
1233211222113
1123321313231
1112132321232
1121311312213
1123223332312
1123321313132
1123321332113
1223211123213
1121323231331
1123322312233
1213223111232
1123321332131
1221331323223
1123332232231
1112233133231
1232121113223
1112233311211
1123321332322
1123211331121
1123321333112
1222311333223
1123321333121
1232232221132
1233333211332
1223233123321
1123321132313
1232222333311
1221133321212
1123321333332
1123321331321
1123321331213
1123321331231
1123321331123
1123321331132
1121311312312
1123233132223
1221113233212
1123321323131
1231333332312
1212321122331
1123321323223
1212313331312
1123321323333
1112311312231
1123321323322
1223132123222
1122211332231
1123321322121
1223311223112
1123321322332
1123321322233
1123321321212
1123322333331
1123321321331
1213311311313
1123311131331
1211123313233
1223222211233
1123321321111
1123321131121
1123321131323
1123321131332
1213123121223
1123321131222
1233221212131
1123321132212
1121232311311
1223232323333
1123123123313
1231122232311
1213133321123
1221121323312
1213212222332
1221333133112
1121232312312
1123321132331
1123321132133
1222323211232
1122322211133
1123321133123
1123321121131
1123321121232
1221233113212
1223213331322
1122322333231
1231223231112
1123321123212
1221232221211
1123321123331
1123321123122
1123312213331
1121231321223
1112123321223
1211221313113
1221233113221
1123321112311
1123321113112
1223232111312
1231233233313
1123321113332
1121231313211
1231211113132
1123321113233
1121121331132
1112121331312
1122131122332
1121112232121
1233113332233
1121222332333
1121231113231
1121313123222
1123321111231
1122111122231
1121311133122
1221322323111
1123321111132
1111233321332
1232212132232
1123131111131
1232212333231
1123233131312
1123131111322
1121333133122
1213332332212
1123131113313
1112113322131
1121312333321
1213323211111
1233233121232
1223131232222
1223313332122
1123131122223
1123131123112
1111223113213
1213333211132
1222323133321
1111121131221
1233132211221
1123131123323
1112333131223
1121313333221
1232221322231
1123131121312
1123131121231
1123131121132
1122232313323
1123131133131
1232332321132
1123131133232
1121332211333
1123131133311
1121333212111
1123131132112
1123131132121
1232113221321
1211311331331
1221232111211
1112131322333
1112332132122
1112233231133
1211123312322
1231311321222
1123131131111
1122223333312
1123131321121
1213233232132
1121231122332
1212222233321
1111233212322
1233213213333
1123213213331
1123131321222
1212122213212
1122321122212
1111212233131
1121322332121
1233223332222
1213132211223
1123131322221
1123131322133
1121212323312
1123131322111
1222312113321
1121311123231
1123211132311
1111222111223
1232331233221
1123131323231
1233133111131
1111212112311
1231123121131
1123131331113
1221311123322
1123131331131
1123223211123
1231113221232
1123131333133
1222123312232
1123131333111
1121323113211
1123131332213
1222233133321
1231113131133
1222112231313
1123131332123
1223212222221
1222321312232
1231312331123
1121222232112
1211122112321
1222333323112
1112121321331
1223212123333
1112111113122
1233131231213
1123131313131
1123131313232
1222133233213
1121133323123
1123322212232
1123131312112
1121232223223
1112112232222
1123131312121
1123333121132
1112213131231
1123131312332
1123131312233
1211311112121
1232211122111
1223322333121
1123223311221
1123122133221
1112313231211
1233131131113
1223311121113
1123323112212
1212111222333
1123112122121
1123131311221
1123131311111
1123131231121
1123131231332
1232131122123
1232121113131
1123131231222
1123131232221
1123131232133
1231111111212
1121131122122
1231312133123
1123131233312
1221331131222
1112133222321
1232331223132
1213222313233
1123131233321
1121321233122
1112112111132
1222332112131
1121113122133
1123312222322
1123131233123
1112113322333
1121313223212
1223123312222
1121232111331
1222213232231
1112113213321
1231132232233
1123131221322
1121312321333
1222321233212
1232322232222
1121212332312
1212122232112
1231331133133
1233123313233
1123131221311
1121222222131
1232111333231
1223233313331
1222232111212
1121222123331
1123131223221
1123131223122
1123131223111
1121211131222
1212133223121
1123131222312
1111233131221
1213312121113
1123131222213
1121131332332
1123131222231
1121311223333
1222231222133
1123131222123
1112231131321
1231213111123
1223313222122
1221222331131
1121331213112
1233131122313
1123131222132
1221132131223
1213232231233
1123131212322
1112323311233
1123213231122
1231333221322
1123131213211
1122333322213
1121332231313
1212311332313
1123132211113
1123132211131
1231131313223
1211113321312
1122231232311
1123132211322
1123132213221
1212123112211
1221121233321
1223113222223
1222122132222
1222123113321
1121223133331
1211211223121
1123132213313
1213311232111
1231121213131
1233223233332
1213223312112
1123331322131
1123132212321
1223132211132
1231212223131
1223121212313
1122322113312
1123132212123
1121211232222
1121211221132
1112321131123
1212332132121
1221221331123
1123132222333
1221221331132
1123132222322
1223332212111
1123132223323
1211221132121
1123132223222
1223221322213
1121212321121
1231113131221
1211212213112
1211213322213
1123132221321
1212313232121
1121232131131
1123132221213
1123211233331
1121233223323
1123132221132
1223122331323
1122323232111
1123132233113
1212132321321
1121222123221
1233332231212
1123132233223
1123313222222
1223133323212
1221312332332
1213233321223
1123132232323
1222112332322
1121223323233
1123132232233
1123132232211
1123132231212
1232131312331
1123132231313
1212232211122
1123132231133
1123132231122
1123132311323
1121231231131
1231133321231
1123132311332
1123132311222
1111122311211
1123132311211
1123132313312
1121133231233
1231213213331
1213231131233
1123132313213
1221112123323
1123132313231
1123132313123
1232222211121
1121331333212
1232212323313
1123132332113
1123132332223
1111211311122
1231223332132
1123132333332
1213321212231
1112232131223
1223332322322
1123132331312
1231212321321
1123132331213
1123132323113
1231123223222
1232322233131
1123132323223
1233133232221
1222331132222
1222311322311
1121331212113
1123132323232
1123132322112
1223132131212
1123123333233
1211211111312
1232121333311
1123132322121
1222331312323
1123132322332
1223133321131
1121113311333
1233323332333
1121313223111
1123132321313
1123133233112
1212311122121
1223321233132
1231332233221
1123132321122
1213313131113
1121321122222
1112323321122
1123132321111
1123132131112
1123132131233
1231333221311
1233321331332
1222321332212
1123221121323
1123311313333
1123132132212
1112322123213
1121222232323
1222111311212
1121323311323
1123132121113
1231322312222
1232331313233
1212312312321
1123121213223
1123132123122
1213222222133
1123323111233
1221222122311
1123132122231
1123132112113
1112233323131
1212322211122
1222222211131
1123132112232
1123132112333
1111231122111
1121321331222
1233112133321
1232323332233
1233222323232
1123332213131
1112122231233
1123333213112
1232321222312
1123132113233
1123331323332
1123132113222
1123132111213
1123111212331
1111122321212
1121333123213
1231333332213
1123133311131
1223111332331
1121231113213
1222122312323
1123211312131
1222331113221
1121211331132
1231121122121
1123133311333
1211221123332
1212321131322
1123133311322
1232111211331
1121333111122
1121311322223
1232111222221
1123133312312
1121332222131
1222123231333
1123133312213
1231331323211
1123133312132
1123133322113
1213231111132
1233233312122
1222223113113
1123133322131
1213211131213
1231233213113
1123133322322
1112132231232
1123221332121
1123313223131
1223332222222
1231212113131
1123222331332
1221321312231
1121311312132
1222321222221
1123133323332
1232313233221
1123133323211
1123133321231
1122211223221
1222231332111
1122112212232
1123332233313
1123133321132
1122132233332
1123133333131
1121133321121
1212211213112
1222123231322
1122312311322
1123133333311
1123133332112
1223233333113
1123133332323
1121231312322
1123133332332
1123133332233
1223311113332
1233223322311
1123133331221
1232233311232
1123133331331
1123133331133
1111211331223
1121111311221
1123133211323
1112213232213
1123133211332
1123322311122
1212123313313
1122212111213
1233231332133
1213313231123
1123133212133
1121231221332
1121323123111
1121112313123
1233113221111
1232223323113
1231213232211
1123133213321
1211113111212
1123232132222
1221331122231
1221332233231
1122233233321
1232212222212
1221231131223
1123133213132
1222231212222
1232222231321
1123133232131
1123133232223
1112332113332
1123133233233
1123122132321
1213221112211
1122111321331
1121321323111
1232211123213
1212312331133
1123133231312
1123133231213
1232312331113
1123133223113
1123133223131
1231121233212
1221323321323
1121323333121
1112121333121
1123321212132
1231133312321
1232213321222
1232133313121
1123311211321
1211221231233
1213212111313
1213221233222
1123332233221
1123133223333
1211112211113
1223213132222
1121133331333
1231331221313
1121211132133
1123133223311
1221221222223
1221211231211
1123133222211
1121133312323
1123133221111
1123322333313
1232121122331
1123133121323
1223321212333
1123133121211
1123133122221
1233133123112
1221132312123
1123133122331
1213323313233
1213122223131
1123133122122
1223112213231
1121231212211
1232232123133
1212212222311
1123133122111
1111221123122
1222323131112
1123133123213
1112333111212
1233311211233
1213113311212
1232313323212
1123133123231
1233223112121
1213122311232
1221132312321
1213113313311
1121322211233
1121213223213
1231223111113
1123133123123
1123233132322
1122211312211
1123133131113
1222331211231
1222312212211
1221322211331
1123133131131
1221222212311
1233221133333
1211231312322
1123133131232
1111221322323
1233123312311
1121121313312
1112113233332
1121221321323
1123133133313
1211323133231
1123133133133
1213322312222
1212312122221
1233111132233
1111122332131
1123133132321
1123133132123
1221323233312
1123132132331
1233231211221
1211211313132
1111221212213
1232332213312
1123133112323
1123133112332
1111213322322
1221331223233
1123133112222
1112232322232
1123133111133
1123133111122
1233323333112
1123332132131
1123121111233
1123121111222
1222113233233
1121332321111
1233223122122
1221231322131
1123121112313
1211232123231
1121323331312
1123121112122
1233221332312
1221211222132
1123121113321
1122233213112
1123313133313
1232322312111
1123121113213
1121221233132
1123331232223
1231232133232
1122222121123
1123121113123
1123121113132
1123121132232
1232123132222
1123121132333
1231213132313
1121223322113
1123121132311
1112333332222
1123121133332
1222213331332
1123121133211
1222123223132
1121121331321
1212313212213
1123121131213
1123121131123
1122333222313
1231222213131
1123121123131
1222133331131
1123121123223
1112112123212
1213213223323
1123332311312
1123121123333
1123133111221
1122223322123
1123121123322
1123121122332
1213211333213
1123121122222
1213311223133
1123121121313
1223132131313
1221323311313
1121123332313
1123132212231
1122222312323
1123121121122
1222111112123
1112211111312
1121123123322
1232321312222
1123121221112
1211112131222
1221131313211
1123121221323
1123133323121
1123121222212
1233221222321
1123121222331
1122333311132
1121331231332
1123132332232
1232323233211
1222222333112
1122233211123
1231213213122
1231331222121
1121132212332
1233232232131
1123121223321
1121121332333
1121221311212
1223223133312
1121321113123
1233121231331
1123121223213
1112111331322
1122223231333
1112323111132
1123121223132
1123121231232
1123121231322
1213131333331
1223311112131
1123121233331
1212211311133
1222231233133
1123121232312
1123232212131
1123121213131
1223333323232
1123221232223
1123123133321
1123121213333
1213111111212
1123131232122
1123121213322
1121332221312
1121221233231
1123121212121
1213232211132
1123121212332
1123121211221
1233132113321
1223131132221
1123121211313
1231113231323
1123121211122
1123121211111
1123121331112
1233312332111
1112311221313
1123223313232
1231123222322
1112232311333
1222233331213
1233121231313
1232323111212
1231313131311
1123121332313
1211323233223
1123121332331
1123121333321
1122212123122
1112321222313
1123133113223
1112133131111
1123121333123
1121321332331
1123111232311
1231122113223
1121332133213
1123121333132
1122111323311
1211222223233
1213123321331
1212123331133
1112112312331
1233131223223
1211223132321
1222233232222
1232332133331
1123212113322
1213212231231
1223333321313
1122122121311
1211231213232
1212213332211
1123121321113
1121323232112
1123211212332
1123121323221
1211231112331
1123121323111
1123213222223
1123323232231
1123121322231
1211322131322
1123233113213
1211113112233
1123232331322
1223221323111
1123121322123
1123133133212
1211312233221
1212321122313
1122333221323
1221323221333
1123121312232
1122322313233
1112131312312
1121132123113
1231132231331
1123121312322
1233312113321
1123121312311
1221312321123
1213322232133
1122213332323
1213323233212
1123121313211
1231113212322
1123121311213
1112223111133
1211323232211
1213133211121
1221131331211
1123123211131
1123312212132
1221131111112
1123123211333
1121322312213
1122123222211
1222113233121
1123123211322
1221222322331
1123123211311
1123123213221
1121211212231
1122212333112
1121121113121
1223321122232
1233321213223
1221122111132
1112232313313
1233332313321
1232332123312
1232132212322
1121232322113
1123232322133
1112223131223
1221311122332
1123123212321
1213223332123
1232112131322
1211321122121
1112322322131
1223332333223
1121123322213
1123123212123
1212122131233
1123123222232
1212133311121
1123123222322
1123132112311
1232121331221
1123222312131
1122223113213
1231321122132
1123123223332
1223221212112
1222321323111
1121323231133
1122223323221
1232131112131
1222132233111
1123222222133
1123313122221
1212313131211
1123123223211
1112221212223
1121313322313
1112221312222
1221111232121
1121311211121
1122211333331
1123123221312
1221332221333
1221332223122
1123322211123
1123123221123
1123123233223
1123123233333
1112211232332
1222323222232
1231133321312
1123123232233
1211333333311
1232321312112
1123123231221
1111121313311
1123123231122
1233213132223
1222321111211
1123123231111
1223133333312
1123123311112
1233233323322
1123123311121
1231223333122
1121333332222
1211111311122
1231332333132
1221121122131
1123123311323
1112211211232
1121311131322
1212132111331
1123123312221
1212221112333
1121121222232
1211111312222
1221311313332
1112122311313
1123333311122
1123123312331
1112123121212
1112113111133
1123232331311
1233113332323
1211233123133
1212333122332
1123123312133
1123123312122
1223121121112
1223232112131
1123123332113
1121331212131
1123211122121
1112221111333
1233211223332
1123123332322
1123123333323
1122233111333
1123123333211
1112211132111
1123123331213
1212323231211
1111121112132
1211323233232
1211312322312
1121233223121
1112121122312
1212323112213
1221332322212
1221223223312
1123123323131
1232221323111
1123123323223
1112221323312
1211223233332
1121332213111
1123123323311
1121312211313
1111233221223
1212332231332
1221212212312
1211123312113
1123123322121
1233311332112
1123123322323
1231331323323
1213231111312
1121231321333
1231313132132
1211323111123
1223233332323
1123123322222
1223222132231
1232131132313
1123131211231
1213133232113
1123123321212
1123123321221
1222131232333
1122122132331
1211222123313
1223323212313
1221313323311
1123333333111
1223232231122
1123123321133
1123123321111
1222111221131
1231331113311
1123123131332
1212123112332
1123123132212
1123123132122
1111121221131
1221311212323
1223213232221
1231233122222
1232323131223
1123123121333
1123123121322
1122321222211
1221122221231
1231223212113
1123123122213
1233332311121
1121321233111
1122121321222
1121213313323
1221222332132
1212232123311
1123133321321
1123131131133
1123123112113
1223211312231
1121333131232
1223313312322
1112212332321
1213332311312
1121221213233
1232133213131
1123212123213
1123123112223
1232232321133
1212133331231
1231212211121
1121233233131
1221323112231
1123221223232
1232122111211
1213113123332
1123123113121
1123123113211
1211113331111
1123123111321
1121312221332
1211132323212
1223112211323
1233332231122
1123123111132
1112231313222
1123122311223
1112231212323
1123122311333
1123122313313
1123122313331
1122313223323
1121223311131
1213111312312
1123122313133
1123122312321
1112322322232
1211312113213
1123122312132
1232133222133
1123133121332
1211313221311
1222132121133
1123122322223
1123122323112
1111221211232
1123122323323
1121121122312
1123122323233
1123233231232
1232331111121
1222333231231
1112211322233
1122122333332
1123122321123
1212321213321
1123122321132
1222232211233
1123132122123
1213133231123
1223313132322
1121113233332
1123122333113
1123122333131
1212311333231
1123122332112
1122211232221
1223311131211
1121211311112
1121231222133
1123122332121
1121331212232
1123122332233
1211122213211
1232322212231
1223122321232
1123211211133
1233131312231
1212223213333
1123122331122
1111233223221
1123122211233
1112313221322
1212213323121
1123122212221
1122112222123
1232211113311
1123121111323
1123122212111
1123121212233
1122133312133
1123122213231
1232233321231
1123122213132
1123122232131
1112331333221
1211333211233
1123131333221
1123122232223
1223332221221
1232333111213
1121233131222
1121322232223
1221322132232
1123122232333
1213331113113
1223111232231
1123122233323
1123312132212
1121212131122
1221232222122
1123122233332
1123321132122
1233311332121
1212313223222
1123122233233
1232211332332
1123122233222
1222311123132
1123122233211
1212232131213
1232223221321
1123331121211
1123122231321
1121223213321
1112231123232
1223232131332
1123122231231
1112222311121
1123122223131
1212133321221
1223331123232
1123122223223
1232333333112
1123122223322
1223313211122
1223221131213
1111222313131
1123122223311
1211231113123
1122331323223
1112311113322
1221333132232
1123122222323
1231111121121
1213223132211
1232232321313
1232312111232
1121212322221
1212111213122
1233132312333
1212222121123
1212122233131
1221212323322
1123122222222
1123311122232
1112331123211
1123122222211
1231233213311
1123122221313
1233312332313
1221221113332
1232312211123
1212313313231
1223123113221
1122231313122
1123312231111
1123122121222
1213232223212
1123323321113
1123321113121
1122122232211
1123122121211
1112323333323
1221332312332
1123122122111
1123232232133
1112122112132
1112121233311
1211112321133
1123122123321
1231233322132
1123122123123
1123122131113
1222133332231
1123113231121
1123313212111
1123211312223
1121121212231
1212213311311
1123122131333
1122232133332
1211233132221
1213321211223
1123121321333
1123122133111
1212122223211
1123122132132
1123122113232
1123322313232
1231323121212
1123122112112
1123212211222
1121223133122
1211232122313
1123122112121
1123122112323
1123112212323
1123122112332
1112211213212
1213112333321
1233322111313
1123122112233
1213312312331
1212121132211
1222332321221
1122231231321
1212331111132
1123122112222
1123122112211
1123122111221
1213112223231
1223221212222
1123122111122
1122232111211
1112112313231
1123122111111
1121321222221
1122331211131
1121331112123
1123112111112
1123112111121
1211121132221
1121331123222
1123112111323
1221323121213
1232132121132
1121231332133
1111112222321
1233311122111
1123112111222
1121221321222
1123112112133
1213231113222
1222121321212
1123213132212
1112322212122
1232231331322
1121223113322
1233212231332
1123112132223
1123112132333
1231222132223
1111231213132
1223213231211
1232112211233
1121222313312
1123112132311
1213323321322
1112111223111
1111122133312
1121111113331
1232213322313
1232131231313
1213331333113
1123112133222
1222321111233
1221122131323
1221133311121
1123112131312
1123112131123
1212133222113
1123112123113
1222222333222
1221111221213
1123112123223
1123321211223
1123112123232
1123112123333
1231333232221
1112122331113
1122133222333
1221232312232
1233221131212
1231313211332
1232223331312
1122211121231
1231232332321
1221231222323
1121122131133
1231322231233
1123112122233
1231133323323
1123131132332
1123112121313
1211121311121
1123112121331
1211223133111
1222212313131
1121122311313
1232322121223
1222121221231
1123112121111
1123112221121
1123133212313
1223311113233
1123112221332
1213233112221
1121112132122
1123112222313
1213233313211
1232311232112
1232333213122
1121233132331
1123112222122
1123112222111
1123112223321
1211223232333
1112212133223
1123112223213
1212222232313
1123112223123
1223332123213
1121322122221
1122113212222
1122211122333
1223222233323
1233311121323
1233112332322
1212131331112
1123112231131
1122233223111
1221213133111
1121212221333
1223112212133
1231112111323
1123112231333
1121333222211
1122212132212
1231322321222
1123112231311
1121221321121
1123112233221
1123112233133
1223312332132
1123112233122
1121213112133
1121312212121
1123211233313
1123122222233
1123133232322
1211322312231
1222232212122
1221323311221
1111221312133
1123112232213
1123112213113
1123311123323
1123112213131
1123112212332
1123112212233
1111121331223
1233221312323
1221111231212
1123112212211
1211311322232
1231123231111
1221311221211
1223131223233
1123112211221
1233311231213
1112131331122
1123112331222
1222321223321
1121111112321
1123323331211
1123112332331
1123112332122
1123112332111
1111123122133
1222312222313
1123112333321
1123321222311
1123112333231
1123112333123
1121323132111
1121111223221
1111232232321
1233332222311
1213211222122
1123112321131
1122313222311
1121323111123
1123112321232
1123231133321
1223113311233
1123112321333
1223122211111
1123112321311
1211123212323
1221132121112
1231223121132
1123112323331
1112331132332
1223311222322
1123112323122
1123212322311
1111121231323
1112112322332
1123112322123
1112212212131
1211323332131
1111223111112
1123132123111
1123112312223
1232331113312
1123112312333
1232232311222
1123112312322
1221111213331
1123112313121
1121313123233
1123112313233
1112223313212
1212312211233
1123233132113
1123112313222
1122131133211
1123331132213
1221313231313
1121312333312
1111221121232
1123112311231
1123112311123
1111213331111
1123223323213
1211111121123
1122331231313
1233221213323
1123112311132
1212123113232
1223212322321
1123113111131
1223112323121
1232113122312
1123113111232
1232122122112
1112322211323
1123313132312
1231211121111
1221233131221
1123333132332
1123113113221
1121323312122
1112321131132
1111211112123
1211232211211
1123113112123
1213131223212
1122213212212
1123113122223
1112312313233
1123113122232
1123113122333
1123113122322
1213112231131
1112311123213
1233113113322
1121233212231
1123113122311
1233112111231
1123113123323
1233231213322
1121331223313
1123113123233
1232223131233
1123222122332
1123113121123
1223322223323
1231131112312
1123113121132
1221113231223
1123113133113
1123232332123
1123232321121
1123311321332
1233121331312
1221213321213
1121332321221
1122331121311
1212223322123
1233123233212
1221123131223
1231112121212
1123113133311
1223112111221
1223322323333
1222333231312
1123113132332
1213323233122
1112133311111
1223121322223
1123113132222
1123113131212
1123113131313
1221223231113
1213313322223
1111111122231
1211213331211
1122333331121
1123132133231
1112322332211
1123113321112
1211212132121
1122331311121
1121233122312
1112132231113
1123113321211
1123113322221
1222112223323
1112212123121
1221122321111
1212233133311
1123113322313
1112131232232
1212321313313
1123113323312
1221323132121
1123113323321
1123113323213
1123111323121
1233111322111
1123133121222
1123113323231
1123131321112
1122133213331
1221331133123
1123113323132
1112233131332
1123322123323
1233331321112
1123213121232
1121312332122
1211131213132
1212221313132
1232221111323
1213313213213
1123113333221
1231131131331
1123113333313
1221113313222
1212232112212
1121211122213
1123322331223
1123113333111
1231133221133
1121232331111
1111233311313
1123113332321
1212332231323
1123332313323
1222123233331
1123113313113
1123113313131
1211113213312
1122231211233
1123233133332
1232233121323
1221112333313
1123113312323
1111123321321
1123232323123
1123113312233
1212132232322
1121311112332
1121321222212
1122312133122
1213332322213
1123113311212
1122323122131
1232323222112
1123321133213
1123113311221
1232113231313
1221131332122
1123113311331
1222333331331
1122231333232
1121221112132
1212321313111
1123113311133
1223323321132
1123113231211
1123113232133
1123113232122
1121213332133
1121233232222
1213321112131
1123113233312
1233312132311
1123122332222
1112313231332
1212223131231
1231221321231
1233221323321
1232122121331
1112233221132
1123113223221
1121311113113
1233111131331
1123113223313
1211332222333
1212211323231
1111223232231
1213321111312
1231313313331
1123311312121
1123231333332
1123333312112
1223222322113
1233222312221
1123113223331
1223122231333
1123113223133
1123113222312
1233233311121
1123123213111
1121231112111
1123121323212
1122321123213
1121313132222
1123113222213
1211222121311
1221312133331
1112133213211
1213312312133
1123113222132
1121232213321
1123113212232
1212222113111
1222133133322
1121211313213
1123113212311
1232323212133
1232132221131
1123113213222
1222312133211
1121122221223
1121332313321
1111122223211
1123221133331
1123113213211
1123222222111
1123113211132
1223232332311
1123332313112
1223112222222
1123223132233
1231231312212
1123111311113
1233231323133
1213313111122
1232122122233
1232233113131
1211221113313
1221121331322
1123111313221
1123111313313
1123111313331
1123133213312
1123111313133
1123111313122
1123111322113
1213322211123
1122112111131
1123212123231
1111211122131
1121223111221
1232112322223
1123111322223
1111211321112
1123113111223
1123111322232
1122232112212
1212222221333
1123111322333
1122321122313
1123111323323
1232323231123
1123111323332
1212331321313
1121121113222
1233132131312
1121212331333
1121332313231
1121232231231
1121312321232
1222111112321
1121131331122
1232222231312
1223113232211
1231312112311
1123111323222
1213111331122
1112323332131
1232321112321
1221333131132
1123111323211
1123312232211
1232331212112
1123111321123
1122323313131
1222211212312
1122121133131
1231123122231
1232223223222
1121312232231
1123332113231
1221212321133
1122222112312
1211112112311
1123111321132
1111121223212
1122132123231
1123111333113
1111123232322
1213232123121
1212123233332
1123111332233
1123122232322
1123111332222
1123122122212
1123111331221
1233121132122
1232312331333
1122111113233
1123111331111
1213113222123
1123111211112
1212231222211
1111213311333
1123223112231
1222233122132
1112233313213
1123313231123
1123132331132
1123111211323
1233332221123
1233133113111
1123111212313
1112313132323
1112312332133
1213231331213
1121223221221
1211121112232
1123111212133
1231112223132
1221231322333
1123112233212
1123111212122
1111123132231
1123111213213
1123111213231
1232311112223
1221322122112
1123121321311
1123111232232
1211213213311
1122312223131
1222211223332
1232312332231
1122322113123
1121221322111
1123212213123
1121313121213
1123111233323
1123111231213
1233332321212
1231212113113
1123222233122
1112113122212
1121131321231
1123111231123
1123111223113
1221221231111
1123111223311
1213111222332
1212312222222
1121322131223
1123323231113
1233212123233
1123111222323
1123111222332
1221213112211
1211213131312
1233232113333
1213223123332
1123333121213
1233333113311
1112313121312
1213313333333
1123111221111
1121333223322
1122123123312
1112123232231
1123332132311
1111233132323
1231121333213
1213321332333
1112232112332
1231112221222
1123111121121
1123111121233
1213311312121
1112123221112
1121213231232
1231331321321
1231231331312
1221212222322
1112321321232
1123111121222
1123111121211
1233211222311
1123312323311
1123111122313
1232122211111
1232223222322
1213221231132
1123121132322
1123111122133
1121123213322
1111123211211
1123111123213
1122233312222
1231122233112
1123111123123
1211211112232
1231213112322
1123111123132
1112313322133
1233233111213
1221322212222
1211211232211
1123221332222
1123111131131
1122331221213
1123333113111
1121122122113
1123232121312
1123123221231
1112321332313
1123313232333
1123331221212
1221211211213
1231212321213
1233123332331
1123111133313
1123111133331
1212332131212
1112123333321
1232331312223
1123111133111
1212233133113
1123111132321
1222111322122
1123332111211
1221223112221
1123111112112
1213132121333
1233233311233
1111221112322
1221332132332
1213211232312
1123323211133
1121211333332
1123111112121
1123121133222
1122112232122
1121211333121
1123111112323
1123111112233
1231121123223
1123111112222
1212123321321
1233312323212
1123111111133
1221111211322
1112332211311
1122311111112
1222311213213
1112321333123
1213332121331
1122311111121
1212232312333
1121212232313
1213311113221
1122311111233
1121121223332
1121321121133
1111111231111
1123333231211
1221113322213
1122123232131
1221131112122
1122311112212
1122311112313
1112212222132
1112132122332
1121333132213
1122311112133
1231221323332
1122311113213
1121213213223
1111222212232
1111221333112
1123211112331
1232122331121
1121232233233
1111232113312
1231233123311
1123212122221
1121231111211
1111232331233
1122311132232
1122311132322
1121212313131
1213231232222
1111233122131
1122331333323
1122323113331
1123113211123
1122311133121
1121211121322
1232231132112
1221123312231
1212133121311
1223332312132
1123132322211
1122311133222
1121331312222
1122311133211
1122112321222
1111213233211
1233113333113
1122311131213
1212323232221
1223333131112
1121331213323
1231121233221
1231312323113
1212211331311
1122311131123
1122331121131
1123231133132
1223211233112
1123133311223
1121331312112
1212223221211
1121313221223
1232122231311
1122311131132
1233133232313
1123133133221
1122311122112
1231333331322
1223132233132
1121121322233
1122211111322
1123231112113
1121222133231
1122311122323
1121313133333
1122311122233
1233323233322
1231213231313
1123213332131
1233113222233
1211123333132
1122311121212
1121313232212
1222211231331
1122311121331
1212121132112
1223322322211
1222311332121
1123211233133
1122113222212
1121132113312
1221323213323
1123131313311
1221232322132
1121213313332
1122311221121
1233331221113
1122311221332
1212312123123
1122311221233
1122311221222
1112313332213
1122133121333
1122213123132
1123213333233
1122111333332
1121233121232
1123331131223
1112311123312
1233131113322
1211313123112
1122113121313
1122311222221
1122313132331
1121123222221
1123323133323
1122323312233
1123133211121
1232133312113
1122311223213
1111232122222
1121222111231
1232333221231
1122311231113
1213123322332
1223122333231
1112213133222
1122133231212
1231121133332
1232321113221
1221231322311
1112213113132
1122311231223
1122311231232
1122311231322
1222333133122
1233211223211
1212231212111
1121311232232
1121232233332
1122311233212
1231121111121
1212233333111
1111231122122
1122231221212
1122311233313
1213233331112
1121213113312
1122311233122
1212221221312
1122311232312
1211111331223
1123323123232
1112122333133
1213312113211
1121112333332
1211132212211
1221331111132
1112221212311
1213113122333
1231232223331
1233331222231
1111233231211
1211311222222
1123332223321
1123122311232
1122231133122
1122311211221
1222212211231
1221321133122
1121231122211
1211133223122
1122311331112
1123131122322
1211333322333
1123323322321
1121212131133
1122311331222
1223323122111
1233232223232
1233233112113
1232333321122
1123331232131
1122311332122
1122311332111
1213212222323
1122311333321
1121313133232
1233131133221
1211111233132
1122311333123
1121333232322
1122311321113
1121133123211
1122311321131
1213322333133
1112322313313
1211322123132
1122233111232
1123111232113
1231133211332
1213313231213
1122311321223
1112111231222
1222121322332
1232332221111
1122311321333
1232312211213
1122311323212
1121313113221
1121213211122
1122311323221
1232213112312
1122311323313
1121223112121
1211233213111
1213223323123
1121133311331
1232112212111
1223121323112
1121212211231
1233212223331
1122311323331
1122223233111
1121313213211
1112212312211
1232222333131
1232122213232
1122311323122
1122213122111
1232132313333
1122311322213
1213232233213
1121312233221
1122311322132
1121132322321
1223313312311
1122311312232
1112313333221
1221331222131
1213213132212
1122311312333
1231113323231
1221133323232
1222132231131
1123323222212
1122311312311
1122323311122
1122333223231
1123112331121
1211212233231
1112122122113
1223113121311
1123111132312
1122311313332
1112233112131
1223221123322
1112313313232
1122311313233
1111222332231
1221333232312
1122311313222
1111223222313
1122233122232
1123323212332
1221333122121
1222121312313
1232122331222
1122313211113
1233233222311
1121211211232
1223211113113
1232322332113
1122313211322
1122313211311
1112313222213
1213313121112
1122313213212
1122123323222
1112123211133
1212331111231
1233132233221
1221312112233
1122322122233
1123332322231
1122313212312
1223122323122
1223313231232
1111112123121
1231312213221
1122313212231
1121133121123
1122313222232
1111123211233
1123312111123
1213233122233
1232131331321
1122313223332
1211121211131
1111213222222
1123212232223
1122121313232
1221222222231
1222312323111
1122313223233
1122313223222
1221231322322
1213221322232
1122313221321
1122313221123
1123121112111
1122313233113
1123311311133
1122313233223
1221333111222
1122313233333
1123322212322
1112133132121
1123113132323
1121233331321
1211231232231
1221221332322
1122313232112
1112133231233
1122313232323
1123323133112
1232232121131
1221133222322
1223323322223
1122313231122
1221212332322
1122313231111
1122313311112
1213213323113
1121233333323
1233112231133
1121312211331
1121212123121
1122313311121
1122313311211
1122313312212
1121131232113
1122313312313
1231331123231
1232231222132
1223311313123
1223311322112
1122313313321
1122222232313
1223333122213
1232323332211
1123311113221
1223223311323
1112111213332
1122313313213
1122132133133
1211311122313
1213321111231
1122313313231
1111123232333
1122313313132
1213113312233
1122313332113
1123121221233
1221212233232
1122313332333
1222122112132
1232223132111
1231323123223
1121221223221
1233133231332
1122313333233
1112123311231
1122231133331
1121322313331
1112131222332
1122313331213
1111112223212
1122131113312
1231221332112
1212322122222
1123321112322
1212233332231
1122321211323
1232321113331
1122313331123
1121211212213
1122321322322
1112232211121
1211213321311
1122313323131
1112132332313
1122313323223
1122232231223
1123212233332
1123113122131
1122313323232
1122313323333
1222222121311
1123212321123
1123312321313
1111211212232
1211322131131
1122313323322
1212232221211
1122313323311
1221132231213
1212321323332
1221133333211
1122313322121
1122313322323
1232223211333
1121313212311
1122313322332
1122313322211
1123312112333
1112132321131
1213133313212
1112233113222
1232131323311
1223232133123
1122313321313
1121311111313
1221313333323
1122313321122
1212221221132
1112221322111
1112332123122
1122313321111
1123123121131
1232232123111
1221323121321
1122313131323
1122313131233
1122313131222
1213111113322
1122313132313
1221113311312
1123112113213
1122313132133
1112323112311
1122313132122
1122313132111
1122313133312
1122313133213
1222211123133
1232222223333
1232232312331
1213111232322
1212323223111
1122313121113
1212333233122
1222332213133
1122121123112
1233332233311
1222221333221
1231213222322
1233113311232
1212233313322
1122313121131
1213223122131
1223322332333
1233233123212
1222322132123
1122313121322
1221132122133
1122313123221
1111112111322
1232132121312
1233233313231
1121322132132
1232323121211
1122313123122
1123132331231
1123131133113
1122313122312
1213323222122
1223131233232
1121222322222
1233133123332
1211221213323
1122313122321
1211311112112
1122313112113
1211223233112
1213211212222
1122313112131
1111121233231
1221223131312
1212221311233
1212333222221
1122313112223
1122313112232
1122313113121
1233331131331
1222321132311
1122313113323
1221132212313
1121122221113
1233321311213
1232233322113
1122313111312
1122313111321
1112231233221
1232122321322
1213311311331
1122313111132
1122312311223
1112111322331
1123133211112
1123321123221
1213232313322
1122312311311
1121123321113
1212221133132
1112312313323
1121123231223
1122312313133
1221223311123
1122312312312
1233313131221
1231112123223
1122312312213
1112131313221
1211121232211
1122312322232
1121211113323
1122312322322
1122312323112
1213133133133
1121311211211
1122312323323
1122312323222
1122133112333
1121231212112
1211332232112
1122312321321
1122312321231
1212311132232
1122312321123
1211211122231
1212223321232
1222231231333
1121223331313
1221322133233
1122312333131
1233232221221
1123123111231
1122312332121
1123233322312
1122312332323
1233131321321
1121132133222
1122312332222
1122312332211
1112322122221
1122312331212
1212323333221
1112132132223
1112233332113
1223321313223
1233123223231
1122312331221
1231322313311
1232321213323
1222133133232
1121313111223
1122312331331
1121232112112
1122312331133
1212331131211
1112231321113
1212131332133
1231311331322
1222223212212
1122113222313
1112223232322
1222213213322
1232122211122
1123323221233
1231132133312
1122312211233
1222332311121
1121232131113
1122312212133
1121233331213
1121232323332
1121321333312
1122132322322
1122312212122
1122312212111
1123122212313
1232323123213
1121121211333
1123233213113
1122312232223
1223212331233
1122312232232
1112313312222
1211211212312
1211333323233
1231322223111
1211332122231
1122312233112
1222111222213
1122312233222
1121131311311
1122312231321
1211332113323
1122312231231
1111212313213
1213113312323
1221123122313
1122312231123
1121323113233
1122312231132
1213333232221
1121222233232
1221132222323
1122312223113
1122312223223
1122312222112
1122312222323
1232133312311
1212322121111
1122312222233
1223221122233
1112311331212
1123321212213
1223121232333
1123212133111
1121132112122
1231133133122
1122312221313
1212221112113
1232312111223
1122312221331
1212212313123
1212333121313
1122312221133
1223221231333
1233223121222
1121213233111
1123131123332
1111232213311
1212132132132
1232331212323
1122312121222
1211223211222
1121313222213
1121112112311
1212312321321
1121321233221
1232133313332
1122311223231
1221121221322
1122312122313
1221323231211
1223131212123
1222131221313
1123333333313
1122312122331
1111222212311
1231222321311
1122312122133
1122312122122
1232112313133
1122312123312
1112212313113
1212212121311
1121231333312
1121112323333
1121311321123
1221223121313
1231213332333
1123311322313
1233331221322
1123223222132
1122312123123
1213122233211
1122312123132
1112332122123
1122312131131
1123223311313
1223122233313
1122312131322
1221321123213
1122312133212
1122123121222
1233133211231
1232222333223
1122312133221
1222132211111
1111233211123
1123312311233
1211112233131
1123133233323
1122312133111
1122312132312
1122312132231
1122312113113
1121123222212
1231321231133
1122312113232
1222122211321
1221311113231
1123312313312
1123313133212
1122312112112
1122312112121
1122312112211
1122312111331
1122322111112
1112111133311
1212212231133
1122322111121
1123232222312
1122233221232
1122322111323
1123322323321
1122322112212
1123123133231
1221312231123
1222232322322
1122322112331
1123213213122
1232333111312
1123221131113
1112333321123
1122322112111
1112332233223
1121211123331
1211221122333
1123123211113
1111121312323
1122322113321
1121232231123
1122313311332
1122322113213
1122322113231
1233132211212
1121331123233
1123223112312
1112323222333
1122322132333
1221213322311
1122322133323
1213321131222
1122322133222
1233331232133
1223123222312
1122322131231
1121131133212
1122322131132
1121221121123
1111122313312
1123312131222
1211212223331
1112333333311
1211111213121
1121213312333
1123111233121
1122322122121
1122322122323
1222232131223
1121212113122
1233231313332
1211332213111
1211333331221
1122322121313
1222132332331
1222323323333
1123313222211
1123213233322
1123332323331
1231233222111
1122322121133
1122322121122
1212332232331
1122313113233
1122322132131
1122322221112
1223121323233
1232131231111
1233231321311
1232121223113
1221112112231
1121322212122
1213233223213
1111212222311
1213113131212
1213113321211
1233312221323
1213112233221
1222131113232
1112112113222
1123333223331
1122322221323
1122313332131
1122322221332
1122313331132
1121232212331
1122323322122
1232221131213
1122322221211
1111111213331
1122322222221
1122213112222
1222312323212
1122322222122
1122322223312
1221332311133
1123331131311
1122322223213
1232222233323
1123132323333
1233211332333
1211333333131
1122322223123
1211212313113
1233221232133
1122322223132
1123321121223
1232123223212
1223111233122
1122322231131
1122322231333
1121212333122
1121313222321
1123333133333
1212313322121
1121211322222
1121312222221
1232233113232
1122322231311
1122322233313
1122322232312
1222133331113
1122322232213
1123331311113
1122322232132
1123211131231
1222121321122
1232322131323
1122322213223
1121121332223
1122322213232
1122322213322
1231122232333
1121313211132
1221113321131
1122322212323
1231321322323
1112331122113
1221233213233
1122322212233
1123123231313
1123213312212
1231131221322
1221123221133
1122322212222
1123312132331
1122133211113
1122322211111
1222331121123
1121223311311
1121213333123
1112213233221
1122322331121
1231211211313
1122322331323
1121121133132
1233212223221
1122111333222
1122322332221
1123211221211
1122322332331
1121123311312
1122322332133
1121333232311
1223232331231
1121113333131
1122322333123
1112211332333
1122322321113
1121121231133
1122322321131
1122322321223
1122322321333
1112321313211
1123311322122
1121113313313
1231133311322
1213313313331
1213133323233
1212211111232
1122121122232
1232322133123
1122312113131
1121112331213
1122322323221
1122322323313
1122331311332
1122322323133
1232313212233
1211333323121
1231331121121
1232233112121
1121333221331
1123333113133
1122332212232
1122322312113
1122331313321
1212121332321
1112213132131
1122322313112
1121312321223
1223211131223
1121331223221
1122232121331
1122322311213
1212111233333
1123111132213
1121232231312
1221122311332
1122323111223
1111121232221
1212131232321
1222231313112
1122323111333
1122112312112
1121113312213
1123212113113
1221331233311
1233221133322
1122323113133
1123223212322
1122323113122
1221221213212
1121333333131
1122323112231
1211233112322
1123213311211
1232222133111
1122323112132
1122323122333
1232121121222
1212331212321
1222122333133
1121332123133
1123232313223
1123131231233
1233113322223
1221331212231
1122323122322
1121311233112
1222232111313
1122323123233
1112321311231
1112121132331
1232222123132
1122323121321
1223323133133
1121233311211
1122323121231
1122323121123
1122112113133
1212331122321
1221123312321
1123322221333
1231112222122
1122323133131
1122323133232
1112211233131
1212123113333
1122323133333
1121312111323
1121323213133
1123133323222
1112121121232
1122323133322
1233321113213
1122323133311
1212222323123
1223332222233
1122323132121
1231131312211
1211312122121
1212212311112
1222311232131
1122323132332
1123212123132
1121212111232
1211112222232
1121122112123
1233112322332
1233333311113
1232111332313
1221223331233
1231311111113
1222121331123
1233123112313
1121332122123
1231322232111
1112123111222
1122323321323
1122231331221
1122323321332
1233121133132
1212323323123
1233123312322
1122323321233
1222133133311
1221332212113
1221331333332
1223312331333
1122323322133
1211332223211
1121232112222
1121112232211
1122223232231
1122323323321
1231313133133
1122323323213
1122121122223
1122323323132
1211331322313
1232331232321
1122323331113
1122323331131
1221123212221
1122323331232
1232112323121
1121321323133
1212222211123
1123222332221
1122323333133
1231111222233
1121223222121
1112323332223
1221321133221
1211112111321
1213121132223
1213133112112
1112211323232
1122323333111
1122323332213
1223311111132
1123223321211
1122323332231
1111211121123
1222112113211
1233221232111
1122323332123
1222132331211
1112121221123
1122323332132
1122112311133
1223213122322
1222332122213
1112113121332
1122323313333
1232322223222
1123323133121
1121211121333
1123121313112
1122323313311
1222231133233
1122323312121
1112131333322
1123211111211
1122323312222
1123211121221
1122323312211
1212331322222
1231213213111
1212112111333
1221133232323
1233221132323
1223133231333
1122323311313
1122311233331
1122323311133
1112212333111
1223322113222
1122323311111
1231313323112
1213322211321
1122323231112
1123113113122
1221331121223
1121232212313
1122323231121
1123131212311
1232213332123
1221111311323
1213313222121
1123333121321
1231323231113
1121113113322
1122323231211
1232323211233
1123332231333
1223311223222
1222213223123
1231321223332
1121332123111
1111213122133
1123313222332
1211333222222
1121132221222
1122312111212
1213321212123
1123312113332
1122323232122
1222213332122
1123221111111
1212212231313
1122311332331
1112233211113
1111123122313
1123221223223
1122323233321
1122323233132
1112322233112
1211213221222
1213223232111
1111222132222
1223311311211
1222322333333
1123232333331
1122221322332
1223333313213
1123133231231
1122323221333
1221312221313
1212131323133
1223321121321
1122323223212
1122323223221
1223222311232
1223213113111
1111232232123
1213233123232
1122223222331
1222221132121
1121311231123
1122323223313
1213213321111
1122323223133
1112221213233
1122323223122
1212113131321
1233322223232
1223332232131
1122323222213
1231232331232
1122323222123
1121311221221
1232133222313
1231123222131
1232222213123
1111231111331
1122213223322
1121311221133
1213123321111
1122323212113
1122323212131
1221331223222
1112221311122
1211132221233
1232112222323
1122323212223
1122323212322
1211223222332
1232211211211
1221311321131
1122323212311
1213113332312
1112232322322
1231223333331
1122323213121
1231221233222
1123331323233
1122323213233
1122323213211
1122323211312
1123222233221
1212111223332
1122323211321
1213213123122
1123133222233
1122323211213
1231212322131
1123122122122
1122323211231
1211132333231
1123313132213
1221313213133
1213131112123
1122321311113
1232311211131
1122321311223
1122321311232
1122112121312
1231212213123
1211323213133
1123211121331
1121321123113
1232223122312
1122321311322
1111213111221
1122131122121
1123122113113
1121112312111
1122321311311
1122321313133
1122321313122
1211133211231
1122123212221
1222233333233
1221132332112
1232131331231
1223112113232
1221123123321
1212123222332
1221133321313
1122321312213
1112322233323
1222332332333
1231221131333
1122321312231
1211321213322
1212321123123
1123121311231
1213212133313
1122321322223
1121123223132
1222133121123
1121211113211
1223313211331
1222322133122
1122321323112
1211222223332
1122321323332
1123122321231
1222223131223
1222213321113
1123113231323
1211112211223
1122211311133
1231121132322
1122321323233
1231221213132
1122321321321
1123312333323
1222312312232
1122321321132
1122321333113
1231213231122
1122321333223
1111222321332
1122321333232
1232312231121
1111123322113
1122321333311
1232312323321
1122321332112
1221211312233
1122321332332
1122312123213
1122321332211
1222212311331
1123331133331
1233122132112
1221212333211
1123323313323
1232212332221
1223312211123
1122321331221
1122321331313
1122321211121
1222123332331
1122321211332
1212111133231
1123323313121
1122321211211
1122321212313
1122213312321
1111211111131
1213223232133
1121331332312
1122321212331
1231233122112
1231212311322
1121212231332
1232231321211
1122321212111
1122223111233
1122321213321
1212121222231
1233211212312
1233211223121
1121222232222
1122321232113
1221213333223
1122321232131
1232123122333
1222121333211
1122321232232
1122321233211
1122321231312
1213122222112
1223113332322
1121313321222
1122212213133
1233212211132
1122321231321
1122321231231
1122321231123
1123321333211
1121211231221
1122321223113
1122321223333
1213333123112
1123312111132
1112221131331
1123332311123
1122321222121
1222222121131
1122123112233
1223123133311
1122321221331
1122321221133
1122321221122
1123213133231
1122112322212
1122321121121
1121332332232
1112113333311
1211331331223
1122321121332
1121212313223
1121212111311
1122321121211
1211112321331
1122321122221
1122321122111
1223221213223
1122332113111
1123111122221
1112132313112
1231131212131
1122321123312
1122321123321
1221321233233
1112312113132
1221233211132
1233311331111
1123213313321
1122321131131
1122321131232
1232112213321
1123333323321
1112323212123
1231231213221
1231331233233
1123223231233
1123132133213
1123313311232
1231311332123
1223113123221
1233231121313
1213232231211
1212323323312
1122321133313
1213111322113
1122321133133
1223332223311
1123332213223
1221331113112
1121122112312
1122321132213
1122321132231
1213323113321
1213233312232
1233213213113
1123112233313
1111233133232
1122321113113
1122321113131
1123232123323
1222322131113
1122313321133
1122321113223
1232121213231
1221131313222
1123313121121
1112313313311
1213312111231
1232221121212
1232312121312
1122321112121
1122321112323
1122321112332
1233313211123
1122321111221
1232111331112
1121332111123
1121121322121
1233133222231
1233132112111
1211213113312
1212212111123
1222131122221
1122321111331
1222331331311
1221111221123
1122333111121
1232312233321
1223233123123
1122333112212
1233133221322
1122333112221
1122333112133
1122333112111
1121321331233
1122333113213
1223312212113
1121133332312
1222113211332
1122333113123
1111213332332
1122333132223
1122333132232
1213333132112
1223333232121
1122321123123
1112133131122
1122333132322
1231312321212
1122333133233
1211212222213
1233133221333
1221233213222
1123232313232
1222211213122
1222332122132
1123323211221
1121312123333
1123231121322
1111122233322
1112111111223
1122333131213
1211212212322
1212112212322
1122123132123
1121121323131
1223312333331
1123321323232
1232131323223
1211322333333
1122333131123
1122323312112
1122333131132
1123221323211
1122121223221
1112332112232
1122333123113
1122333123223
1232323223311
1222232121323
1233313232221
1122333123333
1212211333212
1123231322121
1122333123311
1122231311131
1122333122112
1112313123233
1111231112222
1112121113233
1212133113323
1222313232111
1221121121231
1122333122332
1112322321213
1123321131211
1122333121212
1233231223321
1123332131213
1121333212212
1232313111233
1123311232122
1221211331322
1223333322112
1122333121313
1122333121133
1222132213232
1231313122221
1122131223321
1222213111332
1121332222223
1121311111221
1122333121122
1122333121111
1211112122213
1233231213232
1211222111123
1121212312222
1122333221121
1212212311332
1122333221233
1122131121122
1112123313211
1121211312133
1122333222331
1231323222122
1122333222111
1111222212322
1233311111111
1221133331321
1122231113333
1122333223132
1122333231223
1231231333323
1122333231232
1122333231322
1122321211233
1222322121121
1121222332232
1122211321121
1122333231311
1233112221132
1121332311121
1122333232312
1233231233221
1122333232321
1121123212121
1122333232231
1112223213123
1211222111312
1121322211222
1112311133212
1122333232123
1221313313123
1122333232132
1121222322323
1122333213223
1211321133332
1223222122111
1112223222112
1111112122223
1233231133233
1112322111313
1122333213311
1123133213213
1223312112123
1121331113221
1211323123212
1122222311111
1122132223232
1122323322221
1112213231311
1222123221233
1121222231122
1232222122212
1233123213322
1122333212222
1213333322331
1112132221233
1232313323133
1121231313233
1122333212211
1121112231313
1233311232311
1223211231213
1122321331212
1223223233322
1122212122231
1233331222123
1121212133131
1212333231232
1122333211331
1222311312321
1212331113233
1121321232321
1211132123223
1233113223311
1122333211133
1121232121222
1122333331112
1122333331323
1231221333232
1121331223111
1223112211121
1122333331332
1123133111313
1122333332212
1123332112133
1122221312313
1122333332313
1213213131222
1212111313132
1121333221313
1122133313321
1123133313111
1122333332111
1122333333321
1122333333231
1123331223232
1122113313222
1232122213333
1122333321113
1123231131332
1121332113222
1122333322321
1212232233313
1223313333321
1123131112321
1122333322231
1211332123313
1112213323111
1123313223311
1231122332121
1122333322132
1231233131132
1213111113333
1123211211111
1211213213113
1231231232211
1232112322311
1122111131222
1122132121332
1211221333122
1122333323133
1121332112232
1123321211322
1231131313322
1233121232222
1212312231123
1122333313112
1122333313323
1123232331113
1122323131133
1122333313222
1123213113222
1122333313211
1232131231331
1211133111223
1121333313133
1122333311312
1213333233132
1221121221131
1121311121332
1221321211332
1233322233112
1221313332131
1122312232322
1123232123211
1231212131333
1211133133311
1213331322113
1222121323333
1112333322131
1231313131232
1232231132233
1122332111311
1122332113221
1233111232133
1221121121123
1122332113122
1122313123133
1122332112321
1121211112113
1231333212322
1121133112132
1221312311322
1213211123333
1123222211331
1122332112123
1112222121322
1233111123112
1211212333122
1221232332313
1122332122113
1222311122331
1223132211312
1122332122131
1233311132213
1232312321211
1122332122223
1123132113112
1122332122232
1222333213213
1231131211231
1231213212213
1232233113113
1122312131333
1121223331331
1111223221112
1121332223211
1122312322131
1231323213131
1233111113212
1122332122322
1213121332221
1122332122311
1112211323223
1112323322121
1212212213331
1112321211313
1232322121333
1122332123121
1223311233311
1231132321313
1232332223333
1213133123123
1123213212321
1121122113133
1211113311223
1211321312131
1122332123222
1223333221123
1232313222331
1122332132233
1123222132131
1122223123113
1223122211133
1222232112112
1122332121321
1122332121213
1223233112112
1123232123222
1123322132112
1211322111221
1122332133232
1222113111331
1123131123222
1122332133333
1122133323223
1122232322132
1213112311231
1222333133221
1221232221233
1122332132332
1112213113213
1122332132222
1122133311121
1223312323132
1123322113331
1122332131313
1221122332311
1123222112313
1121333321213
1111233312332
1223331231333
1121332323113
1123332123131
1221122131233
1122332321233
1122332321222
1213133113131
1233332332311
1233133111113
1212123323222
1121333112222
1122332321211
1221311212112
1122332323213
1222311223232
1122332323231
1212121323123
1222111313223
1233221331131
1222111122232
1111222231121
1122332331131
1221322213223
1122332333212
1122123132321
1122332333221
1111121211312
1123111331122
1111112223331
1213333233321
1122332333331
1123212212133
1213212311311
1122221332311
1222232332211
1233232111221
1222311212111
1122332333133
1122332333122
1211131132312
1122131332133
1122332333111
1213223122322
1121322111212
1123322123112
1122332332312
1122332332123
1123122322232
1112111232221
1122332313232
1121321132131
1123332121331
1213122321312
1122332313333
1122332312112
1122312122212
1123113322331
1122332312323
1122121121123
1121223311322
1232121133111
1122332312332
1122332312233
1122332312222
1211112112113
1122332133223
1122332311221
1232322211333
1122332311313
1121231223321
1123112311321
1122332311331
1233211321111
1223333221312
1122332231121
1121133231112
1121112233223
1221111122231
1231212121323
1122332231323
1222333122122
1232133111112
1121233223112
1123222211133
1211313222123
1231331221122
1233133333221
1221332313333
1123233133323
1123311331333
1231312222131
1233212211321
1221133321221
1122332232111
1123211313233
1123111222233
1122313222131
1123111333322
1211331233213
1121231323212
1123333312332
1123123131211
1212233231323
1111233233123
1112112213133
1122332233213
1123121232132
1221122122312
1213213332131
1123221212122
1233312133222
1122223223312
1122332221232
1121333112332
1212333313211
1122121221333
1121231233313
1221323222132
1122332223313
1212332221333
1112311223113
1232232232112
1221112323321
1221333112331
1212121133311
1233322222121
1123133321123
1122332222213
1213231332131
1122213121121
1231121133121
1222322313313
1231312212123
1122332222231
1122332222123
1122332212131
1123332221211
1212111222223
1112113111221
1213233232312
1123121231223
1111231213321
1111122213212
1122332212223
1111112132222
1123313123312
1213221323222
1232121211233
1122332212333
1122223112313
1122332213121
1123132131323
1123213211232
1122332213323
1122332213332
1212113122233
1112213331332
1112211123212
1121233132212
1122332213233
1222113221111
1123313233323
1122332213222
1233311332222
1122332211321
1112321312333
1233313132112
1122332211213
1121333121332
1223113333233
1231121312223
1122332211123
1211333231123
1223323231231
1222332112322
1233321232312
1123321321221
1122331211113
1231111132213
1122331211223
1211131223232
1223233321123
1233321321333
1121123233111
1213131223313
1122312133133
1233313311122
1213331123213
1122331213212
1123231323223
1211311131223
1123233231333
1231222333231
1221233313322
1223333223222
1122122233223
1121132133211
1122331213221
1122331213313
1112223221111
1232323212212
1221111222322
1223113132331
1123222331121
1231333231233
1122331213122
1122331213111
1121333331133
1231312113121
1213213121322
1223232233131
1122331212231
1111212111312
1232112332233
1213233123131
1221111132313
1211112132111
1122331212123
1111123213213
1122331212132
1123112123322
1112212113111
1122331222131
1233132222313
1212211331131
1233112322211
1121321222111
1122331222232
1121233332311
1123131323312
1122321322232
1122331222322
1221222121132
1211321311132
1122331223121
1231122232131
1211322223223
1123222311213
1222233212132
1233131212331
1221221233113
1213113213211
1122331223332
1122223313211
1121231133323
1211211213313
1122331223222
1221122113112
1112322331122
1121212122131
1122331221312
1211112322332
1122331221231
1211113132132
1122331221123
1212132213123
1122311212332
1233111231332
1121121232332
1221333321131
1221323111131
1213132232211
1122331233223
1122133132122
1112331111113
1212131213311
1122121221131
1112221211312
1122331233311
1122331232121
1122331232222
1121231221323
1122331231122
1122323322313
1122331311112
1112113211211
1122331311323
1122121322122
1212313121223
1233211213133
1123123232323
1232232332322
1221131231333
1122331311222
1223113131332
1122331312313
1121332222113
1122331312331
1222331121231
1122331312133
1223221312113
1122331312122
1122331312111
1121321112111
1121133113331
1223213121213
1123311121123
1111123122221
1222332131332
1123121232321
1223232211131
1121113311113
1233132321311
1122331313312
1123131233213
1111221221321
1223333221132
1122331313213
1122331332223
1123132213331
1231323112111
1122331332232
1232113133231
1121132232231
1122331332311
1231122112332
1123331122221
1122331333121
1212323222312
1112112122321
1121311231132
1121223322131
1123323333123
1123221323233
1122331331312
1231312312331
1222313123121
1123122122331
1122331331231
1212232111233
1223321332123
1123322131221
1123231213221
1123123112322
1223132332123
1123333232212
1122331323113
1231132123122
1221211133223
1123121232231
1223133113213
1112123333123
1231111131333
1213222111211
1233131211323
1221211313131
1111121212311
1122331323131
1221313113112
1122331323322
1122331323311
1231111332112
1122331322121
1121332212312
1122331322332
1231321121223
1122332121231
1123111332121
1122331321331
1221133112322
1121331133333
1111223213232
1121222111123
1122331321133
1221133311211
1122331321122
1231211122222
1112331233132
1121212323123
1122331131121
1221232312223
1122331131222
1211212113212
1121322332323
1122331132212
1122312133331
1223332232333
1112113213123
1122331132313
1213221313122
1123331332332
1111212133132
1122331132111
1123133121233
1122322123223
1211112312331
1212121131212
1122331133231
1122331133123
1211311232333
1123322323231
1122331121223
1213311222213
1122122212231
1231111313122
1221222112213
1123312122312
1123333112231
1212223312113
1111122322211
1211332311121
1222122322313
1231111131322
1123113132211
1233311233211
1233121112333
1221223222331
1121122233123
1231113332231
1211333311232
1111211213222
1223331331222
1122312121323
1111222213323
1232111212121
1122332223212
1211323323113
1213212333322
1121332121333
1122331123212
1122123321213
1233312212233
1223311313132
1122331123221
1213112133323
1231111122133
1223321331333
1222122232313
1122331123133
1231213112223
1123131332231
1122331122312
1221133321133
1122331122321
1112111332312
1123333313131
1122331112322
1211321331323
1122331112311
1111221232233
1122331333222
1221332333212
1123312131121
1122331113112
1211312323313
1123211212323
1221332133113
1123322232212
1122331113233
1211211332322
1122331113222
1122331113211
1123112233331
1122331111321
1121221323132
1232122212323
1122331111213
1221233333133
1221221113112
1212213313133
1122313213111
1122233111322
1122211111223
1121111212232
1231132231111
1211212131133
1122321331133
1122211111232
1123331221133
1213113333221
1121121131222
1222122131111
1123133123321
1122211111333
1231332123113
1123222222221
1231233113231
1223222333223
1221232122222
1123133221122
1121121232112
1112213111211
1122211113221
1211223232232
1122211113331
1223232311222
1112322223113
1223132331223
1121133232331
1121221132233
1123223223212
1121332122321
1122211113111
1232332131322
1212313113121
1123232232313
1211113311311
1122321131113
1112231222111
1122211112321
1123222313222
1122331332131
1122211112132
1213233313233
1121121123111
1212211333313
1123221123123
1122321122133
1211113131232
1122211122113
1213131232111
1222212323312
1121213111233
1221133223332
1121213323212
1232111121331
1123213223323
1233231223213
1122211122232
1233131312213
1121133221223
1213331133111
1221211132332
1111232233133
1122211123222
1213212321321
1123222131231
1213233221211
1213122313111
1112213212121
1122211121312
1211222311222
1233322111133
1123112221211
1233321233313
1123222122211
1112231323111
1112232212122
1211221312222
1122211133232
1122122121113
1213222131312
1231111211233
1121231221121
1231131221131
1223311111231
1121233133213
1223132112231
1123233122323
1212321311223
1222222133123
1122211132222
1112331112132
1233331133223
1112322111111
1223311231313
1122211131133
1122112122311
1122222213121
1122211321112
1111222131313
1112311312123
1111221332322
1123321121311
1122211322212
1221211122131
1122211322221
1122211322331
1232123133232
1123121111332
1121311332211
1222323312111
1112122311111
1122312213123
1122211322133
1122211322122
1211323121223
1223333131222
1122312111122
1213312132221
1111221312111
1122332233132
1122211322111
1231321132331
1222323332311
1221211311122
1123323311213
1122211323312
1111211132222
1122211323213
1213122121332
1213113312222
1122211323231
1111223111222
1122211331113
1121123331332
1223233233332
1221233212113
1121222312122
1123121111121
1213323221323
1222312221112
1122211331131
1123322331322
1122211331223
1122211331232
1223312233231
1121121321133
1123123312111
1122211331333
1122211331322
1122211333212
1122211333111
1123323132311
1122211332312
1122211332321
1122332232221
1213223112312
1123212323323
1122211332123
1122211313232
1122211313311
1123112133112
1222333321312
1231332331211
1122211312112
1211213222331
1122211312121
1122323312323
1122211312332
1231333111131
1122211312233
1112233231331
1122321133122
1232313112133
1221212131323
1231222212121
1121111222321
1233321233212
1123123231331
1121323322211
1123231333211
1122211311221
1122211231112
1122332121312
1121321231131
1112121323311
1221323313322
1122211231323
1123212323222
1212132132321
1212111131211
1232212323212
1121313322122
1123222223231
1112133333133
1232132111232
1122211231332
1122311322231
1122211231233
1122313133321
1112223221212
1121211231212
1123333332213
1211332212213
1122211231222
1232312333221
1122211232212
1122211233231
1213333232122
1121232213312
1232232122132
1213211323122
1122212132331
1122211221223
1122211221232
1233122312121
1231231113332
1223321233321
1122321112112
1122212233232
1123112211122
1212221331312
1122211223331
1112232113223
1232123333122
1122211223122
1122332331333
1122211222312
1122211222132
1123213113332
1221121212333
1223323211233
1122211212131
1122211332132
1112212212113
1213212323323
1123231232112
1232222221331
1233123313222
1122211212223
1222221231222
1122211212322
1121332311332
1122211212311
1123132111321
1231231221123
1222313133223
1123131212131
1122312121121
1221322111332
1122211213211
1122211211132
1121112123221
1121323331123
1122212211232
1211333322113
1121223331221
1111213331331
1122212211333
1232111223132
1122212213212
1122111221321
1233221123112
1122212213331
1213213321313
1123222223123
1122212213122
1233122122113
1223133222221
1122313223211
1233121332113
1212321121222
1122212213111
1221213213231
1122212212321
1212333311132
1221331311121
1122212212213
1233112331132
1122212222113
1112231113231
1122212222223
1211132332133
1112211132133
1233212232122
1123233132311
1122212222232
1211331321121
1123111231231
1121123231232
1231231133132
1122212222333
1223232231111
1233313231121
1122212223121
1211321122323
1211313131122
1123312332232
1122212223323
1233212323123
1121321333231
1121312111112
1212231223113
1231213321212
1122212223332
1222332111312
1122212223233
1222122222312
1122213133331
1233332212213
1211222131323
1123333133223
1122212223222
1232313112212
1123321112333
1122212223211
1221111333332
1122212221321
1212211211132
1122212221213
1121332112322
1123132233311
1122212221231
1233231133211
1212132213231
1232312223212
1123131322212
1123123213313
1123222223132
1122212233333
1121132221332
1222223111111
1232211131113
1122321111313
1112213111233
1122212233322
1233322312132
1122212231221
1223131223332
1111222231222
1123111312213
1122212231313
1213222131213
1123121121331
1112233121311
1122212231331
1122212231133
1112221133333
1122313333112
1223213211132
1122212231122
1223131312133
1233331111232
1231223221223
1233233121311
1122212311222
1112332312331
1231333121312
1211113221133
1121233132122
1221323331131
1232113211131
1212122221312
1121211223211
1122212312111
1233331213121
1121322233211
1122221131233
1222223333311
1122313332311
1232323333311
1112312213113
1122212313312
1121312221112
1212221133231
1222333111133
1121221233123
1233333133313
1121322112332
1122212332113
1233333332222
1112232122212
1122212332223
1112213222122
1211233122132
1222113211112
1122212332232
1122212332333
1233232122313
1112233221321
1122212332322
1232233323112
1232133222122
1121122221333
1112322311322
1123111213321
1232211133111
1122212333332
1111111221231
1212233231121
1121313211231
1122212333233
1122212333222
1112332231111
1123213311222
1122212331312
1122331332322
1112111223212
1223113123313
1122212331321
1122223332111
1122212331231
1221323121312
1231112213113
1232122211212
1122323213332
1233321211331
1122212322121
1121331133322
1213333321332
1122212322332
1121321122211
1112122111311
1122212322211
1111212123133
1211332211322
1222123121122
1123332323122
1122223133222
1121111312323
1211323123331
1122212131112
1211121331213
1222321213131
1123333321211
1123221233121
1221323123112
1112233132331
1222222321111
1232123233312
1122212131233
1123121232123
1233112322121
1112113111313
1121322322333
1122131312113
1211333133111
1122212132133
1123312312331
1122212133321
1222332211311
1122131323331
1112121312133
1122212133231
1212333323313
1111122323113
1123133312321
1122212133132
1232121113333
1121322312231
1122212121223
1112113132321
1221133321111
1122212121333
1233221213233
1211322133212
1232322223233
1223213322122
1122212121311
1213211231322
1232121332211
1122212123221
1122212123313
1112321133222
1233122321332
1223231333331
1122212123331
1213122333322
1112321113213
1122332113331
1112112231221
1122212122312
1232212331222
1121323113121
1112221132211
1211331322133
1212131312311
1122212122132
1221131223132
1123313221133
1123312331132
1231122331122
1212132121211
1122212112232
1123213121311
1222311133313
1212112122232
1122313113222
1231312332113
1122212113112
1112333232311
1232111332331
1213223311111
1221132221111
1233132221233
1221321122111
1123321111123
1213312132133
1122212111312
1122123321231
1123311332231
1122213311333
1122213311322
1233313232331
1233132311213
1122213311311
1221321323323
1122213313331
1122213313122
1233113222323
1221322133211
1121333122221
1122111123133
1231232111131
1122321111212
1121212223331
1221123112332
1122213312123
1121212333331
1231132121322
1233232121332
1122213322223
1223111312223
1222331332231
1233322221331
1122321111122
1122213322232
1112132221112
1233232312231
1212231131333
1112221312211
1123122323121
1123321131112
1213132323322
1123111311131
1123133313313
1232332311232
1123231331132
1223321131133
1122111123111
1233232123123
1233213112331
1223322111231
1123113311122
1222313113331
1231311331232
1221111211232
1221212312313
1211322313212
1123112212222
1211311222323
1221211212232
1231123331132
1223212221222
1112221313232
1213222213131
1121233222311
1123332312333
1112112322233
1221121321233
1122222113111
1112132111233
1112221313322
1121211311323
1112221311212
1223123111232
1112221311221
1211313112321
1122312323233
1112331113122
1112221311111
1121211133132
1112221221113
1112333232223
1112121231111
1112112222131
1122213222332
1211231132113
1122323313113
1112221221311
1111213313331
1211212133232
1122222332213
1111213312132
1111223231131
1112322131322
1123212212221
1211132122222
1211122211213
1122323323231
1121323311332
1123222211221
1112221223212
1112111331131
1221331121333
1111123312321
1112221222132
1222322322223
1122131333132
1221123211112
1213123223211
1123223332132
1211322221133
1232122331332
1233132112133
1122211123233
1222131131322
1121131313221
1232212223123
1122221111312
1231333211132
1123233223321
1121211313231
1232133122323
1222213313112
1221333333213
1122221132122
1123113131122
1221113223213
1223223231133
1112311121121
1112231232312
1121212332321
1121123112122
1112221212232
1122323111232
1112221212333
1121213121331
1112333113232
1233223131232
1232123111311
1221213231213
1221132222332
1211211212231
1231231131233
1112222311222
1232323223113
1112232113333
1122132223131
1232233333223
1122211132112
1112222311233
1122323123211
1223322322112
1231333312233
1221112321323
1212221211223
1212311122211
1112323131323
1221122132221
1112321121331
1112213321232
1123311233321
1231131122131
1112222313312
1112222313123
1212231322223
1112222333332
1232212123232
1122311222331
1123213333332
1231321321331
1232312113212
1122113222111
1222333212313
1112222332223
1122122333121
1112222331231
1122113231333
1232131232121
1233211233232
1221222233123
1122213132123
1112222331321
1231321131233
1232332111212
1123121231333
1213333231121
1111212323333
1223122313112
1233312121212
1112222322112
1112333112211
1111121213233
1111111221312
1212122322121
1231123133132
1112222322121
1121323112223
1112222322332
1211212232122
1112222322211
1112222323113
1112221233132
1122131133222
1121221222312
1123332323221
1232222131113
1112222323232
1122133122213
1122332323312
1211332313132
1111123111133
1112221132112
1231213121333
1221111331213
1122332212322
1112222321221
1112121322323
1232222112323
1112221232221
1112122312222
1122333132311
1213111131113
1231133323211
1112222211131
1212131123333
1123311333111
1112311131333
1112222211333
1233312332122
1112222213212
1111231211332
1123212321312
1233313132233
1122222131133
1212131333132
1111123223333
1211133311221
1231213311211
1122331221321
1121231333321
1222133311133
1221213312123
1112222212132
1223333121322
1123333112132
1122331213331
1112133312233
1223213211213
1222322112112
1233212331322
1232331333132
1123122333232
1222321122233
1122122311222
1222211221132
1122132133221
1222123122222
1122233222123
1123123111312
1112112113211
1231231312111
1232223211131
1122233233231
1122322333213
1231221112332
1121121322112
1221131121313
1232313232321
1123211311231
1232233331221
1222112311323
1221332112123
1112113333113
1111211331322
1122312311113
1231131232313
1211333212221
1231333212232
1121321322312
1232211323233
1222113332233
1221223323133
1221211331131
1112332232211
1112222233322
1123132313321
1233113123321
1123122331212
1233131212133
1112111211321
1122122313132
1221112122131
1123213112322
1112222323322
1122122133312
1211221131133
1231132122321
1212213331313
1233332312122
1222112211311
1112222231122
1231313222233
1123221232333
1112222122321
1112222122132
1123331311311
1211123112122
1122321121323
1212132312321
1122311312322
1112222122123
1123212122212
1233223332323
1231213212312
1122311121221
1112222132122
1231221313122
1123221131333
1213212212212
1112221213121
1121322221111
1112311311131
1212121131133
1233232123231
1211222323322
1212322332331
1121222212231
1221132212212
1123222213131
1213231133312
1112222133312
1231331211211
1233233213122
1213113322212
1233112311121
1112222133123
1213222113132
1213222132223
1222211211311
1111231211121
1112222113112
1112222113323
1122133322323
1221313122213
1112333121233
1112113113232
1123132332311
1112132313233
1121331221131
1233322313221
1112223221221
1221333112133
1231331132312
1112131223311
1213333331223
1122223221121
1122111322323
1112222112232
1112111321211
1211232313221
1222221123332
1121321311321
1112323211131
1112223211323
1223312113221
1223212112331
1231221333113
1233313312233
1112223211233
1112223213132
1232231131111
1123221311333
1232333332311
1123221311311
1112322213312
1121113213213
1212313113332
1121232223322
1213213333323
1233322122331
1112223232333
1221233231323
1123223321233
1112312133222
1122221132313
1211221122322
1233222212231
1221113312322
1123232123332
1231122223232
1112232212212
1223112123132
1123311121312
1123122231312
1112223222323
1233323232323
1112223223113
1122111223121
1223213213112
1222222313312
1121312313222
1233323222333
1123133333113
1112133113221
1231322122131
1112112333233
1121112121311
1111123121233
1233212333331
1123223122232
1123132113323
1123223112321
1222233132122
1122332332213
1112223311232
1121121223211
1233332311112
1223211232311
1232122133211
1122221331321
1112132212323
1123331331133
1112223323323
1123311112132
1123233132131
1121322322311
1112223323233
1211123122233
1121122231323
1223112131113
1223133311123
1111233333313
1112223322113
1121331232212
1112223322232
1233221332132
1221221322323
1111213212212
1112223322322
1121311133212
1123222111233
1123222221112
1122112323123
1233213232321
1122122111321
1233233311332
1123332231131
1233313132323
1111211123112
1212222213211
1122322211122
1122111311323
1223331232231
1112222331213
1112222112223
1112223132321
1232131121333
1232123312233
1222222121113
1112223332112
1122212111321
1123233313211
1112223332222
1231231211232
1233133211132
1112122122232
1211212313333
1232323222121
1112223333223
1222322331221
1123322122232
1212322323331
1112223333322
1121212221131
1121213122112
1232111221323
1231231123313
1112231332111
1211211211223
1123132323311
1233321123333
1211223123321
1121121221213
1122222333122
1232321323132
1112223331331
1232331233212
1121122121321
1112223131322
1123223212131
1111212111132
1112222313213
1221121213233
1112123132131
1123133213123
1122331233113
1112223133221
1231123223323
1231221113232
1112223133122
1122222212232
1212133321111
1231233211212
1211313132211
1123122231123
1212231111212
1231121223123
1112223121121
1231323231322
1221131212211
1112211332113
1112222331132
1121233322323
1232333231313
1123111331212
1232331121122
1112223121332
1121221131313
1233233312111
1121222233131
1233313112312
1233222212123
1233313122113
1211222213331
1232331331233
1112233133312
1112322133331
1231212122221
1112122333212
1231113232212
1221333233313
1222212223111
1112223122122
1213323313323
1121231123131
1122212112131
1112223123213
1112211233333
1122222122333
1122323112213
1111221223121
1231322111311
1232132223212
1211313321222
1112223123231
1112223123312
1122112222231
1112312332221
1112211231331
1213332133323
1221312332233
1213323212233
1232121331111
1123321233131
1112223112323
1121322331111
1122221331132
1122221213331
1122111322211
1222322333223
1112212132211
1221132232131
1112333223322
1123222333231
1111233312112
1123313221313
1123231211311
1212333133332
1123111113333
1211232333131
1233213213311
1221223313121
1123213211322
1213212331122
1122311311231
1111232331332
1112233212123
1221212223112
1212133323333
1112321313233
1221122333332
1112222213313
1112132211313
1221231213312
1123221123132
1222123223312
1112312311213
1122332312211
1222312133112
1112212111322
1223232122321
1233323233333
1213122121112
1112121313312
1122131111112
1213223313131
1221233111333
1122133123111
1213211233221
1112212113133
1121332133321
1111212222333
1231313131333
1212333212121
1233323111123
1223333211131
1222111332213
1121122232122
1121223323211
1123313222233
1231321112333
1112212123222
1121212121321
1232312322111
1123313322131
1232331213131
1122221132221
1212132212111
1112212221232
1121311333113
1112123321311
1111222332321
1112212122113
1221211122311
1112212122131
1222331231112
1111112331131
1123123113112
1112212121231
1111232312113
1122131222111
1121112131112
1122332232133
1223111323221
1123222322213
1212221211113
1231222231131
1112212121123
1121232211211
1112211323311
1111223231113
1122233311221
1123212213213
1121211332223
1231331313133
1222313313113
1122133232323
1112232133331
1112212133113
1121122223221
1111212332113
1112232221133
1223232122213
1233232332233
1233233223222
1112212133232
1221122131332
1112212133322
1232313332122
1122232113132
1213233212332
1223232133312
1232222112121
1121312231232
1233111122223
1112212331131
1231231221312
1123321313123
1123123221321
1232332111221
1112212331223
1112222123221
1221311333321
1112331221333
1223133231311
1112112223233
1123221322113
1221221321212
1213222133112
1111212333112
1231111112112
1111213221221
1211223123123
1123132333323
1233222231331
1213222121313
1112212333133
1212132112121
1223323233211
1112231231311
1121322311232
1121132312131
1223221112221
1122331313132
1123232313131
1123332211313
1112212322331
1112212322221
1112333222121
1122123332323
1112131121233
1112112321133
1231221321213
1233223333131
1221323232331
1213213232222
1112221222312
1232121331122
1123212131232
1112323312221
1121332313123
1221111323232
1223112313133
1121131122111
1121211231133
1121233331231
1112212323321
1112212323132
1123221113131
1112333123123
1122131213333
1123123132313
1112212312112
1123112112122
1233131221133
1213233131132
1233311112233
1112212313311
1112313322313
1111232122233
1112212221223
1111122321313
1212232132333
1112121223332
1112121221213
1112211223121
1213311111113
1231121223231
1121233331123
1123231113211
1121212313322
1112212222231
1231312112322
1122213333232
1123233313222
1122213323233
1112213331112
1111122111213
1213211132223
1122322132311
1112212231211
1231331112323
1111233231323
1223331122121
1222322311322
1123331122313
1231121321223
1121111323312
1112212232212
1122333133323
1112122221131
1112231121313
1121323111231
1122213112112
1221312131223
1121121211131
1123232333122
1123223333122
1111211331113
1232323333232
1232121222121
1123122221331
1222312311321
1112232132312
1211123312131
1123233123113
1231111323121
1122212321133
1111123212111
1123332222313
1233223312231
1112212211312
1121331231233
1112112122213
1121321131231
1211113311113
1221132113333
1111221321111
1121122212333
1112212211132
1121313223313
1123231133213
1212122312122
1112333111331
1112213111121
1213211121111
1233123332111
1112213113321
1223223332113
1112213113123
1221123111221
1122222132222
1221323112213
1223331211111
1121221112312
1221332323231
1111213133212
1121322223322
1222121121223
1123331231123
1233212312222
1112113321213
1123223213222
1233133222321
1112232213231
1233112212312
1232221132322
1222211212231
1121321312232
1112213132232
1223212222313
1112213132322
1112231313332
1212231313133
1222321213322
1122121332123
1232213122333
1112213132311
1112323232211
1123322233213
1122222332132
1233311133221
1232112121233
1212232212323
1112213122112
1112213122332
1232322331312
1123231232332
1112213122323
1122322322123
1112233322121
1211323232323
1122112113111
1211222231122
1112213123232
1223322333112
1231232112132
1112213123223
1222232313221
1232321333133
1122223323133
1112213121111
1111211213233
1123131131331
1111222221232
1122221213122
1212323132233
1122123211233
1223232333112
1112213231333
1232121211112
1122112333313
1221331113323
1122333133332
1232221321333
1221211233123
1112213233313
1122132121222
1223233223322
1233323223211
1121222311222
1231332112221
1112213233331
1123112221222
1112213233212
1111232221112
1213323212112
1123123222113
1212113311312
1112213233133
1121223223223
1221213313212
1123222222122
1231321312221
1213112132333
1112213221112
1213131131331
1212112332231
1121311322131
1223112223333
1233323312122
1121332213212
1112213221323
1213121333213
1221221113233
1112223111111
1112321212222
1213222121331
1123122222121
1112312211111
1112213222313
1222333213321
1122131231333
1122131131231
1222232212221
1122121222213
1123221331221
1121131111331
1123131121123
1211332333323
1231331332211
1112131132312
1122333111323
1122323222321
1223131112131
1112213223231
1121331212322
1123112311213
1122112221333
1112223132231
1232213313131
1211213132333
1212132233323
1223331233122
1112213212222
1213311311111
1121131133221
1121122222132
1112323113112
1233211132221
1213213133213
1122323113313
1232112222222
1221133233113
1112213213131
1121212322313
1121231321311
1122331213133
1213232133322
1231332321131
1231312122321
1112123321131
1112213213311
1212332131122
1123311231233
1233221322212
1233123221323
1213211123131
1122333323313
1123112312113
1112213211122
1111222111113
1123313231132
1213311212113
1212121212311
1123133313221
1112213323313
1122231332233
1112112133213
1212231111313
1233212133333
1112121322211
1112213323212
1221212133123
1112211221123
1232111233221
1122333111112
1112131332112
1233123333132
1221221332311
1121123112111
1123331223322
1122122121223
1123131111311
1233212131221
1221132311333
1222213222122
1112123133332
1213212321312
1111221123111
1112213333321
1112313312323
1112311212212
1123231333233
1112213313121
1112333213321
1213131311331
1112122321233
1112213313222
1112131133331
1232121123123
1112322213213
1112213313211
1112212333122
1112213312113
1221322231113
1121222233311
1122113211133
1223322122213
1233132313233
1123123332232
1213222323221
1222233213111
1112232323112
1112321332221
1112313111113
1112213311213
1122331233232
1112223222211
1112322321123
1111213222332
1121311131333
1123333311221
1231213322222
1123321211311
1112213311321
1112312132311
1112212232331
1232333322121
1223333333121
1221311222133
1122113311321
1232321122232
1121132311213
1233221113331
1223321313131
1112211311323
1123322332123
1112213211221
1231112212233
1112211311211
1212332213222
1122213321312
1122321332323
1231131213222
1211232121211
1232112123132
1213313332222
1112211312313
1221113232123
1121212332231
1231231211131
1221133332131
1121211113121
1111232223321
1221131331112
1221312221212
1112211312122
1122133223323
1111223133222
1223312222312
1121111313322
1213122132123
1122213111111
1123123111123
1232313112313
1112213333312
1212323231222
1112323333332
1111222211312
1112131122111
1233121321122
1112313311212
1112211333112
1111222321121
1122123232333
1112211333121
1121122113331
1232331131321
1112213212332
1233332113233
1221113123333
1213232122333
1213113121123
1231233313323
1233121332232
1122323323123
1112133112213
1112321322132
1121133233123
1112123222331
1111111233131
1112222111312
1112312213232
1231211212211
1122113111332
1121233133231
1121331111223
1221113221121
1112211332311
1233123213311
1112231321311
1112211331312
1112231311123
1123111311311
1221213322223
1111121232313
1212332121231
1222323223121
1112212213323
1213233111112
1213231213122
1233331112132
1111233222312
1233331231222
1233121222223
1232332221331
1112231332221
1122231221111
1231323121331
1232113232112
1112211322121
1233321132232
1112313211312
1233132111211
1121233323322
1212222213222
1112311322322
1212121111113
1122322111233
1112211323113
1123222111121
1233221112213
1112333213231
1223323221221
1123233313332
1123312312221
1213131322212
1222231132113
1123321123313
1111223321322
1122313233131
1122121122333
1121332131121
1123221321123
1121333321312
1222311223113
1222231321223
1122313323113
1112212332123
1223231212311
1123111333311
1121213222133
1222131311223
1222212312211
1122232211313
1121113312321
1232313312311
1121232122122
1222113212313
1112211211333
1112213331211
1112211213221
1123332121221
1211232331221
1211211322121
1121112133321
1123223313113
1231211232213
1123311332132
1112133233231
1222132132232
1112211212312
1112211212132
1112123322321
1231112122233
1123322132222
1112132333312
1221112212223
1112211212123
1122232122332
1213312311323
1213232212223
1123321122123
1222221233312
1231331122212
1121312331211
1112211223332
1112321232321
1231213111213
1232312232313
1121313133322
1122213213321
1231131232331
1223213222312
1123222133233
1123313111221
1213312333112
1112212223212
1121323122321
1232332231123
1112211222333
1231332233212
1121311231312
1123112322312
1123331111221
1232231322122
1213322131122
1112211232222
1122212112333
1112211233113
1121313133131
1121313331223
1213132212132
1223332321321
1233331223331
1111211232133
1211321121313
1122121313223
1123112323221
1123112322321
1211231212211
1211312123131
1222132331233
1233131321213
1111223223231
1123121222313
1112211231221
1111112121132
1122222121231
1231213313213
1122121223122
1232311321111
1112222311323
1121123313112
1122232311312
1123211131321
1111112131122
1223223121232
1121322322232
1231231332232
1221112121213
1123213213111
1112233331231
1112323321313
1121232322333
1231213313231
1213133121121
1112211123133
1121233112311
1112211123111
1213223322111
1212321212331
1231111131223
1112211131211
1231331311113
1222122311221
1112312222133
1213121321131
1121113132213
1121221133333
1232331133211
1213322222123
1222223233121
1122321322113
1112323332333
1123323311123
1121121312221
1112211132331
1222311222112
1122111112311
1213122322311
1123323133233
1122333312131
1123131313113
1213222212121
1112313233132
1122131212222
1233212332132
1112211133213
1213121221121
1112121311222
1123331222323
1212323311313
1231223111333
1232232233232
1223333123331
1222233332223
1112221231323
1223323312312
1123111232131
1213111223223
1112112133321
1112211112322
1112211112333
1121323213313
1123321213331
1221321311311
1112113133111
1212132231321
1112131213123
1122212232112
1221321112211
1112211111123
1122322333321
1232233223311
1112131321213
1231233222133
1231333122113
1123113112312
1231321322112
1232121212212
1121222121131
1211132312322
1122123331221
1112321112221
1122111332113
1123232111113
1213222111323
1121311223223
1122221233322
1111222323132
1212122222131
1221311221332
1112321113231
1231321233333
1232121232322
1121322212331
1231222213333
1112321133323
1213333222312
1213232231112
1112321333132
1122323231233
1232232221312
1231313231213
1221313211232
1123121121133
1222213333123
1232313223213
1112312233212
1112321132113
1112321132232
1112311233233
1112122121213
1111111233232
1213233332221
1123311213323
1231333123112
1112321122112
1112321121313
1211333222323
1121331213332
1233333312231
1223123132121
1112321121212
1122131212323
1112321121221
1121231232321
1112332333211
1122322231232
1112321121122
1231213221123
1231322132112
1122321213312
1112213212112
1123212331331
1121123321223
1211232133111
1213123131332
1121231223123
1232213211231
1112112223121
1112321231333
1112233122213
1122321131322
1112321233221
1231213332223
1223332321213
1123211311321
1233321211313
1122133332113
1211121332333
1112321232231
1221211323312
1123231122231
1112213231232
1112131222222
1232322212321
1112321232123
1111213313212
1233232131333
1123213232211
1121111311313
1112121333222
1112321221332
1111111231221
1211223221331
1112111321222
1211231311123
1111121313322
1221211233312
1122312312231
1213213111132
1121211333211
1112321222212
1112223132213
1121322323112
1231232232111
1123111111212
1232213231121
1122331222333
1112233131222
1111121321222
1112322222222
1213223223212
1122132323323
1122121213112
1223213233312
1122222313223
1112211121113
1112321223231
1232231223133
1123232322313
1211332322222
1232212123322
1122131321322
1112113331122
1221332231211
1112321212112
1121312132232
1222212331232
1123133131223
1112222133231
1232123312222
1213312112333
1223123131133
1122132212212
1211113232113
1221332233132
1112313131221
1231321131222
1221111232112
1122112132211
1223333131211
1112321213131
1213223213323
1112313111333
1112311213321
1122122321313
1232331133112
1111211121321
1222232113322
1121322123312
1122223133121
1212221213111
1223332121332
1112321213232
1112222232121
1213331321231
1222311321132
1123112313332
1211312313211
1112321213223
1112213113312
1112211231133
1222123311312
1123323113321
1112331211123
1211332133321
1111112313322
1112222233113
1121223133212
1222121223222
1112321211111
1111121312211
1123123132111
1112321321131
1122121322313
1111221131233
1123311321121
1231112322312
1123323213113
1212331323223
1122332323321
1122133121131
1122132223322
1111212112232
1112233332333
1112113332222
1223321231121
1112223231123
1123123322112
1112232121332
1123331213321
1122313312133
1111223233122
1112321322213
1222131313122
1121222333323
1222322222332
1122132333311
1223311323311
1122321233323
1123122313221
1233213331323
1112223211222
1212112313322
1112112221123
1231211222133
1121333211323
1122311123113
1213131132233
1223122322213
1232333131233
1122223221233
1212312232311
1112222331312
1111222212223
1112321331323
1211112212312
1123123131233
1111233332321
1231232121123
1231121121313
1223331323111
1221311213131
1212232121133
1231111122313
1122131121212
1233233133132
1112321331211
1112211223222
1111222232212
1122222112132
1111233213211
1212221213122
1232333223222
1221322123223
1122133131323
1112212133333
1121131233233
1123132213212
1122222323132
1223333233223
1223332113333
1233131213213
1112131122122
1121311311113
1213222122222
1212132122133
1122322123131
1231231132313
1112233321221
1112322222233
1112321333312
1121313312222
1123212323332
1212111232121
1222213231232
1232111111332
1221333213232
1211122213323
1111231112233
1232123111333
1213131321121
1112321313323
1212232332221
1123132331321
1112321313222
1112321312113
1112321133233
1232221133233
1112321311312
1123131221333
1121223222332
1111212113112
1212131133332
1123113311111
1221311121133
1122212233113
1213112213333
1232232323223
1232321113133
1112323311332
1223312312121
1122133131211
1211121312331
1231313232113
1231133113131
1232121232333
1221133131112
1121222122213
1222232132231
1121321232123
1112232312132
1213231311121
1231231321221
1111232331121
1123133332211
1222233333121
1232131133321
1231213111132
1211222231111
1112323312313
1112222222333
1122212113233
1233312232213
1122311311123
1122133311233
1123113223122
1212322312131
1222313321121
1122331232233
1112112322323
1212112332123
1121321331332
1233232311113
1212133323232
1223222221133
1122121211231
1213111221122
1112321323221
1112112322222
1232213131111
1112321113321
1232113222311
1112131323121
1112323322233
1121112332311
1122212112311
1112323323333
1223221131123
1111112111113
1222132233221
1231322113122
1111212211223
1112323323311
1111232223123
1233233333121
1121211321221
1213121331233
1222323131222
1123231111132
1111122221231
1231111111133
1111213211211
1233321311312
1222233132212
1233233223112
1221132131311
1121311213321
1112323321212
1123122123213
1211132122112
1211212233213
1232233231312
1122113311312
1112113112121
1232233233112
1121231212121
1111212223332
1221331212312
1213132123212
1112323331231
1112323321133
1221132221212
1222132111332
1123122312312
1112133333111
1112312231232
1112323213313
1122112231211
1121323212213
1122113232132
1112323213212
1112221212131
1123312331213
1112332133312
1112323213133
1232323111313
1121213322321
1223322313312
1111211331232
1121321332122
1213213113112
1233212232331
1112321122121
1111221221312
1112323212321
1221331233131
1111211223133
1222221113331
1123111213132
1112323223323
1232132122232
1122123133122
1223113122123
1121111223122
1112323221321
1112323232222
1122231131232
1121312213311
1111112111223
1212133122123
1111221113211
1121313212322
1123223232212
1112123322213
1211211231221
1122121221311
1211332232323
1121221223111
1211212312222
1212311222212
1122321232311
1122221211322
1112323231212
1122213213213
1123221113232
1233312333213
1112121332322
1211222222333
1211211111231
1123133231132
1112323231133
1122121331311
1233131232322
1121213133323
1112323121223
1122122223332
1122113321223
1233112223222
1112323121311
1123333313232
1232211311322
1213322312233
1112223232113
1221132132312
1222131311131
1112213311123
1111122222131
1223312133223
1112221223133
1112323123122
1111222213112
1211123322123
1112211123313
1232232211131
1123233213322
1112223313122
1121121332322
1213123331123
1112222311112
1123331233323
1112221123332
1222333123213
1123132332333
1223211111331
1112323122321
1112211332223
1232131231133
1221321132123
1112323122132
1221321212111
1112323131112
1212132331111
1122122211223
1112323131332
1222313132323
1121132111323
1211323332223
1112323132313
1111111122321
1123211121111
1122311233111
1112213111112
1112212233321
1121211131112
1112321323111
1111121321112
1211133323123
1122221321133
1111212333332
1123121121111
1121213331121
1121211223233
1122313333222
1211213133323
1233211121223
1212322232321
1123213321111
1112323132212
1222113322131
1123313332112
1221132133133
1213323331121
1221331332223
1221233323231
1123311311221
1112132332111
1213311121231
1212122111321
1123223311122
1231112311132
1211113231231
1233123213131
1111211221232
1122321111111
1122112223111
1213333132121
1232121133212
1213212121332
1221233123121
1121322133111
1212223323221
1232321122311
1122312213321
1122313222223
1223112312132
1223121333333
1112321213311
1223212131321
1112131213312
1213132122312
1231231113323
1121312131123
1213222233221
1111111212132
1222222122321
1221232321131
1122211213121
1213133133212
1112323133213
1123133132312
1112233331213
1122233131221
1211121313231
1112212112123
1112122122322
1112323133123
1211312112111
1122222222312
1122213232232
1112113331212
1112323113211
1122322311132
1112211332322
1223313113231
1223211313111
1233232212133
1232231322313
1122231332323
1112132131123
1112323111213
1112323111231
1112213211133
1221112321332
1211222111321
1213331331122
1122123232223
1123323211111
1121331323132
1232313233133
1123131331333
1122111221132
1121223211121
1211312133233
1112312213311
1221323332213
1112322212331
1121212313333
1232232222113
1112211322112
1111211332321
1211223113232
1111122231212
1233213111222
1112212222312
1121221113133
1211213121122
1231321221132
1123213211333
1222221313232
1222323132313
1122332133322
1212133322211
1123321222322
1123133213231
1231113231222
1221121123211
1233312312311
1221122333121
1212133322332
1212121331131
1123212122331
1122323121132
1231322123121
1223112121323
1111122333112
1122232112111
1223332333333
1221222113133
1121313232221
1221132231312
1112322233233
1212332111333
1123222321131
1121121113323
1123322321233
1211133223313
1223233333333
1112112231133
1112233311233
1122112323213
1122122113332
1121121333121
1112212231112
1122313313312
1112322232311
1122211313131
1233321131213
1112322332121
1223111331222
1121311331122
1112322231213
1122332132112
1221222123323
1213221223223
1233333233222
1112331322111
1112311121233
1123321232121
1231133333131
1121323232222
1213211112331
1122312133313
1231322211123
1112321212323
1112212311212
1112222112131
1112322231132
1222111112132
1232133232123
1212333311321
1223222112222
1222132121122
1111211133322
1112111221113
1121123213223
1112322222211
1212233113331
1112321212233
1122131112111
1111222233213
1232232221123
1111123121211
1111112213112
1213131231332
1223122111121
1121321132113
1112321123223
1211213121313
1112133212131
1111112311313
1122132321231
1112211132122
1112322223131
1231112212211
1122312132321
1112323232323
1111122331213
1213122212122
1121312231113
1212223223321
1122212321313
1222113111111
1122323122311
1232111231223
1211111332321
1112323212132
1233233111321
1112333132213
1121221122333
1211323133132
1112221322221
1121213111332
1112223122111
1213113213222
1223323223223
1112322221331
1121111331322
1221213123231
1123323332212
1122231131322
1211321131312
1111121131122
1122121123222
1112322221221
1122313232121
1212313112113
1112321332331
1122121112312
1112322331111
1213311333221
1222313132211
1232331223123
1112322311232
1112322311223
1223323133313
1222333223322
1231323231311
1233211311222
1211311222121
1232113122321
1112131133133
1123222221332
1213122131232
1122213233112
1221233211231
1112322311333
1123311232221
1112123112122
1123221223131
1112322313331
1122222213211
1222132122233
1231121233122
1112322313122
1122122321133
1233131112211
1112322232131
1112222112113
1112322313133
1122222222231
1211333122133
1231133131311
1122133332333
1233212223313
1121332332223
1122223213232
1112313132211
1221231131333
1112212222321
1121111113133
1112222132111
1111212212213
1122331121232
1213212221221
1121211112311
1112223312321
1222223131131
1123211213311
1233322132231
1223332111212
1233222233333
1112322323233
1122313321331
1121111132121
1233331233321
1221323113212
1123233213311
1222333211222
1232331312232
1211111132121
1112133113331
1213231322332
1112322323211
1231132323232
1212312132123
1112132222212
1121222331132
1112213112221
1122321213132
1111221132313
1112212212223
1122321313313
1231332232132
1122232121212
1112322321132
1121213221112
1122313123331
1112132232132
1232331132223
1112322332332
1212233322122
1123212113333
1112133313131
1223333321331
1223313111332
1112323121232
1112132222221
1221121212113
1112221333221
1121313332231
1112222213331
1232113122231
1122213222112
1211221211231
1231333112123
1211231333213
1221312122111
1112333312312
1223233232223
1112322131232
1112321323133
1122332232331
1112323133132
1122121213233
1122232111222
1122212232332
1223112222233
1223122122112
1111231323121
1123223311331
1112322132132
1231322122223
1112122111333
1221313233223
1233333333131
1112233231122
1211123233221
1112231331323
1233222113332
1112322122313
1122331331123
1112332332223
1233321312223
1121221222321
1232213132332
1121322111122
1222333111331
1231122113113
1122123213231
1112322122133
1231321213313
1121332113112
1111231321213
1213331313221
1223232333233
1123322311133
1122321313111
1232232133321
1112212311221
1122223233133
1123232212333
1121221113331
1123321213212
1112322123312
1211222211322
1122211113133
1112111333111
1112322123132
1223321113133
1112213333231
1233123231223
1121321311123
1112322112112
1112212313333
1112113323121
1112322112323
1232112311131
1233321311231
1211213231131
1123321312313
1121113311322
1221121222231
1112211233223
1121211132221
1222113332121
1112133323312
1211132331233
1112322113232
1122212313213
1122123331313
1111231312321
1222223212122
1112322113311
1112123113321
1111233121231
1121131112112
1221223233133
1123223322313
1222331122322
1122232221323
1233333221212
1222131121323
1112322111221
1112331212223
1211332231221
1121331332321
1122232332122
1123111122111
1122213122133
1111212111231
1232211211323
1213333121312
1213133323222
1222213133233
1112331111131
1112123132322
1121313212131
1112331111311
1121133333313
1121121311121
1112331113313
1112211223211
1123221131232
1122321133212
1112331113331
1231123131332
1211133311122
1233231312333
1112331113221
1121133223331
1123331313212
1111231331122
1123122311322
1231323211331
1232122122222
1223112113131
1112331112123
1111232231322
1112112323232
1112222123212
1122123131131
1223332123321
1122312233332
1213232122311
1212132133212
1111233221232
1112331122131
1232313123223
1112331122322
1112222231111
1121333331221
1112322221313
1122132332121
1211213222133
1213332122323
1122233232111
1222131233211
1222322323121
1112331121231
1222312213322
1231323231232
1112232221221
1112331121321
1111112312121
1112321132333
1121331132323
1121131113131
1121231121331
1123312122213
1222213122323
1233113233222
1123131223133
1212232313233
1232122323133
1121223323332
1212311121111
1121322223333
1222123313112
1121121233311
1211131213123
1123213132122
1112121123122
1122232232312
1123221211211
1121132323221
1232311321313
1222313122322
1112223213213
1232313312223
1112331133232
1122223322213
1112233133213
1112221223313
1222311212221
1122111112322
1112131113311
1231112212222
1112221232313
1111221111312
1221212313231
1212213132312
1233313131331
1122122132221
1231331331111
1211333221331
1122333322123
1212321221133
1121213121111
1233221122333
1232212321311
1223231323231
1112131332332
1112111122232
1112211313213
1233122322313
1123311223221
1121232122111
1231212132231
1112331332213
1122221121113
1211212331113
1122123111221
1112113233112
1232122213131
1223313122332
1121323122132
1112112312313
1232332211323
1112333211323
1122122121131
1112231112221
1112331321222
1112313231121
1233223223232
1122113212112
1213322212223
1123211221112
1123311231211
1211313331223
1222221212322
1112331321233
1231322311313
1112213222111
1123313113333
1122113333231
1223322232222
1123113131221
1223111233313
1112322332323
1112331312332
1231113331311
1212233122333
1112231112313
1211332231122
1123123131323
1213211331112
1213212213312
1223111122211
1112331312222
1121211311222
1231312312221
1123213212123
1111211123332
1222321123333
1123313211211
1232112323323
1112132331233
1213313232113
1233122312323
1112331313113
1112313132112
1121311323211
1233221231323
1122322131213
1112331313131
1211211132331
1123123131121
1123122311311
1112331313322
1112231322123
1112211111132
1112223321123
1112232123321
1111212112223
1112321112111
1222221111333
1222221113212
1112331311331
1112111213222
1222332321212
1112331311133
1123113213332
1112132222133
1233121313213
1122322222212
1221121111322
1112213333213
1112123331233
1221113112331
1212312222332
1123221132123
1123112221233
1111121232212
1111121112312
1123312131323
1112333311232
1212222223133
1222312211313
1111223332133
1122212112113
1223113222322
1222111312211
1222132331121
1122112133113
1233212233213
1123313332323
1112331223212
1223231321233
1122121112231
1123311112213
1222313331322
1123332231322
1212132311131
1233333122122
1112331131221
1221112331333
1122123323211
1121223121233
1112231231223
1112322133212
1233231133332
1232121332233
1123323312131
1112331223221
1112331223111
1122123331331
1121113113223
1112331222231
1123333332312
1112313221311
1222112211333
1233121212321
1221121323132
1233311121121
1222232233332
1112213211313
1221121111113
1121222333332
1121332222333
1121323233232
1123313211121
1121122312233
1222332131121
1112323133231
1212233222231
1111223331332
1121311133111
1111211222231
1111232321113
1123231321212
1212321223232
1232233221122
1221233132332
1112322223223
1213213133132
1232123113122
1112112231212
1221221313231
1223323221331
1122331133312
1221233313113
1111211213332
1232313232231
1122212233131
1112331213121
1222331323231
1233213123113
1112331213233
1213322332321
1112123133121
1232322123331
1121311111212
1112222213111
1121233122213
1212313121322
1112331212232
1121333221212
1111223312131
1112331212322
1232333312313
1121213332313
1123131323123
1112122233213
1112332311112
1231312221321
1112232332222
1121233211322
1112222212321
1112211332232
1233313112132
1211233331123
1121232111212
1213221233323
1231323332133
1221222113331
1121213123333
1212231113113
1121123213232
1233321323133
1112332311222
1112332311233
1112332312221
1123221232131
1211213131231
1222232123213
1123132132111
1232111222313
1223233113311
1221121233312
1123132312111
1221232213322
1123333312233
1112322221111
1211211231111
1121212132233
1231231232112
1112332313213
1122231313133
1222332121223
1112332313312
1223231233231
1122122111231
1122211123112
1221331323232
1112222222113
1122111332333
1232312312211
1123212223131
1112332332322
1223323132312
1231221211332
1211232211323
1212221221213
1112232223311
1112211133231
1112131211222
1211331211231
1112332332311
1112323121131
1223231331311
1221122223222
1112332331231
1121312333132
1231211313233
1223231212131
1112332331123
1231122332332
1112332322112
1112113113311
1212333122222
1223223312221
1111212331312
1233213212211
1122332123233
1121323233113
1123122123132
1211322233233
1122321121233
1112211323131
1121211323113
1122132323211
1112232131322
1211223122212
1222223333223
1122223212211
1122212331213
1233112213212
1232313123333
1221313131222
1111213232333
1212121222132
1112231132322
1211211323232
1232122211221
1232313331222
1112332322233
1232322323131
1112221211321
1231233332111
1122331223211
1112121232121
1122222122113
1123311333221
1112231212121
1122213113232
1221211223133
1123322121132
1111221223112
1111221113323
1232211231231
1122232311321
1112332322211
1211113121233
1112222232112
1231111233112
1223222332211
1112222131211
1231222313211
1112332323113
1223331222122
1112233122312
1112331322212
1122321313221
1122333321232
1111222131133
1112111132323
1112332323223
1222221321211
1112133312121
1212312312231
1112332321313
1231133322131
1232232322222
1121312133112
1122321133111
1111213133133
1213322331232
1112332321331
1111122133321
1211312233212
1112122113111
1112332321221
1112332321122
1112311313122
1111213323121
1211312223213
1121231313323
1122123222222
1111231331212
1222331331131
1122311312113
1121213131312
1213131212223
1122311223321
1121312113321
1121232322131
1213222113231
1212232112331
1121223332323
1123212233211
1222232211222
1121233321331
1122111131233
1211233313132
1222312132311
1221131212121
1112211221231
1111233231332
1122233131212
1212121332123
1232133231311
1112332211322
1121112121333
1232223313132
1123313331212
1232312232221
1122123333333
1112323323223
1112331211312
1112332213111
1223313323133
1112332212213
1122112112312
1123133233121
1233113321123
1112332212231
1112113313212
1211221231222
1112123121122
1112131212313
1112332223323
1223333312212
1222133323321
1231233311312
1122123112323
1112332223233
1232222222211
1112312133112
1112221223331
1233212233231
1223112133111
1112123213333
1222232232223
1122321322311
1123223312233
1112332222322
1212123323121
1221122111312
1122133213122
1231232323123
1213232211312
1221322331121
1212131122332
1121222323311
1112132111332
1213223111113
1121332312122
1222311322333
1112212123332
1111233111223
1122211123323
1211322121323
1121133133232
1112332221231
1211211311121
1111121311212
1122212311121
1112211121232
1123231131112
1111231111313
1211111212131
1121112132331
1112322133221
1211112322112
1112233313132
1122221213133
1112332133213
1111112212311
1123121321131
1122321212133
1211221321112
1222321321131
1112332221312
1121222133312
1123322211312
1112133222123
1123133232113
1121322133313
1231131332132
1221332221113
1222213323212
1112321322321
1112332221132
1122223231311
1222212311221
1121332112113
1221313132212
1112332221123
1122333311231
1123131212113
1221113233221
1112332232112
1121233313321
1111213331133
1122131212211
1223231132211
1112322121211
1211112232112
1211121232222
1121313133223
1222221123233
1112313111311
1222121121322
1123123122312
1222211132122
1112332232222
1231112112313
1121212232331
1112332232233
1233221132211
1122223211221
1213321221132
1112113223333
1121331232221
1112332233113
1121121321111
1212132213312
1112333311333
1213221211121
1222131131311
1122223313233
1121331132233
1112331323312
1122122232112
1232133312333
1112332233232
1122311213131
1112333132312
1122111111132
1123332122211
1121322222112
1121312232132
1231132112131
1122311311132
1111122332223
1112323211322
1112313332123
1111112113133
1112332231212
1222213321333
1121321223231
1123312212231
1223331231311
1223313121122
1222212321211
1111222331333
1122311221112
1123312111213
1232232323322
1112123133222
1213112211111
1223123123112
1222122131331
1123111211233
1111222113212
1233223113322
1232133113312
1212323223313
1231212112332
1221121133131
1112323231331
1232111121133
1233322211121
1112233131211
1221133312331
1123112231232
1121131233112
1222213132131
1121132221121
1221213222222
1121311233222
1112332122132
1231322131111
1222212123233
1121333232131
1122233212333
1232332132321
1112331312233
1111222321222
1221122331312
1222321113123
1123333111113
1223122232321
1123333122113
1112231111332
1222332333211
1123132333112
1121131322223
1112112213331
1112332131233
1223211332323
1232123121231
1222233113121
1222221333331
1122221113233
1123121331323
1122333322312
1111223112122
1232132122311
1123323222111
1123213123331
1122332311111
1232223112333
1112313112321
1223233131311
1112233131323
1121133112231
1222232233112
1121333131131
1123332131231
1122131231223
1213212323332
1233133121312
1112332113222
1112311333223
1121113113232
1122312122111
1112131312231
1232121231132
1221112122333
1213112312113
1122221231122
1232121112211
1123132222131
1121333111221
1112332213133
1121221112123
1112332111123
1232111321232
1112322122331
1112113323222
1112133213233
1112333212122
1111212222232
1123232231332
1122311211212
1123133333232
1232132111131
1212123232322
1112321321333
1211123332331
1112131232131
1112323313231
1221331332333
1112223321321
1212133211333
1221322231131
1212131111222
1111231333322
1232312121132
1121312131321
1213213231122
1223223113323
1122313321221
1123221233323
1112332112131
1111232122332
1122122221123
1111233212223
1211211213221
1123131322331
1112333233323
1233212221232
1111221232121
1123231331123
1233221323132
1221331231212
1122322233122
1212233123121
1111232231223
1233223311333
1112333233222
1111211323231
1212123232232
1112131123132
1122121323321
1123111232223
1233111232111
1223121321132
1112323123221
1112333232113
1223333213331
1112232223131
1112213322132
1122313312111
1221313112131
1122313223112
1221232322312
1221313231221
1123121212112
1112333231213
1112333231231
1121222321331
1122312121332
1112333231321
1112333222323
1122213222121
1112333222233
1233333313122
1112233311222
1231123111213
1111212323322
1112323111321
1121323321133
1112113213132
1112333222211
1223112331122
1233313323213
1231323322123
1123221221331
1223323311131
1112323223211
1212121311221
1231121323313
1222113122331
1112212113331
1112321131231
1122112123323
1231232212113
1211211212321
1112213232231
1232322233223
1121213222221
1211222133321
1232221311231
1231112331323
1223322323223
1112333221122
1212211232111
1123232233231
1122311223132
1122233322331
1222111332321
1112223212221
1112333311223
1112123111323
1112112112113
1221222211231
1112212232133
1112333232333
1111213222121
1112213332313
1213333131331
1221132233222
1221331132221
1112223112211
1211313322212
1122122323333
1221212222223
1112213213333
1122122311323
1222123321223
1112333311322
1231223223111
1123112221112
1231222312322
1213313232322
1112333311311
1121332332113
1123122222332
1122211112213
1122133133213
1111233333122
1112122113133
1233123332133
1223312323312
1112333313313
1121321112221
1123212111212
1111232121313
1233321333312
1123312331321
1112222313132
1231231313312
1232212231113
1121332113332
1123321232332
1233221123332
1232113331123
1112333313331
1221312333322
1213112121111
1121231213223
1112231213113
1213121231223
1122323333221
1212233123222
1122233321332
1112322133133
1122311332221
1112333113131
1112321123232
1211323313123
1111222123121
1233111233123
1123322332213
1212131213322
1231113212131
1221312113333
1111213111122
1121213222212
1232231331131
1112313112231
1221112312323
1211223133331
1123212333131
1233113133313
1122121231112
1112323233311
1211333111221
1233123322132
1112321122332
1111223311123
1112233332223
1213122331331
1233331121231
1121222331312
1212311123333
1231131322331
1123212113223
1221111312111
1123322232122
1111121333221
1112111111232
1211333321132
1233231232213
1211213321113
1122321212122
1231322212333
1112333323323
1122233222312
1122131232123
1121311231213
1123131122113
1232111231232
1112211211223
1221133221231
1121232311223
1112112123221
1231222221233
1122131311321
1112321113312
1122222233132
1112213123322
1121322211211
1222322222121
1123211323212
1221111311112
1121333311333
1213231331231
1223312311133
1123133121112
1123111113322
1211133312112
1122313312221
1213233221332
1111221312221
1112321311213
1211131123321
1211221233213
1221113113231
1112321332122
1123333323312
1221122113211
1233133131133
1112333332121
1221211221113
1211221331232
1213133323332
1221223321223
1122113113321
1123333322111
1121311212313
1112321233212
1222232312312
1221122312122
1221111223233
1231131312112
1112333333113
1112111311313
1232321233231
1122213233121
1112333312132
1221222333111
1112333333131
1112322132312
1122121211213
1111211113331
1112333331331
1112333331221
1232133321223
1112212311313
1112313231233
1123123133312
1122113332313
1232321222123
1212322212222
1223211232131
1112213213232
1121331331223
1231213311222
1231332221222
1112333331111
1112312331112
1122213112211
1223133322312
1222322111313
1123211313211
1233212122223
1112231233331
1231323313112
1222323232332
1112333131232
1121212331232
1112112122312
1112333131311
1111233211312
1233222333233
1112321133112
1111223131312
1232121212331
1122223321311
1111213212133
1122322221121
1112312231333
1121223122111
1123221233332
1122322133211
1213333333221
1121231332313
1122121223133
1121313332312
1112122312112
1232223221132
1122122222131
1112333133122
1222211332311
1112213121313
1123232223221
1121121131121
1112331111223
1123333111232
1233121123221
1223233232131
1221232121122
1112212231222
1211322133331
1223122221211
1112333132231
1122121331333
1212123233112
1122223321333
1211312233122
1212231112332
1121322222211
1123221332211
1112313323123
1232331313121
1112333132132
1211131323222
1212312122111
1231213121322
1233323123122
1112131233233
1233122313322
1213232232331
1111121332213
1222313212311
1112311111221
1212133132122
1121232113223
1211323112223
1222331122223
1221112212311
1211133321323
1112322312132
1122331211333
1112232332211
1231231321331
1123113331131
1111212311112
1123121112212
1112333121121
1112223121112
1213222322321
1121233312122
1232221311213
1213322133232
1122222332321
1122112132323
1111123122111
1122123323121
1213222133332
1111222123323
1112132311213
1111222222213
1111213223311
1121321333213
1122321121112
1231332312232
1123111111313
1213111121211
1123323333321
1111212132313
1112111231332
1121313211123
1112333123312
1223231133113
1111123123312
1213332113123
1121233111231
1212233233123
1122113132113
1211333132312
1223232211113
1112213322213
1121231221112
1211333223232
1233222113233
1221312222211
1122333131231
1123211233221
1232333313132
1221132111331
1112132311231
1223312221322
1121213123113
1212121223212
1221312111331
1123122133133
1121122322313
1213223212131
1221333211111
1112321111211
1222212133232
1111221321313
1122112122333
1213332331121
1122332322133
1112333112121
1213312333121
1121233232323
1112312231322
1123323123131
1122321233222
1122111313213
1111121213112
1231311312233
1112333121332
1122122222333
1121313233132
1121222321111
1232332123132
1111232132322
1232132123332
1112223122313
1122232113213
1211212212311
1123323122112
1121322221122
1112112112333
1112333113223
1122231332121
1122131233313
1112333113322
1112232312321
1211331133232
1112122111322
1112333113311
1112223112121
1112133132222
1121231111121
1111122313213
1221212112131
1223112133122
1123332223231
1112333111221
1122221123133
1213222333312
1112212121213
1221212231313
1111112123323
1231231311121
1112313111232
1112313111322
1222123233221
1112212321211
1213332332111
1112331231233
1112113221221
1123133312123
1122222233312
1222332212312
1121221122311
1122221232211
1231333113212
1123113232221
1222211211113
1222322322113
1112312133233
1231331211233
1122211321233
1122213322322
1112313113331
1221113211313
1123131322122
1112222122231
1121332332333
1123332123333
1231221322223
1211322313313
1122212122321
1222131212221
1112313113212
1121121312331
1222311131223
1112131111331
1233213223123
1221221212123
1223133211133
1112313221113
1112311221331
1222313312112
1232133133222
1112111232122
1112331211132
1111231112112
1121222121333
1122223132113
1121112313312
1112313123211
1112212113221
1112222112333
1232111333132
1112331122333
1123111223333
1223223333233
1121111313113
1112322322333
1213113213121
1212112223331
1233133112321
1111123231123
1233323332322
1212323321211
1233121311121
1112313122223
1112313122322
1221232213333
1112123332122
1123231111312
1233112321122
1122112131212
1122231211211
1231323323331
1122231123123
1212313212123
1222132111121
1123231231313
1222323133213
1122331322323
1112232123231
1222212122232
1112323323232
1221311122222
1213121311231
1221333221332
1121322221331
1112321221323
1232111313112
1211311232131
1112112223332
1122213123123
1112233331123
1232331312113
1213133122331
1111123221111
1123313232311
1122112131111
1112221333313
1222311313221
1123133232333
1111121212223
1123113331311
1233323232332
1221112222132
1221112112321
1213213123133
1222323222113
1123332231113
1211222221123
1123332213322
1212331332131
1233111333221
1223313232213
1123213121223
1223232133132
1121222131332
1112313131133
1223211233233
1221221312212
1212132232131
1111223121122
1112132121221
1221322132113
1112131222211
1122122113323
1211321132333
1213123211131
1111112122131
1211123211111
1211232122221
1121311131131
1121323311222
1123221333322
1213231122312
1212221323223
1112322121121
1122131321333
1121132331233
1231223311313
1112313331232
1211122112231
1231322312121
1122232133323
1123221211332
1111212211322
1123113111333
1121322322131
1121132313222
1123131113133
1223313313323
1122113223123
1231323312333
1121333332112
1121233232332
1112132312311
1122321223131
1112313313113
1223111212233
1223233113322
1221322113213
1112331321211
1231233321333
1223122132232
1221123333311
1231131322122
1112333111133
1123133123312
1233332111231
1122223231223
1121133313131
1123233132232
1111123222222
1231111321321
1222121221132
1233232112211
1112122111232
1112331211321
1112313333111
1123233213232
1123323311132
1123322311331
1112313223111
1211233233322
1112121211232
1231321133213
1112222231221
1111211212333
1122231313111
1232211133331
1112321331332
1212233332312
1122112233213
1122123211323
1211312231223
1233122112123
1112213312223
1111121132323
1112212213121
1231321331312
1122213233323
1123321333233
1122113331233
1233332231221
1112321212121
1122131233221
1213112111323
1233312232123
1231311323321
1121321212222
1122223133233
1231331322113
1222223111221
1122332313223
1221112132222
1112331121213
1222321123322
1123122121323
1122133312313
1123331133133
1222121311323
1121323123221
1122112232111
1121111233123
1213221223311
1221123212111
1233332112311
1112333211112
1223221331222
1121123131132
1112313321222
1121221122322
1112312211221
1212322332313
1123122232113
1112132331121
1212131221233
1223313212112
1222223311333
1112213331323
1123233321322
1121111333133
1112313321233
1112131231213
1123233311123
1212133232323
1112212323312
1111122112333
1211113132213
1221131312113
1223123222213
1223133313222
1123121222111
1123211313323
1233223113131
1122233132112
1123313323112
1231111232131
1112332132221
1112313322212
1213112113132
1112312111323
1112232331331
1111231222222
1123211113132
1222312313233
1122232213223
1122233232133
1123311311111
1122131223312
1112323123331
1231113131111
1123132312122
1112133232133
1232311232211
1231223232313
1112121223323
1121221332231
1121312212332
1112313313333
1222132322132
1121332233131
1231213323322
1112211131233
1111223323313
1231311212131
1232112223333
1223312232133
1112313311133
1111121113111
1231333323132
1112313221333
1112312133211
1222133321121
1121232213231
1123131321332
1112322121222
1112313222312
1112112233131
1121111322133
1233223321312
1112213311132
1231223313223
1213322232212
1222323123212
1112231313121
1221232213311
1233322133133
1112331311122
1233112111321
1111232233221
1232333331312
1123132111312
1212332113313
1233231223132
1222322333131
1122231333333
1123212312321
1232132122322
1112222133213
1111212233311
1213132221123
1233112213111
1122313212213
1121312132311
1232222222332
1111112112321
1221313132133
1122222231112
1213332221112
1122333222122
1231113322111
1112323132133
1211211322233
1111221111231
1112313233213
1231111131232
1212233321233
1222123213322
1221121211321
1112313233231
1221321212122
1121212233312
1232323131322
1111211121312
1122111213133
1212331113323
1121311333131
1122223322132
1121323111132
1121223213213
1213121332133
1122213133212
1112313233321
1112313213332
1121122222123
1221212223222
1122113322123
1123111113131
1121312332313
1111122322323
1112222223112
1233131123132
1213232133232
1111212112131
1112313212333
1121222313321
1112313211213
1112133231112
1212121231233
1221111233113
1213123232112
1112322113322
1112332111213
1123211212222
1112131221331
1233122221311
1123222111112
1211223111122
1123221311131
1123121321223
1112321221222
1222312211331
1112333313133
1232222123123
1232223123133
1212122331213
1123321232233
1121121223233
1122122112232
1112312112212
1222231221332
1123311122322
1111233332123
1231132232211
1112331232122
1122311213311
1111231212313
1121231122112
1211231311132
1221333233122
1232332332211
1211213121331
1221113333132
1122133123122
1121333111313
1212231323112
1111232321311
1231112132113
1112132333321
1112211331213
1112331233213
1123331323121
1121231332212
1112331231211
1111122232112
1112223123321
1213313121233
1121121323322
1111222211231
1211221112321
1233331231323
1223223331231
1112312113123
1223313113132
1123323321223
1233331111113
1232111312232
1213321111321
1221111233131
1123121113312
1211323232332
1212121133131
1112312133323
1121111313131
1111233231121
1122231113322
1112331122232
1121222213111
1213212322131
1231122221221
1221332113331
1112333213132
1123213222311
1222212332321
1121323221132
1221331333112
1112312132131
1233212213121
1213231313132
1213121333321
1212132223322
1122322233221
1231312132212
1112312132322
1213311122131
1231132232323
1112221232133
1111121122223
1232222212212
1122111123331
1232332313111
1123222332313
1112312132333
1212211331333
1122221333332
1232132212113
1213113223122
1121121312111
1112312131321
1121133332213
1221123112112
1112312131132
1122331112113
1112213321333
1221121322212
1112323333211
1111112121123
1231312321313
1211122232221
1112231122121
1213323131321
1213133233323
1111231223322
1122322123113
1211222123122
1232213312121
1112312123113
1223212122323
1222112131121
1111122223323
1123132312221
1223232121322
1121212122333
1112213322312
1211322223113
1231311223212
1123222233331
1121123122121
1233132133233
1112312123223
1222313123323
1112312123322
1232231133322
1112312123333
1232223322233
1123331231231
1221333133233
1112311232223
1112312121313
1222221111131
1121232221212
1122213311113
1233331313322
1112313111223
1111221323113
1112232133111
1112112332113
1122311123311
1211323131332
1112312121133
1122221122321
1121321133222
1231312222333
1123122221221
1122313133231
1112333221133
1112331123323
1121232123213
1122113311132
1232312223133
1112133211213
1232213113313
1232121112121
1122313311233
1123212213312
1121111332321
1231121313121
1112312313211
1212312113131
1121211321111
1121112233131
1212132221212
1112312232312
1213311232122
1222132112221
1122233133333
1112312221112
1213122331111
1121231223312
1232231131313
1211331122311
1121313312323
1123321231221
1232131312313
1211222112131
1112231211212
1122122322233
1213212122111
1231222222313
1112312221121
1111122311233
1223121323211
1121313313311
1231111131131
1112312221211
1112112223112
1232223132313
1122223312113
1213223112123
1112312222111
1112321211122
1112112311323
1121222213313
1111213131223
1112112311332
1112312223231
1232323123123
1122133111213
1212321123231
1233123112122
1213231213212
1213111312132
1121332323131
1121322332222
1213113322122
1232333311222
1121113323332
1112312223132
1123212232311
1111223132113
1221123323121
1231132312221
1221312332121
1223231121321
1122212131121
1122131132333
1111232332133
1112231123223
1112222321133
1221333312232
1123113233321
1112312212211
1232212212112
1111212121232
1213131121231
1121111123211
1223223222322
1222312331222
1122212212231
1112221133322
1123211232231
1111213231123
1222313312233
1112132131312
1231131133322
1112312213322
1221111232222
1222222132133
1221213212221
1213233333321
1111223132131
1112331212311
1112221313333
1211311332211
1232223232233
1221132123123
1123321322222
1123223213233
1122323223331
1112311123321
1233223131322
1121232211112
1211312133222
1211312331112
1112233331132
1123321211232
1123211132113
1112111333212
1122112331223
1221221132122
1112312211313
1111223211313
1112222223332
1111212111123
1122132133122
1121321111112
1122313231212
1221213123213
1121221321211
1112233213133
1231123131211
1211133232313
1221123112211
1212222212131
1122223133332
1121332231133
1231132321133
1112312232231
1121332132313
1231233213131
1233112213331
1112312232213
1112312211212
1222311231213
1222122233231
1111233331322
1211211312133
1123133333333
1211323232233
1223111313211
1123221331212
1111111112232
1111232133211
1211212111311
1222122212223
1112122231121
1112312321113
1211232133331
1121231322312
1221222131313
1211323131112
1233123132311
1213322132121
1121231233133
1211133221311
1222223333131
1112312321333
1213132211333
1223333312111
1112122322133
1232121113322
1112222311211
1223231213323
1232121211323
1123233111233
1121211211113
1112312323212
1112332121311
1111123131113
1223322112322
1123232212232
1112312323133
1212112123323
1111222233321
1221332212131
1122133231133
1123132231111
1112211122321
1121321122121
1233331232221
1212131322312
1223323231321
1112312331121
1212112312323
1122122123133
1112312331332
1222331121213
1112312331323
1223311132313
1122311232123
1221332122333
1112321232312
1233122131133
1112113213213
1112111322111
1232112213123
1122113311213
1222121131323
1121321211122
1123123221213
1123331331122
1211221113212
1222311131232
1122211321323
1122233131313
1231311322313
1112223133212
1112312332331
1122123123123
1211113211323
1221221321122
1112213312322
1123221131311
1233322131322
1112232123123
1112112311121
1112213223213
1211111322111
1121312122222
1112222133321
1213122233323
1232223131222
1232121211211
1213312112232
1112231221323
1232131121311
1123123213133
1221331321133
1231213233232
1111232123131
1211221233231
1122213313111
1121232333232
1233311213123
1233331333212
1212222313322
1232311321122
1112312312322
1232323233332
1121312233313
1232111131123
1211221311331
1212211213121
1221223112133
1211121113211
1123213311233
1111221323333
1122332221223
1123233123311
1221231122122
1123131232212
1112121131233
1213322132233
1112312312311
1121232122313
1122222333133
1111233223331
1221313121113
1121322311311
1123121331222
1112323333112
1111233232122
1122123331133
1123311213233
1232331112122
1231213113222
1121231133211
1112223113322
1233113332112
1211212313131
1121222113233
1112232121112
1231313231312
1123131113212
1223122123322
1231313113333
1112322331221
1123331333322
1112311211233
1232132232111
1112311211211
1232112122212
1111232332111
1121121211322
1232133213223
1222311111331
1231132221123
1122331322233
1121323232323
1112311212313
1122211113122
1112233111231
1122313132212
1222122221232
1123131323213
1111123113113
1122223311123
1123231332322
1112333322322
1231232311313
1112311213123
1123113112132
1112311233121
1112111232133
1123332122332
1112323233223
1123212311113
1122211111311
1122131111222
1122223311312
1112312131231
1223131213122
1231111231132
1232223121131
1123122212331
1221111132133
1221132131333
1213312221132
1112311233323
1223312321121
1232331113231
1112131333311
1122332131331
1122111311211
1122232332221
1233231233313
1211231122332
1212333131312
1123133323233
1112113313122
1121231132333
1112311233211
1111111222333
1213311132233
1121213113132
1221223212323
1112312212222
1112311231312
1223113312133
1223212311213
1122233112132
1212313122213
1112331232212
1111112323231
1233211333332
1111212223211
1122312111313
1221223112122
1122212221312
1211211312313
1231111231123
1121323123331
1112311231123
1122122131121
1122311333213
1231213312331
1112213121221
1233223333113
1111112222132
1123232132332
1123312331312
1212132222121
1111233311122
1111121223111
1112221213323
1121313321323
1231113331113
1231223112321
1112311222222
1112231232231
1231212323323
1123223221131
1111211221311
1112311223131
1211112313132
1211121111321
1122212232121
1112321312322
1232113223323
1123221321312
1121121111213
1223213122113
1221212111132
1112311223333
1123332112212
1211213333321
1121331113212
1112221111311
1221212322233
1121331321222
1123121312113
1112121222131
1121132333213
1112311221122
1212221312133
1112311221133
1121123331323
1121111113221
1223233133111
1111213122111
1121311132312
1233323333332
1123331332233
1221112313333
1112311311333
1111223313211
1213221311113
1233312321113
1233233332113
1122311132333
1123322131122
1112311313212
1232221222122
1122322323122
1223311323113
1121222223323
1112132111222
1122111232211
1233133312112
1123222221121
1221233313311
1122122113112
1122323112321
1112322323121
1213333233231
1213212223322
1111231132132
1122223132131
1212331121131
1112113223223
1112311312213
1112132221323
1121333322322
1121111333212
1123332213113
1112311312132
1223111211331
1233213321131
1111213133122
1112311323112
1212313312221
1233221121123
1221122332232
1212123221111
1112332233131
1211223312231
1222231312311
1233111222312
1111221222311
1121333321123
1212222212322
1122132231213
1112122311212
1213322132323
1123122122221
1213123333323
1231211112133
1233323112223
1221331321122
1122213113131
1122333113132
1122223321322
1233111133113
1123333133322
1112212312121
1221112311111
1112233232222
1232232311112
1222322123213
1123133331111
1212231231231
1111211133333
1213233112212
1112321333321
1211132331222
1122221231221
1121211213313
1112212321323
1121311311223
1121111121123
1112311321213
1122232331233
1233313322133
1222221311122
1123212321321
1123323212121
1213122213213
1223121232311
1232133123223
1112311321231
1112211122312
1223312121132
1122232312311
1112133111223
1112332131323
1211233222232
1112311332332
1211131233233
1231222331211
1222331111232
1112132122222
1122233113221
1233232232232
1233122223133
1211211111321
1121212311133
1112323212231
1112312331233
1231131333111
1222231112111
1232222121222
1233232312123
1233131333223
1122312112323
1223313133332
1112323312133
1213213131233
1112311332211
1223222311113
1111233333212
1112113321132
1112331133322
1231333111333
1121212113331
1211131122111
1233232231213
1211213132131
1123231313231
1123212322113
1231122332211
1222113333131
1112232331212
1222323212132
1123213233131
1112112222333
1112222121333
1222233112311
1121232331313
1112313123112
1121322233121
1213121123113
1122133321221
1121121332113
1221323222312
1223333233232
1112331133311
1121222311233
1122332233321
1122231233332
1121212322133
1112322221212
1121133111223
1121132211221
1221313212231
1221311112331
1122133123331
1211332133123
1223122213322
1122222133333
1223222223311
1123133333223
1123212111122
1123321323311
1233333112233
1233233321122
1112221112213
1121213111211
1222313121213
1121323213111
1233331133131
1122332122333
1121311112323
1233131322223
1111222312211
1122213112323
1232113112113
1123113212113
1112311131232
1223121323222
1122122232332
1212333122233
1111213323323
1112332312133
1112311131322
1112311131311
1112311123231
1211332321313
1111222331322
1122223223123
1223213313311
1112333121112
1123223121123
1111112321112
1121333312312
1213333223212
1223133211212
1122123313221
1213321232121
1122213312231
1233223331111
1112311133221
1122211333221
1233333311311
1111212331123
1123213122231
1221221133123
1112311121323
1123131111223
1123133131333
1233232233323
1122231122331
1111233112231
1232323221331
1112311122221
1122112211123
1123232132323
1112311122111
1213123213221
1112212122333
1122122213331
1111112212232
1122233333122
1122321312132
1122312311232
1122133221123
1122131331222
1112332121113
1231221311311
1122211231121
1222321123232
1112222111132
1221222233213
1112331312323
1123223331232
1121112232222
1213113212232
1112311112323
1112231213311
1123211223231
1223213222132
1123112113123
1123212131322
1111233221131
1231323112331
1232333113121
1112311112222
1123133221221
1112111331113
1123131333331
1221122123221
1221331233322
1112311113131
1233132231131
1221232131123
1123212122133
1231113223133
1112311113232
1213111121112
1112132312322
1233133311122
1123332131132
1112223222332
1231213132122
1112222211223
1112311113223
1233233231133
1112122121321
1123232323321
1221121111131
1112133222312
1213333221333
1112222322323
1212132221331
1123213212132
1211323122213
1222211313321
1231221212111
1223112313331
1222331333133
1112322323222
1231223312222
1122333333312
1122313221132
1223131133132
1122223221323
1233123131123
1233212213233
1112311111122
1221122112311
1213123322323
1222123121133
1123332123322
1221233222213
1122322322132
1122123322322
1212233333221
1122232313233
1123321313321
1122221123111
1233333323211
1112233232323
1222333111313
1123222213322
1221322213322
1212212322233
1222312232231
1112222333233
1232133131312
1112123321322
1122332133131
1111211111322
1123233121331
1111112313311
1111221333332
1111231211112
1233222223233
1123232311133
1122122222113
1112133112312
1111211113133
1112213112133
1233123121313
1232213332213
1122211312323
1121332122132
1112131312213
1112322211121
1121222333233
1112312331222
1112311222323
1223112121332
1121231222221
1123313223113
1111211113122
1112332113112
1212233233213
1122233123233
1212113322132
1121322131311
1233123323133
1111211113111
1111211112321
1213122133221
1111211112213
1111231331313
1212131323111
1111213223232
1112113333131
1123132223211
1212113112313
1122322121212
1233211113233
1221122231111
1123333231233
1231131222321
1111222211321
1111211112231
1112121333211
1122213323121
1212323222123
1223323223232
1122223333132
1233312112111
1231231211333
1223211213312
1123112112331
1232223311323
1231222132113
1212322121212
1212331213133
1233112132221
1221313222223
1123231312111
1213233131123
1122121321211
1122223231232
1221133233232
1122111131323
1211133121213
1111211122223
1123123311211
1211121132133
1223123321211
1233133213332
1221113132333
1122223232213
1123231333121
1122331131112
1122312222121
1123123323232
1222332123221
1112212213332
1213122221331
1122233111131
1111121321211
1231211121331
1111112233321
1222231122112
1111211123233
1111222311111
1221223332212
1112232211323
1111123131333
1222213311312
1112113232311
1232123311122
1111222132112
1111123231231
1122233231112
1121212121213
1122223221332
1231232132121
1123333131212
1122313223121
1211121133321
1122231233112
1233313131313
1222323233131
1111211123211
1233211112333
1211133131111
1212132133221
1111211121213
1212213112323
1122332322212
1213313131311
1222332322222
1112212232111
1232222213213
1112223223333
1232222323211
1121311321321
1221233133232
1112332133132
1122123213312
1222223222121
1221333312223
1123131223313
1112133232313
1231232331223
1112233121223
1121333132123
1121113112233
1123121112221
1112223113311
1122231112233
1122111131121
1123132213133
1213112232231
1121113122122
1233122331333
1223123112213
1121211132331
1231312212132
1211311221221
1221131121133
1112332331321
1111211132112
1112312113321
1212133221321
1232322313231
1121222122231
1222211223323
1112212311122
1211322332121
1111212221132
1121233231313
1231131113221
1123122131311
1122211212232
1213313331221
1112331213211
1232112313331
1111211132211
1232112211222
1123322322313
1223222321123
1112311311311
1123333332123
1232223133123
1213331213231
1111211131313
1232111232231
1112333123213
1121212221232
1112133323213
1112122133333
1111211131122
1213222332221
1222331332123
1221133332113
1112321321113
1213212111221
1223332311113
1112322211222
1122313231133
1112121233131
1122113121331
1232123222321
1112332132133
1111211321323
1212132222211
1231132122132
1111123322311
1123333123121
1213133312213
1123113322212
1112312121212
1111211321332
1121213131321
1121232313331
1111211322221
1231331221111
1123233211212
1111211322331
1112111131313
1222231111233
1221311123232
1231212221122
1122123312321
1212121333111
1231232211213
1112133223331
1112321211221
1112221221223
1112311222332
1223321311221
1223213111131
1121213212121
1123212323121
1121313322111
1122211121213
1111211323123
1221313322332
1222231112122
1121221113122
1122112232133
1233211223112
1123312113211
1112331331131
1122233231323
1223211112222
1112132233331
1222132233331
1111211331131
1122112213323
1123211331233
1231333121132
1122222322313
1111211331333
1223221123311
1231221113311
1121312133222
1111211333212
1112113132312
1122121211321
1123212222211
1231231313321
1211132332221
1111211333313
1112321122323
1212131112111
1231211333132
1211232232131
1122221313321
1231112232312
1232131112223
1111222322133
1122321312321
1122233321323
1112322331212
1121332322211
1211122131111
1233121131233
1232233122133
1111212313312
1223332233211
1111211211123
1222323213331
1121331331113
1122221221231
1233323333222
1111211332213
1232122112212
1211313111113
1213233123333
1212223123311
1112133313322
1111211332231
1121231222111
1233331211321
1211331311212
1122331133132
1111223132232
1111221311112
1213222121111
1123332321223
1213122222323
1212212221213
1111112322313
1111211332132
1111222323213
1212113131132
1112221211231
1232333232233
1222121213221
1122212121322
1222231121212
1122123211211
1112211212231
1123332221323
1111222331113
1123212122111
1111121213222
1233223213213
1221322112212
1223331211313
1112311121332
1222132132113
1222322133221
1123112331233
1233123133121
1122132312312
1212331223332
1112233321212
1232111112111
1122123113311
1112132113321
1223113113112
1121213231333
1121112231122
1122131333123
1211112223332
1112211222322
1112112233311
1211311331133
1121233322121
1221212231133
1213131111131
1121231332331
1111222331232
1123323213223
1112332112223
1233313112321
1111222333111
1213212312123
1112112312111
1221331133213
1121311113223
1223331113132
1232121212133
1123311313322
1111211121132
1122112133232
1112313113133
1233211212213
1112212313131
1121323132212
1122331113323
1123113213233
1111222311331
1111232131123
1211313133311
1112221331131
1123111312231
1112321121133
1212112211321
1121211231111
1112212223331
1222113311322
1222222321133
1111211133232
1121222212123
1232323112222
1231233312232
1123111233211
1233323213122
1212212232121
1122332331232
1211113123321
1121111222231
1111233211213
1212322111211
1232312333313
1122133132212
1213123313123
1111213123123
1211232332332
1233121331321
1213211233313
1112313312121
1112133312222
1123333321112
1122221233223
1121132333123
1121213211133
1123321231133
1111222223331
1112222123111
1111112321332
1112322312123
1231232332213
1123323311321
1112131222121
1221223131231
1122312233323
1112311322113
1111211132233
1231223233123
1221112112312
1122231331111
1231112223312
1231223123332
1212112322331
1221121122113
1112212112213
1122212311211
1231232312112
1223113331312
1233331123121
1232312112132
1222113212122
1111123231213
1112133211123
1112222231133
1212221212312
1233211122231
1232112133212
1112223132312
1112211222131
1222231211212
1233212313223
1111213231132
1112213221211
1112333223232
1111123231321
1232213121213
1232333211333
1223211111313
1121231322231
1221123132312
1111222212333
1231222231232
1211213333132
1123333223212
1112313333331
1212311113312
1212331213221
1111222213332
1122333133211
1122132211332
1122112211231
1122132332211
1122231232113
1211112322323
1111222213211
1123332121212
1233121322211
1221132112332
1212132233121
1123133331122
1222223222222
1121121131211
1231323221323
1123321231122
1222311231312
1121321321311
1211213112212
1122113232123
1221112232221
1122113221121
1122332213211
1123312311112
1231313331331
1122313212132
1122333123322
1123131132222
1112122233231
1232332113322
1111122131323
1111232321131
1121121211232
1213321223332
1212232112313
1232221221211
1112112213212
1222221333212
1121212312323
1123112323133
1231332113123
1223311231133
1112221223221
1122221211311
1123311123211
1212233111223
1232322211223
1123123113323
1122113112331
1123133331212
1213333231233
1111211323213
1211111332132
1211311212122
1123221122221
1231321222311
1213232221232
1123111211332
1211113321132
1111221213212
1122333333123
1112331222213
1213223221131
1111221213331
1121332233311
1211132232321
1233133311212
1122311333231
1112332111312
1123331122122
1211212122113
1223331222331
1121223111122
1112233111321
1221231222332
1112223212331
1221322123131
1221231121211
1223123122311
1112321222133
1121223222233
1221213111111
1122132222222
1232211331212
1122133113211
1123333331232
1211233332333
1232333221123
1111221231313
1231333332231
1213232232122
1233131133133
1122212313123
1111221212132
1212221211322
1121312123311
1121121133123
1212223331121
1111212133123
1211323221312
1112311331122
1213131112231
1232321112123
1122122331312
1231122123123
1122131221211
1111232133121
1112231312333
1122211233132
1121133213112
1111231123123
1231322332213
1211121333233
1112131111122
1112331131133
1211122331311
1121232112233
1122111113112
1231332113132
1222213332313
1112122213233
1123233113321
1111233211321
1233322133221
1222233131121
1111211211213
1123222323122
1123321311112
1121213233212
1232322113323
1231232112321
1223212321223
1123313322322
1121123122112
1121112323113
1112213313332
1233313131111
1121311123123
1112332322222
1123122333223
1122113321232
1231112311312
1112331231323
1231231113233
1112232333322
1122132311113
1111221221231
1211233323131
1211312312113
1112213332331
1112221122232
1213131213112
1122131123113
1123311222132
1121221331113
1112331132112
1212123221221
1122212322112
1122112231112
1233113121211
1112313223133
1121331333221
1111233212232
1121331213211
1121122121213
1233113112222
1111221233322
1112133113313
1222333112211
1111223123311
1212322233331
1111231232311
1232132323321
1121332231221
1212221231133
1223333113211
1123311122223
1112311322311
1231122121332
1112312313112
1221331221132
1111221232323
1112232121222
1232323112112
1122113111121
1121212333111
1231231131222
1121333223113
1232313121133
1211211231313
1111121333122
1231231232121
1213133121112
1111233132233
1212321333322
1112312112221
1221221323131
1223221121331
1111221233311
1122131222122
1111212233232
1111221311233
1222222212321
1112321231131
1211113113322
1211322232232
1111121132332
1111111232211
1111221313321
1111222122333
1111221113222
1233322123132
1223322322323
1221333233212
1121223333131
1222123113123
1122111112232
1112133232331
1213111231213
1123221312213
1112113222323
1123133111212
1221222313311
1112231132113
1231133233323
1123213211223
1111222132332
1111233333221
1123233213223
1211221222321
1231123233113
1111221332223
1221113323212
1221113333231
1211123122222
1232332211222
1111221313312
1112212223133
1221132322131
1221321223131
1223323111133
1111122213111
1121212122223
1123122213321
1211231311312
1112312312113
1123122132123
1213231132313
1123211231232
1123312333222
1221332111232
1111233123323
1122212131332
1233123233111
1221222123222
1111221333222
1222323323113
1112321111332
1212232311213
1122112133311
1111232323221
1123333322313
1212212331312
1221332133322
1122333122121
1212121322111
1122211122223
1211123333321
1121331111113
1123233223132
1221213331212
1121233112333
1123112122112
1111221313213
1223313331112
1122313113211
1221211333212
1122332223111
1123332333213
1212131313112
1212133331132
1112213122121
1112332311121
1112111233321
1112323211113
1121112113112
1211222113222
1122331123111
1111212232112
1122121211123
1122231222233
1111221331231
1211222333211
1112132211212
1233223232232
1221112222123
1222322211332
1122133113121
1213332313323
1222223312312
1121232223232
1233111232313
1212232213113
1111221331123
1122123221212
1112322323112
1121332232233
1233213322213
1232331122323
1122121231222
1123111212212
1211311111212
1232133322132
1121311212122
1112232311113
1221123331313
1222111223212
1122321222233
1121232122212
1233322213231
1122111313132
1231111323222
1122113133233
1233321221222
1122231121211
1231132232332
1231312221312
1122132111133
1121123112313
1222212333221
1221113132322
1123122223333
1213332311132
1232133312322
1111221322112
1122132232322
1111123231132
1233133223221
1111223211133
1211131322113
1122213331331
1231332123311
1123112321113
1213332223123
1122323111113
1122232212112
1221212113222
1121232331221
1111231321132
1222131112222
1221311322312
1112133233321
1223112311311
1122132122133
1212121122232
1111211211312
1112222132212
1122111112333
1122211232111
1232122223213
1121322323211
1121223231231
1222113311223
1122132132231
1123112222133
1231132222232
1111221322222
1233321312113
1122212222131
1222122212333
1111233232111
1111221322211
1112113311333
1123221311322
1122212321122
1231213323232
1122213133122
1233333321231
1112322323332
1111232132333
1211223112222
1121213231131
1233312323331
1233111321332
1111211123222
1231322122113
1112323221213
1233313332132
1111123211323
1213211312223
1232333123331
1122123333311
1112333311131
1222133222123
1233213231333
1121311113131
1111221131121
1212112111232
1111221113332
1233211323131
1223221222331
1123233232321
1231212121121
1221331121113
1121231212323
1222323233333
1231211311123
1121213311231
1122133212213
1111211321211
1112113111331
1121223223322
1211232132312
1112211132221
1111122311112
1222312132333
1122321131311
1112132231223
1233312331233
1112232122111
1232232121333
1122333312223
1112222231212
1121321312113
1122212122213
1213112322321
1212122331312
1112121222311
1221323232212
1111221231212
1212121323132
1112312131123
1111221132221
1112312133332
1121311311131
1212311133121
1121233113211
1231133233112
1122113332122
1213131121213
1123212223223
1112233333112
1122112212131
1112331111232
1111213111331
1122311212222
1223121232131
1123213232112
1121333331313
1111221122231
1123321232222
1213131221333
1231133122221
1211112121311
1212312112233
1111231232322
1231222213322
1212222211321
1123121132113
1121212223313
1112233321313
1221332122113
1111211113313
1121221231112
1112222123122
1123231233322
1223321123121
1112112113121
1221132212133
1222322111212
1111221132133
1123121133233
1122133221321
1122323222132
1212211131133
1122333311123
1211113332211
1233323122123
1111221133321
1111212213212
1123133212221
1111233121132
1121233223233
1212122121131
1122312223333
1112222131121
1123232221333
1122221213221
1111233132211
1123322211213
1211123331233
1121121312122
1123111121323
1121331212311
1233311331221
1112311121112
1112333221313
1232111211313
1211232331133
1121121122132
1233313123211
1211122311212
1121131113333
1122221133312
1122323221131
1232133331121
1112322212133
1122123231312
1211333331212
1233333113333
1213331311223
1112332121232
1112231113312
1122212112223
1231331122313
1122322133332
1211333331331
1123333133232
1112311223223
1111112211321
1222312122332
1233311233332
1112231223231
1111123212122
1232223123221
1111223223312
1111222132323
1112111231233
1221122231313
1223211322113
1112113323233
1111212113323
1111231222233
1112213131312
1121311232223
1121311223113
1111122131233
1123223221311
1111213131322
1222322223311
1123332222111
1122131233212
1211133231332
1121132112212
1111232132311
1121222313231
1111121133333
1223212231322
1232132221232
1111122131332
1211111333122
1111221123313
1233233222113
1222321112313
1221323232111
1121211212123
1112133122232
1111232112133
1112332213212
1111111112113
1111112133311
1222312233221
1122213231321
1233311311131
1222133112123
1111112212131
1112313113313
1122133223222
1233132122233
1111212222113
1221131121212
1121123211111
1211321332212
1222222111213
1233123123322
1121231232213
1111123111122
1231231333121
1233221212232
1233213132131
1123211321322
1112123222111
1123123222333
1221333313233
1223211233211
1111221121131
1213213333222
1232211333311
1112332222311
1221321223232
1232333123122
1212312331122
1222221111113
1111233213222
1231113131313
1122121132222
1111231123321
1123131213222
1112211213133
1112331322122
1122113123311
1111121321332
1122231111122
1122322112313
1121112111123
1111232213113
1233132111222
1123122322322
1231213222311
1231332111323
1122321113232
1232231132211
1221133121311
1111221111213
1211121111213
1233331132211
1123112332313
1111111213133
1212331213313
1223311313231
1221332211321
1111221111123
1123113112231
1121132331112
1231233121331
1112233232121
1122232231311
1211221231332
1111221232211
1222211233333
1112331133223
1211232222332
1123321213133
1231331113333
1121121312133
1232132211321
1231131132211
1221233231233
1213313122122
1121211332131
1213111313331
1223112232322
1222322331111
1112313231323
1121122331322
1123331312312
1212232123322
1233332113323
1213113223331
1233333123123
1112232312312
1111222122232
1123221121211
1111232222133
1233233321212
1112313332321
1212332313223
1121133122311
1221111312221
1122132332323
1231232312233
1232211331133
1121322112222
1123233222221
1112212311331
1233231311213
1213312131233
1123221222211
1232131123331
1111123131223
1112231322312
1222122322221
1232133112331
1112211311332
1212312213213
1111222333221
1213331113223
1212223132113
1112232311322
1112233112223
1211311312231
1121212113212
1111211312112
1112313223313
1213223313223
1122131122233
1122331133213
1112233223233
1213312231212
1121111332213
1112311133111
1121222111312
1212132113322
1121331232133
1111212213122
1112212121312
1122211311122
1111222331311
1213322313333
1111232323331
1112222321212
1223223211232
1123232112123
1221311223312
1111232232231
1233311122221
1212221112311
1223221233111
1222223233211
1111121112321
1111121123112
1111121123332
1231331213231
1231111323211
1112213232321
1111231213123
1111123331313
1231133331313
1112312221233
1211221212322
1112133111131
1231323111222
1121222113323
1221232323133
1123123211232
1122333312113
1112112322121
1223131132331
1112313123222
1221231232131
1123333122223
1111123311333
1111221223323
1112221232122
1111112132211
1232212312322
1211213232312
1112333222222
1112131111133
1221322212233
1121222211131
1213123213111
1111211131212
1112232233112
1222231121313
1112133213323
1121212222231
1112331123121
1111233112321
1121131311232
1123131211132
1231323321131
1112212311133
1112333123132
1122322213113
1233231131123
1112332332333
1231223131212
1121221322331
1111232123113
1212333321131
1121212322212
1212311312311
1112321123131
1122132131113
1121131232322
1231123212231
1212331313132
1121311132321
1233111213323
1221222223122
1122123111212
1231222322123
1111122113323
1121221333331
1121332232323
1111212223121
1122222313322
1223132132121
1221332113122
1211232122111
1211212122311
1121232133331
1231121121122
1233322321312
1112113212122
1121212211321
1232133132333
1123311112231
1111123233211
1213113221223
1123231132212
1231313111331
1112312332313
1111233222123
1212111123212
1121133322313
1112212121321
1213312112113
1212223122332
1123211123322
1212221321331
1222321323122
1232332112323
1232112111212
1123212311131
1111212121311
1111121132211
1122331223323
1232213232133
1223221133121
1232111321113
1122132121323
1233213332212
1121322233323
1222332113121
1112333211222
1111223313332
1231333313223
1111233313113
1112223232131
1211232131131
1233222131332
1121312123113
1111121131331
1232323111133
1122312322113
1121312123131
1122223222111
1121212213323
1221223211133
1121313111322
1221222321323
1123223322221
1123222321333
1112221313113
1122113233133
1111121133311
1232322111213
1232231223122
1233133311221
1232211232113
1211321212121
1211313112123
1222113233332
1112332232323
1123133113322
1212221122321
1111211231332
1212213322232
1233311223333
1112132223231
1123223133333
1232221113132
1123133132231
1112231323221
1213131133311
1221133211113
1112311232322
1111211122113
1211323122321
1121132221112
1111221222131
1223221321131
1122333231131
1121133321233
1211331322122
1112212321121
1112333112233
1122221321331
1122232331222
1123132222113
1111232123311
1223331332221
1232232132111
1111212132212
1223233113333
1121311112211
1123213113112
1211113311333
1122231112323
1212133323223
1112132312113
1123311131122
1122122132122
1111121131133
1111221223211
1111232313233
1122221121131
1122231232232
1111121131111
1122131312232
1112213112111
1112211232121
1121311333232
1233211131332
1232112331111
1212233112213
1212111331132
1222331331223
1123211332133
1231211313112
1232123132233
1111121331232
1221232323221
1122323122113
1122321113322
1231323211111
1221312323332
1223311211322
1221313223121
1212131311132
1111121331322
1211323333222
1221222131122
1112212331311
1231123112322
1112131331313
1122121222123
1211332222322
1112131211233
1122121112123
1123212332112
1111121333111
1233331332312
1112323313132
1212312133313
1123312123331
1111121321121
1221222113122
1231333223122
1112113123312
1111221332311
1123323332313
1122311221211
1121333322223
1213211122121
1111121333212
1123111311322
1233132122332
1122321133331
1121332131332
1112211311121
1121322223131
1122131121133
1111213112323
1231223212131
1231312133213
1222123322321
1123112113312
1222321331112
1122123122122
1112232112222
1112323213221
1111211311331
1112132313121
1112213213223
1122132211121
1212231211121
1122333111211
1122213121222
1211333211121
1111222221311
1211131331331
1212332312211
1212333331211
1111211332312
1111221332113
1233111213121
1222212311133
1111231212133
1232131311233
1111212121223
1121231121221
1111222122223
1233133213121
1231331231132
1221112223313
1121322312132
1221221131211
1122223223321
1112322223333
1221331232233
1211123313121
1112322311113
1121121323333
1112331333111
1111121323132
1212233111322
1112123331121
1223133322213
1123221323222
1232222322113
1211132322213
1112332113211
1123323313233
1232133232132
1232123121321
1231231133123
1231332112111
1221223132113
1211223233121
1121311121211
1121211222131
1123113332312
1231223313131
1112331212113
1112223213231
1223322332322
1112112321331
1221233311133
1111223333132
1122212132221
1122222231121
1232223323333
1111121312121
1112332122213
1121222331321
1123211322132
1211212123112
1111121312222
1231113133223
1121323231122
1122333321131
1213233121212
1231231121333
1122322332122
1112212312233
1231132332113
1122321322333
1233312211111
1111213311232
1112233133123
1121222333222
1112331232331
1112333223113
1112311133122
1123212233323
1111222113221
1213333313322
1122221322233
1121121121333
1233331311221
1212113212211
1123121121212
1232322113211
1112121333332
1213213333332
1111121313113
1123222123232
1122312332112
1112322322223
1221133212231
1232323221133
1112111231211
1121311223322
1232313232132
1121311112233
1221323232313
1212312211112
1121333133133
1121131221122
1111121313131
1221112311122
1123312113121
1111121133131
1111212332131
1123231231122
1111223232213
1223332212221
1233331133113
1112122322313
1112222232211
1112123312232
1212212123221
1231132111312
1123211223321
1233221233312
1233321131321
1122133132221
1111112313333
1123322132211
1111231311131
1232121112112
1213221233121
1221223332331
1223132313333
1123231212213
1112231233111
1111232313332
1111121311221
1121232312231
1221222313333
1123331122133
1122331233333
1213231312212
1222212121213
1232322212123
1111211233123
1212323322133
1123111113232
1122122333222
1211212231112
1121331121312
1211223231321
1121131323323
1122313312122
1232133121331
1121232321312
1123212131113
1222123212323
1111122323322
1112132311312
1111121221223
1222131211233
1121232322311
1123131212333
1233222322233
1223122313332
1123212111111
1112231313112
1221133221321
1112212212333
1122311112122
1233312123311
1111121221322
1122323111131
1232321312332
1111123321213
1213312223112
1123322111131
1111233112123
1111121221333
1121213123322
1112323222322
1232111232123
1231222133332
1231233332133
1111212313123
1221313232211
1123312312122
1111222323123
1233233323131
1233332233322
1112321222331
1123212332233
1121221213211
1231232332231
1112232323323
1211122232331
1122231321321
1123221211233
1231122111111
1112323131222
1211112113233
1232213331311
1122123333322
1111221222223
1111121223133
1122323131313
1111212231111
1232122211331
1123331223333
1122122322332
1112311231231
1112332222232
1233221311331
1121121211223
1121231123232
1121313323213
1231113213323
1123211112313
1123312212123
1231321333233
1221221123122
1111223122112
1111221131211
1112323122312
1211113332222
1233313333221
1221111131233
1213323232132
1213111233233
1122221312133
1123322122223
1111232333123
1112121213313
1111121132233
1123322311313
1121213223231
1211112323311
1221323212223
1112131313133
1222112323322
1111121323312
1122112131313
1122321232223
1121132211133
1112133331333
1233131121211
1121231321131
1232322321221
1232123233132
1123332113312
1112232211112
1122121133311
1223331311231
1123331213312
1111233322212
1112322312213
1121221312323
1123323332133
1111121211213
1123323221112
1122113221222
1121222122132
1111213212221
1233131121233
1112231111222
1222211222311
1123113231332
1111121212131
1123133313122
1111123222233
1112223121222
1112231132131
1212221232233
1122311322312
1123211231113
1123111131223
1121332112131
1111212131211
1122113223231
1122223122233
1111222121321
1231323323313
1112222233333
1112323313321
1123213223233
1232223333211
1123123212231
1123112212112
1212333322321
1111121213211
1231311331311
1111111233223
1231212111221
1233321112331
1232333232112
1222233323131
1122113321333
1213322121312
1121312112133
1112221332213
1212122322323
1222332232332
1232232322332
1121222323131
1123323121221
1111121212333
1112113333322
1111231211233
1212113123113
1112222222223
1121132231131
1121223232333
1223213223133
1122121332213
1111213211121
1121233211311
1231231313213
1111231312231
1213221121211
1232312121321
1222221212232
1232331321223
1122222132233
1212232331112
1111232223312
1122321131333
1233231321232
1221321312213
1123223123222
1111222222321
1211232222233
1213321222131
1123113233132
1112311221221
1221233213332
1231212233332
1211332233131
1112221133311
1233333212122
1123133123132
1122333131321
1112132133112
1121231322321
1222311131311
1121221123323
1121333123231
1121312222111
1211233332223
1123331312321
1233112123133
1231311113212
1111121211231
1121211331312
1223121222222
1232221113213
1213133333322
1221312133221
1123111311333
1123222233212
1121111233213
1111112312211
1231121123333
1212312121112
1233232323222
1231123323113
1111223133233
1112111332231
1223211312123
1233121121311
1111122311121
1112133333313
1222231221323
1231231111132
1121222333211
1231212233211
1123322222312
1122133232332
1112312232132
1213121122211
1212333332221
1122213333311
1121313313322
1123232113122
1122232212323
1111121331333
1111122312313
1121233223211
1111212321221
1123123112131
1111122312122
1232311222311
1221211223122
1121211121113
1111221111321
1121332221231
1121211332311
1231113222312
1112112133312
1213333221232
1232222311232
1221131122121
1122111311332
1122311123223
1112311122122
1111122312133
1223131122213
1222131123213
1122131122211
1112123223213
1112211121131
1212212233311
1232333211322
1123312332311
1112113131333
1222333332112
1111232131312
1123331232322
1121113123231
1123121332111
1232223123212
1111233133322
1123132113121
1112212111333
1233221122232
1122223131312
1112312333132
1232112231231
1121111123233
1122222333212
1123123123212
1223232212321
1222223123321
1123113311313
1111112221333
1123213223211
1112222213122
1123121223231
1112222222232
1111112333111
1111122121113
1232133311312
1122223312311
1233113111111
1122333312322
1112211323322
1231323313121
1122222322221
1232321313322
1112131311113
1121112322112
1123313311322
1233123311231
1123311312112
1111221121223
1123323121313
1231211131231
1123232132121
1121322122331
1122123312213
1123113132112
1111123223223
1123233121111
1122231311322
1221321323211
1121323231212
1231211332331
1112223221313
1121221313232
1232311132221
1221133132313
1123331321321
1121112131323
1122133212231
1122331131211
1111123332112
1232312113313
1121121232233
1211113113131
1112313233123
1232312311133
1111222131331
1223231311133
1122131132322
1122132122331
1111122332232
1211123133233
1122313211131
1111232121122
1112112211322
1222322222222
1112323112322
1211322231321
1111123311232
1231131332123
1122113121212
1213112331112
1112111331333
1122332131111
1111222331131
1211112232222
1112131312123
1111122332333
1232222212133
1112123231131
1222223122133
1122113312333
1112312223123
1111122331312
1122221323223
1111121212232
1111122331231
1122222312112
1123222112221
1233211313231
1121322212212
1121113233233
1111122223332
1213311313333
1122231111221
1213313311131
1111232323122
1121321311213
1212133332113
1112211332131
1122213112121
1111213123213
1233322322311
1221222321222
1112113122221
1222312113312
1122112122131
1221131332133
1123333111131
1112323222131
1213221323211
1212231221133
1121333212313
1221112332123
1111222223221
1112213321113
1123233121212
1112222211322
1121311332332
1112133321211
1212322322213
1122232122233
1222211323232
1122313333121
1212111221312
1221232211331
1111111123221
1223132221322
1123221132321
1212123221331
1121321232312
1111221321133
1122121212322
1112213313323
1213321231331
1111231221212
1231321321122
1111222223212
1232213311212
1112131111212
1211133231233
1112121132122
1233312123113
1232233233211
1121231221233
1111111121322
1221223232132
1211133321121
1111223331112
1223131113211
1231212111111
1123121213232
1111222211213
1122211121123
1112111313311
1231221311232
1123131313333
1112213321131
1213123112333
1112312321322
1213313121211
1112132131132
1122212321111
1233122133131
1123223121231
1111212313132
1121333213231
1231131233123
1223331112133
1231122112222
1211222131112
1112232313111
1123121322312
1123233121221
1232332313313
1112121213111
1123321133321
1111231231231
1213131132112
1122213133133
1112323121113
1222123112331
1122221112131
1213233322123
1123223122311
1111223113132
1221111213111
1231122222112
1111122321111
1111222111232
1123121312223
1111123311223
1211331213332
1111221211311
1211321133233
1211311212331
1223133222313
1123111212221
1112332233333
1122112123211
1123312231331
1232331331222
1213112332331
1111213332211
1231323232123
1123132123212
1122111223211
1123132211311
1122331122213
1233213231322
1122333122211
1122331212321
1212221333323
1231321331132
1111221321331
1122113211111
1233323331213
1121232122331
1111223111323
1211122223221
1111233222231
1211133322331
1122133212132
1112312333231
1231322333331
1221333111323
1111121322133
1221331331312
1223321111131
1122323232313
1122113111222
1123331112112
1231322333221
1112322333232
1222322332222
1121111121132
1222222123313
1123132311233
1122232232321
1211231322213
1122312221122
1111231233233
1121131221221
1111122211333
1122333211313
1223321231112
1112232113322
1111123213231
1123113332132
1121313222231
1122112323231
1233133323123
1221331131233
1112211112223
1111122213313
1112321112212
1122233323231
1111123133313
1232311322233
1112211313321
1231332331233
1213331122331
1123312112311
1112322321321
1112311223232
1112311132132
1111122213221
1231211222221
1233233312212
1112322113333
1212223232312
1122323233231
1221321232232
1231231111321
1221212132331
1211131131223
1213311233231
1221131332313
1111122113233
1121321322132
1233132222133
1122231123213
1222121213133
1112133232221
1111122212312
1211232111111
1223123212113
1112332132111
1122213313313
1213222233331
1112313212223
1231223213222
1211121223233
1122121312222
1231122123213
1112223222222
1223323213312
1221321213231
1111231333223
1112212123211
1213231332223
1232121212122
1212312213312
1121121213111
1232332323332
1232131223323
1123322313131
1123331211332
1223332223113
1111213133111
1233123321113
1232211123132
1112311111331
1222233233232
1121322213312
1222311332332
1122311231333
1122213113333
1122233213211
1222232122111
1232321123121
1111122313321
1112113122313
1223322322222
1122113312232
1123211132322
1112121313231
1123131122131
1112123233122
1223333122132
1122112232212
1211112113323
1111223222111
1112232131311
1211322132321
1121111121231
1232213312211
1111233223122
1213233312113
1112223321231
1111122222311
1111221331132
1213231312313
1111122133231
1122211313333
1111112112132
1222113121112
1123112321322
1123233222133
1221121331131
1111112311122
1212323211132
1122233133322
1111112122113
1122212323223
1123313323332
1212132223311
1122233321222
1211332232332
1122323212333
1112232321312
1122223112133
1231211211133
1233212322133
1121211132313
1213312311211
1222111311221
1221322321131
1121131322311
1222121211131
1112331323132
1212123113311
1111221211333
1232232112223
1222123111121
1112332211333
1112312112313
1212112333111
1111222312222
1111232313222
1213223211123
1212132233211
1112311232131
1121111122311
1112311133133
1211313122232
1213211311231
1112131112233
1223122333132
1232111212222
1112312211331
1232323223131
1212321311131
1122212312133
1231233211221
1121223233332
1233123212222
1111222213222
1121233313123
1112322113131
1112132333123
1221112123121
1112223111212
1122312312123
1123333132233
1111122221213
1112121231313
1112131121211
1122211131313
1112111311212
1232332332332
1122312113311
1121313122113
1111232321322
1112221133223
1232213333212
1121322222332
1213222222122
1232232111213
1222222132313
1222323232112
1122122332333
1111233132332
1111112123222
1222213111222
1122213123213
1231212332112
1232223131332
1122233213323
1223133131231
1121313111232
1112333323211
1212222131122
1111232213333
1222312312311
1211331222321
1111112121231
1233313313131
1111122232323
1111122111231
1112211122132
1122321211222
1111231231123
1222213332133
1231331133313
1111112131221
1112223312132
1122122122132
1111121133232
1111233213233
1221233333221
1121233121131
1123111212111
1123211222111
1222333231321
1122221311211
1123312231122
1112321213113
1231312123313
1233331321222
1123332313222
1232131323113
1121311133313
1232121223322
1112331223313
1213222323212
1212332212223
1111111123133
1222122322331
1232221221233
1233333231132
1122321232333
1121312232312
1111123332222
1112132233313
1122132321312
1112123223312
1112211131121
1233312112212
1122312121112
1122221231331
1123313321231
1122323122223
1231132312133
1231113123112
1123311322111
1122333221211
1112133222213
1112212111131
1222222223211
1121233332333
1122221322211
1121222121311
1123222313121
1211123211221
1123212111133
1231123213313
1123323221121
1123121131231
1112323123212
1112323122123
1231133123213
1233123123113
1232223223233
1122121123233
1213313311311
1122131322123
1231223322212
1112211321221
1112222223233
1233132331323
1121122232133
1233313331232
1233323331231
1112113131131
1223132123211
1122311211122
1122131132232
1233333313221
1221321222332
1213121231322
1212121123323
1122313222322
1122122223222
1222113313212
1222123221222
1111123123123
1221121323213
1112212132121
1121232113232
1121323211322
1121122313113
1231322223331
1222132312223
1233312233111
1111112322331
1233113323112
1121333233211
1122111222311
1232222233112
1121231323122
1122223333231
1112332121322
1122133132331
1221121121321
1213321313231
1112333211211
1121113121112
1212121133113
1222213233221
1221313212312
1222311331111
1112333231123
1232312112123
1212311313222
1123133332121
1213323223132
1112323223112
1122131321232
1121313111333
1121213132333
1211133231222
1231323233221
1111122322222
1123312221132
1111122132122
1121113132132
1212331133321
1233312312113
1233321132322
1232132112123
1122232313112
1123122122133
1112222332333
1222312321223
1123323333132
1123331333311
1232322121322
1232121323332
1221312112121
1112221221131
1122112113122
1122212131211
1122321211112
1112122123121
1112112312133
1232321323123
1122113111211
1123323323212
1212213212221
1232213121123
1222212212232
1121333312231
1213222331121
1123231113222
1111112211213
1123231311211
1121322313313
1112122311331
1231131123332
1112331111322
1123221133313
1232222323233
1112221321211
1122123232232
1112212313232
1122211131212
1233332333121
1232122123232
1111122212321
1123122113131
1112111331223
1213223311331
1111213222211
1112312111112
1112212111311
1112113212133
1111231231132
1121322332332
1122322223231
1112331312211
1231111232333
1123313233332
1213133122212
1112233322112
1211322233222
1232113213133
1211113121222
1231333133333
1111112321222
1121333323211
1232332221313
1211122313223
1121122213211
1111123222332
1122331122231
1112322231321
1122132111122
1123212222112
1232322311332
1232331232132
1112313223331
1111121332132
1231113332312
1122311323111
1112131312132
1121232133313
1213322223111
1122323313223
1123323322312
1211111121132
1233123223213
1122322313121
1112133122223
1112322112332
1233232222222
1122211122131
1122132321123
1112113231231
1213311221223
1111221132122
1111233213112
1121112131222
1112121333323
1121222221123
1231331312312
1211232323332
1223111333123
1111221311121
1112113133221
1123221221111
1121231212233
1213131222312
1121213212233
1111122322332
1221322331332
1212311132131
1222121133132
1121332233223
1222211131112
1111123232311
1213321232332
1232311113332
1123323322132
1212131112212
1121213111222
1223333213313
1231133213123
1121313231222
1221111322323
1111111211311
1231123231212
1121322133331
1112223223232
1122332113313
1111122213133
1111231111212
1122233213233
1231133212221
1212312112222
1221312333223
1111122321122
1233222213313
1211323321212
1123333132222
1112111123323
1213232333313
1122122112322
1231213322211
1231311113122
1213112123311
1123212312231
1232212332212
1111221132331
1233312121221
1122211222123
1111232222313
1222233123133
1231223132211
1121312132322
1121231223132
1121232132321
1121313232111
1122121331131
1112312331211
1112223233233
1221231321231
1122131313222
1231131233213
1122332121132
1232232231111
1122312311131
1232121233211
1212331311211
1221321122122
1233211113121
1111111231122
1233222233322
1221212212213
1223113322112
1123321132221
1231123123313
1111112122232
1121332113323
1112313331333
1223332312312
1223213231121
1121322223223
1233121133213
1121221123121
1122312121233
1232323331212
1112212331232
1112332313231
1123133131322
1123133222112
1111123112233
1122111313312
1213133212212
1123331132321
1231313122212
1123322231332
1112111311111
1221313212321
1111123131232
1211233321313
1123323131231
1212332133232
1121213123232
1111231122221
1111212221123
1123231232222
1222313323312
1111222213121
1223123133333
1233113221212
1232222223223
1211232332233
1121231131231
1211121233322
1231231131323
1111212312111
1123331331111
1111123221133
1111121132112
1112231223321
1122232113321
1112321322312
1122122211311
1211132233122
1112333321132
1231313223333
1112313112312
1211131323323
1121233211113
1123322113313
1112332231122
1123112331332
1112131212221
1233221221311
1222133111322
1221332231233
1233221322122
1212122333233
1112132323313
1231133223311
1111233311133
1111112322122
1223321332213
1122111223233
1121313323123
1111213312321
1122312131223
1112112122231
1232232332113
1111112332312
1213211232231
1111213322311
1123212222323
1223312332312
1121131332211
1221322321223
1112313213211
1122131231311
1122312233211
1122231223131
1222222113112
1231323111323
1111222233123
1231332122233
1112313231112
1112211113222
1233233123313
1121322113131
1112132231322
1213312311112
1213131211123
1123232333221
1121122311331
1111121111232
1122132331111
1121212321222
1122233332132
1123311122131
1121321132322
1112132323133
1111222131212
1111213233323
1211222323113
1111122321331
1121311313133
1112122113122
1121231311321
1112311231132
1233221123211
1122232332111
1123311131133
1111112222213
1233111232331
1112131322131
1112221223111
1123121311123
1231121233331
1213113121213
1111123232232
1112313311122
1232131323131
1112133331232
1211123221211
1111121113313
1213222221323
1123231321331
1111123223232
1112131121323
1112333113113
1232113233131
1222231222313
1232312312112
1111233323132
1111122222333
1123313331221
1121313123211
1121233112131
1122221212231
1223123311133
1123112311312
1221332333313
1121233323311
1212131221112
1223311313321
1232113211311
1111111223112
1122133331321
1112131223322
1232233332233
1123123313123
1111122333211
1233332311233
1123222332331
1122311133323
1111231121323
1112111121231
1111221323232
1111112221322
1111122123221
1212231123321
1222333331133
1111112131111
1111123122212
1221112133322
1111212322112
1122131323122
1111112312332
1121221131221
1121311122221
1222331333111
1111223123333
1112232313212
1211213231311
1213121332331
1223122211212
1112112232121
1222212311122
1121332331213
1221231211323
1111231112211
1122132222233
1112122111131
1112331123332
1112331122311
1112321231223
1232123222312
1123233222111
1222323313213
1112323233322
1213323222331
1123123122123
1213231222113
1111121231121
1231131331322
1233122333221
1123322333111
1122113323331
1121232112121
1122132112233
1112112323113
1121331132121
1212121323213
1232122121122
1111223122211
1123111332332
1111233133113
1211321332133
1223131231212
1121213331211
1112312323313
1212221123133
1123311312332
1112312311321
1223331111323
1121231333123
1122221112223
1222212213323
1123221233222
1121232232311
1123111222121
1122231122133
1112123122222
1233322312213
1112331213332
1123211233212
1112213232312
1112111332132
1233121213111
1213311212131
1111112211132
1122333111222
1212111222232
1122312313122
1112221332231
1212322331121
1123313122133
1122311113231
1111221231122
1233121213331
1123133232311
1111111121333
1233323132313
1223312331311
1112123211313
1111112311111
1222113313133
1232223112311
1111223313222
1123313122313
1122122212213
1122231321213
1112312312223
1223223231111
1111111211223
1112321333231
1213332331233
1122332123211
1233213121331
1232211231312
1122213321123
1112131323222
1123313323233
1233123321131
1123212221313
1123312211311
1232322112322
1112311212331
1123312212321
1111112213121
1112232213213
1222122233312
1111112231112
1213313233211
1112322222112
1223321333212
1111112231121
1212222112312
1232222213132
1233311222211
1123213312122
1212123232131
1112213312131
1112313232212
1111123321132
1231321221321
1111221221132
1122223322312
1223212123113
1112323233131
1121232321132
1231112322231
1212112133311
1122333112313
1121321233313
1111232111332
1222131121121
1221331312212
1112313133322
1111121231222
1211311121323
1111123231312
1221323231121
1121233212213
1111121222312
1123213332113
1121333231231
1222131321213
1231213322332
1111222321211
1122311113132
1122331131233
1211333113223
1233112131332
1223232312133
1112121113121
1111123113333
1112231332122
1211213112331
1232132233312
1123113333331
1221121132222
1112311333311
1213333222321
1123222131132
1122222311133
1232123212333
1211131311333
1211313332132
1213332331211
1111123312231
1121133131221
1123212212212
1213233323133
1122123311322
1123123321313
1233123113231
1111231313212
1111111212312
1233122312211
1112232133221
1123231322211
1112321123333
1111122231331
1212223322321
1212132132312
1122231121323
1231321233311
1232122132311
1121132321131
1222312312131
1122231323121
1211121113121
1122312321213
1112122213211
1112211232233
1211132131312
1122212212132
1212322213223
1121311311322
1122223131321
1112223232232
1212131222212
1231232113313
1112222221321
1231232331131
1232312122232
1221233331131
1232123112231
1123331331221
1112211312221
1121131212221
1111123321312
1232221222212
1122112212333
1112332323131
1121233132313
1122311212112
1122231332211
1231311323123
1112213323221
1122113312223
1233323113332
1233221323231
1233321122323
1222231322132
1122221233113
1122311233133
1221111323113
1111121121321
1212233132323
1233222221231
1122122233333
1223232313123
1121221222123
1112213222221
1111112233231
1221131221233
1111112233132
1112122212113
1212122231221
1221212333222
1121322211121
1111223121133
1123222332122
1111222313333
1122232322123
1211232332121
1221211211321
1112112333222
1231121333321
1112322121233
1233222323311
1121312322123
1231322122232
1111232333231
1221313223323
1122132212221
1112123323122
1222132131321
1231112231322
1231233133323
1212232112133
1112211331132
1222311123213
1231222221112
1123321213122
1233313213233
1112323112232
1212331223233
1123211111121
1222111123332
1111112123332
1213322131133
1231132113222
1122232213232
1112133121231
1221213221313
1233213332111
1233232133331
1211211333211
1123212233222
1121212133232
1121131133331
1111123311131
1123223111131
1122122123122
1122231333131
1121323332232
1223222232131
1123111132132
1122132231231
1111111212213
1112232333113
1111112333221
1211231121111
1111231112332
1231311322221
1221212111123
1111112221232
1211122323312
1222233232211
1221133312122
1123213322121
1212232223123
1123233333321
1223212312333
1111231121222
1212122213111
1221223311321
1212231321231
1122323131212
1112222322222
1213231121333
1222222213111
1221312233121
1122212311112
1122231212133
1121121232222
1111223331222
1123131131221
1112323231122
1122221221213
1222131113223
1121312331112
1212111231111
1231312123221
1232323111221
1122212223112
1111122233333
1112212322122
1112112322112
1122132121112
1123231121311
1111223133323
1121332221321
1223322213212
1122323331223
1123221223113
1233133132233
1231233233221
1121222222322
1221222223133
1112112321122
1231223221131
1111221322121
1211121211311
1231122313221
1111213213213
1122212323311
1231123211131
1122133112311
1112321112331
1122231123312
1122132233211
1122132331313
1211232331111
1112332231331
1121223312231
1112311233112
1212332211312
1121233332113
1111112132112
1123113212322
1232231311221
1223232111213
1122212221132
1112213233122
1122123132312
1213332321322
1222333113322
1231332132113
1213223211132
1213233322213
1221132211222
1111222323321
1112113321312
1111212333222
1123221112211
1111232323212
1221212321313
1223112233211
1223211211222
1123233112331
1111112132323
1111123322322
1111122222232
1123232213323
1213112121313
1233113123231
1112222123313
1123133223223
1232332132312
1231132332223
1112123113231
1122113113123
1111213113113
1232131123313
1211113321123
1123131333212
1121333211112
1232233133133
1221113322132
1112133313232
1121331311133
1112211111231
1112333113333
1211313123233
1233311323233
1112331133333
1232213211213
1123333231112
1111122312221
1112111221232
1223332321132
1121123223312
1121211311332
1232312132332
1123231122213
1231332122222
1213312322112
1222121213313
1111211212223
1222331221113
1233312121331
1233122313333
1111213132321
1221133132122
1212212121131
1233222311211
1122231333322
1211233212132
1112123233221
1231222113132
1212331121322
1123121311312
1222111313322
1221213121233
1112332123331
1211121121131
1112331311111
1231212322322
1212111111132
1111223122323
1231333113331
1231122323112
1221222122131
1111122111312
1122322331211
1123231122132
1111123121112
1212213213213
1223312331223
1123221131223
1223232212132
1233313323321
1112221132222
1112123333312
1123222113123
1231231223121
1111111222223
1123232123112
1111231312312
1123132323322
1222111331232
1123232323132
1122213223333
1211222331213
1112122313311
1122212331132
1232223321111
1211213121133
1112311233332
1112322331133
1112333312213
1211223221111
1123332213333
1222312313121
1111211311212
1111122312212
1112333233121
1123113212333
1112123123113
1123331321213
1232121333322
1122222211213
1233231113231
1121222323223
1112112231313
1222223133133
1122111111312
1232223312313
1111123323233
1123333123211
1123221313221
1112311311322
1112131332121
1233333232333
1232122211133
1122223111112
1232231123233
1212321122212
1111231113113
1111232333213
1233121212213
1223322312331
1221313333222
1111231133221
1222221131122
1111121122322
1123321222333
1122211213222
1112212133131
1112222312133
1232223313231
1222211231111
1121121322332
1112311132312
1123122231132
1213332333132
1222221212223
1111111231212
1112333211121
1122131222212
1122223312223
1213131312332
1123112323313
1112132223213
1122111122312
1221322333213
1122323131331
1122313312331
1112212122223
1112133313333
1121221122113
1112221323132
1111121333313
1122113133112
1122231332332
1231121321311
1121213312113
1112213321223
1122123133221
1121113322311
1231122111133
1123211222313
1112133122113
1223323323332
1112313222123
1112233212213
1121112311211
1122133231221
1122122322112
1122232322321
1122221112232
1111123223131
1211132222331
1123222223312
1233111211321
1221333132113
1212332322313
1223331123311
1111212223222
1231212123231
1112313322331
1221212221132
1233123221121
1112331332231
1233211112131
1112213113231
1121232131311
1123313322232
1111112332321
1121133212322
1222233123122
1233132333132
1111221231331
1233233331321
1213331123132
1212213321312
1112323123313
1231312113323
1111122223112
1231223331113
1111231113232
1222333313313
1233123123333
1231233222313
1111122112113
1211113231312
1122113122112
1212331232323
1232332312213
1232322223323
1112331113133
1221322313211
1222123123113
1111213232311
1121331221223
1122131221112
1112231221121
1121313232122
1111111213122
1213333112321
1111222223111
1112322223322
1123222321311
1111211232313
1123232322221
1122312113223
1221123211222
1221133313132
1112312112111
1123112312311
1232321231121
1123323221332
1232332232322
1121232221122
1121223112112
1231331231213
1112221231121
1111111222232
1221333313211
1212333332122
1123313113131
1112333312321
1121222132111
1111112121321
1212313223112
1212323111311
1222213132232
1221123312132
1223212223231
1112321131213
1222233132221
1111223211122
1231123322323
1222113112233
1222233221132
1233131123123
1123312311211
1112322333333
1111112321211
1233122213233
1122311111323
1222123333123
1121211122231
1121121111312
1123323231311
1232231131122
1223132122333
1122312111133
1123221133221
1111122113211
1111232113213
1122221221312
1112112131332
1233321222212
1232231323312
1122213331221
1121223222211
1111212321313
1211331323213
1122222312121
1213213232211
1112133133311
1213331133133
1112321223312
1221231213132
1112313123332
1111123312123
1231131311212
1122211132211
1213323121133
1111112212223
1232323211222
1123132133132
1121333222323
1233322221122
1122113322312
1122213311131
1111212132122
1121113331133
1221221112333
1123333333221
1122133131121
1112222121223
1212131232213
1112113331111
1121313311313
1123113133232
1112112331123
1112111233132
1112333112112
1211212221232
1233321122222
1122311321232
1112322333322
1112333222112
1233332113222
1223322233333
1112213112212
1112223132132
1211131213321
1232223133321
1121223123231
1223313121313
1111232121331
1232312221311
1121333222233
1232233321132
1112113221111
1231121332133
1111111212123
1212331232112
1123333213121
1211222113332
1223232211322
1112133332312
1232133233221
1233223222121
1232223333233
1223211322131
1121231221222
1112312231311
1212132113232
1122211132332
1121223131232
1122232313332
1122113122323
1122131331211
1121312323111
1211231233122
1122233121213
1223232222311
1232132311212
1211113123231
1212311322213
1123221313133
1122223111211
1123111311223
1223231132121
1111112222231
1111122323311
1213121121221
1223233121112
1111112222312
1123323111323
1233223222222
1232111323133
1121332323333
1123321113323
1112212232221
1123322133322
1111123322223
1121131233121
1211332121131
1111121221113
1122332111113
1221212231221
1112313332312
1123311313113
1112233113323
1122111111213
1111221211322
1121121323223
1222212213112
1121232113311
1122133133231
1232133211212
1112223311333
1111231221133
1222212321112
1122331333211
1231312123111
1233211123212
1213132113233
1233121112311
1111213113223
1112233212231
1222211111231
1122133111132
1112313131111
1123132213122
1212233212131
1122232131132
1232232221213
1213312312122
1123311331223
1112222321111
1122221112322
1231122122133
1123231112333
1223213311221
1123211123131
1231213221213
1233231212323
1123321221213
1233121321313
1111123233222
1112231331211
1211131323233
1232333323131
1221111333233
1111212131222
1111122322112
1122133232211
1221233313131
1222122333122
1232112221221
1123131213121
1121313223133
1231313332332
1233213222111
1112232132213
1231132333233
1111111212231
1112212113122
1232231213323
1221122212321
1231121113231
1111221233131
1223331313121
1111232233212
1121321332212
1221121121132
1112211232323
1122223233313
1212212312331
1112312321232
1123122311131
1232211331122
1213313132132
1112313133333
1122113233221
1221113132311
1221312231132
1112333121211
1231331113223
1211213113132
1211311212212
1232233133111
1221322332212
1122211133311
1112331221223
1112231212222
1231312312111
1233322332211
1212132113333
1123213122132
1232232132212
1123111321312
1112331332312
1123323213322
1223311222113
1111112113212
1221133123212
1221222331223
1112312221332
1111231212212
1231211212222
1123212223311
1231221213213
1122213121211
1112212113313
1122331113332
1123331321312
1121133132121
1112332133231
1232311111213
1111122123133
1122313231331
1123313131333
1112231122323
1212322311312
1111121233321
1233312211212
1211221131221
1223131221132
1112211112232
1112113311131
1122111222223
1111223111211
1211311212133
1123221222332
1111112212322
1112331233231
1112132321322
1123213232332
1223213332132
1232222313221
1233312312333
1122331231133
1111123331111
1111111111213
1221211332213
1231333331131
1231311132332
1213333212232
1112112131112
1233133222123
1122233232122
1231233233122
1111121322313
1212111332131
1231232333313
1231223131111
1123111211222
1111123311113
1231221321321
1111233231222
1121122222231
1111121133113
1112232311223
1121332223222
1121123121122
1111233133311
1123231332232
1233321313222
1111223233212
1122332332231
1122123113232
1111222312121
1123113133333
1111213323222
1112131331331
1211323332113
1111112331113
1122212133123
1111223123322
1121213132322
1231311213222
1123122211222
1123232313113
1111223323331
1122223113123
1111231233222
1122332211231
1121323323131
1122112213332
1122311212233
1233222223112
1121222112131
1111122233113
1112131221212
1213123222322
1122331311211
1211211121113
1112223331212
1121113332323
1112123131321
1233323122312
1123123232222
1233332323311
1232221111233
1111123132123
1211313321233
1111212132111
1211131222211
1121123111112
1122333132131
1223112113311
1223133133121
1231211112221
1211131122122
1111122222223
1212212222333
1232212311321
1122313111123
1122121321332
1122222113122
1111112131212
1212323113212
1111213113322
1213323112133
1231331231231
1222331112312
1233221113313
1212131121331
1112232112323
1213113211321
1111112221311
1112313212232
1222232212212
1111211311111
1123213323311
1122332322221
1233312321232
1111222322331
1122231211121
1221212123111
1211332213133
1231123133123
1122313121311
1213212122331
1111112311133
1112213333132
1211321112111
1123332321322
1123222223213
1112111323123
1111123123213
1212333132232
1122233321121
1121233123122
1111112111232
1223332332332
1111121121132
1123222321322
1221213233233
1112223312213
1111233323312
1223331223213
1123111323112
1123321321313
1233123211212
1221122223233
1123133113232
1122233323123
1112223321213
1233222211322
1232322213133
1112233221213
1122213133313
1111112133333
1122333331211
1122233212223
1232331223312
1222221213121
1121132331121
1223231113313
1121221212311
1111211311133
1231322213121
1123112121221
1111233222213
1123211313222
1232322231313
1111212332223
1122322232321
1231211321131
1121312213232
1121311123132
1111221222113
1123321221231
1121223132123
1221321132312
1122312123321
1112311312312
1122112322111
1112313232111
1223212332331
1111222333331
1123313312132
1111123132321
1213122323222
1223232112311
1222232222121
1111122121223
1123211223213
1122112112321
1222322111331
1112313112132
1112313213233
1232122331112
1121222211113
1223133323221
1122232133112
1221322323221
1223111111222
1112311132321
1211331232122
1112323113233
1232333133213
1221221122312
1122111222113
1221323333122
1221213322322
1222132221332
1112323231221
1121323323113
1111211212311
1111233131331
1231111311113
1223323212111
1111232312232
1221333123311
1222322233211
1233211313123
1111122113121
1122222131221
1112122313232
1211322132123
1111212213133
1212332233312
1111233132112
1223123333221
1111212113233
1112323312122
1112331221113
1123333111322
1223113223112
1121321233212
1232132322111
1222231122222
1122311122121
1222233221231
1111111121131
1123121332221
1121331331131
1223333222131
1112213213322
1112212332213
1121321133332
1112332111321
1122212231212
1233322121222
1122132313111
1233113333131
1221332123121
1122212111132
1123133212331
1122111113121
1122123111313
1123132333222
1232222332211
1122122213111
1112311321312
1122112133322
1111111222131
1112332133123
1123312112113
1121333123312
1233113333333
1233112231331
1112132233221
1122233313322
1122133331123
1233311221331
1231211232132
1111232223132
1123122121112
1221333222313
1221311133323
1122233221131
1123221321213
1223312221333
1233232132132
1121331312332
1121321311312
1123331111331
1212232121313
1221122112333
1111232223231
1121123331112
1121213222313
1111213323112
1111111112131
1111112222123
1232333123221
1213321312212
1212121333221
1221121131111
1111222131122
1112233213111
1123112323212
1211211212213
1123322133232
1111213211233
1121313122322
1231211321113
1212221113112
1233122231112
1111221321221
1121121233322
1232213112123
1112111313113
1112331112231
1211331312323
1221231311131
1112331131122
1221112212113
1221333122211
1211332131233
1123132233232
1211323312111
1233123111323
1232111222111
1212231132132
1122111232233
1111112233123
1121312133323
1231333133131
1123331132312
1223132131111
1121321333321
1221112323132
1122231122313
1111221322332
1121312221233
1222211312111
1221113133112
1123221321132
1111231113311
1122231233323
1123331123321
1233331312211
1121321221222
1232313221323
1111112223133
1221223133233
1112212131111
1112231321131
1213222312131
1223321133223
1233122221232
1111223331211
1112332332232
1111122211232
1221111323311
1232112122331
1111231221111
1122233322313
1112111111311
1121323313321
1111221112113
1121312221222
1112222312331
1111111112322
1223312123233
1121131112222
1213313131131
1122132113131
1222311221133
1123133323323
1123313122122
1123133322311
1123212323233
1123122323332
1111221332232
1233333213231
1123313213312
1231233312131
1123111113113
1112233333121
1121331233312
1122323132233
1232132333212
1111223212323
1221112322212
1121223223333
1121133213323
1112213323331
1221223312232
1222311212313
1111213132312
1112312112133
1122322212112
1223332223333
1221332221223
1212333332313
1111213222323
1112221213332
1111123121332
1212222333111
1221311231223
1112121321122
1223321332321
1233212111113
1233233113121
1112321213333
1112321211212
1121211221123
1222213313121
1123331123312
1111112132233
1123111313111
1123322113221
1221133313213
1122322322213
1111232232312
1111221122312
1122131223213
1122113131123
1211213123131
1122123121211
1111122223233
1122123111133
1213222331211
1122232212332
1231322122322
1231121122323
1122312322333
1122331112333
1233223222112
1211222133312
1122112132222
1111121213332
1121113323233
1121133212333
1212323212322
1123331111122
1111112111333
1112311222233
1111111221123
1223232232323
1122233211321
1123113211321
1221233331223
1111221223222
1213333312222
1221213211222
1112211311222
1112223233332
1211222123212
1122211331311
1123222131213
1232112222112
1213332221222
1223122131213
1112332333121
1111233131122
1112111232212
1232232322323
1112332112333
1112322113113
1123211211331
1221123222121
1221311231333
1111121132222
1111112111311
1223211111111
1231111113131
1221131231113
1111211212113
1211332323223
1222111321233
1222131213312
1121232233222
1112322112211
1111112311212
1112332123313
1121212223111
1123332321232
1232111132311
1122123331111
1221321132132
1111122112311
1231211122121
1232213232111
1223111123232
1232133212323
1111213231312
1232113332333
1123311222213
1212131321333
1122221133123
1213313133221
1223112333322
1223222132321
1112321311321
1121333323233
1111233332213
1111122123212
1122121232133
1111123211332
1213123321133
1231223312233
1232233332112
1212123312213
1111222222123
1111212321212
1111112213233
1221321332332
1121121121131
1212333111332
1122323332321
1121131232232
1122131133233
1231313312132
1121333213321
1233333212313
1123232121123
1232311132111
1111122321133
1112321312131
1233131322311
1111112331322
1123311233231
1231213213313
1231321313123
1233122311122
1111233111311
1231333233231
1112231112133
1221211222213
1111112221223
1122131213131
1221232311132
1111122223121
1123132332322
1121312332133
1213122231213
1111232131132
1122323231222
1121111311133
1212213232223
1112312133121
1111111111231
1232132213332
1221232311231
1111112311221
1233323311112
1111112213332
1233112221213
1123333322122
1121221113221
1122333221222
1123121222122
1122211222213
1122113113231
1112112321111
1123233233212
1111122131112
1112333313111
1232212232321
1221232331112
1112111232331
1122133221132
1212223122211
1111213132123
1111112213323
1222113233211
1231322322221
1111212231313
1111222221333
1222121232233
1123113213112
1122312233233
1112222131323
1232131221312
1231121211111
1212222323132
1112211221213
1111231231213
1112233221123
1221123333113
1121333211233
1111112112213
1111213312123
1111211231121
1112121113211
1121322331221
1112222313321
1221132131232
1233313323123
1111111123313
1223211331313
1111231333311
1223121122133
1111123221212
1211133122311
1223221213113
1121122223212
1122232232213
1111231122212
1212332231211
1112311133331
1111211122232
1232322333233
1221123122212
1111211311221
1231132323311
1111121123211
1121321111233
1221112212232
1112322111122
1123232233123
1232112231123
1111122122312
1232321223122
1112223123123
1221331232323
1212333213311
1111112111131
1222213322132
1111233313131
1123321312212
1123132312331
1112333232232
1122312323121
1122211123211
1232211313212
1121211111321
1222212111311
1111112313131
1212122321313
1221212313123
1233211322211
1231132131211
1231111132312
1231222123311
1122332322111
1212331323311
1111122132133
1122221311233
1223321122333
1111221232222
1223221312311
1112322231312
1222211231122
1112213123113
1231121311321
1221233122131
1112121131332
1111111112333
1123232121231
1221231311322
1111211311313
1212322121221
1121222111213
1121322132213
1111112131331
1121113113311
1121223313133
1231132312212
1112132213322
1122132312231
1232333312212
1232111213131
1111231121211
1222223132132
1122233312211
1122332331223
1221131313323
1213111311223
1111111232112
1122113231311
1121323132331
1112323131211
1112331321323
1122133221213
1121222113112
1112333312123
1212333123113
1223121332112
1233211111231
1123313311311
1122131333231
1213132123122
1123223311111
1232122333231
1122212222311
1221222212113
1112213321311
1111213333322
1211332121113
1231313122313
1233233123111
1123113332231
1232222222222
1122322331233
1112311123132
1221323132211
1213112321311
1112332131332
1122233311212
1211323223233
1121333222121
1112221213211
1121132323331
1123133222121
1122223332331
1231121331332
1233212223212
1223312121312
1111112112312
1232312212223
1121231112122
1112311211323
1121213123311
1231332231131
1112231111211
1222321231333
1112112223211
1223232131121
1123131331223
1233312111211
1111233312233
1122131211221
1222213323331
1111212113222
1112332312313
1222221223331
1122312332332
1111222323312
1111231122133
1123321313213
1231333131111
1112123221121
1231311312211
1212323323231
1233122133223
1223323213132
1123232213332
1112321113132
1221131222313
1123323121133
1121321211331
1112323123111
1221111212312
1112122332231
1111221133213
1223111133112
1233232223223
1111222112231
1233131333113
1221211112231
1112232233222
1112311321132
1111231232113
1211323133312
1122132112222
1212121331232
1122131231131
1112122131133
1212111322222
1223213133232
1231223213112
1232221213223
1232211221331
1112211313312
1112313323213
1232133113213
1112331231222
1112212112321
1121312233331
1222132222313
1112121212123
1123312321221
1223211331331
1112133133322
1121123123333
1111223121221
1122131212233
1222221113313
1112213213113
1231333311212
1221123113223
1123123321122
1223222133221
1123213322233
1112231122222
1122123223333
1122112323132
1123313221331
1111222213233
1122233121321
1222121221123
1221123323332
1112321123322
1223322212321
1122332312121
1232132321323
1111123313133
1221121323123
1121223113113
1112221122311
1112133221322
1233331212223
1121322123132
1123121322321
1111221312313
1213113331333
1223321213222
1232221212332
1212122231331
1112312332122
1112321233133
1112321331121
1123211133121
1111121131313
1111222113122
1231312311222
1123221231231
1231121123322
1213311123323
1121123221323
1122333122233
1111112133113
1111231131113
1112332132313
1112312322231
1111232121212
1112322332222
1111231221331
1233322133331
1222121231221
1112221122131
1222111331311
1111123133133
1121212213121
1111233233213
1112323123133
1231131113212
1221223223123
1223311133231
1111222231323
1222131333131
1112132221332
1122311232213
1122232132322
1121233121322
1122221231212
1121112132111
1232313231322
1232333111321
1222122121213
1122331131323
1211333111313
1111223231333
1122223233331
1213111311113
1122323131221
1233213223321
1111231123132
1121133123222
1122121111232
1232233313331
1232222323112
1213121323212
1112223333113
1122332232122
1223121133133
1112122222213
1212122221231
1111122111132
1211121313123
1233323333121
1112111123211
1222333323121
1122222311331
1123122233121
1121331123323
1111212221213
1231321332322
1111122121311
1222113113131
1111232213131
1121212222123
1231111113322
1122211212333
1111123111331
1112223221133
1122221321122
1222111222132
1221212213313
1111123111313
1122221231111
1123122113333
1112313121213
1223233212122
1112332112311
1222213332221
1231332211111
1123133113131
1112211121311
1123122133331
1121332322112
1231223113331
1111233312323
1122231331331
1122333123232
1222223311131
1112212231323
1112332123111
1213133232232
1111221212123
1212312221313
1212132131223
1112212123112
1231122113131
1233113231312
1231313323332
1211132112221
1122332311122
1111221312212
1123121323331
1112131232223
1111123323121
1112212223111
1212231222112
1123131121321
1111212213331
1123131132323
1211211132111
1123132133321
1112221113313
1233313322212
1111121111311
1212113132232
1111213322113
1123112131321
1121131222211
1211213321223
1112121131211
1111121132121
1112233113121
1122223323331
1223131222113
1232131222223
1111223112313
1111123112332
1223311233223
1232213332231
1122311333312
1232131321111
1112331313311
1112221233321
1122112332123
1233211221123
1231122223311
1111112211123
1123123133132
1233132323313
1122123133133
1233112213133
1111212222131
1212222221113
1222231323212
1111112123112
1111231112121
1232212223321
1231111312123
1112222211311
1112313113111
1222321113213
1111122211322
1111231311333
1111212331213
1232311122132
1111231123231
1233131311322
1211211211232
1121311213231
1233313333111
1212331321331
1111221233113
1112131221221
1122233131111
1213222323331
1122132222323
1212213221122
1123133121121
1233232123312
1111123121323
1122122323322
1211213232123
1233231222331
1121313322331
1212232213333
1232313132131
1232233212122
1122113213322
1121232111313
1111123313212
1123221232113
1112333213123
1232122131132
1112123133323
1111233111333
1121311312321
1222212222312
1222332221321
1111221323223
1221223113312
1123131213233
1123123312313
1232321313131
1221332321121
1221323321121
1221213333113
1111112233312
1112332112322
1112331132323
1212213213123
1111223323212
1221111112322
1112133323123
1111233111322
1221212311222
1121232312213
1122131233331
1231131213323
1211223231231
1111211211321
1112321131321
1111122133213
1233221233321
1123322233123
1122112221311
1111121133322
1223232223222
1112121133132
1123331122111
1112221111322
1111222322221
1111112113111
1112212331322
1123233331332
1111111231313
1112233322222
1221122321331
1221121333331
1122123322232
1212213311223
1221211323231
1122231333113
1221232333321
1122313211232
1123213132313
1111211132323
1233333133133
1111222231233
1232311232323
1121333112233
1112313232221
1111223213322
1111222313322
1231222333213
1122311212323
1111122211311
1112311123123
1232313133211
1111223311132
1122111331231
1232231121123
1111112332123
1111122232233
1123211332111
1122231232223
1122213121233
1122332231211
1123222113231
1123111321231
1112222223211
1123222221323
1123132321133
1111111213111
1112131133313
1231333223313
1111223333213
1112133311122
1123332111323
1233321213113
1111111211232
1121111232221
1122113331121
1223213311122
1121312113213
1112132133222
1111213331212
1211332132331
1122233331131
1121213232213
1123312121322
1111212211311
1122213222233
1231231123122
1122212232323
1233321123113
1123112313211
1221223133121
1111232111112
1111123313122
1223122111323
1122223213223
1232232331231
1112231133222
1122122331123
1111112231211
1233211322112
1232122113213
1222113232333
1231121332111
1112322333131
1231312121322
1233211211333
1111122132221
1112121121113
1112223131113
1123231233113
1111223121111
1123212321213
1122121223212
1122222132112
1231113132233
1121321112313
1211331112312
1111122323131
1122333231113
1112111333313
1111231312213
1121221111311
1123331311232
1112231311213
1111121331131
1111111233322
1122121131133
1231211131213
1233312313211
1121331321233
1112331212131
1111213112332
1211333312123
1223213133131
1222331123211
1122122312221
1121331123112
1122232211221
1231122221133
1231233131312
1121121232121
1112233332232
1232221323133
1123211123223
1111112121312
1233232122331
1211211221123
1121323133213
1122121113122
1123233333312
1221331332113
1233231322231
1112133212223
1123313323222
1112122232111
1112112111213
1111213322223
1223131222131
1121222212213
1232133333213
1213122213123
1123212121222
1112232333333
1123212333223
1122213312213
1233133221113
1212132111122
1111213233112
1121313233312
1123231213313
1211123233133
1211311311113
1123323323313
1232213211132
1122221312331
1111123133111
1212221131121
1111222322313
1211112121333
1122311113312
1111222131111
1211133333133
1122311213232
1111123222112
1112212233123
1112311311232
1212113123223
1123333112123
1111123133122
1212311332122
1233223132231
1233112222311
1112233233223
1123113211312
1112332222223
1233111211312
1122112212223
1121321223312
1123113333122
1112223313313
1123212231123
1221211112321
1111123133212
1123311211213
1232123111232
1213323131123
1233322212221
1122113131231
1213331322232
1231313121121
1122111213111
1223311222232
1122112132112
1112113321321
1123312123221
1231132231212
1213221223232
1221122311121
1112331113212
1231321113323
1111123332211
1231111121332
1112331233321
1211122222312
1231111133313
1112311222121
1112311313133
1123212121211
1231311333212
1223221233313
1222222212231
1122231311311
1121323121311
1112222323333
1112221321233
1111123133331
1122221211232
1233131313331
1231332133233
1232323122111
1222233111132
1232132232122
1111221213111
1122321222323
1121313232331
1112332333233
1223122313222
1122311211331
1212133212132
1111123332323
1211212132233
1221211122113
1222331311133
1111223232132
1211212313311
1122113121133
1111123131322
1231323333132
1121233311332
1122233223212
1221312313221
1111213223333
1221233231211
1121213223123
1212221132221
1111111231331
1122211132323
1213111121323
1111233123332
1123331121332
1112133313113
1112122121231
1232332332233
1112111312332
1121311121233
1121131231123
1212313231133
1121133332231
1231311123323
1123112221323
1221133111312
1121323233223
1222323322332
1112112332223
1123111133221
1222311332222
1111231322223
1111222332312
1233231322213
1221131222122
1112313312233
1111212231133
1123223211312
1122111232332
1122322111211
1233232131113
1121211232233
1112122221232
1122211333313
1213313312312
1232213233231
1111231233112
1111212311233
1111213332323
1221121222123
1121222123313
1221131313233
1111121122131
1213231322211
1123121122121
1233111121321
1221123322113
1212321212221
1112321323331
1121231112331
1211113321321
1123112211331
1112231123333
1121223313122
1121123122332
1122311213223
1112332123133
1233233213313
1213322123112
1121211131323
1211122333221
1232113231122
1121323222131
1123113132233
1231333313113
1222112312331
1233131131232
1112232122331
1213232111223
1232222322322
1213223213233
1232232331123
1112112333211
1233121113121
1232333222322
1122111311222
1233131311113
1222321233111
1122222331131
1211221133333
1233133231112
1122231113223
1112211112113
1222231133211
1222322321321
1122113323212
1112133213121
1123332232321
1111123223322
1212222223122
1121211213111
1212223222111
1232223233131
1111233131313
1221222331333
1212123333333
1121311222222
1112111131212
1232222111122
1112211122123
1221221112131
1211331221223
1111123111111
1222331113212
1123323331323
1121323223121
1111222122311
1212221122123
1212332221131
1111233223111
1121233322112
1232122321223
1121333331212
1122131112133
1112122321222
1122132113333
1122231313331
1111222313232
1121221232122
1112321133211
1112231333321
1112212233132
1231321123111
1223311311332
1112332231221
1221133311332
1112112323322
1231221231123
1111123322232
1111123332332
1233131212313
1123223323123
1232121221133
1231133211233
1111221313123
1232322321313
1123131211213
1112123121221
1221321311322
1123223131133
1222223132321
1112322213132
1212222213323
1231113323321
1112312313121
1112222212213
1111122223222
1221213323112
1111123323112
1123122333322
1232232122312
1123122113311
1111232112221
1122111211333
1221312123231
1211332222131
1221232212112
1122113222133
1233122333122
1111222221113
1222222322112
1112213231322
1123111113223
1112212132222
1213132132221
1123312223211
1122331333332
1122322213333
1111123333311
1213232122322
1112332212321
1112222212231
1122331333112
1221112223133
1123123333332
1213333121123
1122223223231
1112311111313
1223221132333
1221221232323
1233131123321
1221231231132
1211323311332
1222112112223
1112123312113
1212332333221
1112323233232
1112132113132
1111213332112
1223223332223
1111233213323
1231321322211
1122332231233
1222322333232
1112313332231
1122133333121
1122113323221
1111122231122
1123113322133
1111111223332
1112123212233
1121333111133
1221233323312
1221212323223
1223332211323
1122323323312
1221113133332
1122122332131
1123132133123
1112113332121
1112313312211
1123311212223
1232222123312
1111123211112
1211222212321
1111213121332
1211112132313
1223332132312
1221231111212
1213233133222
1111223233221
1211222233333
1111123312312
1211222121223
1122113313112
1223113132133
1222211222223
1121212132332
1121213213232
1233333113113
1211233321212
1122112331131
1122333112122
1233312313323
1112333332323
1121221231233
1112322331313
1122132223113
1111121123233
1222211331231
1122121131111
1112123113213
1111233322133
1231313313133
1112113132213
1123311321112
1211111231222
1123122221122
1232233111313
1121323323333
1112111231323
1112323231111
1213223111223
1122223323313
1122131123232
1232311133321
1112323211223
1111222133223
1112332323322
1123231132111
1111231111122
1232233132312
1111123311311
1231212113232
1212231133122
1112333122331
1112333211233
1211311112222
1223113323322
1231132221132
1233122222321
1111212333211
1223321213112
1112312322213
1121113131232
1233323221312
1231211231322
1221113112212
1223312323123
1123221112323
1232313133323
1211133123121
1112232222121
1211222223211
1212312311131
1233113232311
1112321233331
1233131221122
1222322333113
1111222212113
1223232311211
1112231221222
1111221132111
1111123221122
1233333332332
1223111311213
1221133211333
1112331333313
1232221311312
1231112111233
1222311221122
1121211321212
1111111111123
1112212333221
1212312333223
1123332131123
1123132223233
1112113121233
1122133333222
1111223222133
1231223333133
1211221221311
1231311122113
1112223311131
1121222231331
1111222311133
1111122233311
1121331321323
1231133231312
1111123223311
1122111221123
1112332223211
1211132221332
1111121122113
1222131233332
1122233133113
1112312233133
1112121112223
1231112233313
1221231321312
1111221311332
1213311133131
1223121132321
1122312113322
1221332211231
1111213212111
1121221211231
1111222233132
1232222211332
1222221232331
1111212311222
1112313333122
1211112123111
1121312133121
1111211332123
1213223222123
1112113233222
1232313232213
1212322231311
1121313132323
1111123111212
1112322313221
1233332322332
1111223231322
1233311232131
1231213112113
1233232221212
1212111312111
1232232121311
1223332212331
1221322133112
1213211131312
1123322213323
1111221222232
1112322232232
1111212133312
1123332321113
1232113313213
1112331321121
1123223332231
1233321213232
1231112122211
1112211232211
1221332121231
1112123213223
1111121223221
1112121323232
1121332233333
1123131213323
1231323232312
1122212122123
1231333112132
1121121313231
1122221333323
1121311123213
1232221131231
1123211311132
1111123331221
1213221111313
1123122233112
1123321322211
1123223132211
1233212121213
1122323232133
1123331132132
1121233311112
1221211111131
1213323211313
1111121332321
1222222311112
1231131323321
1112233221231
1111121223331
1122311222133
1212122333332
1222321321113
1121312221323
1233133311313
1123111131322
1112311333333
1122132321321
1232231333212
1221131123232
1112313312332
1111123313221
1121213132113
1223331111112
1122112111311
1232312223331
1112323111123
1122212113121
1121321313332
1122312323211
1121133313113
1222232323323
1231333333122
1111223111121
1233122133113
1211311113333
1112113332332
1111223211212
1122323123121
1121312312223
1233311313212
1121222332223
1231232123233
1211333332323
1221133323131
1122232113123
1232311133312
1223132232221
1112223132123
1122323321112
1231233133332
1221211331232
1121223131333
1122121333133
1112212221113
1122213112332
1231223233213
1231332231322
1221111331321
1112321231311
1112331131313
1121133323312
1112232332112
1111123211121
1111231113223
1112111321332
1232212211133
1211322221221
1223222312123
1231232231121
1112112313213
1212221133312
1122111133231
1221312123132
1112212211123
1213133311223
1212113213223
1123123233311
1233221333313
1232132222231
1231213113121
1111121312233
1112321332133
1231333322111
1222232213213
1222213121133
1121221232212
1231132121311
1231112331112
1121111332312
1123121221211
1122111112131
1111122112232
1233121213212
1112331123233
1111213323211
1221122111321
1112222232332
1123323211212
1121323323232
1221131233313
1212222313113
1232212233122
1221311113321
1221212132122
1221313233311
1213133132312
1121331321112
1112232113311
1122322133121
1212213323233
1112313213121
1123111131232
1232122322132
1213311312233
1112233111123
1112321133332
1111221131323
1111231111221
1221213132321
1213312133132
1112131321132
1213211333231
1112111321112
1221112312233
1222111123323
1112213211331
1221112333331
1213122312312
1122123231231
1112331213222
1231132213212
1121323212123
1112213123311
1123333113331
1231221312312
1111122113112
1213313233233
1112311232232
1111211232212
1112333122212
1112321213322
1221323212322
1123232322111
1112322333113
1112221323321
1122233232212
1233233112311
1213233211221
1122113312311
1232323213231
1223333111312
1221211231121
1111123122331
1111231113131
1122211113313
1232133233313
1212232233212
1121223221133
1112211113323
1123123332223
1123121313121
1111122131222
1111122122123
1211123122112
1123321221312
1233122322221
1212222321112
1122233333111
1121223123213
1232231313322
1123321122213
1222332231133
1123331123123
1111211232122
1231323331222
1121121212132
1233323233311
1112121222232
1111122122132
1121231333231
1122231211332
1222222322323
1122221321221
1223211122122
1112221222123
1123223133232
1111112231222
1221222311331
1111122123122
1233313321233
1222222222232
1232332233323
1121222222232
1231322323312
1212132211233
1121231312131
1211132112133
1121322133122
1122232222313
1233122232133
1232131222131
1111212212231
1223111212121
1231131211321
1112311111212
1123222123311
1233121333332
1111112132121
1111233312211
1211131133122
1231133333223
1111232113231
1122111231111
1111111231133
1122112331232
1112133111333
1111122121232
1221213222211
1111221212321
1112322131333
1231231132111
1122222223111
1111122231133
1122232132131
1232111113321
1111223213223
1112322111133
1231111122331
1233221212223
1111232233122
1221311121313
1112312212323
1223133221332
1231223213233
1233122131331
1122121233213
1221312313111
1111212222322
1121213122121
1231321232323
1211233222113
1121222232233
1123222212233
1211222211131
1122132211222
1111112232313
1222312213232
1112132233122
1211333233233
1111233323213
1231212211332
1123211331112
1232232222333
1112233123212
1231131311111
1222121123221
1123332312311
1211331333122
1222113321123
1112321323313
1212321331331
1123312123313
1212211222312
1233123333312
1221211313232
1121212311111
1123333333133
1122122232233
1121333331331
1231113322313
1211112221213
1221321322232
1111211331311
1111112232122
1112323331213
1121332132212
1122232212211
1222312122112
1123332112331
1122132212111
1211122323231
1232333332113
1213113232133
1111122232332
1112332222113
1112231322321
1123121122323
1123121221121
1122312333333
1121111131221
1233232233332
1233332123221
1212121323231
1111122232121
1122332133311
1122121332312
1233311113322
1111222232111
1122112113212
1111122322121
1111222322212
1111212122321
1211132113231
1213223322133
1111231332323
1122231132312
1221122313321
1222132322312
1122323321211
1222113233222
1221323133333
1112333223311
1123131331232
1123123331312
1111212133213
1223223333332
1123133122133
1111222132211
1223311321313
1123331333232
1231122231231
1112312213223
1111212331321
1112323222223
1212313133123
1121121133213
1233211321212
1112132233133
1122132332233
1112113223322
1222333232232
1111222132121
1222222323333
1232133323133
1111213312312
1112131221133
1213331213312
1231312322323
1213213131112
1123131213332
1121213213333
1231231323113
1211122131133
1222323132133
1112311323222
1231111123321
1221312111212
1231313222211
1122132131311
1223112311131
1222211132133
1231132312331
1112133333221
1121213111121
1122331222311
1122122111312
1112331322313
1221123213213
1111122132212
1221111123133
1123213221312
1232123122232
1112123322312
1112121322222
1112222221132
1123113321121
1112133121312
1121313323132
1111121232122
1232322111312
1211233211131
1212212112311
1123313312321
1122132313221
1122311222313
1123233233331
1122233211132
1122133321313
1122233323132
1233111312323
1232221222111
1111231331111
1111213331313
1111122123331
1211333212212
1112313121321
1231121131123
1233132211122
1111222121312
1121121131233
1112111231112
1123311123112
1112123313222
1123132212213
1121331132211
1221322232321
1111111213212
1233113313111
1112311331221
1123232221113
1112112331231
1231111311131
1221213221212
1121211323223
1211113223223
1211323222232
1211322213123
1123122132231
1232123131313
1111222123222
1123223223122
1121323121113
1123222332133
1122133232112
1231122133313
1121323112232
1222222311121
1221221223233
1112212132233
1233331111322
1223111111332
1122122133231
1233323123331
1111221231111
1233212311111
1123113331322
1211122231323
1111222123233
1121132133233
1123211211313
1123221323112
1111211322313
1111233223133
1213211113123
1111122123313
1111222112312
1232312221113
1123333232331
1111222123332
1213131211312
1221132113113
1211112222311
1123122113322
1122213122122
1112323321221
1123123212312
1112112232233
1233321212222
1112211331321
1122113213113
1222321323221
1232332213321
1221231212122
1111212211113
1122132332112
1231123232211
1112213231223
1111222133322
1233131122133
1211122331322
1221222111311
1223132312222
1112112321313
1111222123112
1233123332221
1123131313223
1232212211212
1223222111133
1232121212313
1122112312332
1222223322232
1233323221231
1123131112213
1232333231122
1111211111232
1122322213131
1111223222122
1123233321333
1231132123331
1121311323121
1123123122231
1112122111113
1121333131223
1111222113331
1112212213222
1111121332231
1111213333223
1211331113122
1222332233232
1122331321111
1222333323332
1112223333232
1221111331132
1112111131111
1122312223322
1221231221221
1111212121113
1112332121131
1121132132333
1232213322111
1232311332223
1111222111322
1223233222121
1221322123232
1121332322233
1123123123122
1112312122323
1233131121222
1211232311131
1223332331122
1221221211232
1112313212113
1122111333233
1232332221212
1223221132311
1112333213312
1121223131113
1213131323213
1212333131231
1223133211122
1111223322321
1112113133133
1112312122222
1121233213212
1231221213321
1123221213321
1111233231112
1123233322213
1112232321123
1223322133231
1231123211333
1213311121132
1123111322311
1233223121112
1111222111131
1223123333133
1112123111233
1233313133333
1232321211213
1111221221123
1232113233113
1222231212323
1222331123121
1233212113133
1233132313323
1112231211111
1223223313231
1122111321212
1123113312112
1232231232111
1112311131113
1112123212323
1122131321113
1122221121333
1213323311123
1121331121213
1111212212132
1111223311312
1111233321121
1112332332131
1111232133332
1111223321113
1111121123222
1211113131322
1121323112131
1111223221233
1231132213331
1121313221232
1111231223333
1123333331322
1122223133112
1112223211332
1212322331323
1231311311133
1112322232113
1111232331323
1223213332231
1111222331223
1121233233333
1232233332222
1111212312133
1122211133113
1112131111221
1223212112212
1123132211333
1233333123312
1123231132221
1122321332233
1112213133233
1123123313321
1122311131321
1123213213313
1221233223331
1112312221222
1212112112321
1112123131312
1123232211213
1122322212121
1222312311213
1111223313323
1233123312223
1122333111332
1123311321233
1121332121311
1232211123312
1231222113123
1223122113213
1123111111122
1122131312333
1213131323312
1111223312113
1213121121111
1231121132333
1223312331322
1111223322132
1212213233112
1212221322222
1112221212322
1222311113131
1121231223213
1123233131123
1112311333131
1233121323333
1223231112123
1111223323122
1221313112333
1123123323333
1232112233112
1111223323133
1211223313122
1112223113232
1112213123131
1123332333132
1212332331311
1111232223213
1213323231223
1232313131321
1112213312333
1231322333133
1232221112133
1233131112323
1112231213322
1212211122311
1112211333332
1112111122322
1233122122131
1213112312322
1111123232131
1223311323223
1222233221321
1222233121113
1121212311122
1112111233312
1233133223122
1221222311212
1221233331113
1122213232113
1231212331313
1212333122112
1111223321333
1112132311132
1232231113133
1112323222113
1231231231313
1111223321223
1211212321332
1122123122313
1233122313311
1223312122131
1121333123321
1123333122333
1233232212221
1232213313333
1122231232333
1123232131331
1122232133211
1222233113222
1122322133233
1122332333313
1221123211121
1111223333123
1231213122312
1222311223131
1112321321311
1111211131133
1221321211233
1222312333132
1212122133321
1112223113333
1111121121312
1231233332221
1122233122311
1112131331212
1232312213121
1212212233131
1222222231122
1112331211231
1111223333312
1111223332122
1111223332331
1123232212223
1231111311232
1121232223113
1232322222322
1111233121312
1232113223112
1112113323332
1112133321112
1112331123112
1123122323211
1211212212113
1123333122311
1231333132323
1111223332313
1221213313313
1212313222333
1112133123112
1122131332331
1111231133111
1221212321331
1112213332111
1233232231231
1213222223123
1123331131322
1112123222122
1111221123331
1121232122133
1111121232331
1111223331323
1122322322231
1233112111123
1111223331121
1111223211111
1231211123223
1232232113323
1211132123131
1212213123231
1111231323222
1121321222313
1211113131333
1121311132123
1112133312211
1112323121333
1112222231331
1112223133111
1211333123132
1121323211223
1233331223212
1112311113333
1213212133212
1221323332312
1121333312123
1121333213312
1211112133213
1231211233313
1232121312132
1112313211123
1112211131332
1123323331112
1221211222321
1112333133111
1112333223223
1122113133323
1223132112213
1123332222221
1233123331211
1112221331333
1212121113133
1111223212211
1212222221232
1123121223312
1112213322123
1221133222311
1213333322122
1122333213232
1223323233233
1121133113212
1121223123321
1232332232232
1122132113232
1122331322112
1112322131113
1231222313112
1212211312211
1111122231313
1121111231112
1221123132123
1111223212121
1231321221213
1221332112132
1211121212213
1232113223211
1111223212112
1123122221133
1213331333311
1231213131233
1112131233112
1123323222133
1121323323311
1222312311231
1111223213311
1111123222121
1111232322213
1211323323333
1112233223211
1112223231132
1211313112312
1112113123123
1111213122221
1122131223132
1111223322213
1231131322133
1111223333321
1121212133333
1111223213131
1122321231132
1112212211213
1232322222113
1122133111312
1232111221332
1112221333122
1222322331212
1111223232123
1123322212131
1123312312111
1111213232223
1231232221223
1111222311313
1222233123221
1121332212321
1112311331331
1122223113231
1211312223132
1212311112331
1232331323221
1112123323133
1221231321132
1111223232312
1112123311132
1111122232211
1121133222213
1121233313312
1112211113121
1231133131223
1233232133212
1112233312221
1111223231232
1123213211311
1213331111111
1223331332212
1223213313223
1231233221233
1111223231223
1211122213233
1222112213313
1112133233123
1223333211113
1221121321222
1112221113331
1233212133322
1112212133311
1121233332322
1213332333312
1111121323123
1212112322133
1233123321223
1222212123222
1221222223111
1213112311312
1111231132312
1212232331323
1121231131321
1112321332212
1123322312121
1233321113123
1221112133223
1112112333332
1112111321323
1122232331211
1121233233311
1213112133211
1231331222233
1111112331333
1111233232133
1221123221122
1231221322311
1112333233233
1111121331311
1112132213333
1213313221212
1221111222311
1111121323213
1121321112212
1231122322223
1223111322132
1232231333122
1212122322222
1231323311132
1112233311112
1231322321211
1121222122312
1111223223123
1123323223231
1111231313221
1213213221213
1122313213331
1233223213231
1232222312321
1221122233232
1112212332312
1221233221311
1123221322223
1223311312313
1122312211211
1232232111321
1111221212312
1121311211233
1233333312132
1231113123332
1221223312113
1111212212321
1231222132131
1122133331312
1123112113132
1111212133231
1111221121322
1223223222232
1112132222331
1112223233121
1223211121222
1112112331321
1221211312121
1111223121313
1112323221132
1221113211212
1212331331231
1223313333231
1122123311223
1122122212312
1111233122232
1111112232212
1232223231212
1211133222123
1111212232121
1232111123232
1221313123221
1122232212233
1111223131123
1111212321111
1232223333222
1231332311312
1123221212313
1212131311123
1111223131213
1233222333121
1112223122133
1123131111333
1123112122332
1112213221233
1123131311212
1123122313212
1122322231113
1123322311221
1233131222332
1221112333111
1222112211322
1112232322311
1123113132121
1213311333111
1232121121112
1121312212323
1211322111212
1231212131311
1232322122123
1112211322323
1111121222321
1212122121113
1112322232223
1122221111231
1213111311333
1233312223231
1212313233311
1223132333221
1123233311321
1112233222322
1112233211232
1232121132312
1211221232221
1111233233312
1111213133313
1212133111213
1232231213233
1111233131212
1232111223213
1111221131332
1211121133231
1111221213122
1121111222213
1123231121223
1221223133332
1111222313113
1111111233333
1122213213123
1232232112311
1211321113213
1223311213331
1121322232322
1221131112111
1231112331233
1112133131212
1211333212133
1121223312312
1112323132122
1122213133221
1111212321122
1121213113321
1121321223213
1112323113332
1233213323331
1213221112112
1121222321133
1122321233121
1212311233122
1232112332121
1111112322221
1111223112331
1233211121113
1221121211132
1111223112221
1111232313323
1212121313311
1112233322323
1231122212122
1223133312232
1112311212111
1211132311213
1111212323131
1123213223121
1111223112212
1111232331112
1122221322222
1213312321221
1232321321121
1121312131312
1112111333331
1223122123131
1112333213213
1232331112331
1121213121133
1121323321313
1211313312222
1213111123123
1123323323221
1232233221133
1123332111332
1111121221311
1112113222222
1232131231221
1112311232113
1211222112223
1112222121311
1123331211112
1211133321211
1213313332121
1121311313212
1111223323221
1121221233321
1233232112233
1223221131312
1111231111133
1112321223321
1122313331231
1112122323231
1221113222133
1112132212332
1112211232112
1212231122331
1112323131233
1222131122212
1233112223323
1112313232133
1111231222121
1231322133113
1223331213131
1122112111223
1232313111211
1122222132332
1111232213223
1122221333233
1232112312123
1223131322323
1121213321232
1111112122333
1212332212232
1212123323211
1233312232321
1211123122121
1122213123312
1111213311223
1233212112132
1111221312122
1123231332131
1122331123331
1233112311112
1223312131331
1112232231321
1211332312313
1122211232313
1122323311212
1122112312233
1112221233231
1112121112131
1223222232232
1122121332132
1112123223321
1112112213313
1111212333323
1233323223323
1111111122132
1112322123231
1112113223232
1123111213123
1121231323111
1223222311223
1111121111113
1122232332313
1111231133122
1111223322312
1112213122233
1112321123113
1111212112322
1122121322111
1111233333133
1222112333211
1112132111112
1121313111113
1232111133233
1121211323232
1121211222333
1111231131311
1121321211133
1123312223332
1233213333123
1123313132321
1233113312231
1122122231221
1111231131333
1223323323112
1112333333333
1111122122231
1232312212322
1111222332213
1232132212131
1111223121212
1233331331311
1212321113223
1111231131131
1112312112122
1232132111311
1121111321112
1231223231222
1112131113333
1121333112323
1231123333121
1232333122321
1221331321111
1122123132231
1232321222321
1123233133222
1221333212222
1111213233233
1112232233323
1212121131313
1112331311212
1211231321223
1231333331333
1233211331231
1123321213221
1111231233323
1111112133322
1233211111213
1111213211332
1123313131113
1121321221211
1111212332322
1112231331121
1221322313332
1121313232133
1122123313212
1112332331132
1122222131212
1121312331233
1122121221232
1231332312333
1111112332213
1123312323232
1232332311113
1122222223212
1111231122313
1211313313232
1222231231232
1123231313312
1121331133113
1122113211313
1121231123333
1111221113112
1112332211232
1112112222223
1221132323233
1111223223321
1123331222332
1121111123222
1112232213132
1211131231321
1221131233221
1112313213112
1213323312131
1213111332332
1111121332123
1212312212212
1231123332113
1213313113232
1223111122323
1112331222321
1111221231221
1222222211223
1231131111311
1231223233321
1112331121312
1111221123221
1123212333113
1112332132331
1111212123331
1122132123132
1112312322321
1122223333123
1232232313321
1123313112332
1213221111212
1212323321222
1231131232133
1123332311321
1121311331212
1122222311212
1122121323231
1111231223131
1213212133111
1112212322212
1231331213132
1123221221212
1112321321322
1123112121133
1221223313211
1222222323131
1111112331311
1221132123312
1122213131311
1122223123131
1122131123131
1121231212332
1233212111131
1121123131312
1213221121323
1212332132233
1233211221321
1111232322132
1112311313221
1232223223211
1111231231321
1122332223331
1123122333333
1112231322231
1213223331113
1122122332232
1122231112112
1221232213131
1111231233211
1122122232121
1221222131212
1222333133331
1112232313133
1111233113331
1213231213331
1112221313223
1111231233332
1211133222132
1121333131311
1123312131112
1121331312211
1122331233322
1221211333133
1111231132123
1111213111313
1123322111322
1112223323222
1213133121222
1122211222231
1111233311331
1233233311211
1112212222213
1122213223232
1123223321332
1123231211131
1112332333332
1123112231223
1121311233233
1122112221223
1123221231132
1123113121213
1213323312113
1121332113233
1112123332331
1213332213131
1121212213222
1121223332121
1121321133121
1233332222131
1122113221332
1213322322111
1233213323111
1121133213211
1232211333131
1213121111323
1121221331223
1122113322321
1223323232113
1112312333123
1231311113313
1122122121232
1233213211111
1112233231111
1112313132332
1211322313133
1232213113133
1123213222333
1112212332231
1123122221212
1221131321232
1211321122332
1221211322122
1111231213231
1213213111213
1222211312331
1112121131112
1233212331131
1112333322311
1111212121131
1122221232112
1231121231322
1111231213213
1233321221211
1231313223322
1112323112223
1111223133121
1112212131122
1122112333111
1112212111232
1221321121323
1122213111331
1122311112331
1223131323223
1111212211131
1122123233112
1212123121222
1223111333231
1121233133132
1233312133332
1123313111122
1213323123333
1122231131131
1231131322221
1212311222133
1233212221113
1112332322121
1123231322332
1111213121211
1112233321133
1222333223232
1121211313312
1233333323233
1223313231333
1112311221212
1111212231221
1213212112222
1231322313333
1212232331233
1221332322331
1123323221323
1112311111111
1221211213233
1122333323221
1233221212333
1121333133331
1121333222332
1212213133122
1122231213312
1123321211333
1112122212322
1211133312121
1112131211332
1121323132221
1221333223213
1212211211321
1122221113332
1213212232311
1222123221332
1233222123221
1232311323333
1112321233111
1112112133132
1122231322311
1233113122212
1111213122122
1122322222133
1123221313331
1112323311121
1111231331331
1112123223123
1211323222223
1213312322332
1121331211231
1122233113331
1123231113112
1112232123213
1111233113313
1123213222113
1232113132111
1121123232213
1211121333332
1221132211332
1211133212223
1223122312333
1121321132223
1112122123211
1121321222331
1121113113131
1232322323113
1123133311311
1122123311232
1231111212221
1111213321132
1123113222321
1211133222231
1122321232322
1233223233222
1211112331321
1122313133123
1121221132332
1232233331111
1211213233313
1222212221322
1222323231111
1233121313231
1232321231222
1112113312321
1123212323112
1122222333313
1121312122233
1122232223213
1121222223222
1112321222111
1122112131331
1112321122222
1122223232132
1231123111312
1221322213113
1123331322333
1231223323321
1111231332332
1213211111222
1121212312211
1231121223213
1222123321333
1123232321332
1233323111231
1221112233312
1212311331211
1122123133313
1221132332121
1121122233321
1211331111311
1233133332132
1122213221221
1112213332122
1111221333121
1112313222231
1123322223313
1122231321312
1233221333122
1222113331122
1222312213131
1111231321123
1112122132211
1223333212231
1122122322211
1231333132112
1111231321312
1111231113322
1212311122332
1212312233211
1233232131322
1222312313332
1221231133122
1212323112123
1121331213233
1112311112211
1213121133112
1111112312233
1223213321121
1222122113212
1221131131132
1111231323211
1112322211112
1122232122121
1231222211221
1112212113212
1221323131313
1111123322131
1123313122331
1231112121122
1121221212113
1121223323112
1231123113222
1112221321323
1223322233131
1112212321332
1222213122332
1233212321112
1211123332221
1123311212333
1123322121123
1123113233123
1122233132332
1123221232322
1111222121213
1122133322332
1223312112321
1111112232111
1213132133132
1223221333123
1112311212221
1232123221322
1121332332131
1223123112312
1112123231322
1231321131211
1121321212323
1112312131312
1123311333212
1213231331132
1222132112122
1123222231232
1123221122111
1221331233232
1122322123311
1123123231133
1231322312112
1233331212311
1223121113223
1112111313333
1122112123332
1123212331111
1121321232231
1233113212212
1232112331221
1111232213232
1231123132111
1122122233232
1212321221221
1121311331331
1112222332232
1112222333211
1123132232112
1213313223333
1232233121112
1112222333112
1123132333233
1112233121232
1232232231212
1232232231122
1112312221323
1233212112321
1233123221222
1111221332333
1211231323122
1231311123112
1212322312311
1221211221311
1111111222322
1233223123312
1121233113323
1121322131131
1233123122222
1123133321312
1112313332132
1112232112121
1122223131132
1121223333322
1123321333323
1221212233131
1211211223222
1122312113333
1122232333132
1112332111231
1223123211312
1233223233112
1123321221132
1111231313313
1121231311132
1221213121332
1223111231333
1123232312332
1232113121223
1231232232313
1111222113133
1112333312231
1213311223331
1212213313111
1122212132111
1111121122311
1111231311322
1111233222321
1222333212133
1111232131231
1212122213133
1111231332211
1112221212113
1121321312131
1122321113333
1213221122122
1111231311232
1213213323131
1111231311223
1111231311113
1111233211132
1221333312131
1213113331113
1212212333112
1122312233121
1112223312231
1121211111213
1232221313332
1211233311211
1122312231213
1112113311311
1222232333232
1111121212113
1211123212112
1221232322213
1112131123231
1213212311322
1111233213332
1213333131221
1212223132131
1123231312133
1122332232212
1233211312122
1111112112123
1122123122111
1121213132232
1112211131323
1111222222312
1112211321212
1212332323132
1233331212113
1111233113133
1111211312211
1111233212333
1233312312232
1121213121221
1212122111312
1223122331222
1112333332211
1112122332312
1212111213133
1233322332112
1231232322122
1122223233221
1122213332112
1111211221131
1111121111322
1122132333333
1223133132333
1112111112132
1112132222313
1112312322123
1223231313131
1222121133213
1233222122132
1223332122221
1232112322113
1212322122332
1232331312322
1123112223132
1111231312123
1112223332121
1231313312312
1111221133132
1221223331222
1212132221221
1122122131233
1112333212221
1232221322312
1111233331223
1231121133211
1223313321223
1122222133113
1111211123121
1111233221311
1112213323122
1122121312112
1111211232111
1123233323122
1122132312321
1233223231321
1222231211122
1221232233111
1111112132332
1122311321322
1111212221231
1231211311132
1122222221131
1223122213232
1221331313123
1112231233313
1222123332313
1122333133121
1221211132121
1123322222231
1122323331333
1112222223323
1213121121212
1232122332122
1112112331213
1231111212331
1122233332123
1111213121222
1233232123213
1232112131333
1221211323123
1212311322312
1111213333113
1221311131231
1122131312311
1122132231321
1232133222212
1232321221311
1111233221113
1122321223223
1212313122231
1111233233132
1111222231112
1211232232113
1231132322211
1111213322131
1123213111231
1111123221313
1111121333331
1233122131313
1222131231132
1121221232133
1122322131312
1111233233231
1111233233321
1122331212213
1123331232333
1223133212211
1123321122321
1123322121213
1121111323123
1111231132321
1232321211123
1233222122123
1111112113221
1221233133311
1213321232323
1111123323332
1211233211223
1112213133121
1112133122131
1222123313323
1122232112313
1121321121111
1211321222111
1221231122133
1122232232123
1111232311321
1112231121221
1121223132213
1123223113221
1212123312132
1112131133122
1111221112131
1232232111312
1111221332131
1212211323312
1111221311222
1221131313332
1111233231233
1112113332233
1123333312121
1233313112123
1122213321321
1112213212211
1232222113333
1223122122121
1111232133112
1223333113121
1123113233231
1123121123311
1121121322323
1231212213213
1111231232223
1123332332221
1111232112212
1121331323312
1111221112333
1111223231311
1122232123113
1231122213231
1122331232112
1233321232132
1111233312222
1122311221323
1221331121131
1111112323213
1231231112232
1212212221321
1232132112132
1121121222322
1123231132133
1211211132313
1223332213213
1123223323132
1112323113222
1221223211111
1123312112322
1221211113331
1221122233113
1212221331132
1122313122132
1211311233121
1112231131123
1112133123211
1122332112312
1233122322111
1111233313322
1122332323123
1112331312112
1211113232333
1222231232123
1233133332123
1111233313232
1111121322111
1122321213213
1121221322221
1212132311322
1221211122232
1122231212331
1121231321113
1121332332311
1121231313121
1112211113112
1111233313223
1122122231313
1111121233132
1112131323211
1122312121211
1112132123223
1111233332132
1111233332231
1211111111322
1213122221221
1213113312332
1111211131221
1231333222132
1122213231231
1112323213111
1221213311333
1122232231232
1233221312233
1121211213331
1123123132133
1112223313331
1121221222132
1233112132133
1221323322212
1211122213332
1221223331112
1111233331333
1221313313321
1213322112321
1121313323312
1112313232331
1111232222212
1232113223233
1111111232222
1211112122312
1213113131122
1121313312121
1123333331333
1112321333213
1112322221133
1222131333113
1121222113121
1122113122211
1231323133233
1111233323123
1223121222121
1112113312132
1123323112133
1123213133312
1112322221122
1121322113232
1122233231121
1111233323231
1111122312331
1122121212311
1231222331121
1233233111231
1112212221131
1112232333131
1121322121222
1121121331123
1112122232122
1221222122322
1122232213113
1112221132323
1123231133231
1231122113311
1111233321211
1111212122231
1123213233311
1213313332332
1123132122321
1122122233322
1232133321232
1112232133133
1122311331121
1111121211132
1112112213122
1111121222213
1122112311212
1111212233113
1112312313222
1122223111222
1121231213113
1111211313333
1223233321231
1111121231233
1122223323212
1223321333313
1122213123231
1233323132221
1111232212112
1213133112332
1122222222321
1212223313112
1112123131132
1231121312113
1232111311312
1213332312113
1111233321112
1121232332222
1123322112213
1222231312333
1122113233331
1231312131222
1111233132222
1112231122211
1232123322331
1221322223123
1112323232332
1111212131332
1123112211313
1213232311331
1231133121332
1232122313222
1211132211122
1122221131332
1112123123223
1223132312233
1112313312112
1111212231122
1112121223233
1122232113231
1231321223121
1233122212232
1121313323321
1123313233211
1232112232333
1212113323212
1123321111213
1123123221132
1223113312313
1122331123313
1232231113122
1231213322323
1223311232222
1111122132331
1121322233233
1231123122123
1212131331332
1123321312111
1233213233212
1112312121331
1221223232231
1111223123223
1112212122322
1111233133333
1121221133232
1111213223322
1223332111221
1111233133223
1233133131313
1231113221113
1111233133131
1123233231311
1231231311332
1211113333113
1123131232331
1232122113321
1223311311233
1122211333122
1111221133123
1232232313213
1212312231132
1222131232322
1231311131212
1232213313113
1112333111313
1232222221133
1111231223311
1213212232131
1111232322231
1212223121313
1121112112113
1123213312111
1233332213221
1112131231231
1233331132233
1112131333223
1121232333322
1231133212133
1123131111232
1221233133322
1111232321333
1213111311232
1221122131222
1233333121121
1111232233313
1121221221223
1112211333323
1123321333222
1213221133313
1221313131112
1221121132323
1213231123331
1111233122322
1111233123112
1222121232222
1112231312223
1111233122113
1223213111223
1123333311212
1222323113211
1233323231133
1233112223211
1212311311123
1123111133212
1112331321332
1123121112133
1222232211211
1222211232222
1111121311313
1112222121113
1111123232223
1212122311222
1123133233332
1122221323333
1233111132323
1112133311313
1123231321133
1232311122312
1112323233333
1111233131111
1111233113221
1121132122112
1122231213213
1213223323321
1122332322331
1111211223313
1222323213133
1232113332131
1123211321131
1232332323222
1232113312313
1213323123322
1221313321331
1112113132231
1111232311231
1123232311221
1111232313211
1231331112332
1123331313331
1232131133231
1211232122212
1232221123232
1123212111221
1213212221111
1221222122232
1222231112133
1112121111321
1213323223312
1222312112221
1231311233123
1232322332333
1223323311113
1112333232322
1112331132211
1233121312221
1211112222223
1121332121232
1112231112122
1232212112221
1221311213322
1111213232113
1232232311332
1223131123313
1123112213322
1111231131322
1211323112131
1223233322311
1112321331222
1221221221321
1122111231122
1111232313121
1112131133111
1121123213131
1121231331211
1231112133112
1221221111132
1111232312333
1122213222211
1213312322233
1213223213332
1233121222232
1123112313323
1232221231322
1123132213111
1223123322122
1123222231322
1221222313113
1123213322332
1122121323312
1232313223231
1123323312223
1112111321233
1223323212221
1222221221223
1111232312223
1123333221113
1111223312223
1211332123212
1122133211311
1112323221123
1232223213212
1122221312122
1112311131131
1112312123232
1123213211113
1112212312222
1232233223223
1121331112132
1123123123331
1112312333312
1122331231331
1112233131112
1123131332321
1121232223131
1112222131332
1221131213223
1111212333233
1232221132223
1231311233312
1121222232121
1223122323331
1122332221311
1122112121213
1223331122233
1111232322123
1233132332212
1221132212122
1212121232133
1221123231321
1111232322312
1123123232211
1212212113222
1212121131221
1112221231222
1232333312221
1122223132232
1112312312333
1231212133313
1121231131123
1233131232232
1123331322311
1122223123322
1223211331122
1231122123321
1232222232113
1232111313222
1213122113333
1121223331212
1111232323133
1212213312231
1231233331211
1122121133333
1223111332313
1123223333221
1231212122313
1121332312111
1112222113222
1213213321212
1123112111233
1112133123233
1123333322331
1233322331331
1122113212332
1232131223112
1221231232113
1111212112113
1111232321232
1221112213233
1211133221131
1223322313132
1121321121331
1233121221231
1111212133321
1111222212131
1111233211231
1112323231313
1231212112121
1121223333311
1232321131221
1221333213223
1111123333113
1122312221111
1211112211322
1112231133332
1111232333321
1222122313131
1111231332121
1111232221121
1211111333331
1123333122322
1111211322111
1223213221223
1111213221313
1121122212311
1121332223112
1221231312132
1123233323133
1111231333232
1211211123133
1111211231112
1111222113313
1111233311111
1123111332112
1111232332122
1112131133212
1233232111122
1121131333131
1112213232132
1111232111121
1122132111212
1231333131212
1232323122212
1112121332131
1111121232111
1121132111233
1211123232321
1111211231211
1232132313232
1111112133223
1112211122213
1222233113323
1231332322231
1123223322212
1222232121211
1111232332221
1111222222231
1232121121332
1221111221321
1112132313323
1122221311112
1123212221212
1122222331113
1112113111212
1111231333113
1123221222121
1123112111211
1123221321231
1123212211112
1122131112122
1122322332111
1122133131332
1122221333222
1232113222223
1112312231131
1111232211331
1111232211221
1223312312211
1222321321333
1111222133311
1231331112211
1123321233223
1112232132321
1222333322113
1121121223222
1111232212211
1112332332113
1223321331232
1112221213222
1211321332331
1232312331223
1213121133323
1121232232322
1231132222311
1112322332233
1111212233223
1112122232313
1112121331321
1122232131213
1222131221122
1123212213132
1112331121123
1232212232132
1231113323312
1232311332232
1212331213212
1223322231221
1221222132332
1221213132231
1122312111111
1122322323331
1123133322223
1223323333333
1123233232312
1112312321131
1111232212332
1123123212132
1112133133333
1112221112321
1232321122131
1112321332111
1111223313121
1123211122323
1222113231231
1122323333122
1111231312132
1121311322333
1112132333132
1121113112222
1233123113312
1122121222312
1111223223213
1212133311222
1111232232213
1232132311331
1123132323131
1231331312123
1111222333313
1112122222132
1112211123122
1111231121112
1112231133121
1121221222231
1111232231232
1232231222213
1213213111231
1111232231131
1122323131122
1112313333313
1223333132221
1121112212321
1231112311231
1111211312233
1121132212112
1111232222111
1122112113313
1111111121223
1233233112232
1111232222122
1111112313223
1111122333332
1111232222221
1123132311112
1112312111222
1122331112223
1112113113333
1212123223113
1111122332322
1121223212111
1233311233112
1233331123222
1111212232332
1121123132223
1112132331222
1122122321221
1213213221132
1121332312133
1121213133233
1231132211322
1231123231221
1112132331112
1223332222112
1111232121111
1122311333132
1232322232121
1213213122312
1222333133111
1121213213131
1233121321221
1112233232211
1111123322333
1112313112213
1111122133132
1122331132133
1221323112132
1111232122121
1231232223221
1122112322331
1212332112213
1122223212222
1112323333222
1121223321213
1232322311211
1231333231222
1213113222312
1111232131213
1223331332122
1122223331222
1111121311122
1233113112323
1221212131121
1213123113233
1222322321132
1112321133121
1112122313322
1111232133222
1121133333221
1233312231311
1123322312211
1221112311212
1123112331112
1111232133233
1213123321313
1123121313332
1112131213132
1231111322333
1213333311122
1212231221331
1232121331313
1221131133332
1112222111123
1122322311123
1122111131332
1121123133233
1223232221132
1232121112233
1232333112311
1212311131321
1221313322112
1211132322123
1112321122211
1112123123311
1222311121222
1123122213213
1111232132232
1121323321221
1112121223121
1233323321111
1213122113232
1121311132213
1221211211123
1111122331321
1221311321333
1212311232123
1231132231313
1123113121321
1111232132223
1211333121222
1123123213212
1121221221322
1233221313333
1111232132113
1121312322132
1233212132121
1111233311221
1122223121331
1112223323121
1233111121132
1121323312212
1123133113113
1122112222312
1222232313133
1232212212121
1223221132223
1112323112333
1122111121223
1112331321112
1112131122212
1212131232132
1233322313331
1221121222132
1121211311233
1121323321212
1223333222322
1112333221212
1121221211132
1111111212321
1122232222221
1231123311222
1211233223121
1212132331331
1111213232322
1221232222212
1111223113321
1123223321323
1221332231121
1123331212221
1112331331322
1122123332332
1111232111211
1121323211113
1232132133311
1112223331313
1221123313313
1212233133232
1222311111122
1121211232211
1111112332231
1221212111231
1122111233232
1213333211312
1212323131221
1222312131132
1221213211112
1211131233211
1112332313123
1123312333121
1221212211232
1123223323321
1122111123313
1231212221313
1213321232233
1232211222222
1122133132111
1233123211221
1212113113123
1121231133112
1212123123213
1221211212223
1111213112222
1122331122132
1221213231123
1112332113233
1223213321332
1122233312233
1211121113112
1121233213122
1111223221121
1232313121122
1123332133332
1111222332123
1233231131321
1221132112211
1212211323213
1212212323223
1212321233323
1112232221331
1122323221223
1121321332111
1232133112122
1233212222231
1112313213323
1121322112323
1111213112233
1233122232221
1221323323213
1123123311332
1111213112121
1111213112112
1112233122231
1122223332313
1211322323323
1212312222211
1232332332112
1112331322331
1223223111231
1121131112323
1231312321221
1213311131212
1123212323211
1112123122121
1212313312133
1111111222311
1121121333211
1231311133333
1221211321121
1233113312321
1122231131311
1112312222212
1223132233312
1111112211312
1231222311213
1111213133331
1233113233323
1112132322213
1232113222333
1221123233222
1222132211122
1111213133221
1211331331113
1112133223133
1112132123232
1121311213132
1123233313112
1213132312313
1221223111332
1112333111122
1232133223231
1232233313133
1222221331322
1221312332222
1123322332231
1123231121333
1111121231112
1121113313133
1121333233323
1232221233313
1223113222311
1111221322233
1123232311122
1111213131113
1211321312322
1121233312133
1121312222133
1211331213233
1122331131332
1232121322232
1233123322321
1232131332232
1111213123132
1122332231112
1122231131333
1112223211121
1212113231131
1123111122331
1111211123323
1111213122313
1212313223121
1223112131232
1111123113311
1112313213222
1122112231332
1111213311322
1123223112213
1232333221321
1122211311331
1231131112321
1222131332332
1111212112333
1112122131212
1112332133321
1123233333213
1221213122221
1123113312222
1112111332213
1112221233123
1121132211313
1213233112111
1122231221313
1112212213112
1111213121323
1211122111311
1123333133131
1123112132131
1112213211212
1112223231213
1221132111111
1232313123322
1122323121312
1123121133112
1122122211131
1222113223232
1233213121133
1232113131222
1121121111123
1222323231331
1111213121121
1123213231111
1122323123332
1212331333222
1112333122122
1123221211222
1112313133223
1231322113111
1123331223223
1232223311233
1121132233212
1231221331212
1232333233333
1223323121112
1232213132211
1112222233311
1122122312212
1112223232223
1112121233223
1213132321212
1233111212131
1223332113311
1111222112132
1121233332232
1112112221132
1111213212122
1222232322223
1232231122333
1221311331112
1111213221331
1211112332232
1112233212321
1223313321113
1121113332332
1232122232123
1121222112333
1122131312322
1112223313221
1213132232121
1232222312213
1232312213211
1223313112331
1111122221132
1233122222231
1221311331233
1221131331323
1111231322113
1233132311132
1223223313213
1112213222212
1112133322313
1111213223113
1123132221312
1111211333331
1112233132212
1213223131331
1123221331122
1233111323231
1112312132113
1221132133221
1221232212323
1123333333212
1121123213333
1121311332222
1111213231231
1111112212333
1112222113332
1212312313313
1112222332131
1112223223311
1111213233222
1111231121332
1111213233332
1222311121211
1121111132323
1112231313323
1221311331121
1121333231321
1122133211223
1232223133312
1121223333232
1221332121132
1232311121322
1211221321332
1112131113131
1111213213321
1112121133312
1121133112321
1121132213311
1122111312331
1111213213312
1213221322131
1232311113233
1231323311123
1213122133133
1233221133131
1232322233113
1112122133131
1223232323322
1122233333331
1122233322212
1112223313133
1111213331122
1111222311212
1212332211123
1112311221111
1111123233332
1221212213221
1212221232121
1123311232111
1122231322223
1121311322113
1233311213321
1122221123122
1111232122112
1111211213323
1233232333322
1213122311311
1111222111333
1111213332222
1123133221313
1211111112231
1112333132321
1122123231132
1123211133211
1212211211231
1123332221112
1111223313112
1122232321333
1233332211232
1111222233312
1112122132222
1232132313322
1221322121221
1112311132213
1111213321123
1222131222222
1111213321213
1122333113321
1123231211223
1111122331123
1121322121121
1123312131211
1233111322221
1121232222222
1112111221223
1112113333223
1233222312122
1221232112133
1111213321312
1122333122323
1111213323233
1212211221333
1121233311233
1111213323332
1223111222331
1111213322333
1211331213121
1231313133313
1121212232221
1232332121323
1123122213123
1122332313311
1122121213121
1121122222321
1123221213132
1232211211233
1111213312213
1221231121233
1112221232331
1221222133113
1221312311113
1122232131123
1232333212123
1112313113122
1212111312212
1222113322232
1111223123232
1111213313133
1221322122121
1233322211222
1221212122321
1212321223223
1122222232212
1213213211322
1123313131311
1221132131322
1212221331321
1112332322332
1233133323312
1232131123212
1211222333332
1232322231221
1111213311311
1212332131221
1123212331212
1212322313112
1121222323333
1221233321323
1121321133233
1123321233322
1232121331212
1112112132122
1211121132331
1122213232322
1111121233312
1121111211231
1122223221112
1111122233223
1221312222222
1111212123313
1122311231311
1213322123222
1111221221213
1233223122313
1122112123222
1122322323111
1232232121223
1233321123131
1122222321222
1222313331333
1121222312313
1112323233113
1233323212312
1212121221322
1122213231123
1111123212221
1112213332212
1112331213112
1213312323131
1233312133121
1111212111213
1232121221212
1122332132323
1221223223213
1121331322331
1231122133331
1232313132311
1111122113222
1111211231233
1232222311223
1111212113121
1112311332222
1231333332123
1222221233321
1123233131321
1122322122211
1212131321311
1112321131312
1122222313311
1233212323312
1213231111213
1223121323121
1221133213122
1112231312311
1111122332311
1233133213233
1111223121331
1111212122312
1112323321331
1222312122233
1123332112111
1112132113213
1233213221332
1122222232133
1233233112131
1221213312213
1211121121223
1111231331133
1212212332311
1121221222213
1232112112323
1111212121333
1232322131332
1231211122323
1123121213311
1112333332332
1112111131133
1211231121221
1122113131312
1122231223223
1111232311213
1112322133122
1121323122213
1112311122331
1122131332122
1112131331111
1123221121121
1231222131213
1213311331223
1121233233113
1112213322321
1112111113212
1112213312311
1221111213122
1212132321231
1121331233132
1111212322222
1121332311233
1122311123322
1122131211313
1232322133213
1122133122123
1123321213111
1112131133221
1232223312122
1111121123323
1222331213332
1112113131322
1122132233323
1212311213113
1121122221232
1122222311313
1232212233221
1222123321232
1232121321123
1223321312121
1111212131233
1212333213322
1123333322133
1233112233333
1111123333223
1121331321211
1111212131323
1111211321121
1121323321122
1123331233222
1112323331132
1232323232131
1222112311222
1221131331332
1112311333232
1122222222132
1232333321111
1211313123332
1122313332223
1111123113232
1112113313313
1111212131121
1121122332132
1213121321322
1122121321323
1122233133131
1231131333313
1123111131333
1123232132211
1232112132231
1213221131223
1123223123233
1123312133321
1233232321321
1222111211321
1112121132313
1232323323332
1231222322321
1111223111233
1233122311313
1232113312122
1122222213233
1233113132231
1211322132312
1112333121323
1231212113322
1231322333122
1233231322132
1122131112221
1223323332211
1122112331113
1123331231213
1233322131333
1211113111331
1223232333211
1231132321122
1112321321223
1112111113221
1221212222113
1111221132212
1121233332223
1112223131333
1223132231323
1123113113133
1121331111232
1122331323333
1112131131333
1112211323333
1213211133222
1123233312333
1112222111231
1121112312313
1222232133331
1232323311311
1122322123232
1212332331131
1233313323231
1232323321231
1233333331221
1112313133113
1213331123123
1212133312133
1223323332332
1222311223311
1222331131212
1122322231223
1112132213311
1112311112332
1222322232223
1111212331231
1112123111211
1123213331231
1111212332311
1123111321321
1232323133122
1123233212222
1111212332333
1232322121131
1112223113131
1111212212123
1221212321111
1122333233111
1121312331323
1122231122111
1211231231113
1111222313223
1231111221111
1122232332133
1222313322313
1122131211212
1112312212332
1122211333133
1231311231323
1123211112212
1233213122222
1213321321313
1112223331122
1123312233311
1213311221333
1122112331311
1121131221331
1213212231132
1121221111113
1232322121113
1222212223122
1111212312313
1112211312212
1122211313113
1111221112223
1111231313331
1233222231212
1211323312313
1111212221321
1111212231212
1233322333223
1212133213133
1222233211232
1121311323112
1122313211333
1112322132321
1111222112321
1233232331331
1222323121113
1123333221232
1111212233333
1232133121221
1233322313122
1112223121233
1122211212113
1121233111213
1231212212111
1212121121321
1112221232212
1231312212213
1223222211323
1123231113332
1232122223231
1111121113331
1223122212222
1111221232332
1233213233331
1231323312131
1232221313233
1111212322233
1121233113233
1222223113311
1121321131123
1221322321333
1121212222132
1122222121321
1211222113211
1122213223311
1112123123232
1233132323221
1121231221211
1112331131111
1121212212322
1112113233211
1123322131111
1232221212121
1232113322332
1222121131112
1122313321212
1123313123213
1231112212112
1122233233312
1111211211231
1121121132122
1112131311223
1223122131231
1123332113123
1123211323331
1111123123132
1112131321231
1123221123321
1112122332213
1221233213112
1212122321133
1111212213313
1112113133122
1231213333233
1111212211333
1222113133331
1111222232122
1231133312213
1111223113312
1121232113131
1121331113111
1121112223323
1213212133221
1111212211232
1111212111321
1233121221321
1122123333113
1122132223311
1122221112113
1112112231111
1122133221312
1231323321322
1122133232233
1111122311222
1213232322212
1121123132333
1111122112131
1122311131312
1231212231213
1211213331222
1123312121113
1221123233323
1111211222132
1111222322122
1231212311311
1121121231313
1213212222222
1111213113131
1232121123321
1111211213211
1223221232312
1112221113212
1121131132321
1211322322113
1213311323321
1212111122231
1122323211123
1232323211211
1231221122122
1111211221322
1221313331132
1112221211123
1213113111322
1233121123313
1213323311132
1232311113121
1222311133212
1111211233231
1112122123112
1122333223213
1122113333312
1111211222312
1111232123223
1223123222132
1112213321322
1112133223313
1231323321311
1233313323132
1121231232123
1121223112332
1122121232331
1122131213311
1223123321112
1123211321232
1233211112322
1123223111223
1221222213112
1121122221322
1112231222221
1122321321312
1121132123131
1222232212313
1112211213111
1223312113313
1122311313121
1112331331311
1222131321312
1221221112223
1213232231222
1123113122113
1111211313322
1211213312131
1212123121323
1112331211213
1122111132122
1112111321121
1112122323312
1111212123221
1111221211223
1111211313223
1121221133322
1221331213221
1112231112111
1112231121122
1111122123111
1112221312112
1123111333131
1122123321312
1212131121212
1122322321322
1121333231312
1221333132322
1112221323123
1122111222131
1122133231122
1112221323213
1112221113133
1121312121111
1112221322133
1221122221321
1221221211223
1221211213211
1123221312321
1222133313223
1221331211322
1123323232321
1231112321223
1232231222123
1223313231113
1112221322122
1222233112113
1112221322331
1111121113212
1122132333322
1123132133312
1233322132321
1122212132122
1112312223312
1112221322313
1112222232222
1112221321332
1112211312133
1231231113222
1122113311123
1123132131222
1231322132222
1123232332213
1123112213223
1112333212111
1112221321112
1111222121132
1112233221312
1112221332123
1211321133323
1112222221312
1121221312121
1212333232312
1121313312332
1112221332132
1112123332221
1233322331111
1211221211213
1112221333212
1112332322323
1122132122221
1111223332111
1213112123322
1233313221223
1112221331311
1231121231131
1212213333232
1122323221232
1123311112312
1232233322131
1122222121213
1223111322213
1221223113132
1122231221221
1123111231321
1112221331223
1112221331232
1112221331113
1211223121323
1112221131111
1112221131133
1123222213232
1112221131122
1112322322311
1213121233111
1122232321322
1112221131221
1233321331121
1213132121322
1122323333212
1112221131212
1123311221311
1123112231322
1221122123313
1122332223133
1232323222211
1112221131313
1123331313133
1233323323322
1122331122123
1112133311133
1122123122133
1112323311211
1122222113212
1121221221113
1233211111132
1112221133232
1121232221313
1122322133112
1112212131221
1122111232112
1232323121332
1123222322321
1112221133131
1233212112123
1223311133213
1122331231221
1231321132212
1112313122333
1122131132311
1211223221313
1221233111113
1233232111111
1112132211122
1121331113331
1123211333321
1231323322132
1222312333123
1231223112123
1233122323123
1112333131131
1232322333121
1222222123331
1121313333122
1112221132121
1122221131222
1222131331221
1121231132322
1123123132331
1233111332231
1112213331222
1122333132333
1221221121232
1122112233123
1222323311332
1221121322122
1112311131223
1231122221122
1112221332321
1122213123321
1212233113212
1122222312211
1232233223131
1232122223321
1211122123332
1221332212232
1112223212212
1231133312123
1112232232113
1232331321322
1211232313111
1112221121213
1231123333211
1223322232332
1112221122322
1233131211233
1232221123223
1122112231222
1111211313311
1111221133231
1221112121123
1223121333322
1223231332231
1111223233111
1112221123233
1112213313112
1233211211131
1122313322112
1112221123323
1111212323223
1112222312221
1112221123112
1122233313311
1213131231112
1233321133323
1213131123222
1112221112123
1212311213232
1112221112132
1223323212133
1232332221133
1231223113122
1211323213212
1123311332312
1211332211223
1223322121333
1123313111133
1123232331223
1231133113223
1231312222311
1112221112312
1121323221312
1121131111111
1211312111323
1111121221232
1112221112231
1121313223122
1232312122333
1221233212322
1211312112331
1123231123331
1123121131321
1122321112233
1112113133331
1112221113221
1123223333133
1112221111223
1111233313333
1213233132131
1222322332323
1221132133212
1122313131211
1112311311113
1112221111232
1212332122131
1232223312212
1121312131231
1111212221312
1111213113333
1112232111133
1233321231311
1112212312332
1232121121211
1232131122132
1122133213212
1222213323111
1112232111212
1223223322211
1112232111331
1121113132231
1123121233122
1112133121213
1211213332313
1223121233323
1112232113131
1123211133323
1112232221313
1121121122123
1121321231223
1122333211111
1112232112211
1213133133111
1122111221231
1231331131113
1122123112332
1112313321211
1123213312221
1213321121311
1231223121231
1222131323121
1112232122221
1233313111311
1123313312312
1123132111123
1121332331123
1112122132332
1111223221222
1231333321222
1232222312312
1112232122313
1122223121221
1112232121233
1221113231322
1233113112121
1123131223331
1212122212231
1112232132123
1231223232133
1111122121131
1233212312112
1112232132132
1121133132222
1121212232111
1112232132231
1112232133212
1112232133313
1112123233313
1123322211321
1112233222333
1232122133222
1232132312323
1211112312122
1112131132213
1112232131333
1112232131232
1123212111313
1122323111322
1121113321231
1221111332131
1121322123123
1111123222323
1123333331311
1112131123321
1123333213332
1112232331122
1123231112223
1112232331221
1221222111322
1213332131123
1231312323333
1112232333311
1233231111112
1213112211122
1112331121132
1121232323233
1112323122213
1112233121322
1213211122323
1231323221211
1211122321332
1222311132132
1112232333232
1122321213123
1112331222132
1112221123222
1112121211223
1123223221333
1112333313221
1233112312221
1213222332313
1112232332121
1211322113113
1222323111123
1122111132133
1122311222122
1121233332131
1121131321321
1231321121311
1121221212131
1232331222221
1112232321132
1213121321113
1111232112111
1122122323131
1112122223133
1123113221113
1222131131223
1122212211311
1233212122232
1112232321321
1232212323331
1123112331323
1233112112223
1232131333332
1112121122132
1223331131213
1221213221122
1112232322333
1123121211212
1122322331222
1123313312123
1123221313111
1232233231213
1221313221312
1112232322223
1112333221111
1121211331231
1122221331312
1123212132321
1121332321313
1211223331331
1121333333333
1122131132113
1122221131211
1121212333221
1112232322113
1223322221321
1112132212233
1233232112332
1222322133212
1232222121323
1121211231331
1112213223132
1123211211221
1233223311232
1231232113331
1112221122223
1223311123212
1112232323233
1221231313122
1222321132232
1121332331321
1112232323121
1121333133111
1212131322231
1123322113111
1112232312123
1222331223212
1122322312232
1112232312231
1112233332322
1122323333313
1111222312112
1121232222112
1121322111111
1231231112322
1232123221232
1121312211111
1112232313122
1221113131312
1221321123132
1123333222312
1233322113131
1112132322312
1211213123223
1112232313331
1211131212133
1212133123313
1123333312211
1112232311311
1121312231333
1112331322221
1112113111111
1212221333112
1122333321223
1122213133111
1221333311231
1222112222131
1221311311231
1123333232221
1112232221111
1112322233332
1111112232133
1121331311313
1122113111323
1123132311121
1231323332122
1111223233313
1221121133223
1112121111132
1212312311223
1221212123313
1121233211232
1122322211221
1221312132321
1121111131212
1112232222332
1111213212331
1221223112313
1112211122231
1112231132311
1221212123122
1112232222112
1121123233122
1111213333131
1112111133322
1122122123221
1112232231132
1112232231312
1213213311121
1222233232233
1121311231321
1112232231213
1112232232311
1112232232322
1233321311123
1112232232223
1213112322312
1112232232232
1122211322313
1112232233233
1232133121133
1122122233131
1121313321112
1122112221322
1121322213132
1211113313133
1221122123331
1121332133231
1112232233332
1122232111233
1112232233121
1223122321311
1123312113323
1223111331112
1223123111333
1231211223213
1111212321331
1211321111121
1112232213321
1231112221112
1232111221121
1222233323322
1221123323112
1212312123213
1121222131211
1123311332213
1112232213312
1112232212111
1223222211211
1112233333323
1231323132223
1112232212133
1123313223322
1112232212221
1121311312231
1122212212123
1231213323113
1123112213333
1233121331132
1123321222232
1122232323331
1112232212313
1123311111131
1121221213332
1233311112211
1121333313221
1111213111133
1122323322111
1231212321123
1122213323222
1233313211231
1112323211311
1221112121132
1212131223123
1121311221111
1212232121221
1112311322131
1111211221113
1112323223233
1123223113122
1121323232233
1112333233211
1213121111222
1121232121332
1223321223111
1112233111213
1122312321312
1233331333122
1122332131133
1122113221323
1112123212222
1122111112113
1112233112333
1223212131312
1231322121312
1231113131331
1112233112232
1233212121132
1123111121112
1233332331312
1232333312122
1233111113122
1112212223313
1211211131121
1222233223222
1232313212211
1111112323132
1112233113112
1221332223111
1231232311221
1231212222233
1122211321332
1122133112232
1112233113211
1112233133132
1122122212123
1233313123112
1111213213132
1123111112211
1212322223312
1223213132121
1122323233123
1232321311313
1222331131133
1112233132221
1112313223122
1231321112311
1112233133321
1112233132111
1212333322123
1221232231113
1112233132122
1231213233223
1122331132331
1211313133223
1112233132313
1211222323333
1121311212111
1122323113111
1233322333232
1221212223233
1112233131233
1122122233113
1112233131121
1231332232231
1233333213123
1222311221221
1123331121233
1112323322211
1222333121112
1122223132223
1232133213333
1221113321223
1232311111132
1112233122132
1112321322123
1111211312121
1231221331111
1222113232223
1233133112312
1112122221322
1111222223122
1222332132111
1221221131121
1122112111322
1122231112211
1122321223232
1112233122321
1112132132232
1212233312233
1121123111211
1231211212121
1121232313212
1122322213311
1112231322213
1112233123133
1233123332122
1123331312213
1121231112212
1112323132111
1122313232211
1212331112223
1112233112322
1123221312231
1121113233121
1232133213322
1112233123221
1231313231132
1123231231111
1123233111211
1233221331333
1221313122312
1112333331133
1123122133122
1222221111311
1111222231211
1122312232113
1112233123331
1233313223221
1233321332331
1112233123313
1222212332231
1112123211221
1233221233132
1223313132113
1111212223233
1112222313231
1221333123232
1223133212233
1232312313131
1123212113311
1211221323231
1121113332121
1122123222323
1232221312223
1112233121113
1123232132233
1121313332132
1123322233231
1223213111232
1123331133111
1112233231221
1112233231212
1232121133331
1122121133322
1112111111131
1212313331123
1212332312323
1123312322222
1111122121322
1112233233311
1232122321232
1111232222331
1211333133122
1123333231323
1112233233333
1212333311213
1112233233232
1213122321123
1123132121131
1232233231132
1112233233131
1232132113122
1122121123211
1212323231121
1112113211332
1112233232332
1233312231113
1213232131122
1221131132311
1112331333331
1122211323123
1122233323213
1112233222223
1122223313323
1213211123223
1123331331313
1123121231131
1121231131312
1121323131332
1122213311232
1231131133223
1233313212333
1122122222232
1122133121113
1211132323313
1212112313113
1111112123233
1212311231113
1122112232313
1112233223332
1123311111322
1112221222213
1121232111122
1231112231113
1232131221213
1112322312231
1233131231231
1121313231112
1112233223121
1211211333222
1112233223112
1233313233312
1121132311123
1122231111313
1122323133223
1112133223122
1122231232131
1122323213222
1123231123122
1233213112221
1223122213131
1111221222333
1122213121112
1231211321223
1112233212132
1223322221213
1111122221321
1221212122123
1231123232332
1233323111312
1112211112131
1122231122212
1122231212122
1233313231211
1123322112321
1231321132111
1232233233121
1112233213122
1221221111321
1211313123211
1222132223231
1112233213212
1212313313123
1223232232121
1112112223222
1213311322331
1221111123313
1222112232112
1122231122122
1231111323323
1212113213322
1232223331231
1123322212223
1123131112312
1112113112211
1213313312123
1112233211333
1211221131313
1112233211322
1123212121323
1232132333111
1112233211131
1231332122121
1111122312111
1122113133332
1122312232311
1122213332211
1211332333211
1213133131322
1231333132211
1233223113113
1112233321111
1122132323233
1123313133122
1112233321122
1233323333211
1112233321331
1122221132331
1232132122333
1212121323321
1123321311211
1222311233112
1231233312223
1112233323333
1232123313131
1213231132221
1122331211232
1112132112111
1112233323322
1121332312331
1213111122133
1112233323223
1213132213331
1121233221231
1231211331222
1233312311321
1123313131232
1112233322211
1222311212133
1222122213222
1122213313133
1112123333132
1233212212131
1122112112213
1223122121212
1233312232231
1112233332311
1112233332131
1112233333233
1112233333332
1122231231123
1121221323123
1232133133211
1232123231121
1112233313123
1123221111133
1211131222233
1121312223132
1232112332332
1112233313312
1221212113112
1112233313231
1122112312323
1112233312111
1232121133221
1112231232123
1112133322212
1233121212312
1122231311223
1213311223212
1112233312133
1213211223132
1223232223121
1121321123223
1112233312122
1232223111321
1121212223221
1212313121232
1121211111231
1112233311323
1121331121231
1222331113313
1221121322111
1121322322223
1122312211222
1112233311332
1232122321311
1111211233321
1112231311132
1213223113221
1232122213113
1111112113313
1112231311312
1211231222221
1231132112311
1121312122112
1112231311231
1121211212312
1112323323113
1122133132313
1122133322112
1112231312131
1213213113233
1112321112313
1112231111233
1231133322311
1222223211233
1122313213313
1112121113332
1121232211332
1213323321131
1122311122332
1112231312113
1222233211113
1122123131113
1112231313211
1222222133312
1123322322133
1121312111121
1112231333123
1223121332222
1122332123112
1122211323132
1233311313313
1122232112331
1112231333132
1121132312113
1122223222133
1211112131211
1112221321222
1231333132332
1121323113323
1223212232132
1121123222111
1223322213111
1112231333213
1123311221322
1121112233232
1112311121222
1112231332212
1221223322231
1122322111332
1232211333232
1123322222132
1112313212322
1122213221313
1122132132132
1121131111212
1222232332112
1121133331232
1112132132131
1123131211312
1221113113132
1123311233312
1233112311233
1111211112132
1221113221211
1121322211323
1121333133221
1121331313232
1112231331233
1121211133213
1233232333223
1122212323333
1122111231331
1232212312113
1123211213333
1112322112121
1232211123231
1112231331332
1211113333232
1112213122211
1112223112222
1223111332221
1121231122323
1233311131311
1213223211312
1121122322331
1112231331112
1112112232211
1221131333231
1111213332233
1221123313212
1112231323122
1231222323122
1111221231133
1112231323331
1231123321313
1112231321333
1121313113122
1232213221311
1122311113321
1121213311213
1123212112222
1233322132132
1112231321322
1213311221322
1223222133212
1221322233111
1122322232123
1112221323231
1232123221113
1112321211133
1112231321232
1212332222132
1112313132121
1123113123222
1112231211133
1212321131223
1232212133121
1122131313323
1122123222112
1222121221321
1121122332213
1121331112213
1112231211122
1112122232133
1112123132311
1112231211331
1223232222113
1222111123211
1112231211313
1232311223323
1112231213223
1123232231211
1122112223313
1212132323233
1212112231323
1231312123212
1112231213131
1112231212211
1222121112232
1121331111322
1233221313223
1111111211113
1231223211312
1212232222133
1232313211133
1221111111321
1122321323121
1231221233323
1112231212233
1211111232221
1121113233323
1233333331111
1122213232131
1233312113123
1231112311123
1111233113111
1232133113231
1233112121322
1112231212112
1111223212222
1112332213221
1231121211221
1112222222311
1231332311321
1112231223123
1213122322333
1221123231231
1111211111223
1112231223132
1112131111313
1212323232212
1232231312121
1123132312133
1221133311112
1121113213132
1123323113213
1111121223313
1112231223213
1211211121311
1123212333322
1211313132112
1123132122312
1112231222133
1111212122123
1112231222212
1112231222331
1213122112323
1233122323321
1123133212212
1232221321322
1211222332232
1213123232332
1123213131121
1222112133123
1232132113133
1231321312111
1112132111121
1212111212312
1221231231321
1221323211123
1211312312223
1123332311231
1123321232323
1123133212122
1212212332113
1121133231222
1123323223213
1211231233331
1112231221233
1232221122332
1123223212311
1111121322122
1112321323122
1112231221332
1222122133223
1111212223323
1221312311131
1223222113311
1122313311323
1212112311212
1231232322212
1232233222323
1121222133132
1112231221112
1213211133112
1232312332321
1213111131311
1112231232132
1121322112233
1112231232321
1112323311323
1232231323123
1223311322222
1221132313331
1121121333332
1223323312321
1232231322212
1221333122112
1222223213123
1231321233322
1213113313333
1233321233133
1223132131133
1222322212133
1123123123221
1112111132121
1112231232213
1233311313111
1223321121312
1221312331212
1222311322131
1112123332111
1212332311313
1123333213323
1232322121311
1211211233131
1112231233133
1221122312212
1231122222332
1211332233333
1112231231333
1122232312333
1222133211321
1231212212221
1231231232332
1212313331231
1232123132121
1221112221311
1123223231323
1221332132323
1123232131133
1112231231232
1123133211233
1123332332122
1221222213222
1211323332322
1112133233312
1122133323113
1112231123322
1233311313133
1112231123131
1213213333112
1112231123113
1211132313323
1112211321133
1221212121322
1112231122233
1121121112333
1112233232233
1221313321313
1221221323322
1231122133122
1123231212123
1231313221133
1222313231332
1221122332113
1122222323213
1112231131231
1223121232223
1112231131213
1112231132223
1112333313212
1221113313211
1111121311133
1112231133211
1212313231331
1212113312333
1222222312212
1121112333121
1121131222233
1221323211132
1232213132222
1112231113132
1213112212332
1121233322332
1232133123131
1221221223332
1211123313332
1111232111233
1121222212321
1121113212133
1112231113321
1231222231223
1212332332123
1121321213131
1122132333223
1122311232132
1213133313122
1221211221131
1211312332212
1112231113213
1233213312311
1222132231333
1121231112221
1231133222233
1213213232121
1233333121112
1112112112322
1122213212122
1232312113111
1221222111232
1122221223112
1112231112331
1221133221213
1122112231323
1122312311333
1231121222111
1122131233122
1122331332113
1112112233333
1232232132122
1121232321123
1112211132313
1233132221332
1123311131212
1123321131233
1123121122211
1122132211112
1232312311111
1232322321111
1213212222112
1112223213312
1123111232333
1112231111121
1112332212123
1121221123112
1112231111112
1213311311122
1123322111113
1223232323311
1112121111123
1112212112132
1112223322311
1223221211133
1123113232212
1231312121131
1112111121132
1233222123331
1231321313213
1111211322122
1221133323113
1122221122123
1112122323321
1122131111332
1212223132232
1221322322231
1221311132131
1112121111312
1212113122211
1112121111231
1123313233121
1112121112333
1232231232221
1211331232111
1223131313321
1232331332133
1112233121131
1221112313322
1123223333111
1212222231222
1232232113233
1232112122133
1112121113222
1112313222132
1221233123332
1112112312212
1221131113213
1121233313231
1111213211323
1213133113232
1212222223221
1122121233312
1112121133231
1123223313131
1123231311112
1112131132231
1222131311113
1122122112131
1121112121131
1232221213322
1232122313211
1212122123212
1112121132111
1231221322113
1112121132221
1123313211233
1122113113312
1112121131323
1112121131121
1112121122123
1223122323221
1231221232113
1111221223332
1112233322233
1123222231311
1122113233122
1221221323311
1122113123113
1121331131111
1122333211212
1221322112133
1123311321211
1231332222221
1212331132221
1231212333131
1213111332121
1222131111331
1122133321212
1121123131321
1213212113322
1223223211333
1233211313321
1111212323113
1232312123332
1233222222322
1123112133121
1112121123313
1212212313132
1123111223131
1121111132112
1211131313111
1233233123331
1112322211332
1122111332131
1211232323222
1123323111112
1231331131232
1123223223221
1123231223233
1122333132113
1221122312111
1112121121311
1121212322122
1233121121223
1112121121223
1233333133111
1111213322232
1112121121131
1213112131132
1231332222331
1232121123231
1121211323333
1122313123111
1111222122113
1112121231122
1212211221223
1222213222221
1221321313331
1123233133112
1111121112213
1211311332323
1112121231212
1112121231331
1222322212122
1122213211222
1122212312313
1123311311331
1223332132231
1112121233333
1123131112231
1122123221122
1123113332123
1221211313113
1222112133213
1123132223332
1123321332232
1211131213231
1122313331321
1222232223113
1112132112212
1211213322123
1222333132312
1112121232323
1213113133223
1111212123212
1112121232332
1232233333333
1122331111312
1233221322221
1213311123211
1232313213311
1112312311132
1121113232232
1121332211232
1233211133132
1233221211321
1112332131222
1121232332112
1123122122313
1112232333223
1123123232121
1122112213222
1231322322111
1112121221132
1123131132233
1233223131131
1233131233222
1221331322112
1231231322323
1232323212111
1233323322112
1232112111133
1221133112131
1112112312221
1112121221321
1112333133221
1112121221312
1112333331313
1112121221231
1123112123311
1122132112332
1233321212121
1112223122212
1112121222333
1211311111122
1212312231321
1232211331221
1123232222213
1112211213122
1112121222322
1213213312221
1122112111113
1121211112131
1111221323131
1112323323322
1211113333131
1231233313121
1211213131213
1222222212213
1112121222113
1212131312113
1122221122231
1123231132331
1112121223211
1213313212122
1222221112312
1233133232212
1123231332113
1123113222231
1222122131133
1233132333321
1213133333333
1122313222113
1122123131232
1123233113231
1123222213223
1111121211123
1112121223112
1223333232332
1121212121123
1223132332321
1231212111313
1122113223321
1212231113311
1123121212323
1222111232331
1222133111232
1112121212321
1213133232333
1121332333323
1112121213133
1223313211221
1232122131231
1221112131133
1222132132131
1123323113123
1222313131133
1122211111131
1121222233113
1122132313122
1212313211113
1112313111131
1112121213331
1121233222322
1112122323132
1223122332221
1122113221233
1231222321113
1223332331221
1222233333112
1112121211322
1223211321321
1122222211231
1112121211131
1121223321312
1112121211113
1112121322233
1122222223221
1122112232221
1213213222113
1233113313313
1111213123231
1123213132331
1123332212233
1112121321111
1112121321221
1223312212333
1121133223111
1112111221322
1223233231312
1112111233231
1112121321212
1231323112313
1112111312323
1221231121121
1122113233313
1212311223132
1123113321332
1122311213333
1111223233133
1213112112331
1111231221122
1231131133113
1212331123331
1112233211223
1123331121112
1112132221222
1213121212332
1112121323322
1223322122231
1121113213231
1232113323113
1112121323131
1112121323113
1112212223122
1112121322332
1232131313132
1222323222322
1221131221222
1232121313221
1112221312233
1231231322211
1232113113211
1212232331222
1122313233311
1123232211312
1213323322321
1223312231222
1112121322121
1122113211122
1212122132331
1111221313231
1231312213331
1231323221233
1112121331123
1122132211233
1213332323212
1123233332212
1123133133331
1112132213113
1112121331213
1232322233322
1122313122123
1232233123231
1123331231312
1111231213312
1223132122232
1222113131113
1121133322122
1112121332311
1213131331113
1233231212121
1212222112132
1122112332321
1111122331132
1121231213322
1223132113111
1232111212332
1123123222311
1111232323313
1121122131313
1112121332223
1123221112121
1221133132221
1221332232221
1111212321133
1111221122123
1222132311213
1111222311122
1121121123313
1232322122213
1112121332232
1213122311322
1121333221221
1213112331332
1123223113313
1231333323123
1121323332333
1232331231131
1223223323232
1122222123323
1221222332213
1112121333233
1122312131311
1122111222232
1112121333112
1212131331121
1221231333131
1112121313123
1111232323111
1223213132332
1121221333212
1232322233232
1112121313132
1221112113212
1232113211223
1221233113313
1223131131121
1112131313122
1233121323232
1231211211221
1112121312122
1122213233233
1112323211232
1112121312212
1223332213231
1122221223323
1122222221311
1123122321321
1121122313232
1221112123211
1123131123233
1223331321333
1112223223322
1122131313332
1112121312313
1112221133113
1213211313323
1122112213121
1122123311131
1213322332123
1231123212123
1112121311211
1123213321313
1212221332223
1231121331211
1112121311233
1121112223211
1232233213213
1123132222232
1121331122311
1122213221111
1232231321121
1211122122232
1112312213131
1122233233132
1121332333332
1123312113222
1212132223113
1212122232323
1222223223311
1112211321313
1122223122332
1213333323312
1112221111131
1233322111331
1112121311323
1231233321322
1112121311332
1213322231233
1122131121331
1212213311113
1112121233113
1112123311213
1231231213111
1123131131122
1123313333113
1231222223123
1122333332133
1112321122233
1122113113132
1112123312333
1111111123122
1232113132133
1231132223323
1122332211132
1112123313233
1121213233122
1123222111332
1221322123311
1212123332222
1112123313323
1221332113313
1112112311211
1123233221233
1233313123323
1121133212311
1122112223122
1112213223321
1112123313112
1213132312111
1231221132321
1221231321123
1122111132221
1223321131313
1111112323123
1112121312111
1122223123333
1121212322331
1222122123323
1221323231222
1121233132133
1121211311121
1232122123333
1213323323122
1213122133122
1222222223222
1112233222131
1111212122132
1112123332133
1232223331321
1112123332212
1112123331211
1232131112311
1121321322231
1121133211321
1233311211211
1111232333312
1122222323123
1221122231133
1111221212231
1211132323111
1112123331112
1112123322123
1111122322233
1112123322132
1211133113133
1233212313131
1211131122331
1111221213221
1112123322231
1112332131112
1112121123212
1211213112313
1112123323212
1112123323331
1122322211331
1123121131312
1112111121123
1222331112321
1112123321333
1231232321332
1111223113123
1213213112113
1221221111231
1211231133233
1123112112221
1112123321232
1123121312131
1121223113223
1112213211111
1122321333333
1112213132113
1112123211111
1121222321122
1112332311211
1123323333312
1111112123211
1112122223212
1211211232121
1112123211212
1231211113321
1112312233313
1112231312322
1112123213311
1232333321212
1232121233222
1112123213322
1223111132311
1122133311222
1112133132211
1112132112313
1112131113322
1231113312233
1123323113231
1112123212211
1123123211223
1112123212332
1221132311322
1212121221113
1123112223231
1222233331231
1112123212121
1112123212112
1112123223132
1211121222223
1232333233223
1111123112121
1112123222212
1112123221222
1122122122123
1233123213333
1122312132123
1222331131313
1233213221233
1232112113232
1231323112221
1111122132313
1112123232123
1231322233321
1223331321322
1122211221311
1112123232321
1112123232312
1232222133331
1112111211312
1112123232213
1233333331331
1211222232211
1112332213122
1111122321221
1221133211223
1123312112131
1112123233331
1223212121212
1232221133121
1213321331312
1233212232313
1112112333323
1211131321312
1112313313131
1212233311133
1233233321221
1123213333323
1231331211121
1233321132113
1111211133131
1122332111223
1122132213321
1112123231232
1232232231221
1112211322211
1232232311211
1232322331231
1112132131213
1232312311212
1211323322112
1112123313121
1112123121111
1233321231322
1121221231332
1211233122231
1123321323113
1112232122133
1231221331331
1122331111231
1112113131223
1121313211213
1112123121331
1111231111111
1213132333233
1123213112113
1122212123212
1221331332322
1123232112213
1112123121313
1111233123222
1112232321231
1112123123333
1223222131311
1112113121121
1122312112222
1112123123131
1212123331111
1112231231322
1122121333221
1112123122211
1222212333313
1233133112231
1221123113113
1231132332333
1221231233332
1222311333113
1112123122323
1212332133333
1112123122332
1112133313223
1231333211231
1123113321222
1232222132321
1112123122112
1121323113112
1123331333333
1232312111113
1121213321322
1222331233321
1111232123232
1223121222323
1123211222331
1122323212232
1223122331121
1112123131231
1212332222123
1222112233113
1112123131213
1212113321322
1121311222323
1231211313323
1221112331232
1123122123231
1231313332112
1231232132222
1221111321111
1112123133233
1232132113221
1222223231231
1122232323221
1112232121323
1211331332312
1233323223112
1222332312331
1122222331223
1112123133112
1121333221111
1122322311231
1112123113132
1221311313233
1112123113312
1123132312212
1233332332333
1211122321222
1123211212112
1112123112133
1112131223131
1123113231112
1232113212132
1221213332112
1211312333213
1112123112331
1221113122112
1233332211131
1211131131113
1123122223113
1111121213323
1122113112122
1112123111121
1123332212332
1123333113313
1221212133132
1122133312111
1112221121132
1112213333123
1231331321231
1231313332121
1112123111112
1112122211132
1123232111333
1233113322113
1112122211312
1223333213221
1233312233221
1222332312133
1122232211331
1112231121111
1112133133131
1112122211231
1232333311323
1232321122223
1212232313323
1123131331322
1222323111312
1122123223223
1232122132131
1121323123133
1112131233222
1112122212311
1122231222332
1213313221331
1232231213222
1123213323322
1221321331122
1212131231131
1222233212123
1112122212333
1122111323322
1112122212223
1212212123122
1122233333313
1112232223223
1112231132232
1112122212131
1122223122323
1123133322333
1221121312121
1213322321233
1112122213112
1123132122132
1211321212233
1122212311332
1112122233132
1123122322113
1233312221121
1121221313333
1221332213112
1221322131132
1112122233312
1211213322231
1112321222221
1112122232212
1231112113231
1123122331221
1232321223212
1123323112221
1122113321113
1111233331131
1211212112123
1232213333133
1123123323322
1122121123323
1122111213212
1112122231222
1122112221232
1111232131321
1121213313112
1112122231323
1112122231332
1213211312232
1123113123112
1211322331331
1232233322322
1112122222123
1233132121331
1221313333112
1112122132233
1223322222131
1112333223333
1211331321222
1112213111222
1112122222312
1122133313231
1122333111233
1121132333312
1111212132331
1112122222231
1122112111333
1213332131231
1222221221311
1221211232313
1112232231231
1112122223221
1122233212113
1112122221311
1222222211232
1112122221333
1213213232112
1112122221113
1211322111313
1122311332313
1211133212322
1212221231313
1223213111113
1112122311133
1121313113313
1112333233112
1112122313333
1121131121233
1232313313323
1122323131111
1222311232311
1112111122333
1222212332123
1232313211313
1232133131231
1221313221321
1222313333221
1122222331322
1222312212233
1233122231121
1112122313131
1121122212113
1211211213122
1231132232112
1112312222331
1213333213332
1231113211213
1231221313331
1211132121122
1112122313113
1222122223212
1222221121231
1112323331321
1121323333112
1122133123133
1112122312233
1121133321222
1123212313122
1112233312212
1231122123312
1112122312323
1112122312121
1233113231231
1112112222311
1213121313323
1222213213232
1122112123112
1112122323123
1221222321121
1111211122333
1221122211322
1112122323213
1212233132211
1223322123221
1111233232221
1111231113333
1212211322122
1122222112321
1122333321333
1112122322122
1121112213221
1222231233212
1112122322221
1111112333331
1221331223332
1112122321211
1123122321213
1233113112211
1233132213333
1121323321111
1112212122311
1123121233212
1112122321323
1212223113321
1121333222112
1231222312113
1232221311132
1213323332111
1121223311113
1212323313311
1123221333232
1233132321333
1112122321112
1122322331112
1213112331323
1112121232222
1112122131331
1123111332323
1233231232132
1112122333122
1122132311223
1123321312122
1112223212313
1122213331133
1232222111331
1222312232132
1122121322221
1112122333221
1123131233231
1221121232313
1123122111331
1122131213232
1233311211332
1123332211111
1112122333331
1122313112333
1233232113311
1211323112113
1122212333211
1112122331311
1223211223333
1112122331333
1222211221312
1122232122112
1123231323311
1122221313132
1233312212121
1122133222322
1233112322233
1122323313232
1121113223223
1233232312213
1112122331322
1123212121112
1231322331322
1112122331223
1123332233111
1112312232123
1232313312113
1213332123223
1123313313331
1122111323131
1112122331131
1233322322223
1221133232121
1232323131131
1112332323311
1112211233322
1112121112311
1222221213222
1112122131221
1122221323322
1112122131313
1112122133311
1122113213223
1232211121323
1112122133223
1233331212333
1123133111331
1233123222221
1112122133232
1212122132313
1233132112212
1211221332123
1121121323311
1112122133113
1123331322223
1121332231331
1213313213132
1112122132323
1112321231322
1233322131113
1231123113211
1212233331223
1112122132112
1112122121123
1233122232331
1122112231233
1222123111233
1121111121312
1211122111322
1123121331233
1231311111333
1112122121312
1111233331113
1122113223132
1112122122333
1121112322222
1111223331233
1121312113231
1112312311312
1121211113222
1123113111322
1232221312232
1122232331323
1211122133322
1212222111232
1122111332223
1233232323332
1123231323232
1122221311332
1212122112232
1221313313231
1231112123113
1112122123222
1112122123323
1212212211232
1222211211232
1232132332312
1112122123332
1213112222133
1221212223323
1112122112123
1221331211311
1121213312232
1233332213122
1123231331213
1231122323222
1231312213111
1112233232112
1123321331312
1232221231131
1222311312312
1112122112321
1212322221233
1121312111233
1123322123222
1232232311121
1112211321122
1112213132223
1233233223121
1112122112213
1122332223122
1122111113332
1112212121132
1231231321212
1111212213111
1112122113221
1112122113212
1213331331331
1231331111221
1112122113331
1221112322313
1222311321213
1212222321222
1112122111223
1123321311222
1112131111111
1231311321233
1121222233322
1232313132333
1112131113232
1123112121122
1213232112312
1112232213123
1232222332323
1121112311323
1121231211221
1122233113313
1232222313133
1121231213333
1111123321123
1112131112222
1122233233213
1112131112332
1223233323112
1232123111131
1122113112221
1211212311133
1233212231222
1233223132132
1112131112121
1211222122132
1232312121231
1123333323213
1232111311213
1112131112112
1221113133222
1122133333323
1123322232331
1112131123312
1212213123132
1112133311212
1232312212333
1112112233223
1222211212213
1221233232331
1121121123331
1112211331231
1122231132231
1212321223113
1221333332122
1112123113123
1231223211123
1231323332313
1112131122331
1233312213113
1212132322131
1222321111332
1123123222131
1123122222112
1232333123313
1112323232121
1122213211121
1123222112212
1211321333132
1112131121121
1121131132213
1122111221312
1112113122133
1233113221331
1221332312222
1221323122223
1122323331322
1112131121112
1112131132123
1123121233221
1112333122111
1112231313233
1112131132132
1121212121312
1111123112112
1112131132321
1121232333131
1231221223333
1111213232232
1211112311323
1233313111131
1112131131223
1112132323331
1211123211331
1121231121313
1121121332232
1121333123123
1231132121333
1111222122322
1122221222333
1211331131111
1122221332322
1213112213232
1123321121113
1112131131113
1112131322322
1233323332311
1121212311212
1232122113132
1121332331312
1231231311112
1123233232132
1112131321123
1112222231313
1112131321321
1223323233222
1112213221121
1112131321312
1122213232333
1232331232312
1223132333331
1112131322311
1112322211233
1222112133132
1112112323131
1111221133312
1112131322223
1112131322113
1112131323233
1231121111233
1221322233331
1122223211122
1121121133321
1211123131123
1112131323112
1112131312321
1232212322321
1121231132223
1233321332221
1213221123213
1112323311222
1112131313111
1123321321133
1231112323133
1232322132313
1122311311213
1233311322232
1233113213123
1112131311333
1221133212123
1213331233222
1121212222312
1232121111221
1231132313321
1221233312323
1123222113321
1232332313212
1112233111312
1111232231113
1121223322223
1221112322133
1233322231312
1122221323131
1122133331231
1123232211123
1123231131323
1222312121111
1112131223333
1122221112333
1122121113111
1222331322111
1122322332212
1212113331222
1112131222323
1123123332311
1232223322332
1123123122321
1121322112121
1112133212322
1121111131111
1212333312333
1222332313123
1112131231321
1121231313112
1123133122212
1112122122311
1233111321112
1232232322233
1233111332123
1122123131223
1222111223313
1232323311113
1221212232222
1122211121132
1112131231312
1213211323133
1123122113223
1112131232311
1112331323231
1123323331332
1222233233322
1112312332111
1122131132223
1112232223333
1221332323213
1112131223113
1232132131122
1212331112113
1122231232322
1212322332122
1223131323322
1231321332232
1112223233323
1112131232333
1231211322123
1121333311322
1123112332212
1231213333332
1112131232322
1211311112211
1232321211321
1121221121132
1122222122322
1123311113122
1112131232113
1123112112313
1112131233332
1212312113322
1233231313112
1112131233121
1122333113312
1233213132322
1231332231232
1232221232132
1112223311113
1123123313231
1122332123332
1122112322313
1231233112133
1233323323223
1112131213213
1233222312111
1112131212133
1212332111223
1233212212333
1212332322331
1112131211211
1222112332232
1122231123132
1231112112122
1112122123233
1212121111322
1231331112121
1123312321133
1232232111132
1122123133212
1232233232232
1232321332213
1122311322321
1122221133132
1221232222111
1123132223112
1112132311123
1112112123111
1112132312333
1123122231213
1123131133322
1112121211333
1112132312223
1112132312131
1232311123133
1222123221211
1112132313332
1233333112323
1123123213122
1111211111311
1112132323111
1213312113323
1112132333231
1112132332133
1222323223323
1121223112233
1122332113212
1123313321213
1232333131211
1122113213333
1112132132311
1231322313223
1123131221232
1112211131112
1121111332132
1122123312132
1112132332221
1122311223312
1122232322213
1121212222213
1233112321212
1212112121312
1112132332212
1121323222232
1122321222112
1212122213122
1232211332211
1122211132233
1111231132213
1221232311123
1122122311233
1212321212111
1112132332331
1231222332133
1233133322331
1121332122312
1123313123132
1121131213231
1233122123121
1112112211311
1121233221312
1232111311132
1222212112132
1221131131123
1122123223311
1213322331223
1112132322123
1233221211312
1112132322132
1111223321131
1112132322231
1112132323122
1112132323221
1211331222132
1213223113212
1121232132213
1122233133232
1222122331232
1122212113211
1112113231312
1232112223223
1123112132113
1111112321323
1112132321311
1123232223212
1222113213321
1121131121222
1122311131231
1112132321333
1112322332112
1112132321223
1213311111311
1222311323112
1211123331121
1232223231122
1121122332321
1231312331321
1112132211133
1112113113131
1123121122233
1112132211221
1222123231131
1232113231221
1112221122113
1221123311131
1112321223123
1111123312213
1112132213131
1112211111321
1112322133313
1231313332233
1112311332112
1231311131313
1121222133321
1111212322121
1112132212121
1123223132323
1212321212133
1112122213121
1211132222122
1112323113323
1112132212112
1211312112221
1112132223123
1211231131123
1112111221311
1121331323321
1221111311332
1212322333231
1221323233123
1232321321211
1122132232113
1223133311213
1122132122111
1111233232313
1123231312331
1112132223132
1112131313313
1121311113232
1122221232323
1211111311331
1213312323113
1112132223312
1232331121331
1122333233212
1112231121133
1112132222111
1123313223223
1112312222122
1223233313221
1121113113333
1233233311112
1112132222122
1231112322132
1123222111211
1122311133233
1223313211133
1112111133232
1112211213313
1212113311123
1111211213112
1122133211131
1232223322222
1123232133113
1221111222131
1213111221221
1111232221233
1111221113121
1211132232312
1112333311113
1112323322323
1122232221211
1233211331123
1121312322231
1212323232122
1112132232312
1231131231332
1112132232231
1221322121331
1112132232213
1223332212122
1223211112121
1112132121331
1221332321211
1112132233212
1233332211113
1123133333322
1222221123112
1122322121111
1122131113213
1231221122111
1112132231131
1211213122323
1231312112333
1212331223222
1112132121122
1233221221333
1211211312111
1223132222231
1122212232211
1231113112231
1231233212211
1121223212221
1111232212222
1221312223232
1112232123312
1112333321321
1221113132223
1111231221221
1231123321331
1122122121322
1213111333322
1221122232112
1122331121113
1122311311312
1112132121212
1112132121313
1211123333231
1122221221132
1112313113221
1231112333213
1112132123311
1112333323121
1211231211122
1233213311213
1111223131132
1212232332331
1123232233312
1123211312322
1221212233113
1231212312132
1112132123322
1122212123133
1112132123131
1213111223333
1111231223223
1233211112311
1223132233321
1122131321131
1112112123133
1123112132232
1121131231312
1122212121131
1112232131131
1112211311112
1232321212232
1222132113132
1231222333123
1112132123113
1213333231211
1123211213232
1231331123312
1123122312123
1213211212211
1231331232333
1222321232321
1122211223313
1122221132133
1231112321311
1212331223112
1112132122233
1121312121221
1231122312123
1231322212322
1122211211123
1112132122323
1112322321312
1211131112112
1112132122121
1123131221113
1231311333122
1231111133111
1112211111213
1232311113222
1223113322332
1112132131231
1112223222121
1121211333323
1221331331123
1212122321331
1222233123111
1112132132333
1123112232132
1123332311132
1112132132322
1212311213322
1112132132113
1112132133233
1112132133323
1213133311322
1123121311321
1112132133332
1112132113123
1232113313132
1112132113231
1121212221113
1121113312231
1112132112122
1212313132111
1231123112232
1112132112331
1121233322233
1231223321332
1232332212221
1112312121111
1123231123212
1112132111211
1111212322211
1112132111323
1123213311121
1233213133233
1112121121322
1123232323231
1232323113223
1112133211321
1232233333322
1232322123133
1211111212232
1123223312222
1211323223121
1232333311332
1211332233223
1122333313332
1213333113111
1232213222123
1112133212311
1232222311333
1112133212333
1213232211213
1222332212123
1112133212113
1222221312211
1231311211321
1111212123122
1221123323233
1112111322313
1111121121213
1122232231131
1213322312211
1112322331331
1112112322211
1212232311312
1122223113321
1123113221333
1112111223331
1233331322122
1212331321133
1122133323232
1222221322221
1112133233132
1233231332111
1123321322323
1221122223211
1122221312111
1123131232313
1233222321221
1112133233213
1223233111111
1123123233113
1121332211223
1231131113122
1112133231211
1122121212113
1211311113232
1123331123231
1221323322331
1221313131233
1112133231222
1122212232233
1231113122131
1112133231323
1123111332211
1112133231332
1123123112232
1122233123332
1233233322332
1233122121231
1221211331311
1112221331322
1211231212233
1222232131333
1123131323132
1231312111123
1112223231321
1122123131311
1233132312113
1123223222312
1233132221222
1122212312331
1233312312322
1112323332232
1232312332123
1112133222132
1112133222231
1223233112233
1111212121322
1221313231331
1122111131211
1123313332233
1211112323322
1122113123333
1112133223111
1112133223221
1122231322113
1112133223212
1213122231231
1221133121232
1212323123121
1123223213323
1211112323113
1112133221311
1232222211222
1112133221232
1112133311221
1121222313132
1221121213332
1122111332232
1232123322212
1211111333111
1112321111233
1122221111213
1213132323311
1221233122311
1112133311331
1123322331113
1112231331222
1221313213212
1112133313311
1222311323233
1123222122233
1213213312133
1123131122232
1112133312112
1221331211131
1231132212132
1112133323231
1233332131323
1112133221113
1112223332323
1233113331221
1123231111231
1112133322133
1121332122231
1112311121211
1112133322122
1112133322331
1122333112331
1112312233331
1233331311212
1233211321331
1232323111111
1112133321233
1121313222123
1112112121131
1122211323321
1231312331132
1121233133321
1233122231233
1232213313232
1122323233312
1112133321121
1223132122322
1233322213132
1112133332123
1122111323232
1231133321132
1122312231312
1222213212121
1112133332132
1112133332321
1123332312113
1231333212223
1222222122132
1111123331212
1112331232221
1221312331331
1211333121112
1111211131331
1233131113113
1223222222332
1112133332213
1112133333122
1231321132221
1211233231111
1233321111323
1233113113223
1213211322213
1112121131222
1232131231122
1223112231132
1112123123322
1112133333212
1122112211213
1112311232333
1112133331311
1211132131123
1212333211313
1222132321131
1122131113231
1122122131323
1211311222332
1123322232111
1121322213231
1231233131231
1212233322212
1112133331322
1213232212311
1112133331223
1112133331131
1211211233311
1231222133112
1121311323233
1223213312332
1123323132232
1123132231331
1122232222111
1122111333211
1123231232323
1123232321222
1231213232233
1112231332331
1111221331312
1123232213121
1232213123233
1112332113121
1112313131212
1121332231212
1233223213123
1212231213312
1122332311133
1112133131221
1122133333211
1231333232212
1212313222113
1221222113111
1122213132231
1122122121333
1112133131313
1121211222322
1221122121333
1213311313131
1121323211333
1112133133223
1112313133311
1221133132111
1211221231121
1112133133232
1233231312232
1232133133323
1112133133113
1112111122131
1122113121221
1213321322222
1112112131222
1112133132323
1213322133333
1222211113121
1112133132332
1112111222132
1112133132112
1112121123111
1111231322333
1112113211121
1232232213133
1222333131223
1112133121123
1221111321122
1112133121132
1123233321223
1123311333331
1112111223313
1123123223121
1112133122333
1123233322132
1231332321322
1112133123222
1211121331132
1232112232131
1122322312311
1232322221213
1123312131233
1231322213332
1211111331333
1221222112123
1222332332131
1123222133112
1222233321331
1122312131113
1221221121113
1112322322322
1112321221211
1231233123131
1112133112123
1221321131113
1123132122213
1111121223122
1112122332132
1122112311122
1233132122121
1122332131122
1123132123331
1112213123333
1231231233223
1121111122322
1232321111131
1221123313221
1112133113122
1221111131112
1112133111311
1213121223123
1123232113212
1232321323312
1233222131211
1123311222321
1221213132312
1122122311112
1232222132213
1112113111122
1221112331311
1233223121233
1221211222231
1112132331332
1123321133312
1121213321223
1221311113123
1232112121121
1223332122111
1112312222313
1212122313213
1222113211222
1123313222112
1122211133131
1221221331231
1112113113322
1232213321112
1232312333122
1122112331333
1221222123112
1222232232131
1112232233211
1122211311111
1231212232333
1112113112222
1122133233322
1213212133133
1112232313221
1112323332311
1112113112112
1122233131133
1221131122211
1111223332212
1112113123213
1123133132213
1231221231213
1111122111123
1112113121211
1221213213321
1112113121323
1232123313311
1221111112311
1121232311113
1112113132123
1121213221121
1122131232231
1112131131322
1211112321313
1212321113311
1122111212123
1112211313132
1122122312122
1212133112311
1221113223312
1123123222223
1123231223323
1222231111211
1232123133333
1122112313232
1233233312331
1112313311111
1213322211231
1223232311323
1222212312121
1112113131311
1121231323221
1232332331122
1223212231223
1112313223221
1121231211313
1112111232313
1123231121232
1232111332212
1122121121321
1222122221311
1121233131332
1112331333133
1121213232132
1121311122313
1221311332221
1211113211211
1211332311211
1223133132322
1122213333322
1112113131232
1231233112212
1112113323211
1121211322323
1112113331221
1232132131313
1121222221321
1123232333133
1222223221111
1112113331331
1223131131332
1112113331313
1212311222331
1123121132131
1222331321233
1111231222323
1122123313313
1112122213222
1122213213231
1112112222322
1123111132123
1211331231323
1121233111132
1122232332331
1112113333232
1213331212111
1123212232322
1122113133121
1221211211231
1222112213122
1233322112222
1123222232321
1221113211111
1123333113122
1112113332112
1233112311211
1112113321123
1121232121211
1232221211122
1112113322311
1111111221213
1123213231313
1122222111113
1121112132212
1122212133213
1112133132233
1122231313221
1112321112133
1231232111232
1232123211321
1213232123211
1212113232132
1232232313132
1112233113332
1112331313333
1112113312123
1112132321113
1221232232231
1121233221132
1231311121321
1122211313223
1231312323223
1122133211333
1222123111112
1112113313133
1112113313331
1121331331322
1232322311112
1233213213223
1222121321111
1232231213332
1112113311322
1212212213221
1231312112232
1112113221133
1123132123133
1112111121312
1221132122212
1121321123131
1233232323211
1221213121112
1112113221212
1211222221312
1213331323121
1112113221331
1112113221313
1112121212231
1232332233112
1222222223233
1123131312222
1233311212221
1122121333111
1112131311311
1212223123223
1223313223231
1232221111332
1231321221231
1112113223113
1121133331223
1112113222211
1211313322313
1232221311321
1112113222233
1231221321312
1233232313111
1122233133311
1213213323322
1121121332131
1211113113113
1212112231233
1222221321332
1123122211332
1123111233112
1221113131213
1123223113111
1112113222332
1212112112213
1112223233112
1112113222112
1121321131213
1112322313111
1122233223122
1223122232132
1112113231132
1121213332331
1121211121223
1231222313233
1231332221112
1112113231213
1231132122312
1231213323333
1112113232333
1123231122123
1233121321133
1232321212113
1112113232322
1212111221123
1221231232322
1211311212313
1123123312212
1222212113212
1122212322222
1222112233131
1122111311233
1222233312111
1112113232113
1212133321313
1121322222121
1122321323323
1222311323121
1112113233121
1221231111111
1123222122112
1212121333133
1222233121333
1232332212133
1231132211311
1112222321331
1111211113212
1232123333313
1111222333212
1121132232123
1112332223332
1112113213312
1122113222221
1231331223223
1112223112233
1112111331232
1231331211222
1212231311322
1212331313123
1221111223332
1112231323212
1112311312321
1122111221213
1121223223113
1121213233331
1112111123121
1212311231333
1121331233231
1233331122113
1122313333211
1223122233122
1122132233233
1232313321131
1233213231311
1223231131221
1122222211312
1233213122323
1112333221221
1221111321133
1121233213133
1123221211112
1221121321323
1112113212212
1232323322333
1213211332111
1112113212331
1112132213232
1223213211231
1122123123132
1231311331131
1112113211222
1233331332213
1213311331322
1112123213113
1112133123121
1233331311122
1112113211323
1112113211112
1112112111321
1213222133233
1122312221212
1213111111221
1233333221133
1112211213331
1232223321133
1213213233131
1112112111312
1222331113122
1123312233131
1213313212133
1122221323232
1231123211311
1112112111231
1122223122112
1223223321111
1111212311332
1221331121232
1123233223231
1233232233211
1111232312322
1232122332313
1123123313213
1112112112311
1233112231221
1233132232123
1112122312211
1233223313331
1232121231312
1122123223131
1121323232121
1233231232312
1213333111131
1221212213122
1123112232321
1112112113233
1233212332231
1123331323323
1111223332221
1232131312122
1121333311311
1121223223311
1213222233313
1122132112323
1123321113222
1223333313321
1122113132311
1112112113323
1223113233223
1232211321213
1112112113112
1122122223233
1122133233232
1112132112133
1211213213322
1112112133123
1111231323233
1221322312113
1211332212312
1121213211331
1221322121212
1213333133333
1121331122223
1112112133231
1112112132212
1233221122131
1233331233312
1123131311331
1112112131211
1123211323221
1112112131233
1221323213112
1123132121232
1112112131323
1121123321232
1121323132133
1212323212333
1112112123122
1122313121232
1231232233231
1123232333111
1121221211321
1123113121312
1112112123331
1122332111333
1232311133123
1123221312132
1231323132333
1122113212233
1221111312313
1123122223232
1112112121311
1222211222333
1122121231211
1112112121223
1232131222322
1111231323112
1211222213122
1121322122111
1221122323223
1112112121113
1123333311133
1231323132113
1222232323332
1221323132332
1223112112112
1111211312332
1233121333121
1112233122123
1112113323323
1221212322323
1112311112233
1222231313332
1233222212132
1221123313122
1211221331223
1112112231331
1112331131331
1112112233322
1212332313131
1122312211332
1123222311123
1112112233232
1121212132121
1111121112231
1112112232332
1121232132312
1122132323121
1231313331133
1233132231322
1123211123333
1212311222221
1232331331121
1111122113332
1121322132312
1112213212323
1221221333222
1112112221321
1112112221312
1112323132331
1211221212232
1221331213111
1112131211323
1112331133113
1221112332312
1112112222113
1123113232111
1112331122223
1211112132212
1111122133123
1123212331221
1231332323111
1122123233222
1233232121233
1112112223323
1122331113121
1112112212123
1112112212321
1111213223223
1123123233232
1112112212231
1112112212213
1123333232133
1112123222133
1121233333222
1233221131331
1223131312313
1121232113333
1112233113233
1233123133211
1112231131312
1221231111313
1231131212223
1211331223122
1222122113122
1221221331213
1121211223121
1231133311223
1122233221113
1123223131212
1231322123222
1112212131133
1112112211232
1122321313212
1233213333213
1112112211131
1232113332232
1122211321222
1212311122233
1122113132322
1211312332313
1112112211113
1233221231222
1111213123321
1121121233232
1112112321212
1123311322221
1221333122222
1112123222221
1111223321232
1122222322111
1233321212323
1122213311223
1232332312123
1221131131213
1112112323333
1112112323223
1111222133131
1112313211132
1121311111111
1232213123112
1112112331132
1212313112311
1233213212323
1221223111112
1221321131232
1212312311311
1221223221112
1121322113113
1112112332311
1112112332333
1123231222311
1232332121112
1232333112223
1121313132332
1111122333233
1112232223232
1221233111131
1121121133231
1123113112213
1112112333121
1121332313213
1112112333112
1232331221323
1123233113312
1112333233332
1233212123112
1233133132332
1221223322321
1112222233232
1123212212313
1233133332213
1122223213322
1112111213121
1231211112111
1223112211112
1233213121122
1212123212331
1231231332113
1112112313123
1121121112223
1112112313132
1233221323213
1223213233132
1112112313321
1233113131131
1221321332222
1112112313312
1211222323311
1233333121323
1233223233211
1211333131223
1212313322323
1123111312132
1233133211213
1122122113121
1123211321113
1122222122223
1112112311112
1122313131112
1221123313133
1123313223333
1112111211123
1232223131211
1211133112312
1212221212321
1111213131232
1231231311211
1122133223211
1121113322131
1222231233122
1112111211213
1122321221212
1122131323221
1123232111131
1231113321222
1112111212333
1111112131133
1122123233332
1212123321123
1123221232232
1213312333323
1123123121223
1122121212232
1221223231311
1123123223112
1121212323321
1232212233111
1112111212232
1223232333121
1122232123223
1232223233113
1111121323231
1123222133121
1112111213112
1233232113322
1221221131222
1122133322121
1112111233123
1121212123233
1221222332312
1232233133331
1221313222232
1122123211222
1233321323212
1122333312232
1122221331213
1232333113332
1122132133313
1121332211322
1112121133123
1231231212312
1211123323122
1112122223122
1122222321121
1223333331312
1222223312231
1221122221123
1222133113313
1121221123211
1211213132232
1231113331333
1221333221112
1223311231111
1112111233213
1122123312231
1213222133211
1112212331113
1112111222123
1231221122212
1112111222312
1222211113233
1121213313233
1123111233222
1212122231133
1221113113123
1212121231332
1223133223132
1112213311312
1232132323132
1222121313123
1123131333122
1112111223133
1112111223221
1122311123333
1122232311132
1112111221333
1231311223111
1121211121131
1221312133313
1221212121113
1112111221131
1233213332122
1231332122211
1221131122222
1123113223212
1232321132233
1121113212212
1123113312121
1112312122211
1112111311331
1112333121222
1211122131122
1212112212223
1112311331133
1233323231212
1232133333321
1211323213111
1223123311331
1231121121133
1231121323212
1112111312211
1121333231123
1223223132331
1232313212222
1221313131332
1112111312233
1112111312222
1123132322233
1121331222312
1221222231323
1112111312121
1112111312112
1112231311321
1223321321112
1223311133321
1112111323132
1122313131332
1233133222132
1231231323311
1112111323321
1232232131211
1123332312223
1112111323312
1211322132132
1123223133311
1122112333212
1233233111132
1221331311332
1222132113213
1122233331322
1213223121231
1232211313221
1112111323231
1211322112332
1121311332112
1213123123212
1221132231321
1112111323213
1212213223131
1122223313222
1212233333212
1231112231223
1112111322133
1213231223222
1122133123221
1231332112331
1112111322212
1231332323331
1213213222322
1112223111221
1112111122223
1122233231222
1223311122123
1121211323322
1232233331212
1122232322312
1122222322212
1222231311321
1112111332321
1222222132331
1233333222233
1223232222322
1121331311221
1121111232313
1111212232222
1232221331222
1112111333133
1221311223231
1111233112213
1112113312231
1233223323112
1221113331332
1111232233111
1112111333122
1222323122123
1231221213312
1222323323223
1122232233212
1122111113211
1232323211332
1112113313111
1112111131122
1112212222123
1231123322222
1122131131321
1122232323313
1122211213112
1123211122211
1231133121222
1112111131331
1221331133312
1233232331221
1121121131332
1221331222322
1122112211321
1211333321321
1112112132221
1122221113112
1111121331113
1221123323211
1112111133131
1213212321132
1112222112311
1212221113323
1112132211111
1212212211223
1122233223221
1112111132332
1122132121211
1211131222222
1223213221131
1122121333122
1122131133323
1223131112311
1122122333211
1112111122311
1123121321232
1231313312231
1112112112232
1121312231131
1231212123123
1122231222323
1222212323123
1112111122113
1213313233332
1122213333223
1112111123233
1223113213331
1112123323221
1112223122221
1112211333211
1231322123233
1232311232121
1112111123112
1232113133312
1112111112123
1122222133311
1121211122321
1212113113231
1112111112231
1121223311232
1231232323132
1231113122113
1122232111323
1122231111212
1121213323111
1112232321213
1123323321232
1232211332112
1222132313323
1123113333133
1221221231221
1112111113313
1123332221233
1112311322232
1122122122213
1233131131223
1122123323112
1112321211331
1111213113232
1232223323322
1121213122323
1122112312222
1211232213123
1122312313212
1122313322222
1121112332322
1112111111113
1122213121332
1122121121312
1122111111123
1213112313211
1112132212222
1123331111133
1211223123312
1122111111321
1221331313321
1122111113222
1122223312131
1122111113323
1122213333131
1111231232232
1122231132132
1233122113331
1212213212133
1222321112122
1232131221123
1122111112223
1232123232313
1122111122132
1211212121132
1221133313321
1112131332233
1122131122323
1232311122321
1221113213333
1112323221231
1111233322221
1221112333133
1122111122123
1233122322122
1221211313322
1122111122213
1122313313123
1122111123122
1122111322112
1233311312213
1232332121332
1212112132222
1112311133313
1123212332323
1112311332121
1112312132223
1122131213113
1122111123212
1122311331323
1122313132221
1112223312312
1232313213322
1122122211333
1211223232311
1123333112312
1122111121311
1122111121232
1232113321221
1122122331231
1123113321323
1122111133132
1123113212223
1121323212132
1221112122311
1121121132313
1111112231332
1122111133123
1233312133112
1231212321231
1122233113111
1121311133221
1112113122331
1122111133321
1221211213112
1233331113111
1123113212131
1213122132231
1121113211121
1221322222133
1122321321213
1122122131211
1112123211331
1112231133323
1221121112312
1111231123312
1232312233132
1121331333122
1123221213231
1123113221311
1122111132313
1122111132212
1232233211112
1211333311333
1232111331222
1122223113132
1212231221221
1112133321323
1223322233113
1121132133121
1111231123213
1112322132231
1221332121321
1212132312132
1122131123322
1121231121133
1112323322332
1231312113112
1122111321122
1122112321233
1112312212121
1213321131112
1233232211121
1221232222133
1122111321221
1121133133322
1111223221211
1122132111111
1123223232221
1122111322332
1212211223331
1231233133112
1123211231311
1213111323211
1233111321233
1222332122321
1112121313321
1112122131122
1122111322121
1213231231111
1121131323332
1233311221221
1231331322311
1222332211232
1121212231233
1211232233323
1222133212131
1232123311331
1122322313222
1112131231132
1122111323223
1212121213121
1111122213122
1233123212121
1122223332133
1233122123222
1112211212213
1122113323133
1122122222311
1221321332121
1122111331132
1123121331121
1122111331213
1112332321111
1122111331312
1121112112131
1211223322311
1222322213231
1112332212312
1213123223121
1223221112212
1221123111122
1233123311213
1122111333323
1231223312332
1122332321332
1213232332312
1122131131132
1222131321123
1121312213322
1111223123113
1232123323132
1231231213122
1111233111131
1122111333112
1112332132212
1231212222121
1122111313123
1122222233123
1122111313231
1112322131223
1121312223123
1123323222331
1222333333322
1221222232221
1212123233222
1231331132132
1123212232131
1122111312133
1231333233312
1122223212121
1122111332311
1122111312221
1213131113331
1123211321311
1221233123112
1122231212313
1213333231332
1122111311121
1111123331133
1213331311131
1212211321233
1222232213312
1231223232331
1212122232233
1122111231133
1123322132121
1122233332231
1112131123123
1122332221333
1233112311323
1213322232331
1223113111231
1122322233133
1221221132133
1221312123213
1211131122212
1122121311133
1122111232222
1211122113133
1221232321311
1122111233333
1123132212312
1122111233131
1122111233113
1221223213322
1211213331233
1121323211311
1223312113212
1123122212122
1122112313322
1231321312133
1213311322221
1122111222322
1122323221113
1233212312323
1122231133313
1122111222333
1222211331312
1231221222211
1122313113332
1223133213311
1233122221131
1122111212132
1112132313211
1211122222213
1121213232123
1223332323233
1221312221122
1211322222233
1123222112122
1233131332211
1122121333331
1213212122212
1221122233311
1223221311321
1122111212213
1121211232332
1221321232113
1123213132221
1122111212321
1123332233331
1112332231133
1221321123231
1122111212312
1122111213331
1232221233133
1121331323213
1222112212321
1233231322123
1122232113312
1233221123323
1122111213313
1231112211221
1233311233233
1233131121121
1121312123232
1122131223231
1221132121233
1233321232123
1122111213221
1122111211311
1221312331133
1122333213333
1123112133323
1233312222313
1221112212131
1122111211232
1232223332113
1122111211223
1231313233211
1221312133111
1123212132123
1111223132333
1222232313122
1122111211131
1213111233211
1123313212221
1122211133223
1122111211113
1231233122332
1232212122323
1231231222131
1121121311332
1213213112131
1123123133213
1221222122223
1213122313133
1111121313232
1211132313332
1233213312113
1222331312233
1221213313133
1112133112132
1233211311211
1232212211122
1122122211113
1232111211111
1123112211212
1221233321332
1122112211312
1232231222231
1122313212321
1122111121322
1221323221232
1122112213211
1111222133232
1231132332322
1122112213233
1233233332333
1112313233312
1122333321311
1121312213333
1213132122123
1222212232111
1111213132132
1222121132212
1231121111222
1111112232221
1232331122332
1121311223131
1213123131112
1121212211213
1213322222231
1122111231212
1112131212122
1123122323222
1232322123122
1121213132311
1221112121231
1231133221313
1212311113321
1122132132321
1122312213312
1122332131212
1232311333121
1223232231331
1121322133133
1122112212113
1122112222132
1212111331312
1123313132132
1111211313131
1122211232133
1232131312212
1123113331113
1213212212111
1223231312323
1112312113213
1122112233231
1212211133322
1233211232332
1221233223133
1222331333331
1121212231121
1123131322313
1121213232231
1123111333333
1122133313132
1223233111331
1122233332321
1111231313122
1111233121123
1213121313222
1231111323112
1231331231321
1221223123333
1122112311111
1211232222121
1213223231112
1122112311313
1121213112313
1122112311221
1122112312211
1112321112122
1122112312121
1122133333233
1122131121221
1212331331213
1122212321212
1122112313333
1122112313131
1211211122312
1122322313211
1122112313113
1122123113322
1232312132121
1213112313121
1122112332132
1122221231133
1123312332131
1211121212123
1122112332231
1122112332213
1221121123332
1111213132213
1232323333223
1112332321133
1123111131311
1122112333122
1123212111331
1213221222222
1222322121323
1112123221211
1122112133131
1232221133211
1122112333331
1122112333221
1122133223112
1233311113223
1122112331322
1122121231323
1231332333321
1122112322122
1121133131331
1231113321323
1122113212121
1212221132212
1123212233233
1122112322221
1122112321211
1223211213132
1121233211333
1122112321332
1221111322211
1111213222233
1122112321323
1231332321113
1212222322221
1212221212231
1223121131113
1232222233211
1232331211221
1111233322111
1122331321221
1122112321121
1121312232213
1122133112131
1211332211333
1213112332111
1122112131133
1212221121333
1123323121122
1112322233211
1223132133232
1121221321233
1123333212311
1122211223111
1122122221321
1112223323332
1231333131331
1213131312323
1123121131132
1122112131221
1232323133133
1112212333212
1221212311211
1122213321132
1121212233123
1121313113111
1123111323233
1123323312311
1123111231312
1221222211123
1213211313112
1122233332213
1222223123213
1122112133223
1233321111332
1121133212223
1212123133221
1112323112113
1111112233213
1122121132112
1211133131331
1112133122322
1111231133133
1111123313331
1213222312223
1123112133211
1122112121123
1122112121231
1112221332312
1122113322231
1233221112123
1221121313113
1111221331321
1123132111231
1122212322233
1111231322131
1232123212311
1211323331321
1221133331213
1122222213112
1112131121332
1122112123233
1231312313321
1231311121213
1233211113222
1221112132332
1121322331133
1111223212332
1233333133331
1123222322132
1233213321333
1223331121122
1122212331123
1122223311321
1233222112322
1112333131322
1233332221231
1122112122113
1211233321122
1233231321322
1222213231333
1122213122331
1231322233231
1111212113211
1222231213232
1111233321222
1231211333231
1122233322133
1122112112231
1211223311131
1123213121131
1123322212113
1112223111122
1122133321111
1213323132113
1223323331122
1233231333231
1213212122313
1121221311133
1121121313123
1122133213111
1221321131311
1121312132333
1222111222312
1122232132113
1213321122231
1121323213331
1231111331331
1213111123321
1111221233232
1212213131232
1121333122111
1231132133231
1122123132132
1122113323122
1112311112112
1123331333113
1221323323132
1232321333212
1122113313233
1222332122123
1122122233311
1221223312223
1122233123211
1211222132212
1222312221332
1222312332133
1122222332231
1122222123121
1122113323111
1233123313323
1221221311323
1211312222111
1121233212123
1122122221213
1221233331232
1211233233232
1212222213332
1123113332213
1112312121221
1123323132333
1122221312212
1122113323313
1231332313233
1232212132131
1122132232223
1233231333312
1123111213312
1211313222132
1212312223232
1121133323231
1221331123133
1121213113231
1122113333123
1123331113113
1231112231311
1232133211111
1122113333213
1211322333232
1213221311333
1122132122313
1112312211133
1122133122231
1222231221112
1221133312111
1122113332111
1221211121321
1122231213231
1222312311312
1212112111223
1122113332133
1123111232322
1233233321133
1122123232322
1123231212132
1123222213333
1122232122222
1231331233121
1122122332223
1111111112311
1123233233221
1123331232311
1221232112122
1122113332221
1121211333112
1121222223233
1212133212231
1121311112121
1123232113313
1122113332212
1211233121223
1122111321133
1122113331211
1222122212232
1122132112121
1222231333123
1112331221311
1122113331332
1233111211123
1211223112233
1123211131312
1121211123122
1211211321331
1213221223131
1233333133212
1123332332212
1122131313112
1233133233321
1221311232312
1122111231313
1231122311131
1122113213311
1221333312333
1112113112233
1122113213131
1223323112233
1111211221223
1221121313232
1111231211222
1233121233311
1122113232231
1232211332323
1232223321212
1112323212312
1122121333313
1122113232312
1223212332221
1221312233233
1231221132213
1121333231132
1212232212233
1122322211212
1232132331322
1112332123221
1111212232211
1232323232113
1122113233111
1122233112213
1122232331332
1222121312221
1221323212131
1111233322313
1223111111233
1233331312222
1123232233132
1221222221322
1123322321211
1122323232212
1122113231131
1223332313111
1122311111332
1221323331333
1122113233212
1121331212333
1122222321211
1123212233121
1112313322221
1121113231123
1122132311333
1123223121321
1233132321113
1122113223213
1222321212233
1232313123232
1122113223312
1212232221121
1122213322333
1123113331232
1122113221112
1122231223333
1122322312322
1122222322122
1221333323122
1122123212111
1123232213233
1121132121133
1121211133123
1122222331232
1232323223232
1213323232123
1123131123121
1123111221133
1232233111122
1123123223323
1122113122222
1213313133133
1231313331111
1111221233223
1121313213323
1122221232121
1232121312312
1231321321111
1122333233133
1122113123322
1121121121232
1232233212221
1111223312232
1123223122223
1223331313211
1223311232332
1123233112133
1221133313231
1111233332312
1112321111323
1211213133222
1111232221222
1112132131321
1121311321312
1233313313113
1222331212131
1121213221211
1223211321312
1122113123223
1231123123221
1212333221233
1121233131323
1122113123131
1222213222313
1123233212323
1123121133121
1122233323312
1123333311331
1221212322112
1222222123133
1233233221312
1122113131132
1212311233133
1232332122111
1221322112221
1112311122212
1231121332313
1112332233311
1122113133211
1223223223332
1221331321331
1233113223131
1123311213112
1123311212113
1211332311323
1123333211321
1233223321123
1122113132333
1231313313122
1122113132232
1122322321232
1223231212322
1121313321121
1221131311123
1212232323221
1221213133122
1122113132131
1231222132232
1213213213221
1121312233111
1122221133231
1212333233133
1232332111331
1231233111121
1112131112211
1122113113213
1231323111112
1213213331321
1123331222211
1212113312113
1221131121122
1122113112111
1211213211122
1123123322211
1121323223112
1122113112313
1123312231133
1233112113332
1122113111233
1123131332312
1122113111112
1212332232111
1121332213221
1233212133113
1221112332132
1123313112112
1233221311221
1232122312311
1121232231213
1122133231111
1122132111313
1111211312323
1123332232132
1221231123321
1233231333213
1122132111221
1123313313133
1231231131112
1213233322321
1212233222312
1112132232321
1121323122312
1211132213131
1221223221233
1121311113322
1231113211123
1121233212132
1122223211313
1122132112112
1123211113321
1122321122331
1222232122133
1122133131112
1122213221122
1232132221333
1122121312233
1122333332122
1233323323311
1211233121131
1233113311223
1222122313232
1123233233122
1122132113322
1233311121112
1223113223332
1222211213221
1233111133232
1122331112131
1122132113223
1122132132123
1112212221322
1122132213231
1211112213221
1122321222332
1122132133331
1122132131322
1231323211313
1122132131333
1211122133333
1122121223313
1212223313233
1122132131232
1122322311321
1212131221121
1123133311232
1221113323313
1122132131223
1212322321322
1121131112121
1123322122131
1231121311231
1222331232331
1122132123123
1211221121132
1212212323131
1123311133333
1122113231322
1112311332323
1122133222311
1213323121212
1233113322322
1122233321112
1221221313132
1112123332313
1223321312222
1221311131312
1122233221322
1122132123321
1122132123312
1121232123231
1121322122313
1122231231231
1232112121332
1222311121323
1122132122122
1213332313121
1212233221311
1233332231111
1121212112312
1122121333212
1121313231332
1112223112112
1112131211121
1122222221322
1221113111332
1112322121323
1232223311332
1123332213232
1122132122212
1223323312132
1122221223332
1212121121312
1123313332222
1112321311123
1122132121121
1112111113331
1121232312321
1233213123131
1223322122321
1122132221111
1233221223122
1123223132332
1122112122232
1122131331233
1211322321213
1232213322212
1122132221122
1212332323321
1111223132223
1213131231222
1223113131112
1122132221133
1122132221313
1221223211212
1121232133133
1122132222211
1231122213132
1112223222233
1233312323111
1122132222332
1122132222121
1123322131212
1233231133222
1112213231131
1112313311313
1211221132222
1122211221113
1122132223223
1111112323321
1122232223123
1122132231132
1232312131122
1123313231312
1111232232132
1111232123333
1232331211111
1121233123212
1122132231312
1122132233222
1232122222122
1233231323122
1233333112332
1122132233112
1231312323131
1112213313233
1122132232311
1232213131133
1112313121231
1122221213111
1122132232333
1123321122231
1123111321213
1123312133132
1222133131331
1122132212122
1123213331123
1122132212133
1121232333113
1122213131131
1112213112313
1122132212331
1231313122133
1211222311332
1123122111133
1122132212313
1112133312323
1122233211312
1122132211211
1231122223333
1221131212233
1213133213312
1122332322122
1112312233221
1122132211323
1111231223232
1233313132211
1232231223331
1112233312331
1231213322233
1212323212232
1233313333331
1122233311111
1122132331133
1211122223122
1212312133133
1123333112213
1231131121123
1122132331212
1122132332222
1123332222212
1122213111221
1112333313122
1233212111223
1122132333131
1123111222222
1122212323322
1122132321132
1233211222223
1231232231112
1233133122333
1121311213312
1122132321213
1112133213332
1122231233233
1123331113131
1222111121213
1233213332221
1222123233212
1123322321112
1231211211212
1121221131133
1233213223312
1232333133312
1122132322311
1123212222121
1233121221312
1123132131121
1122232233133
1112112131121
1123232221232
1233212113313
1221223231232
1123132121223
1231232322313
1122211113212
1112311323121
1123231132313
1122212121113
1122223331121
1233232333333
1222321212211
1122132322131
1222131132231
1123331113232
1222333233323
1232121232232
1111111223323
1122132322113
1122132312132
1233222113121
1232233213321
1123111331331
1122132312123
1231313212212
1213213233311
1213212133331
1222222111231
1122132312213
1233112233232
1121131331111
1232331232213
1211333212331
1222313213211
1122132313331
1112313123323
1122233212311
1121332133132
1123313333232
1111111112223
1122132313212
1232123123323
1213132123221
1122132311322
1222132232231
1222233213313
1231321322332
1122132311232
1223132312323
1123223133113
1221233132233
1233222311121
1122133111123
1122133111321
1231332322321
1123331121222
1233312223321
1122232221233
1112312122233
1223231332213
1233223211332
1211132231223
1122133113222
1223222323332
1112223322223
1212233233312
1121113133133
1122133113323
1233133221232
1221332331333
1122133113112
1122133112322
1122133112223
1122133112113
1233133233312
1122133122321
1233323223233
1223323222121
1112212323231
1123333311313
1221211212131
1233222223121
1112221221322
1232312312121
1122131133121
1233212313333
1221233323123
1122231131223
1111212233322
1221211311212
1231331321132
1233133322133
1221132311232
1112222132313
1221333323331
1121333313122
1122133213313
1212113232123
1123212313133
1233213212121
1123313212122
1122311212211
1123323323331
1122321323222
1122133121311
1123222113213
1122133133132
1233333311232
1213132332322
1123121312333
1213121233212
1222222332232
1122131212121
1221121331311
1123211231223
1112121212213
1112212333313
1122222122232
1212331111123
1123132232332
1222111312233
1231113333221
1211123113213
1122133133312
1122221311121
1213223223221
1121133322133
1122331313231
1122133132133
1232321311331
1223121232322
1233211223323
1123313211323
1223232232332
1112311213231
1122133131233
1221331112322
1111212312221
1232132323231
1233131222211
1121231311123
1122133322222
1222112112333
1121332122213
1122122231133
1233322313212
1123313112323
1122133323322
1223112223223
1233131111331
1121331332213
1112122121132
1221312133212
1223322111132
1122211132121
1233131311311
1122133323333
1122133113233
1212212133312
1223321211231
1223222123231
1232311211322
1111231321231
1121133222231
1122133332322
1223211323323
1123313221111
1122133332223
1213212221122
1231311131122
1121121112113
1121112213111
1212213311131
1223311322332
1221113123232
1221332213233
1122133332131
1231221331313
1123333213211
1232323312132
1121322332112
1122133313123
1123213333121
1213112223213
1121112332131
1121111322331
1221332321222
1222313232212
1122111133312
1223212113312
1233232331313
1122133312122
1231121111332
1122133312212
1231321321212
1112222312122
1122133311211
1233223212133
1222221322331
1112222312313
1122133311332
1223122233212
1221112323123
1122133311323
1223312133322
1221111321331
1122133232121
1122222312222
1121121122213
1112222221123
1122133232222
1231131312222
1111221333323
1111111121113
1233131333131
1221232212121
1122321311333
1121221221333
1212211213222
1221313223233
1221312313212
1233231123232
1122133233333
1221221233311
1123123113332
1231222323331
1223223232112
1232312322133
1232123213211
1123221212331
1232312332213
1122133233223
1223131322112
1111122313132
1122133233113
1111112112231
1112311331111
1121312132131
1111231222112
1232212212222
1231313213321
1232233213132
1232223111123
1123212112233
1221212221231
1122133223121
1122133222223
1121123113231
1121211312122
1123322333221
1212231313122
1122133222113
1122133212123
1122322323212
1121212232133
1121233113121
1121321212112
1233223122111
1122233213222
1231111331221
1233313232122
1212312233112
1232232233311
1111222321233
1221312122212
1123222211111
1122133212312
1231223122113
1122312213213
1111121133223
1232122131321
1121222333112
1221312113232
1211331233123
1123311313223
1223321311212
1121233122132
1112121122231
1223113313321
1122133211322
1233121122132
1233311211112
1121311233332
1211313213332
1122111233223
1112131212111
1233333323323
1121331333133
1221332311111
1121221331333
1122131311132
1122131311123
1122131313211
1211311311131
1123211111112
1122331313123
1231133222112
1122131313233
1122131313121
1112222221231
1221212321212
1122331312212
1122131312223
1231131132233
1213332212222
1231123333332
1232113131233
1122322222313
1112231213232
1112113121112
1231221311131
1221121311111
1122131322132
1123122322311
1122131322231
1233232313212
1232223232222
1223231311313
1122131322321
1111233122311
1122213122313
1212111132221
1112233211311
1122131322312
1213331123312
1233323131121
1122311122211
1123332313211
1122131323111
1221321332323
1122131323313
1233213233111
1122131323212
1122221222131
1111213131131
1121331222231
1231222231322
1122321221111
1211311322223
1223323232333
1122231333311
1122211123121
1213122122133
1122313113112
1222323312212
1122131333321
1211131333131
1122131332313
1121311232113
1221121131212
1123132233322
1112322121332
1222323321111
1121223123132
1112121213122
1122131332221
1112312323331
1122131331121
1122131331112
1233211121322
1231112312322
1232133232213
1112232131113
1122131212332
1213313231132
1122131212112
1231313323323
1231212312312
1122121211312
1231322112213
1233123122233
1231221121323
1213132323113
1122323222312
1112323232112
1122131213322
1223232321313
1122131213223
1112322122212
1111211312222
1223123112132
1122222111232
1111121121231
1231222111332
1122131232132
1212211123323
1122131232213
1121211232112
1233332213331
1231233231333
1233232121211
1121321231113
1122131232321
1123312122321
1122131232312
1212111333211
1121232213132
1222322121211
1231213321221
1112212221333
1221232321223
1231121213113
1112113231123
1112323313213
1213322131313
1221323313232
1223212113321
1221211111232
1213323121111
1122131233133
1111232211111
1111232332313
1213132222311
1121321313112
1111231212122
1122131231322
1121333131113
1122131231232
1231323113213
1221111122213
1112111322122
1112332331213
1211331123211
1233323233232
1233221223221
1122131231113
1221222233312
1233221223111
1122131223123
1112233213313
1112321111121
1231312333332
1232113131323
1233133233213
1232111213232
1232111323313
1122213132213
1213123213133
1122131221332
1211133121132
1233113323332
1213221131131
1232323323211
1232332223223
1213133113311
1123132223121
1122223322231
1212332212311
1122313213221
1232232122213
1122211233123
1122231323332
1122131221323
1122131221121
1223113311323
1221122121232
1233222232233
1231122221313
1231121121221
1231122231321
1232231311331
1232221223123
1122131122222
1232211213321
1122131122112
1211232322131
1123131321323
1232121332112
1122122111123
1211111223111
1122333313233
1221331133132
1112222111213
1212333113123
1122131123311
1222213211212
1112211113211
1223222113322
1121312121122
1122131123333
1111121113122
1122131123223
1221132222112
1213211113312
1213111111331
1122313212123
1212233113313
1122131131123
1232123222213
1121233333233
1111213211222
1122131131213
1123133311113
1122232232132
1213132311332
1112111331311
1221333111332
1122131133332
1111223311213
1121212112231
1112222123133
1233112322112
1122131132131
1122131113123
1233321231232
1111211322212
1231133122313
1122323211132
1122131113321
1122131112313
1123211322231
1213212333113
1221212113332
1122131111323
1211231223231
1233333323222
1121331322111
1111123132312
1231312311121
1121312312322
1122123112211
1221132322333
1212322112122
1112332312111
1122232311123
1112132313222
1221211331333
1222131222121
1122123112222
1122123112112
1122123113333
1121333311223
1111231211323
1122221222223
1211131331313
1123232313333
1121231312311
1122123113131
1231133112121
1122323123323
1122123113113
1231321211322
1213211221323
1123332323313
1122123132213
1232221121221
1122121313311
1221112233213
1122122112223
1121231331233
1231333223212
1122123131333
1221311332313
1112133113212
1123133312231
1233312232312
1233322212122
1111123233121
1112222212312
1122121222321
1112232331133
1122322121221
1233331332231
1122222212131
1212121213211
1232313323331
1121331131331
1232131211333
1223211222222
1111212322332
1122123123231
1213113311221
1233122321233
1122123123321
1123211133233
1122123122331
1121222212132
1221132223322
1122123122221
1231112333123
1121322333223
1231123131233
1122123122212
1231233211133
1111112321121
1213133213132
1122123121233
1122111223222
1212321233233
1112212321233
1122132221212
1122121223111
1122123121121
1123113313232
1122221112311
1211311231123
1112233213221
1122123121112
1122222321332
1121113213123
1121231111332
1221223312311
1112211133312
1233213221211
1221122331231
1122123221331
1122321331122
1212311113213
1122123121332
1231213221231
1122123221221
1112221222321
1231321311121
1221313323113
1123311222231
1112113232131
1122123222233
1121333331111
1211223122111
1212323111333
1111222221322
1122123222121
1213233111222
1123322223331
1111213132231
1221312121112
1122123223322
1222123331323
1122123223232
1213132231313
1122123223113
1111122212213
1222311213312
1233113222112
1212121231121
1221113311231
1221232332221
1121323223222
1122233313131
1111232111222
1233131113223
1211322233121
1221232323313
1122223123311
1122121212131
1111213321231
1112113212111
1112123233133
1233113112112
1211323312212
1212313332311
1223111221211
1112123213232
1122131211111
1122112323321
1112331132233
1122123213132
1122331111132
1111232132131
1122123213123
1211333121121
1122123213213
1212213321132
1223233313212
1111121222123
1121122232313
1121223213123
1122123213321
1222123112133
1112232221212
1212213123312
1232122212121
1123332221121
1211223211112
1221333212332
1122123212122
1231212232311
1232121213132
1122123212133
1212331322112
1222131231231
1111222332132
1121321113312
1222231211313
1122123212313
1121133222321
1112122233123
1232122113231
1213121212222
1123112133332
1233121211232
1122121212333
1212323113133
1231313312321
1122212111231
1212311121313
1123332323111
1122223311132
1222112332333
1122311132113
1212313221321
1231323231333
1122123211332
1123132231221
1122123211121
1123121333213
1121111123323
1112323331312
1123231222131
1212121112132
1122123332222
1121222331213
1123133112233
1233313331223
1233111111333
1122121331322
1233332223323
1233311133313
1122123332121
1231232131331
1213331232333
1232231112123
1231222313332
1223121222211
1233113322333
1123121112331
1122333131312
1121223211211
1122233312121
1112111222231
1122222323231
1221121133311
1231221323323
1123322111311
1122113221211
1213113113313
1232121231231
1233122223111
1122223112111
1123223321112
1123313211332
1122123333131
1232113331312
1112232323332
1122123321123
1213111221212
1222111112312
1123112122323
1231221233112
1122123321321
1213211323331
1123232322212
1122121232221
1112122333111
1233222211232
1223321323231
1122123323233
1223233232322
1122123322333
1122333233313
1232311322211
1223231321211
1122223121133
1112123233212
1222311312132
1112121123221
1122123312123
1123131113111
1212111333112
1123113131133
1122123313122
1221323113331
1122123313331
1222112123212
1122123311333
1122122111132
1121123233331
1221212323113
1231231331321
1122122113211
1221212311323
1122231121121
1221211313311
1121231122121
1111223132311
1123312211131
1232332222332
1122122122231
1213221322333
1112332331312
1122122122321
1222121313321
1112332222131
1121122132112
1221231233121
1123231223211
1122122123331
1111222122131
1122122123313
1121332333112
1232223323223
1122212323131
1112233231313
1212111333233
1112223323211
1231133212331
1122232332212
1212222332231
1231213113323
1221131121111
1123111331313
1232231333313
1112131211112
1122233132211
1223223322323
1122132331331
1233121233131
1223333311222
1121121312212
1122122133132
1112232122122
1123311133131
1111111213313
1122212321331
1232232212231
1122122133321
1222331133113
1111121222132
1122122132111
1123233222331
1112133123332
1231133212313
1122122132133
1233321332122
1121113122111
1122122131112
1212123113223
1233321211122
1122311112111
1122122321122
1122211123332
1122123111122
1222112212213
1111123121121
1122122321331
1123121333231
1231322123211
1122122321212
1233311123312
1123121331211
1213313211233
1223333321133
1122122322323
1122122322121
1232223213133
1122233231233
1231221212331
1112211113233
1122122323232
1122122323113
1122221211333
1122122331321
1122231211112
1122232212121
1121222332322
1221222323132
1123222232231
1111213113311
1122122333112
1231232331322
1233312331332
1123321211113
1122122332322
1122313213133
1122322312131
1213311223122
1223132321332
1122122312111
1213331222332
1122122312313
1121332233232
1233331232212
1122312333311
1221321112233
1122122311211
1123113331333
1122122311332
1112323213122
1122122311121
1213322212311
1212322131231
1123122212133
1112121312221
1122122231111
1231212122212
1122121122113
1221331333222
1211212213121
1123321232211
1212212122132
1231121333312
1233133313232
1231312321111
1122323321121
1211212333313
1123131111113
1213212112121
1122122232222
1231112213131
1121333333322
1212213312132
1212312331331
1221121221333
1221231311232
1122122232323
1123112212121
1123233133211
1122312212331
1233312233313
1121113212111
1233132322231
1222121131211
1121232232223
1223223333323
1233231213333
1111122213331
1112131331133
1232131311323
1123123232112
1123132113332
1121232323121
1221111312133
1122122223323
1231223321211
1221132333223
1221231123231
1122122223121
1231223212322
1112231332313
1221133132212
1122122222322
1123113333212
1222232321213
1112111133333
1221233133223
1122122213122
1123133133122
1122122213313
1121133233321
1122122213212
1121332132331
1231121112331
1212322211331
1233223211121
1122121213332
1231131331131
1221112132121
1122121213323
1213133233211
1212131122323
1123313313111
1123332132333
1122122312133
1231331133122
1211223313221
1232221322213
1223133133233
1121223333223
1123221332233
1123231112322
1211231231333
1231132311211
1233322232311
1111223322231
1122121222132
1231233322321
1211233213331
1112121321133
1213233313222
1231321311211
1213221113131
1232233211211
1212212211322
1232323331221
1221131331233
1212333221323
1222333222222
1123333213222
1122121223331
1222123213113
1111223223132
1121123113123
1121113322232
1233111123121
1122213213312
1211222211232
1222221131111
1122121221113
1232321332312
1231123311332
1122121233132
1122121233231
1213111113311
1233233221213
1222211333222
1233132321223
1233232122221
1231122321213
1121233312221
1122221121232
1112232312213
1122121233321
1213321121131
1121222311332
1231123233333
1122121232111
1122121232122
1111121131212
1211113323323
1123213131211
1112123313332
1122232333321
1211222322233
1233133332321
1111221122132
1122121232313
1123233122332
1112122213323
1231221222332
1233311113311
1122332113133
1121132222313
1231221121211
1122322132223
1122121232212
1123113232331
1123233321131
1231332113312
1122121311111
1223111213131
1232322322112
1121332133123
1111211222321
1232231222321
1212132233332
1123113313333
1122121311221
1231222321322
1221311211221
1232323232232
1122121312121
1123333113221
1122121313131
1121131331221
1211313222231
1123131331311
1111223213333
1122233221333
1112312323122
1123322232133
1232213211123
1121222332311
1221132111313
1232322231212
1122123233233
1221133211311
1212231123312
1122121332231
1222222322332
1123331233233
1121113131113
1231311233231
1112331132222
1111222211123
1122121332321
1233123311123
1122121331223
1123232312222
1233223222233
1233113131322
1122333331233
1232232123331
1122311211313
1221331322323
1122121323123
1123112233111
1112123312223
1111112122311
1232123232212
1122121323213
1121331322212
1231123313231
1122131121111
1122121322133
1221122111213
1211232322311
1121222321212
1123313233233
1122121321233
1123311313311
1123113313223
1122121321121
1122121321112
1212132211222
1212121321323
1223213111311
1232211223333
1231132113323
1221121122232
1123211232132
1231233323313
1123223131221
1211131312321
1112322222121
1232322213122
1222232133111
1232311213122
1122121131212
1122123133111
1123221133133
1222121323232
1121221132222
1232333131323
1122122332113
1122121132233
1111233112132
1122121132332
1212221121232
1122121132121
1112331332132
1233133133113
1112233233113
1231132323333
1122121133232
1112131223232
1222133111113
1122121133113
1123322211132
1221321222211
1112111213233
1232111121313
1122313111231
1112112232323
1122121121213
1123222112331
1222312221121
1121312232123
1123333212113
1122223121122
1123311311212
1121131213132
1213111212133
1221131211212
1222321313222
1122113312113
1211233113332
1233233131211
1223332322223
1122222122131
1111121212322
1231113312211
1123321123133
1231311323231
1232213213323
1221111333323
1121211332333
1233322321123
1112211313123
1233123311321
1122121122131
1112331213323
1121223333333
1122112211132
1122121112132
1121312122211
1231213333112
1232111312311
1122121112213
1222231122323
1233131331133
1222313233321
1232133113123
1122121112321
1122121113221
1232121332121
1122121113212
1122122223112
1222222212132
1111213121233
1111123121222
1221221323223
1122221111321
1222222112322
1122221113211
1212122222223
1111111232121
1122221113222
1122322233111
1122213233332
1121333132312
1122322312333
1112121212312
1233312121133
1122221113323
1211333313122
1232332231321
1233231221112
1122221113121
1231323213311
1122113322213
1122232333123
1232123213121
1211232322333
1123212312213
1112122131111
1122221122312
1211122333313
1123132113211
1112311222211
1211322313331
1122233323321
1123232332321
1121213211212
1211222121333
1123232133333
1122221121311
1212222121321
1231313123321
1122133332311
1122221121322
1211131121112
1112121211311
1112222133132
1221211313333
1122221133213
1222222131121
1222313221223
1121332213331
1221223323212
1122221133321
1212133232121
1112133323132
1233333131311
1112311311223
1112331223122
1121222322121
1112113133212
1232112113113
1122221131112
1122223133323
1122332221322
1232132132323
1112113332211
1211221311122
1222133231112
1122213211323
1233312322231
1112232332233
1223233231213
1122221321111
1121212123112
1123322222321
1221221312221
1122221321313
1212133131332
1222131312132
1122221321212
1233322332121
1123333332231
1121112311222
1121222132313
1232113321331
1122221322112
1122221323311
1121122231121
1233311122133
1122221323113
1213213322211
1122221331123
1123123121311
1122233122113
1111123132132
1212113221332
1112123223231
1122221333121
1233231332122
1233121131121
1221122323113
1232221331121
1122221332131
1122221332113
1231323133222
1233111333133
1122122212321
1112331322133
1221232113132
1122221313123
1122131332212
1211212323123
1212223233331
1231213323131
1122221313213
1122133233311
1122221313312
1232222211233
1122222113221
1223312131122
1223313223123
1122211311212
1112133211312
1121221311331
1123321122132
1221213233332
1122322311312
1122321312312
1232133132223
1221121332132
1122221311222
1122221311323
1121211223323
1111232332331
1233133323321
1122111312313
1112121112232
1122221232233
1123311232133
1221133222232
1223312212322
1222213211133
1121323212312
1122221233333
1112312111233
1221323133131
1213232231332
1121223233233
1111222322111
1123133313331
1112332213313
1122221221123
1121131312321
1121213333231
1122221221321
1122221223222
1122221223233
1231213111312
1232323323323
1122213131322
1112332312212
1122221222311
1123112213311
1122221222232
1123131112123
1122223132333
1111213313221
1232321233132
1212211313131
1121133211231
1121112213122
1231232311133
1112312123311
1122233212232
1111233322331
1122211311313
1221233332312
1223232313312
1121313111131
1223211131322
1111122111321
1221332331113
1233123133233
1233312313112
1122221213212
1222123232123
1111232321223
1122221211113
1122233311122
1122232313222
1211313121321
1122233111223
1122332111322
1122222211132
1121231111112
1122222211123
1112123132113
1111111121232
1233222112113
1121312312131
1111122211223
1122222211321
1123311222312
1121323123212
1231213111231
1112321313121
1211312121122
1121333223311
1112123122233
1121213223321
1122222213222
1223232311332
1222122322133
1231233213333
1122222213332
1233232133111
1121211221213
1123311211231
1112222312111
1111122323333
1221313333121
1112131223223
1221332122311
1122222212311
1121121121223
1222311311311
1122222212333
1232132133333
1123332333231
1221212211113
1231332133112
1221312112222
1223322113323
1122311331233
1112121123133
1111222231332
1221323313131
1231233233212
1121121112322
1121211322121
1122222223122
1223111322321
1231223111131
1122222231211
1223131212312
1112231222313
1233211311121
1232331331112
1122232313211
1212321132132
1122311123131
1222113223322
1122222223133
1123312311222
1122312132213
1122222223313
1111221122213
1123311323123
1213132121232
1232132212333
1123313123231
1231223132233
1122112223331
1221232113321
1232212122332
1122222221333
1211311312213
1111111223121
1213321133231
1122212132313
1122222221232
1121223322311
1121321133112
1122222221113
1122222233231
1211133123233
1211131312213
1232233322311
1122113322132
1213223333111
1212333311312
1222132222331
1112133122311
1122222233321
1212321322113
1122331331132
1112321311132
1111112223122
1122222232111
1222213333132
1233113211211
1213333321112
1232211322232
1123321112223
1123232121213
1233223223131
1121123333321
1122131321311
1122222311122
1123133221212
1122323322331
1213113233123
1121113121222
1122222311221
1111211231323
1211221223122
1123113213323
1223113211223
1122222313232
1212312112121
1232312122131
1232113223222
1122222313131
1122111332322
1122222313113
1121111211123
1123111111331
1223123121321
1122222332312
1211112222131
1122222333331
1211213121221
1232112221313
1122222333221
1112311211332
1122222323321
1233233211113
1122322121331
1232312122223
1122233123323
1123222131312
1221233313333
1231333211312
1212212112113
1122222322133
1233313231233
1122222322331
1122213221212
1122323132112
1112331222123
1221121131133
1121121223121
1211313311122
1122223232321
1122222321233
1222231232321
1122222321323
1232233323121
1212213221221
1123222131123
1121121321122
1122211221322
1122332212113
1233232132321
1121321222133
1122222321112
1123212212331
1122222131111
1111112313232
1112223233222
1231223132323
1222212123121
1111212223112
1221132122111
1211233221132
1122222131122
1122223332221
1122222131331
1223333333332
1222122232133
1122321311131
1223113213122
1123332331332
1123211322312
1121123221222
1122113333321
1213113223212
1221321332112
1221333133121
1123233121133
1122222132323
1211312313112
1122123321132
1233311331331
1223223311332
1222211222322
1112221312323
1122122313213
1123323211313
1112212312323
1111112313113
1231221111122
1112212321222
1122213221331
1123333113212
1122333113231
1121111321233
1231112111121
1231333323213
1122222133232
1223133131321
1231332231333
1211231222122
1122223333321
1221213212133
1122222121132
1122222121312
1121333331122
1122321332222
1122222123233
1112133321222
1121322113223
1232321223331
1122222123112
1213213211232
1223233312312
1232321333331
1122222122311
1222312211221
1123111221122
1122222112123
1123222113312
1231132312122
1232133223123
1221123331111
1111221333211
1111122131121
1121113222323
1213331111212
1222222211322
1112123231113
1231233232312
1212333212323
1122222111322
1121321313121
1122222111333
1231313123132
1122123112121
1122222111131
1212333323331
1221111132221
1111211132121
1232222122313
1123213123221
1232311123331
1123132123313
1112122232221
1122223311231
1213333231222
1122223313121
1123232312323
1122111223112
1111231322322
1122223313112
1231221231312
1122223312322
1233313222132
1232131232323
1212331113222
1111222323231
1213231223112
1122223312232
1112331221131
1222231121122
1111222113111
1213222321223
1122223322321
1212131332122
1122223323111
1221321232223
1112311211112
1221112132112
1213212111122
1122313112322
1122123233211
1121113232333
1212331112333
1123322232313
1122232121111
1111112133232
1213112331121
1122221312221
1232121321213
1221233232111
1122221111123
1221212221213
1233211123313
1112212323123
1112313323321
1233213322132
1122223321113
1221111132331
1123323332122
1221313233131
1112111111333
1122223333213
1121331121321
1231131211213
1231112321113
1213131112321
1232331333312
1223232313213
1123333223221
1223223333211
1231223312112
1112311122133
1112311313313
1123222331323
1122223331211
1232122322213
1122223331332
1213123231313
1222233311211
1232122221121
1223211231132
1122223211133
1223222223223
1221311211313
1111122212123
1121121311222
1112333132123
1231231111312
1122223211331
1221112333122
1123133211222
1122312232131
1121123232231
1122223212233
1122213212331
1122223213311
1231123223211
1213212212331
1123213221132
1231212312213
1121233112322
1122223213333
1122233213121
1123323221211
1122223213113
1122223232123
1123222331211
1122223231131
1223233213213
1123231113233
1232133121212
1123231211322
1122223231113
1122231321231
1233333112222
1231222111121
1112321113123
1231211332133
1211133331311
1232331332331
1122223223132
1112323212213
1111111122123
1112132122211
1222333231132
1231222333312
1233233332232
1122311133332
1221233223221
1122223222122
1122223222221
1121312233212
1122321321231
1213112221323
1112111313322
1111231222211
1212121132121
1123212311223
1221322112122
1122223311213
1122223222212
1213332232312
1223331323122
1112231133112
1232112133313
1213223322212
1123121123232
1122321132132
1221122212231
1231322223221
1122213331111
1122213331212
1122223121313
1122222212322
1231121333132
1223332112332
1233313312121
1122223122211
1122223122222
1213321223323
1212223133211
1121333132132
1121222131121
1213322123323
1223311323131
1122322331332
1221113332111
1231323333312
1231221122331
1122223123232
1121132211212
1122223131123
1122131222221
1122223131213
1212212223323
1212213121222
1212122312221
1111112113331
1111121313223
1211221311221
1213332123311
1122223132322
1233123213232
1112233233322
1121131231321
1122333332331
1112222223222
1232313321113
1122232321232
1112121332113
1122231312231
1212133131222
1122223113312
1212321222121
1232212322213
1122321112211
1112312212233
1122223112331
1231221232131
1223223211223
1121122332123
1122233132121
1231122321321
1122231111111
1231133132312
1112221233312
1112222322233
1233113223232
1232122211313
1112233322332
1231131121321
1233323212321
1222222132212
1122231111133
1121232113322
1221332123233
1123222111222
1122321333131
1122231112332
1233311222121
1123232113221
1232232231313
1231322321323
1122231112121
1112122223313
1121232212122
1123223331322
1213111232131
1222312112313
1111223132322
1122231113131
1212121221232
1223212231113
1121133132112
1111223113231
1232223111312
1112322232322
1223331113213
1122112112123
1122231132123
1122231132321
1212221213212
1122231133111
1112232222233
1231211211122
1122231133133
1122122313231
1213232312332
1121333223333
1221131131231
1122231133212
1123333333331
1213333313131
1122211233213
1122231233121
1112312321311
1232112131232
1123222212332
1122123221111
1231121313332
1121213132131
1121322333232
1221231131232
1122231121233
1223113231313
1122231121332
1112331113111
1211113221331
1122113132223
1122221332232
1232212113312
1232223212312
1111122233232
1222323323131
1122231221122
1121333121233
1121133233312
1122231321132
1233312212222
1112321132322
1233131211112
1122221233311
1122231221331
1111222221223
1221331222232
1122213131333
1112322122111
1122133321331
1122231222222
1233313222123
1112131332323
1221232111121
1223221133222
1122231222112
1112211233232
1121323212321
1221333333132
1233322113113
1232313322231
1123333211123
1121123311132
1122231223311
1123121213113
1121111131313
1221311111323
1121323312133
1222232221122
1112131333333
1221213222323
1122332121123
1223132223122
1122231231213
1112321132223
1122231231312
1221211322221
1111231323332
1221133322222
1211321332313
1112322131311
1213231122321
1122231213321
1221213131223
1123123231212
1231323322312
1123331212133
1232111131231
1222133322331
1123221223311
1122231212221
1122132333232
1123213113211
1112311213213
1122231212212
1222223212331
1122231322131
1211321332122
1222113213213
1122231211222
1211332333222
1122231211323
1121312231311
1122231331122
1122131331332
1122332222321
1123221212133
1233331122333
1222321131231
1232211123321
1213232123112
1122322221233
1213333311212
1231322222213
1122232133222
1211311221122
1112221111113
1122223331323
1122231333223
1122321123231
1121231113321
1223311221123
1123221221122
1221212122213
1121333122212
1112312323111
1231213211113
1122231323211
1121222223112
1122332321121
1232221211111
1112233222311
1121312111211
1123121222133
1232133132131
1112323312331
1221233311313
1123133321213
1122321221313
1123211313332
1121221212232
1122113222122
1122231322322
1122111223332
1221112223331
1212323113122
1112333332112
1123323321333
1231222131231
1112333112332
1231322213211
1122211211213
1122231322232
1122231312132
1232333231331
1222221231332
1123133111111
1112332333112
1123232111311
1233312111332
1111223122121
1233323113211
1121332222311
1122231312123
1123111211211
1121111111131
1122231313313
1111123131311
1233131323121
1123112333132
1232321121213
1122231313212
1221122232121
1233223213321
1121223323323
1111221121311
1231122333223
1122231311232
1122133211232
1122233211231
1231223122333
1122233213332
1231312131332
1112131323332
1112331313223
1122233212131
1233123332212
1233231322321
1212121322122
1122333212233
1231122113333
1122233222132
1121322323323
1123111121332
1232232313123
1112112213221
1122233222231
1212122132122
1122323231323
1123211123113
1232331332111
1111122131211
1122312213231
1232331111323
1232123223313
1122222111223
1122233223331
1213122322223
1112122233321
1233221211231
1212221223211
1111223133211
1122233223313
1123323223132
1212323332312
1221212123331
1223331123333
1122233221311
1122233233123
1231322113331
1233113121112
1231133221111
1222122132112
1222121222223
1122233232221
1122332332321
1232122112221
1112332221321
1231131231222
1123312332223
1123112222331
1122233231332
1232112223322
1123113312332
1231213221312
1112223313111
1122331211311
1122233311133
1122123231321
1232222222233
1121322221221
1122233311313
1121231313332
1112312323221
1122121111131
1111121122333
1122233313333
1221221311211
1122233313232
1213212221331
1232231233312
1122311232321
1121121222333
1223112321321
1122233313223
1232332131333
1221312313331
1122233313113
1121322223113
1232223222311
1111112311331
1122233333221
1221122311112
1122311121313
1122233333212
1122321212212
1111223122222
1222121233131
1233122212223
1122233331333
1233221211213
1122233331113
1122122132212
1122233322111
1122233321211
1221133332311
1222211213331
1111121213121
1233111322212
1221313133231
1122233131122
1222113132132
1233232321123
1111121321233
1211331212232
1111111122312
1122233132222
1123322231121
1111231332112
1122233132233
1211222112322
1122113313332
1231233221323
1222312212323
1112113331133
1123332233122
1111231333131
1122232211212
1122232331121
1122233121123
1222321312311
1111121222231
1122233112231
1221311212233
1121232313313
1122233121231
1123112133233
1123221322232
1123112332133
1232313321333
1122231213132
1233231323212
1121131133122
1112322123321
1233321131312
1231113333133
1122233123112
1122233122322
1211111232212
1122323113212
1232211121211
1223312131111
1111223222221
1221312223322
1122233122131
1231223122322
1233322322131
1232231133311
1213312222311
1221322223231
1211132223132
1121331311111
1122312211121
1122233112123
1111111211333
1233223113223
1221232322123
1221232322321
1122233112321
1121223212212
1212122312331
1122233112312
1231333213323
1122233113212
1231213113332
1121222131323
1112113231321
1122311321311
1221132213132
1122233111311
1122211211312
1231113122333
1112312333321
1231313331221
1232221212323
1122233111113
1122311111222
1121222222311
1111112122322
1121233222333
1221211113122
1123221333311
1231311122322
1231212322333
1122232313121
1122313233232
1111122222113
1232233222121
1112332223121
1122232312322
1123121211331
1221311222111
1122232312232
1211133221113
1232223131121
1122232312131
1212211331232
1221121232122
1233321222331
1213122221212
1122332211312
1123222123131
1122232322231
1122232323111
1123211122222
1112222113121
1123212221122
1233121113211
1122232323122
1122112323312
1122232323133
1223111312333
1221331122321
1121311122212
1111223111332
1232131323333
1223131311121
1122232321311
1213332121221
1213323112313
1233221112321
1122232333213
1213213212231
1231323312232
1122333332221
1111233121321
1222122311122
1233111122311
1123311111333
1232311112131
1122232211133
1231333131221
1121131213321
1123312321122
1223333112322
1223323322113
1122232212222
1122232213311
1212321323112
1122232232231
1112332333323
1221323333221
1122232233111
1223232323131
1123122232311
1123321112232
1122232233122
1232311221231
1123113312211
1122232233221
1223111211212
1111123131131
1121332132111
1121133133223
1223131113121
1123231311222
1111121322221
1122212323232
1123332223213
1122211233312
1213321123221
1212232221112
1112111332123
1111223112133
1122222133322
1122232231113
1232212133211
1233231312131
1121232333311
1122232223132
1212312133331
1231323323212
1123212231312
1112323313312
1112223131311
1221311211212
1211112133231
1213111112332
1233332331132
1122232223321
1212113321333
1123122312213
1122232223312
1111122232222
1122232222133
1122232222212
1222212123112
1221112123222
1123311132222
1111223312333
1211122221113
1233331233123
1111121313333
1123222232213
1122232221222
1231311211312
1122232221121
1121312223213
1122213131232
1122232121221
1121132213223
1233211113211
1223221113321
1121313321332
1122232122211
1211133112123
1121321211212
1232232122321
1123312133312
1222112233311
1112333321312
1233221111333
1121321132232
1122123323332
1122232122323
1213232113133
1122232123311
1211112221132
1213133212313
1122232123322
1111123123321
1212212213111
1231121311132
1233122311221
1122232123232
1233132333231
1233222122231
1122232123131
1231122221212
1121323213212
1122331223233
1211212132332
1213323131213
1112112121333
1122232131231
1211331313113
1223123222321
1221122131121
1122232132311
1222332312212
1122333312333
1122232132223
1222331112132
1231221321132
1121111312332
1221323223313
1112223322333
1211331123222
1233211231313
1122232111112
1123132313132
1233121112131
1212221221231
1122211111113
1221133123133
1122213111122
1121323332113
1122123313133
1211131121121
1232112313221
1223112313122
1221322112111
1211133123211
1122213111133
1232122221233
1232331221233
1122213111212
1233222121322
1123211213113
1222112223332
1112113131113
1221113221233
1232112213213
1221222223221
1111122221123
1231211222331
1211311312312
1122213331122
1112322111212
1122213113311
1122213113322
1233312322312
1231323232231
1222312112122
1123222322231
1123232121321
1213331131113
1111123133221
1112311233222
1122221131121
1122213113113
1232312212311
1122312122221
1231333232133
1122113211331
1121122211213
1122211211231
1233111231112
1121222131222
1122213132312
1233133133311
1111221131112
1121223211222
1221123233233
1232322223112
1122132121233
1121111321323
1122213131113
1223221221332
1122213121323
1221112311133
1121111333122
1211223131311
1212131113213
1123123333222
1122232211111
1112211322222
1122113122332
1211211323322
1122213222323
1112113311113
1233332233333
1121322333322
1122213223223
1233311323211
1112123222313
1212222312112
1121323322222
1231221313133
1123131231323
1221121322221
1123311133232
1213112122211
1232331131132
1233321321322
1122213223113
1112212331333
1123132233131
1211131113311
1122213332233
1122322231322
1231123123122
1122232323212
1122213231213
1122321233332
1122213233211
1231312213313
1121212112123
1211232231213
1121312112221
1232212313211
1213122321213
1232321231211
1112131313331
1233313313322
1221213113322
1122213232223
1123321212231
1112211113332
1112231332133
1112331311313
1112122122223
1122213212133
1232131211223
1212312321213
1112333123321
1221133131121
1223212312322
1122213212313
1122213212221
1122132332332
1221221132221
1212113231333
1112232113232
1123323213131
1122213211211
1112131123213
1123322213332
1233122132332
1213313212313
1122213331313
1112212322133
1122213332332
1221312122331
1231232232133
1121332331231
1112111121321
1121331332132
1122213332121
1111233321233
1212121322331
1232332333131
1211322311232
1231111231231
1122213333113
1122213321231
1233213133211
1222221122131
1232113313312
1112211222223
1211231113321
1231233233331
1122213321213
1121211333233
1123312322233
1112231222122
1122213323323
1221322222221
1111211233132
1121122312222
1123122211112
1111232231311
1121122312332
1112113123231
1121122312323
1213233323111
1232132123222
1221233233132
1121122312121
1231233122323
1121122312112
1123231223112
1232112322131
1213323332331
1121122313311
1223311311112
1232332213231
1121122313322
1233211321313
1121122313333
1231133322232
1121122313131
1121122332231
1121122332312
1111211232221
1122231323112
1121122333111
1122222123332
1232123213332
1121122333122
1121122333133
1121133223122
1121122333331
1121122333313
1121122331333
1223111123131
1232131333112
1222212122333
1231123131222
1223111221332
1121122331223
1231131133333
1233221322331
1222132313211
1121122331131
1212211322212
1231133322113
1231221222112
1223123212131
1223212112111
1111213312231
1221131112331
1121122323123
1222122211213
1121122323213
1222133313113
1121113123213
1112212213211
1232311131233
1121122323321
1121122323312
1232212331211
1221133213212
1213121232132
1121122322111
1112223331133
1121122322122
1121232322322
1121122322133
1233112323322
1223333311233
1123112323111
1121122322221
1211213332133
1121122322212
1212233321222
1123312212312
1121131131131
1121122321332
1112221333133
1121122321121
1232132323312
1222332213111
1121122321112
1121122131111
1211123313222
1222213111121
1121122131331
1233111212223
1112133321332
1121322323233
1121122131221
1222122322212
1121122131212
1231222122222
1122222112213
1232232131332
1211322211121
1121222332131
1121122132222
1232122122211
1121122132233
1121122132332
1121132111332
1222121323131
1122113131321
1121122132121
1121122133311
1121122133322
1121311232322
1121122133333
1221313313312
1121122133232
1121122133223
1221313213221
1121122133113
1122222312233
1121122121123
1121122123211
1121122123222
1121122123233
1121122123121
1121122123112
1231312211333
1121122122333
1121122122223
1232112331313
1221122211311
1123222122222
1121122122131
1213131211321
1122133313312
1121122112231
1231111123213
1231123123111
1221231333311
1121122113111
1111222232331
1121122113122
1121122113221
1121131122212
1221131312232
1121122113212
1222132321311
1121122111311
1221131132322
1233331322313
1123323121212
1121122111322
1213112212323
1212131231113
1112111133113
1121122111333
1122313221312
1121122111232
1121322212313
1123322323312
1121122111131
1221123222112
1121122111113
1212121223111
1222111111131
1121123311123
1121123311231
1121112333323
1212222323321
1222332332322
1222312321322
1232223111132
1121123311213
1121123311321
1121123313222
1121123313233
1232312112213
1121123313332
1222132121331
1232111213333
1121123313323
1121123312311
1231223311133
1121123312322
1223312113111
1232223231221
1221122121223
1121123312333
1233211112223
1223311122321
1232332333113
1121123312223
1232112133122
1121123312131
1223132312121
1122312333322
1121123312113
1121123322132
1121123322123
1121123322231
1231232213233
1212222113221
1122331312221
1121123322321
1233122313223
1121123322312
1231233323133
1121123323111
1121123323122
1121123323331
1211221213211
1231332233111
1121123323313
1122122221231
1232133133121
1121123323212
1211112322211
1123323122323
1121123321311
1121123321322
1222313232133
1121123321333
1211223222233
1123222132311
1221221213122
1123132333211
1121123321131
1232211233332
1213332132223
1121123333132
1121123333123
1121123333231
1233213123322
1111231323323
1121123332111
1121123332122
1211323311233
1121123332331
1121123332221
1111221211131
1231133332121
1111121232133
1121123332212
1221233122223
1231311132121
1232213231222
1121123331211
1121123331222
1121123331233
1121123211133
1232232111231
1231131232221
1231311322122
1121123211331
1221113322312
1121123211313
1231232221333
1121312312333
1233321313121
1122321223322
1121123212233
1123312233223
1231223232212
1211121321133
1233222321133
1121123212332
1121231332221
1121123212323
1121123212112
1221323332231
1232311212312
1222311332211
1121123232132
1231112312311
1221321223113
1233112112113
1112123221332
1121123232123
1121123232312
1231211311321
1121123233313
1121123233221
1111231233121
1121123231311
1213321112232
1121123231322
1121123231333
1121123231113
1112313112123
1221323323231
1121123223123
1121123223231
1121123223213
1211111222123
1121123223321
1233232121112
1121123222122
1231321112113
1232221333321
1121123222331
1121231311213
1221232311312
1121123222313
1112332311332
1233313331113
1232231131133
1121123221211
1212333112111
1121123221233
1233331222321
1121123221332
1121123221121
1121123221112
1121312332212
1123132333121
1121123121133
1121123121331
1121123121313
1121123121221
1121123122222
1121123122233
1233223233121
1121123123311
1121123123232
1213231113211
1121123123223
1122133223332
1232321332123
1112231131132
1121123123131
1121123123113
1233311133111
1232231333331
1221211231222
1121113211222
1121123131123
1231322213222
1233312132131
1121123133211
1231321311222
1211112332333
1121123133121
1121123133112
1121123132311
1121123132131
1121111333111
1121123132113
1211232312132
1123132131332
1121123113132
1233331331131
1121123113213
1211333211211
1121123113312
1112231321223
1121123112133
1121123112221
1231113122311
1121123111222
1213322312121
1121123111332
1121123111323
1212133223211
1112112331312
1121131111122
1121131111133
1121131111221
1121131112211
1122113213232
1233213222221
1233332122123
1231123323311
1232332333232
1121131112233
1211233232211
1121131112332
1223121233233
1223132213112
1232321332132
1121131113311
1122232213322
1232322231111
1122133111231
1232111113213
1121131113322
1121131113232
1121131132132
1121131132123
1112113133313
1232311111321
1121131132231
1211112313321
1222123323133
1232311311233
1231311333331
1221231133221
1221232323111
1212111211311
1121111113212
1121131133111
1121131131311
1223223132122
1121131131322
1231231231133
1123121233313
1232121321132
1121131131232
1121131131223
1123232123121
1121131131113
1213131222123
1223221312223
1121131123132
1122121311122
1231122231132
1111213111111
1121131123123
1122222133131
1121131123231
1222131233112
1121131123213
1221131132333
1221112123233
1221322122211
1122131311231
1121131123321
1232131332113
1121332322332
1121131122133
1221311322132
1222232321123
1121131122331
1221131312223
1121131122221
1232332331111
1121131121332
1221133213313
1121131121323
1121131121121
1233222313231
1121123112331
1121131121112
1121131221111
1213233121133
1121131221133
1213221311223
1121131221212
1122111111231
1232223312221
1121131222222
1221223122332
1123332333321
1121131222332
1111122212132
1121131222323
1121131222121
1111123112222
1121131222112
1121131223311
1211313211321
1121131223322
1121131223333
1121131223232
1121131223131
1231131132121
1121131223113
1121131231132
1231233232132
1112232111122
1231331313313
1221121121213
1111213233121
1121131231213
1121131233211
1222132112212
1123312223323
1121131233222
1211112123331
1212211132323
1121131232311
1121131232333
1123321311233
1121131213213
1112113132132
1121131213312
1232223131323
1232313331332
1121131212111
1121131212122
1231123232112
1212211212232
1212311213131
1121131212133
1121133311133
1121131212331
1121131212313
1121131212212
1121131211211
1112231312232
1121131211222
1121131211233
1212222112231
1112232133122
1121131211332
1121131211121
1212311211212
1121131331133
1121131331331
1121211231122
1122133333332
1221231213231
1213332131321
1121131331313
1121131331212
1121311213213
1121131332222
1123123121232
1112312223213
1231232321323
1121131332233
1222312332212
1233231122332
1121131332121
1121131333311
1221211223331
1213113112123
1121131333322
1211332322233
1232232332131
1223133333123
1121213121212
1121131333232
1213122321321
1121131333223
1231113222132
1232313233212
1121131333113
1223231232331
1121131321123
1232331121221
1121131323211
1121131323222
1222122311313
1233331133333
1212112221311
1222311311232
1121131323112
1213321213122
1121131322232
1222223321312
1232212321131
1121131322131
1121131322113
1121131312132
1231232211123
1121131312231
1121133332123
1121131312213
1122322332313
1121131312312
1121131313111
1213333322212
1221111122123
1121131313133
1231322221223
1121131313331
1221233221131
1231232212333
1121131311322
1233113231321
1213132222131
1121121311323
1121131311333
1221213321312
1121131311131
1211322112211
1231133322322
1231112212323
1211122133311
1122223112221
1231222123232
1211313322133
1223331322231
1233223331221
1121133211213
1121133213222
1231323113312
1121133213332
1121133213121
1232332111111
1121133212232
1213331322322
1231122323233
1121133212131
1121133212113
1222333132321
1122332321323
1121133222132
1121133222123
1232113122132
1222222311222
1121133222312
1123113323123
1121133223133
1121133223313
1121133223221
1212211113221
1223131112333
1123212222332
1121133223212
1112112112223
1121133221311
1121133221131
1121133221113
1213312211113
1222333111221
1121133233132
1121233321122
1121133233231
1232113132313
1221323123332
1213132131332
1121133233213
1212333232321
1121133232111
1121133232122
1121133232133
1232332122331
1121133232221
1223133113231
1111121233213
1232133311123
1212321232223
1121133232212
1121133231332
1121133231323
1121133231121
1221331333233
1121133311122
1121133311313
1211123333213
1223232231133
1123211332313
1121133311221
1221123232223
1122322132322
1121133311212
1121133312211
1121133312222
1121133312233
1223221111233
1121133312121
1212312322333
1121133313311
1233113123123
1121133313322
1212133321212
1121133313223
1233112333121
1211223211211
1223231211312
1221112133311
1121133332132
1121133332321
1221211223221
1121133333111
1121133333122
1121133333133
1112211231111
1232112113322
1121133333331
1233332232121
1223333212312
1121133331311
1111221131222
1121133331322
1231333223111
1211323121322
1212322311213
1121133331131
1121133331113
1213112333312
1121133323132
1222132231223
1121133322331
1213312313321
1121133322221
1223223231221
1121133322212
1222321321223
1111232121221
1121133321211
1212122123133
1231131232122
1121133321323
1222113132312
1122211232331
1121133321112
1231232331311
1121133131122
1121133131133
1123321111321
1121111222123
1232323131113
1121133132332
1211213111121
1213332122211
1123223322133
1121133132323
1211133212131
1121133133311
1221112321211
1121133133333
1213122112233
1112222321122
1121133133131
1231332222313
1121133133113
1223223113222
1221222313223
1121133121231
1211321121122
1222231213311
1121133121213
1121133121321
1233111112321
1232212131213
1121133121312
1112312211122
1112231211221
1121132322231
1231133122331
1121133123332
1121133122322
1223231233132
1122333222133
1221332133333
1232333123212
1112332122321
1221333212121
1121133122333
1212212312111
1121133122232
1121133122223
1222232313313
1121133122131
1112333333223
1121133122113
1213213123212
1121133112213
1233131313133
1211121112311
1121133112312
1221222333221
1121133113133
1121133113313
1221131113321
1121133113221
1121133111322
1122221313231
1233131313221
1121133111232
1123333233312
1112211211113
1121133111131
1121133111113
1123323132322
1121132311132
1233313133113
1121132311231
1221123221111
1223123111311
1112222332311
1232231322133
1231113212311
1121132311312
1211222132111
1123231311121
1121132313211
1112321223213
1121132313332
1213323222221
1213223321222
1123232213211
1121132313323
1222231223213
1231121222221
1121132313121
1213132233131
1212311111222
1121132313112
1121132312322
1121132312232
1231223333313
1222122123211
1221211222312
1123321112113
1122312112332
1121132312223
1121222112322
1233112231313
1121123113321
1121132322132
1121132322123
1121132322213
1121132323111
1121132323122
1211323333323
1221133333121
1221233233213
1121132323313
1121132323212
1211312111112
1212322213232
1122121313322
1121132321311
1222313311122
1121132321232
1121132321223
1213211313332
1222231311123
1121132321113
1211131212221
1121132333132
1221223221323
1121113122313
1232212112331
1233132332122
1212211131221
1232331132113
1121132333231
1212111212321
1122321322131
1233312231232
1221321232131
1121132332313
1211111113331
1232212223213
1121132332221
1121132332212
1121211132111
1231113311331
1221111333121
1121132331211
1121132211111
1213213322323
1121132212211
1121132212222
1121132212323
1121132212121
1231112321232
1121212112132
1121132213322
1122231122221
1121132213333
1121132213232
1213211322321
1232321211231
1121132213131
1231311231112
1121112113323
1223122322231
1122223313332
1121132213113
1121132232132
1111112333133
1112112132313
1221231211211
1232333131222
1121132232213
1222233311323
1121132232321
1233213113312
1121132232312
1121132233111
1121132233122
1121132233133
1221322323331
1121132233331
1121132233313
1121132231311
1223332311223
1221231323121
1112311231213
1121132231322
1121132231333
1232112333113
1121231121122
1121132231232
1233131123231
1223131132111
1121132231223
1233332211223
1121132231113
1232322212213
1122321113311
1221222133311
1222312221233
1121121323232
1121132223132
1223212123322
1121132223123
1121132223231
1211221322111
1121132223213
1121132223321
1123213313312
1232132312211
1221311231322
1212232221332
1121132223312
1121132222111
1121132222122
1221212311112
1112312113312
1121132222133
1231332312311
1121132222331
1111222312323
1121132222221
1121132222212
1121132221211
1112112213111
1232121221331
1121313231121
1121132221233
1222112321212
1121132221323
1121333212221
1221321312312
1121132121111
1121132121122
1211321313332
1121132121331
1223111132113
1121132121221
1231323113132
1123122313111
1121132121212
1121132122211
1232122111121
1121132122222
1221113121331
1121132122233
1121132122332
1222221332123
1121132122121
1121132123311
1213112332122
1121132123322
1211323122312
1112311333322
1121132123232
1212123313212
1223212113231
1121132123223
1211122312323
1122232133233
1221212131233
1221322312131
1213131132211
1121132131132
1231331313111
1121132131231
1121132131213
1122232131312
1221123131322
1221313322323
1222311333131
1121132131312
1121132133323
1121132132232
1231212332332
1221322333132
1222222213122
1122133223233
1121132132223
1121132132131
1121132132113
1121311122331
1122121312323
1121132113132
1212212311222
1121132113123
1232333123111
1121132113231
1122122131222
1233313311212
1233321132131
1121132113321
1121132112133
1222332331321
1121132112331
1112121122321
1121132112313
1222221132233
1121132112221
1121132111211
1112313122131
1121132111222
1121132111121
1123312233232
1121132111112
1222313231222
1121113111111
1212213312213
1121113111122
1223333131121
1121113111133
1232212323221
1121113111331
1112222122312
1121113111221
1231323133332
1222221231233
1231211133121
1232131222333
1121113112211
1121113112332
1221332313131
1123322321222
1121113112323
1221332331232
1121113112121
1122222232331
1232313211111
1213322312112
1121113112112
1112213322231
1231223323132
1212211133113
1221213313331
1121113113113
1121113132123
1222311222211
1122221122132
1121113132312
1121113133111
1232221222313
1232221132131
1121113133331
1212112221131
1121113133313
1121111321332
1121113133221
1232231323321
1121113131311
1231211133112
1121113131322
1232133122233
1233211221132
1222232213231
1121113131223
1121113123132
1232111111233
1232332311311
1121113123123
1233322331313
1121113123321
1221312232322
1121113122331
1121113122221
1212132311113
1232123322221
1121113122212
1222322123231
1232312113221
1121113121211
1231332213113
1121113121332
1222111233123
1121113121323
1232233212313
1233223132213
1121113221111
1122312132132
1231121231311
1121132211331
1121113221122
1231133321321
1121113221133
1111222232133
1232222212122
1121223313331
1121332123221
1221222332231
1123222333312
1233331211231
1122113312322
1121113221313
1232233122331
1111121233123
1121113221212
1121113222211
1121113222222
1223312221131
1121113222233
1212113233313
1233312233133
1111221222322
1231122321312
1231222212332
1212332211231
1112121231221
1232112121222
1221332222321
1121113222121
1121113222112
1122111321313
1121113223333
1121113223131
1233311122313
1121113223113
1221322212332
1121222211223
1121113231132
1111223122233
1122112221131
1232122231232
1121113231231
1111231131232
1122321313331
1121113231213
1123113123211
1121132233221
1121113231321
1211232112211
1111211112312
1121113231312
1212332113111
1121113233211
1212322312232
1121113233222
1232322221312
1221111313123
1212112133333
1121113233112
1211321132322
1123132132221
1121113232311
1121113232322
1221121223221
1123311213222
1121113232223
1121113232131
1121113232113
1222131213321
1121113213321
1211221223313
1213232331322
1121113213312
1232222313313
1121113212122
1221322333312
1221233123222
1121113212331
1121113212313
1121112221213
1212311111211
1121113212221
1121113211211
1231331332222
1121332132221
1221223222221
1121113211233
1123321332333
1122332322313
1122112111232
1121113211332
1232233121332
1211133113212
1211231211313
1121113211323
1121113331111
1121113331122
1211223111313
1122131222133
1121121211113
1121113331331
1121113331313
1213111321132
1121113331221
1122321223311
1121113331212
1233211332113
1121113332222
1121113332233
1112131332211
1121113332112
1122323231332
1121113333311
1213133331221
1221221121333
1121113333322
1211122323321
1112331331333
1231213321133
1232212223132
1212123322113
1121113333333
1112322121112
1232112122313
1121113333232
1121113333113
1112312122332
1121113321123
1231123122321
1121113321321
1121113323211
1121112331123
1212222123222
1121113323323
1122312332233
1232122132322
1222323233232
1121113323112
1233222122312
1121113322322
1231121131231
1221123112233
1121113322333
1121133131313
1121113322223
1211121323113
1121113312132
1232333323232
1121113312312
1221233113331
1121113313111
1212211121213
1121113313122
1231322333212
1232133331211
1121113313221
1121311313122
1121113313212
1213131131122
1222111223331
1123311132323
1232131113112
1211331312121
1233212231112
1221322232213
1212223333132
1121223111212
1121113311232
1233222111231
1121113311223
1121113311131
1233121113222
1121112111132
1233323322233
1121112111231
1233222221312
1121112111321
1222323123331
1123323232312
1121112111312
1121112113211
1122333233221
1121112113222
1121112113332
1121112113121
1111221112232
1121112112333
1123131131313
1233121112322
1121333322333
1122111312111
1233121132111
1121112112232
1121221221311
1123122121121
1231133211323
1121112112223
1232311233333
1212333233111
1121112122132
1232231333221
1121112122231
1121112122321
1123112112212
1121112122312
1233131332112
1232123121123
1111212113332
1233333113232
1121112123111
1231133221221
1223333221321
1112122122131
1121112123122
1121212232212
1232311213111
1121112123133
1233113121222
1121112123331
1112232112233
1233113133331
1112213223123
1121112123313
1231322132121
1121112123212
1121112121322
1121112133132
1211233211113
1121212312233
1233332121322
1232232333332
1121112133123
1221211322313
1121112133231
1231232123112
1221113332122
1121112133312
1232321232133
1123213223332
1121112132133
1121112132221
1213323231113
1233233332131
1222312313222
1121112131211
1121112131332
1121112131121
1121112321111
1121112321122
1231213122213
1122222232122
1233111231121
1212212121322
1221123213312
1121112321331
1213123132133
1123131122311
1121112321221
1122313122213
1121112321212
1121112322211
1231333213222
1121112322233
1222213132322
1121112322332
1231133232131
1121112322323
1221221233322
1121232212133
1121322121323
1231332111222
1121112323322
1121112323131
1123131221131
1123231111123
1121112331132
1121112213133
1221122222333
1121112331231
1122332222312
1112311332233
1232131232332
1121112331321
1121112331312
1121112333211
1232323131311
1121112333222
1122211231211
1233231121122
1211111211231
1122132311311
1121112333233
1213231233113
1121112333112
1121112332333
1121112332232
1211223213123
1221311232123
1121112332223
1232112211121
1121113313331
1121112332113
1222112113323
1121112313132
1222132122121
1121112313231
1123332322132
1121112313321
1121112312133
1122111313321
1121112312331
1231322213233
1232333213313
1121112312221
1121112312212
1121112311332
1211112312133
1111123333232
1121112311121
1233122233312
1121112231111
1232223332223
1121112231133
1212233123211
1111231121233
1221333211133
1121112231221
1121112231212
1112322323323
1121112232233
1223322332232
1233132123322
1121112232323
1111231322232
1121112232112
1121333211332
1121221313311
1232212232231
1213111231312
1121112233311
1121132331222
1121112233322
1121112221231
1222332313132
1111122132111
1121112221312
1121112223222
1121112223233
1121112223332
1121112223121
1121112223112
1221133113332
1123112222221
1121112222311
1121112222322
1122321231213
1121112222232
1121112222113
1121112212132
1121112212123
1232123213323
1121112212213
1112113332323
1121112212312
1232233111221
1121112213331
1211311111133
1121112213313
1112331231121
1121112213212
1121332313312
1121112211311
1233311322223
1232123221333
1233323211113
1112322222332
1121112211322
1232113123221
1121112211333
1121112211232
1213233132322
1232132121231
1121112211131
1223231322111
1233132322213
1231132331321
1121111211213
1121111213222
1212111133213
1111231212221
1121111213233
1123131312323
1232331333321
1112223332332
1232111331323
1121111213332
1232133211331
1121213133222
1121111213323
1221111113121
1212323231332
1121111213112
1121111212322
1121111212333
1121131311113
1121111212223
1221331211232
1121111212131
1231133331133
1121111222312
1121232131232
1121111223111
1233323231313
1233131121332
1212222222132
1121111223331
1112323211333
1231121131213
1121111223313
1233311221212
1232311321331
1121111221311
1121111221322
1122322131321
1121111221333
1123231213212
1221112213222
1212222113212
1121111221232
1233223212212
1231323133121
1121111221223
1121111221131
1231132233311
1233123231333
1121111221113
1223112131223
1232222112332
1121111233132
1121111233231
1121111233321
1221211223313
1121111232122
1121111232133
1121111232212
1223113333211
1222132232312
1222222231331
1121111231211
1121111231222
1232311312331
1121111231323
1233212311331
1221313123111
1123121111112
1121111231121
1121111311111
1112231233122
1121111311122
1223232112322
1121111311331
1231323332221
1223212123223
1222131321321
1121111311212
1233223311322
1221212112232
1122111212231
1121111312211
1231111132123
1213311121213
1121111312222
1211312111121
1121111312233
1213222213223
1111233122223
1221222112132
1213231113233
1121111312121
1121111312112
1121111313232
1231211213232
1121111313223
1212133332232
1233233121333
1212113123333
1222332121131
1121111332231
1233211312313
1121111333331
1232333321133
1121111333313
1121111333221
1121111331232
1121111331223
1223311122312
1221131112212
1121111331131
1231331121211
1211112323232
1121111331113
1233321133233
1232123113212
1221122212132
1121111323132
1231232231332
1212212322112
1121111323231
1121111323213
1121111323321
1111212333121
1231322112312
1211232123321
1123121323122
1221331312122
1122122133213
1121111322111
1222311111111
1211132233111
1213322123332
1121111322122
1121111322313
1223222231123
1231233123322
1212132123213
1231213231331
1213212223131
1123331133221
1121111322221
1233233223332
1121111321222
1123223312121
1221333222331
1111212313321
1121111131122
1121111131331
1232211211112
1112331312121
1121111132211
1121111132222
1123321223121
1221222221311
1121111132233
1232311222131
1211122131221
1121111133322
1121111133333
1121111133232
1222332312122
1122311222212
1123111222112
1232323132132
1121111133113
1213111133133
1233323311332
1121111121321
1211311322322
1231321232112
1211212121213
1121111123332
1122113231113
1121111122333
1222331231211
1231122122122
1213331232223
1212131313222
1121111122232
1223221333213
1121111122223
1123222211122
1112211123331
1121112231331
1121111122131
1212232333213
1121111122113
1121111112132
1121232232333
1221223231333
1121111112123
1121111112231
1121312333123
1121111112213
1213213233113
1121111112312
1231223223221
1232211321321
1121322331313
1121111113111
1121133121132
1121111113313
1121111111311
1121111111322
1232222113113
1232313233331
1222112232323
1122122313123
1121111111333
1221312112112
1121111111232
1223131311233
1221131212112
1213121222122
1121111111223
1222131331133
1233211112113
1231111111221
1231111111331
1231111111313
1232112333311
1232233331133
1231111113311
1223331233111
1231111113223
1231111113232
1231111113113
1231111112211
1221212333121
1231111112233
1231111112222
1121113222332
1231111112323
1231111112332
1221221211113
1212133122213
1122123313111
1231111112121
1231111123132
1231111123312
1231111123231
1231111122122
1122121211132
1221123332323
1123133322232
1112123132333
1231111122212
1212313111231
1121311122111
1231111121233
1231111121222
1232133221233
1231111132132
1231323231131
1112323133312
1231111132321
1231111132231
1121231233221
1231312113233
1123313222121
1221233322122
1233222132313
1231111133122
1231111133221
1232113331321
1122221123331
1231111133212
1221211122223
1231111131113
1231111331133
1212132122313
1231111331313
1231111333311
1213111113131
1222323322233
1112121112113
1231111333333
1232333211131
1231111333322
1211223321321
1231111333223
1111233322122
1221321112222
1231111333232
1212112313311
1112132312232
1221112313232
1231111333131
1232223331123
1231111333113
1232113213111
1231111332233
1232112321213
1231111332222
1122311121122
1221331232112
1112222312212
1231111332323
1223112231321
1112113223131
1231111332332
1221222333212
1123223131331
1231111321123
1231111321132
1231111321213
1231111322311
1121133311111
1231111322223
1231111322232
1232321311122
1211211223332
1213332331112
1213223322221
1212322122233
1232112112121
1222231321131
1231111322131
1213311312332
1231312313213
1231111322113
1232121132213
1231111323233
1233211113323
1122113222331
1233221321121
1222232313212
1231111323332
1231111312132
1232213233123
1221322221323
1231233221332
1211132332122
1231111312312
1211231311231
1223111322123
1123121231113
1231111312231
1231111312213
1121211312221
1232131222232
1231322311122
1112223333311
1231111313111
1231111313133
1213113132121
1121112323232
1231222223213
1233332211322
1231111313221
1221121112132
1231111313212
1223133132113
1233112122123
1233111331333
1223113233113
1231111313331
1123312111231
1231313213312
1123212211332
1231133212212
1231111311223
1121312212222
1233131213321
1232233223322
1231111221133
1221233333313
1232122213223
1112121231133
1231111221122
1231111221221
1231231231331
1231332332331
1231111221212
1231111221331
1122132232131
1231111221313
1232321231323
1123113221223
1231111223311
1231111223333
1231111223322
1211213122222
1221232111332
1232131111231
1231111223232
1231111111111
1231211312232
1222212221131
1232121321231
1231111223131
1231111223113
1222121323113
1122213113223
1231111222211
1231111222222
1112132213223
1233132112221
1231111222323
1123211331323
1231111222332
1112131222233
1231111222121
1232133132113
1221312331221
1231111231312
1212112211231
1123132321331
1231111231213
1231111232311
1111211133113
1122133233131
1233122131111
1223212213322
1123212332211
1112123132223
1233113311131
1231111232322
1121131323121
1231111232223
1222233323232
1231111232232
1231211132322
1231111232113
1231111233211
1221331311211
1232331332122
1231111233233
1211131322311
1111222111311
1231111233323
1231111233332
1232333211311
1231111233121
1223222313122
1121212221311
1231111213123
1213223321323
1213133213231
1232312133223
1231133213132
1231111213132
1231111213231
1221323122232
1231111212133
1222111221333
1122111231221
1233323321331
1231322231112
1112212212311
1231111212122
1213122313221
1231111212212
1232223312133
1231111212313
1213133211233
1231111211211
1212312322311
1233121122123
1231111211222
1231111211323
1231123233232
1231111211332
1122132311131
1231223232111
1213332333231
1231111211121
1232131121322
1231112312223
1231112312131
1231112312113
1231231213313
1231112313233
1211223322131
1231112313222
1231112313323
1212133133123
1232221211212
1122332212311
1231112313332
1223332112233
1221323113122
1231112313112
1231112211331
1211322213132
1223223111123
1123221233211
1231112333321
1232223312111
1211213323111
1111221121333
1231112333312
1211332232222
1212121323312
1231112332111
1231112332122
1232322323223
1231112332221
1232222113322
1122313111213
1231112332212
1231112332331
1231122212331
1211121221231
1232311211311
1231112332313
1231112331211
1231331123132
1231112331222
1121323213221
1231112331332
1121133123233
1221112122322
1221122222113
1123222313332
1231112331121
1122321331331
1231112322123
1231112322213
1212323321233
1232112313212
1211232113333
1122121331232
1231112323111
1233233211232
1231112323221
1231112323212
1231112323331
1223332121233
1221131132113
1231112323313
1232332233233
1213132212123
1221323312112
1111231332222
1231112321333
1221133331123
1123232312121
1231112321322
1211332321331
1232332311333
1233111131212
1231112321131
1123223212333
1231112211111
1222233211333
1112312312131
1231112211133
1221222213121
1231112211122
1231112211313
1233212321332
1232332323121
1231112213333
1213111113113
1221223313332
1231112213223
1211222231313
1231112213232
1231313212111
1232222313212
1223232311112
1231112212332
1221112113122
1221113231131
1213221122111
1231112212121
1231112223321
1231112223231
1122321333322
1232212321113
1221132211121
1231112223213
1231112222111
1222132332111
1231112222133
1122123333232
1231112222221
1222321212332
1231112222212
1221232313233
1121322311333
1231112222331
1222222123122
1233331121213
1232221221332
1231112222313
1231112221211
1222121222322
1231112221233
1232313313222
1233233133231
1231112232123
1212311221211
1233233231331
1233212333212
1121131223223
1231112232231
1231112123131
1231112232213
1231112233111
1231112233133
1233123233221
1213313113333
1231112233221
1231112233212
1112223113223
1231112233331
1112313331322
1231112231333
1233231331332
1233121313312
1231112231131
1213221211211
1221111223323
1221233321222
1231112121111
1231112121133
1112121233232
1232323233112
1232221221222
1223312331232
1233333231312
1231112121221
1123132221231
1231112121331
1213231223121
1231112123333
1231112123322
1231112122323
1231321111321
1233112121131
1231112122332
1231112122112
1231112131123
1232331322321
1231112131321
1212222313223
1231112131312
1213133223333
1232211122221
1231231132122
1111123221221
1231112131213
1231321121333
1231112132311
1231122322311
1231112132333
1231112132223
1232212222331
1231121331222
1231112132232
1223333331213
1231232223313
1121321122233
1231112132131
1213313112112
1212112111113
1231113311313
1222123112313
1233331211312
1212333321322
1222112222223
1122132133212
1231112133233
1231112133222
1121222213212
1231112133323
1213132213122
1231133113113
1221131113312
1211112112223
1121213232312
1231112133332
1221122112131
1231112113123
1231112113132
1231223222132
1231112113312
1212211233312
1231112113213
1221233322221
1231112112111
1223231112213
1231112112212
1231112112331
1231231132133
1121331312121
1121133323213
1233221231233
1211221122311
1212212212213
1232333213111
1111112333212
1221111313213
1223322111213
1222332323232
1112222323223
1231112111332
1231113211132
1231113211312
1231113211231
1232233221111
1231113212333
1231113212223
1223332111122
1231123111132
1112322333223
1231113212232
1232132212223
1232332131232
1232121233112
1122121133223
1231113212113
1231322212223
1231113213211
1121321213311
1231113213233
1222122321112
1231122233332
1211132131231
1233231231333
1231113213332
1231113213112
1223313122112
1231113233123
1221212322222
1222132323111
1231113233132
1231113233312
1231113233231
1231113233213
1231113232111
1231113232122
1231221111313
1211131212313
1233122112132
1231113232331
1223123323213
1231113232313
1231113231211
1231311122232
1121122133131
1231113231233
1231223113133
1231113231332
1231313333322
1212131131321
1122333211122
1111223312311
1231113231121
1222321312113
1231313311311
1213131323231
1112212122232
1231113231112
1231113222321
1212133221132
1231113222231
1231113223111
1121223111133
1231113223122
1221223332111
1123332122121
1231113223331
1231113223313
1231332112212
1221221212321
1231113221333
1222323332113
1232113121113
1231113221131
1213332111332
1222212233312
1231113311133
1221333211122
1231112232132
1231113311221
1231113311212
1221112133333
1112232311232
1231113313311
1233231123223
1232232321331
1221311132113
1222221213112
1231113313322
1221312321321
1231113313223
1212222122311
1231113313232
1121322122133
1221113211133
1232111322213
1221332212311
1231113313131
1231113133113
1223313123322
1122223212323
1231113313113
1231113312222
1232132132121
1212131221323
1232311132331
1233222131323
1231113312323
1221132311131
1123222121221
1231113312332
1231332313121
1231113312121
1223111111112
1233121322323
1222131323233
1222232331133
1112311321123
1231113323123
1231113323132
1232311211113
1233133132222
1223231231222
1231232122311
1231113322133
1223213113331
1231311132112
1233311311223
1232232223222
1123331332222
1231113322331
1231113321332
1232213332321
1233311321321
1211133112321
1223313131123
1122122112333
1231113321112
1211111122223
1231113332123
1231113332321
1231113333111
1122223312333
1231113333212
1222123113213
1231113333313
1233113233112
1231113331322
1231113331223
1221321323332
1111232112331
1231113331131
1231233212323
1231113131122
1231113131212
1231113133311
1221211221232
1231113133333
1122222231233
1231212313212
1231113133322
1231113133232
1231113132211
1231113132323
1221232331222
1221332112321
1231113132332
1231113132121
1121122232212
1112331323213
1121133211312
1231113132112
1231113121123
1212331211232
1232122221112
1231113121132
1211313323213
1221113332212
1123321233333
1123112312232
1221221213133
1211222112113
1112212111223
1231113121321
1212121232111
1222132323313
1231113121312
1231113121231
1231121221211
1231113122223
1122113331112
1221312333113
1223212131132
1222233121311
1231113122232
1222333321321
1231113123211
1231113123233
1123332312322
1111211221333
1233323222232
1222312111121
1221222322221
1122231113113
1231113123222
1231113123121
1232131322222
1212121321112
1231113112123
1232232213221
1211321322231
1231113112132
1121312323221
1231113112321
1223313132131
1231113112213
1231113113111
1221133322121
1231113113133
1123333121312
1231113113122
1211113212331
1232121111122
1112221223122
1231113113221
1123213223222
1231113113212
1231113113331
1213133232131
1232211111212
1233211333112
1231113113313
1212311231223
1122121121231
1231113111333
1213132313312
1231113111322
1213213332232
1231223331333
1213232132121
1231113111232
1212233333313
1231133111111
1222212222123
1232122322312
1223332211112
1121231313222
1231133111133
1121232113113
1221222123332
1212223121212
1223112221133
1231133111331
1231133111313
1213131231233
1231133113311
1231123321212
1111232113321
1231133113333
1223323112323
1232331332221
1231133113322
1231221123132
1123123333121
1231133112211
1231133112233
1231132131323
1233222232121
1123112123131
1231133112222
1231133112332
1231133112112
1231133123132
1231133123321
1231133123312
1121231211212
1231133122111
1112211223233
1221113131123
1231133122122
1231133121211
1213132223323
1231133121233
1122221212132
1231133121323
1231133121112
1233211312111
1211123111332
1121122131122
1231133132123
1233331311111
1231133132132
1231133132321
1231223133232
1231133132231
1232122332331
1231133132213
1122123113223
1231133133111
1231133133133
1222333233332
1231133133313
1231133131333
1123313223232
1232211323121
1231133131322
1231133131113
1211331323312
1213123122213
1231133331111
1122311121133
1231133331122
1232311222232
1231133331221
1231133331212
1231332323133
1222133122333
1231133333322
1233111132211
1231133333232
1231133333113
1232232112333
1233112331321
1122223331233
1231133332211
1212322231322
1233232232223
1231133332233
1231133332222
1231313311223
1231133332323
1231133332332
1231133332112
1231222221323
1233323231111
1213321122321
1231133321123
1231133321213
1121331121123
1221223121122
1231323121122
1212131331211
1231133323233
1231133323332
1231133323112
1231133312132
1221132211323
1213311332312
1111212312331
1231133312312
1231133312231
1231133313111
1231133313133
1231133313122
1232122313323
1231131133311
1211213313222
1213132231331
1212223222212
1233331131313
1211111323312
1213112113231
1231133313331
1233332121311
1231133311311
1233233221123
1212313213212
1231133221212
1231232321112
1221223132333
1231133221331
1233122332321
1111122311323
1231133223333
1231133223322
1231133223223
1231133223232
1231133222211
1213222122233
1231133222222
1213233123223
1233133231222
1232133322321
1232232131222
1231133222323
1233312123232
1221212233311
1231133222332
1231133222121
1223221313332
1221133233322
1231133231321
1213233331222
1231332133222
1231133231213
1233222332113
1222131331122
1231133232311
1231133232223
1112213232123
1231133232232
1123233122233
1122233212322
1231133233211
1211221323123
1231133233233
1223111133233
1223312311212
1231133233222
1232312212232
1112232211332
1231133233332
1231133233121
1212113131123
1121332131323
1233312332331
1121232121233
1232313321232
1232322332322
1221232131213
1213321321221
1231133213321
1222122123121
1221131321223
1231133213312
1233333331212
1213233321333
1221333113123
1231133213213
1231133212111
1231133212122
1231133211211
1213223133131
1121122333221
1231133211121
1222132322231
1231332122332
1112322212212
1231133211112
1223331221112
1231132111132
1231132111321
1223222222112
1231132111231
1231132111213
1231132112333
1231132112322
1223132322212
1231132112223
1232123231323
1212132212331
1121312121133
1121213331112
1231132112232
1212131233212
1111123212212
1233211111321
1221113232231
1223221221121
1231132112113
1232122233313
1231132113233
1231132113332
1231311223122
1122233232313
1231132113121
1231312321122
1211132333312
1231132113112
1231132133123
1232212323122
1223333311323
1231132133132
1221211213121
1231132133321
1231132133213
1211311211211
1121313131133
1231132132111
1221322133121
1211122221223
1222122122311
1222123311132
1123133222323
1231132132133
1221223111233
1223321211132
1223221323331
1121112321133
1231132132122
1122232121313
1231132132221
1233231322312
1231132132212
1233111213332
1211333321312
1231132132331
1222312331233
1233333131131
1213131231121
1212331211333
1231132132313
1212313332113
1231132131233
1231121322213
1231132131222
1233312333312
1231132131121
1111233213121
1231132122231
1221112122223
1231132122213
1212232122332
1123221132312
1231132123133
1122323232331
1121131133313
1232231323213
1123321332311
1231132123221
1121311323323
1231132123212
1123232133131
1231132123313
1211211122321
1231132121232
1223322111123
1231132121131
1122223331112
1221112321121
1111122231221
1231132121113
1122221233232
1231132231133
1231132233322
1231313222121
1221322221332
1232211133221
1223231232212
1221211123121
1233231122233
1121232211121
1231132233131
1231122233233
1212312111133
1231132233113
1233111321121
1231212133212
1223332313212
1123323131123
1232221232213
1233121113112
1232112233233
1231132232222
1231112133211
1221131311321
1122122231212
1231132221321
1223111121313
1233333311322
1123333132211
1221311311312
1231132221312
1231132221231
1213233333312
1212223122323
1231232121132
1231132222333
1231132222223
1231211313222
1231132222113
1232133121313
1231132223211
1231123312331
1212321331133
1231132223233
1233312222221
1122333213113
1231132223222
1233311123123
1231132223332
1112311212133
1231132223121
1231322223212
1231132212123
1111213333333
1231132212321
1231132212312
1231132212231
1112233123122
1231132212213
1112123312131
1231132213111
1231132213122
1231132213221
1222132131132
1231132211333
1223121132213
1231113333122
1112321121111
1221233332123
1212133311112
1231132211223
1231132211131
1231132211113
1231132321111
1222233321212
1231132321212
1231132323322
1211332332223
1231132323223
1231132323131
1222311233211
1213121121331
1231132323113
1112122133322
1231132322233
1211312132232
1221132222121
1231132322222
1212212122321
1112123211122
1231132322323
1231132322121
1231132322112
1222311233222
1112123112221
1231132331123
1231132331132
1231133121121
1221333212233
1211122112123
1123212313313
1231132331312
1211121131332
1231132331231
1112332232332
1231132331213
1221122312133
1233121231122
1231132333211
1231132333222
1232121323323
1231132333323
1121211223112
1231132333332
1122132213213
1232212111222
1211213212332
1231132333121
1231132333112
1231132313123
1231132313231
1231132313213
1231132312111
1231132312313
1231132311233
1121233331312
1231132311222
1112223221122
1231132311323
1231132311112
1221312221221
1233111331223
1231131211132
1231131212311
1231131212333
1212112331232
1231321221123
1231131212232
1233332132133
1221231233323
1231131212113
1112122322111
1221122331123
1223323311322
1112123331332
1231131213211
1231131213233
1212321312312
1231131213332
1231131213121
1213333123332
1233211323232
1231131213112
1223111221233
1232332312312
1231131233132
1121133313232
1231131233321
1223122332111
1233211231133
1233131332332
1231133311113
1231131233312
1221321333223
1231131233231
1231131232111
1211113213213
1122333122222
1231321123331
1231131232212
1211321212332
1231131231211
1232231232212
1213232233123
1231131231233
1222313211132
1122122112113
1232213221333
1231131231323
1212212213212
1122211221131
1231131231121
1231131231112
1212313232112
1232112312321
1112221232111
1231131222123
1231131222132
1231131222231
1222232323211
1231131222213
1231131223111
1222222212312
1231131223133
1233123132232
1211222311112
1122221333112
1231131223212
1211332322112
1231131221311
1223321323321
1233323232121
1231113122322
1221122132331
1231131221333
1212213111111
1231131221223
1211113332332
1221332323312
1112113233233
1221213223223
1213321232211
1231313212133
1122213231312
1231131311133
1231131311122
1121233213331
1231131311221
1231211221112
1111112113122
1231131311331
1231131311313
1231131313311
1232112211112
1231131313333
1122212131222
1231131313131
1221213133313
1231131312233
1231131312323
1222222323322
1231131312332
1231131312121
1232212221233
1121323222223
1231131323123
1123131321211
1231131323132
1231131323312
1231131323231
1222212222321
1231131323213
1231131322111
1231131322212
1212311211331
1223112221313
1231131322313
1233133331232
1233233133312
1231131321233
1231222232312
1121323333323
1233231333123
1231131321222
1231131321323
1231121111112
1233222112333
1231131321332
1231131332231
1232233232333
1233223332121
1231232232221
1231131332213
1231131333133
1123231222232
1221222311122
1112311323323
1231131333221
1213122121323
1231131333331
1231131331333
1123122332332
1221213233121
1232122111332
1122213323112
1221313312221
1231131331223
1231131331232
1221111222333
1213133222323
1231131331113
1231131131111
1231131131133
1223333113323
1221133121333
1231131131122
1231312112113
1111122121333
1231131131221
1112213311231
1221122123133
1112222233223
1231131131212
1231131131313
1212322231223
1231131133232
1231131132323
1231131132332
1213233112122
1122322221222
1232331213232
1222113123132
1231131121132
1223132322122
1231333233123
1211211131211
1112223133331
1231131121312
1231131121231
1232331233133
1231131121213
1231131122333
1221112232133
1231131122232
1231131122113
1233123323331
1112132311321
1231131123211
1231131123233
1231131123222
1231131123323
1122231323233
1221121331232
1122132223333
1231122112211
1231131123112
1223222112211
1122313311222
1231131112123
1213233321131
1231131112132
1231131113111
1231131113133
1231131113313
1213121222313
1232111311231
1232223211113
1232231332132
1222222312221
1123233132333
1231131111333
1123312232121
1231222312223
1111121122232
1231131111322
1232312131313
1231131111131
1122223232312
1233112123111
1231131111113
1231122111122
1231231332131
1221112112213
1231122111313
1221112233132
1231122113322
1212212121223
1231122113232
1122131312131
1232231131331
1232321312233
1213222111233
1231122112233
1123232112321
1233231331211
1231122112323
1231122112121
1231122122111
1212111112333
1231232232212
1231122122221
1233312123223
1231122122212
1122312223311
1233121111231
1231122122331
1212221123331
1223133323122
1121212311331
1231122122313
1123332131321
1231122121211
1231122121233
1122321132312
1221221133231
1221232121111
1231122121112
1231122132123
1213132212321
1231122132132
1231122132321
1212111121113
1122323133113
1231122132312
1123211313112
1221212311233
1231122132213
1222132221112
1231122133133
1231122133221
1121213333312
1231122131311
1231122131333
1231122131232
1231122131113
1231122331111
1213123231331
1231122331133
1121311123312
1231122331221
1221123223232
1123313332211
1231122331313
1213122223322
1222323113112
1231122333311
1222231231311
1231122333333
1221332131122
1232323133313
1231122333322
1231122333232
1233113231123
1211322333131
1232212113321
1231122333131
1213131331131
1231122333113
1231122332233
1233323131323
1221313111132
1213221221221
1121331122232
1231122332222
1231122332323
1223123231233
1231122321123
1233322112121
1122223111121
1231122322322
1122123332233
1233321223213
1231122322232
1231122322131
1231122322113
1223313112111
1232312113122
1231122323323
1213211321311
1123231112311
1231122323121
1231122312132
1231122312312
1231122312213
1213333333212
1233212333313
1123223232133
1231122313111
1231321311233
1231122313133
1231122313122
1211221223111
1232213222321
1122233231211
1231122313331
1231122313313
1232212231311
1212121122322
1111112333122
1231122311322
1231331233112
1231122311223
1231122311232
1121213212112
1231122311113
1231122221111
1211211331231
1231122223322
1232111313121
1231122223223
1231122223131
1231122223113
1231122222211
1211222211113
1123313212212
1233222222223
1231122222233
1122113212211
1231122222222
1221122213122
1223131312212
1123121323133
1112131122221
1231122222323
1123312232222
1231122222121
1231122232322
1212231231213
1233311312123
1221331322211
1221121223313
1231122232232
1233111223111
1221111131211
1231122232113
1211322112233
1231122233211
1233132213322
1212333233313
1222112221312
1231122233222
1231122233323
1213221322113
1233231121111
1111232221332
1231122233121
1231122213123
1123133112211
1231122213321
1232311112113
1211112333323
1212233321323
1231122213312
1231122213213
1231122212111
1231122212221
1212311213333
1231323212323
1231122212313
1233323112333
1121123213311
1231122211233
1121132131123
1233233132331
1121122321211
1231122211222
1231122211323
1231122211112
1211323231331
1122333213322
1122311112221
1231123111123
1231233331222
1231123111321
1232211311232
1231123112333
1211221333331
1221331112223
1231321232233
1232212322312
1231123112223
1231123112131
1231123112113
1232323221122
1231123113233
1232323132213
1231123113323
1212332231233
1222221123323
1231123113121
1231123133321
1211331121231
1232323313111
1222213123232
1231123133312
1231123133231
1221232231322
1122231132213
1231123133213
1231123132133
1231123132221
1212323121132
1231123132212
1122333331222
1231123132313
1231123131323
1121322232311
1122213323332
1231123131121
1231123131112
1231123122132
1231123122312
1232221122233
1231213133132
1231123122213
1211122323132
1123213322323
1231123123133
1232323233121
1231123123212
1233231311132
1221332232212
1112111133223
1231123121311
1112122221223
1221232132311
1222131313331
1231123121322
1222233212312
1231123121223
1232332232223
1231123121113
1111111233113
1221113121122
1223333332333
1231123231133
1231123231122
1231222123113
1231123231331
1231333331223
1231123231313
1123231313321
1231123233311
1221131332212
1231231213133
1231123233322
1231123233223
1233131232311
1231123233131
1231123232233
1122132111331
1231123232222
1231123232323
1232213131313
1121331222123
1231123232121
1231123221123
1231123221132
1231123221312
1231123222333
1213123322222
1212321231132
1112221231112
1111123122122
1121113333223
1221221132111
1112213332221
1231123222232
1111231311311
1233132133121
1231123222113
1231123223233
1233132123113
1231123223121
1233221111113
1231123223112
1231123212321
1231233123333
1221332331223
1221311132311
1231123212213
1212332323312
1223131322211
1231123213111
1231131331311
1232313231333
1231123213133
1223113122231
1223333313132
1231123213122
1112121233322
1231123213221
1231123213212
1231123211322
1121232133111
1231123211223
1222111231233
1233331333111
1233231133121
1223311113121
1231123211232
1231123211113
1223232332322
1122212121232
1233131222112
1231123321111
1233331223221
1231123321122
1213113132332
1231212133221
1231123321221
1211332112333
1231123323232
1211113213321
1121221113111
1221221232332
1231123322211
1222313111333
1231123322233
1233212211312
1213311222312
1122233331232
1231123322332
1213132112322
1232222232311
1232321133333
1231123322121
1232231111113
1231123322112
1112331133131
1231123331123
1212311212233
1222122231222
1122121312332
1122111331123
1221213111221
1231123331321
1231123331312
1123311221232
1231123331231
1221213122111
1232213221322
1231123331213
1221311132322
1212333211221
1231123332333
1211323213122
1112111211132
1221232232132
1231123332322
1211311113113
1111122211113
1231211121212
1231123332223
1233322221221
1231123332232
1231123332131
1231123333222
1231123333323
1231123333112
1223121333223
1221323132112
1231123313123
1231123313132
1223332111133
1121113321312
1231123313213
1122133323131
1231123312111
1231123312133
1231123312122
1231212233323
1231123312221
1231123312212
1111212331132
1231123312313
1111211211132
1231321323232
1231123311211
1212132333223
1231123311233
1231222331332
1231123311323
1223321113221
1233233322323
1231123311121
1231121333231
1233131223333
1231123311112
1112321331233
1231121311123
1232313112122
1111213213231
1231121311312
1223111232123
1221322131312
1213123111213
1231121311213
1231121312311
1211313323231
1221332112213
1122121113313
1233323331321
1121112133213
1231121312232
1212113311321
1232121222211
1112111113133
1231121312131
1231321111213
1231121313233
1231121313222
1231121313323
1231121313112
1231121333123
1211312121212
1121121123133
1233313322111
1231121332122
1233131111111
1231121332221
1232321231332
1232322311233
1231121332212
1231121331233
1231121331323
1222132312232
1231121331121
1123312322121
1112233331321
1231121331112
1233223211233
1222131313221
1232311231313
1231121322123
1231121322312
1123113121231
1231223333111
1231121323111
1223213333122
1233312223123
1221332223133
1221223313222
1121222123111
1122231331212
1231121323221
1121323312331
1231121323331
1211331222123
1222112113112
1231121321333
1231121321322
1233312131132
1213133123213
1231121321232
1231121321131
1232112321321
1231121321113
1222333332121
1111221331213
1231121211133
1213121111233
1212333123333
1233311132231
1231121211122
1223123231211
1233132312311
1231121211212
1231121211331
1231121211313
1211231221112
1231221313212
1221113313323
1231121213311
1233223323211
1232323122133
1231121213322
1123212122313
1231121213223
1231121213232
1122333313121
1221131322213
1231121212211
1213113323123
1233222332322
1111112323312
1231121212233
1231121212222
1211122321112
1231121212332
1231121223132
1231321333112
1212222121231
1233312223213
1233223211323
1231121223321
1232323113333
1231121223312
1213123122231
1231121222133
1213311231112
1231121222122
1123321133231
1231121222331
1212122133123
1122133312331
1231121222313
1111221311323
1232323222222
1231121221233
1212313323322
1223312123222
1123132132313
1231121221222
1112311232311
1231121221121
1121212323213
1231121232132
1231121232321
1231121232312
1212211331322
1212223331211
1233312323122
1231121232231
1233332321313
1222323221231
1112323313123
1231121232213
1231121233111
1121211123111
1232122212222
1231121231333
1223322211311
1231121231223
1231121231113
1231121121212
1222321133121
1231121121331
1231121123232
1223131332223
1232111321131
1212131313233
1111212232233
1231121123131
1212122313132
1232313323313
1231121122233
1122111132111
1231121122222
1221323123323
1212232231131
1231121122332
1232111322312
1231121122112
1213211111332
1222233313312
1233132223213
1223233111133
1231121131132
1231131113331
1121111123112
1231121131321
1231121131312
1121332232211
1112222131222
1231121132311
1231231321122
1231121132223
1233231222212
1231121132113
1231332331222
1223213312323
1231121133222
1231121133112
1231121113123
1222112313321
1221113212332
1231121113132
1231121113321
1231121113312
1231121112122
1223223131121
1231121112212
1122132322232
1233212113111
1211222133231
1122112123121
1231121112313
1123321313312
1233233333233
1231121111211
1221131113132
1231121111323
1123332322321
1221333213333
1231231111123
1123221111313
1233233232222
1233123123311
1231231111231
1212221323131
1232132313311
1231231112311
1233321133112
1123312333211
1233111123233
1211311133212
1213122221122
1112331112213
1231231112223
1222331221131
1221321133212
1123211222122
1231231112131
1121313212113
1221113222331
1112212123233
1231231112113
1122331132221
1231231113211
1231231113121
1231322322122
1231231113112
1213233223231
1231231133312
1212113113321
1231231133213
1213323321113
1231231132221
1111111221132
1221111121333
1211332332322
1231231131211
1232311211223
1222333123123
1231231131121
1231233133233
1231332111332
1223121133313
1231231122123
1231231122132
1111231132231
1231231122321
1222322322311
1112131333232
1232113123212
1231231123111
1212311312131
1222322132312
1233323211322
1112333321231
1231231123133
1231231123221
1111232122211
1231231123212
1231231123331
1231231121311
1231231121322
1233222121223
1233123212323
1221121323231
1232111321333
1231231121113
1211311133313
1231231231111
1112111132233
1231231231122
1112223123132
1221123233332
1211333323112
1231231231221
1122122122312
1221311222212
1223132331311
1231231231212
1213232111311
1231231233311
1213333232133
1231231233333
1121332311222
1231231233232
1221211321233
1213211333312
1231131321121
1231231233131
1221213333322
1112123311312
1231231232222
1231231232323
1233311233323
1232231312233
1231231221132
1213221122221
1231231221321
1123233313121
1231231221213
1231231222311
1123133313212
1233113323233
1213123132111
1221233112132
1231231222333
1212333113132
1233111232122
1231231222322
1233211112232
1233112321331
1213112132223
1231231222223
1232132111322
1231231222232
1223123133232
1231231222113
1231231223211
1231231223233
1231231223222
1122132213312
1231231223332
1231231223112
1123313222323
1233122132211
1232133112313
1121121321221
1231231212123
1231231212132
1122333333213
1231332233122
1231212331212
1221331311233
1231312131121
1123212333311
1121333112112
1221131233212
1112223231312
1122121313113
1231231212321
1213332211313
1231231212231
1231231213212
1222333222112
1231231213331
1232221131132
1231231211311
1222212312222
1231231211322
1231231211113
1232112231321
1221133132133
1231231321111
1231231321133
1232111333321
1231231321313
1121131321312
1231231323322
1123332112122
1233111213233
1231231323223
1213132132212
1231231323232
1123212311333
1231231322121
1212331313213
1231231331132
1231231331231
1212212232211
1231231332311
1231231332333
1123213131323
1231231332322
1221232331323
1112223312123
1231231333211
1222233133213
1231111121323
1231231333233
1123313312213
1231231333222
1213113321112
1212122222311
1121132311321
1231231333332
1231231313132
1231231331123
1122213122221
1231231313231
1231231312133
1232233122313
1231231312122
1231231312331
1231211333321
1231311232221
1231231312313
1231231311233
1231231311222
1123232212113
1232311121311
1211313223331
1231231311323
1231233311132
1221123331122
1222223132213
1231233311321
1231233311213
1233322113333
1232332323112
1231233312311
1231233312113
1231233313211
1223312111223
1122121311331
1231233313233
1231332123223
1121233323223
1231233313112
1231233333123
1112322122122
1232211222211
1122212332131
1231233333132
1231222231333
1231233333321
1112322231123
1231233333312
1231233333231
1111223211331
1231323322213
1233322122111
1231233333213
1223122221112
1231233332122
1232222232131
1223333121333
1231233332212
1231233332331
1231233332313
1231233331233
1223231331322
1231233331332
1211112133312
1211132123113
1231233331121
1231233331112
1231233322312
1221221112113
1233311213312
1231233322231
1222133121132
1233332223211
1213222211111
1232111212323
1231233323221
1231233321311
1231233321223
1231233321232
1232132331311
1231233211122
1221133232222
1231233213322
1212323311111
1221123332332
1211222132221
1231211213311
1211213232231
1222212221223
1121321122112
1231233213232
1211113232232
1231233212233
1231233212222
1232131313213
1212123111122
1231233212332
1233233221132
1233111131221
1231233212112
1231233223132
1231233223312
1232132212232
1233113132312
1231233223213
1232323313331
1231233222122
1213222323122
1231223332321
1231121233133
1232111312223
1211331131133
1231233222212
1233313222231
1233111232212
1221312222112
1233122133333
1231233221222
1123123223222
1231233221121
1231233221112
1233212132233
1231333111113
1231111213312
1233123112133
1223121121211
1223223231313
1231233232123
1211112331123
1121212231222
1231233232213
1223132223111
1123232133322
1231233233111
1231322331232
1211333113131
1231233233133
1231233231311
1232311211232
1212233113111
1231233231322
1122322111222
1231233231223
1122223133211
1231233231232
1213333223122
1221322223132
1123112223312
1231233231131
1212321332112
1123222131321
1231313321321
1231233231113
1221113233111
1213231311211
1231233121111
1211212212131
1231221322131
1123221113311
1231233121133
1231233121122
1231233121221
1223332323332
1231233121212
1231233121313
1231233123223
1231233123232
1122322113132
1231233122211
1122321131223
1233111223221
1232331112111
1231233122233
1123113123332
1231233122121
1232332132231
1231233131123
1212122123313
1231233131321
1213232112213
1112223212111
1231233131213
1231211221323
1211233332322
1221233313232
1211323132331
1231233132311
1121223223232
1233222332333
1231233132333
1122313233322
1232131131121
1231122133111
1231233132131
1212213313331
1231233132113
1222323221132
1123331321123
1221133113233
1121222112311
1231233133211
1231233133222
1232122323331
1221133312133
1231233133121
1231233113123
1231233113132
1221212313321
1121233233223
1112213212233
1231233113321
1232221122211
1231233113213
1222122223313
1122121323132
1231233112111
1111111123331
1233223132312
1231233112122
1231213312111
1231233112221
1231233112331
1231312111132
1231233112313
1231233111211
1212231332121
1233312121111
1221221313312
1231233111233
1232111133121
1221322322321
1231233111222
1211211123313
1231233111323
1232233121121
1211222232112
1231232211132
1231232211321
1221131312311
1221332231332
1231232211312
1231232211231
1231232212223
1122233123222
1231232212131
1223232133213
1122212133312
1231232213323
1211313111232
1221232132131
1231232213332
1231232213112
1231232233123
1232333312133
1231232233132
1231223231233
1231232233321
1232211113232
1233233323223
1231232233312
1222231231322
1221322321311
1231232232122
1123122333311
1232123233231
1231232232331
1121222331231
1231232231211
1231232231233
1213313123132
1231232231222
1231232222123
1213221123123
1231331131131
1231232222132
1112221123211
1231232222231
1221111232233
1231232222213
1231232223111
1231232223133
1233323312133
1122323121213
1231232223122
1233121323131
1232131313123
1231232223212
1232222331122
1231232221311
1122133222131
1231232221322
1231232221232
1231112233122
1231232221131
1231232221113
1223131311332
1223131123111
1222313212131
1231232311111
1231132332232
1231232311122
1233323211131
1231232311212
1231213313123
1231232311331
1231232313333
1233111223122
1122123322131
1231121122211
1232212113132
1213321332223
1231232313223
1231331333333
1231232313232
1231233312322
1232212222221
1231232313131
1232131233223
1222312213333
1231232312211
1222223331221
1122211232122
1232212121221
1221132232113
1231232312222
1231232312323
1232132312233
1231232312121
1213323333123
1231232323321
1231233223231
1231232323312
1231232323213
1212232233133
1231232322111
1231232322221
1221111121223
1231312311211
1231232321211
1213211121331
1223331233221
1231232321233
1232321112312
1232331111222
1122311213113
1231232321121
1231133331331
1232111233111
1122323132323
1231232332123
1211221321233
1231232332132
1122323221322
1233232221331
1231232332312
1231232333111
1212213123321
1231232333133
1233112323333
1231232333122
1213211333321
1231232333221
1111211212322
1231232333212
1222133132112
1231232333331
1233122331113
1231232331333
1121311121222
1122322223321
1231211131123
1231232331113
1233231321113
1231232131111
1233211123221
1123213312331
1231232131133
1232233313313
1231232131122
1231232131212
1231232131313
1231232133311
1231232133333
1122232311231
1231321112223
1231232133322
1222112323333
1233132332221
1121212222321
1231232133223
1121313221311
1231232133131
1231232133113
1222332331132
1231232132233
1122232221112
1231232132332
1112222223121
1233331332132
1231232132112
1231232121321
1231232121312
1212323331333
1231232121213
1231232122333
1211123221222
1213121322312
1231232122322
1112333321213
1231232122223
1231321113121
1232122323212
1223323333322
1231232122232
1231232122131
1231232122113
1221212131222
1231232123211
1231232123222
1112211211322
1231232123323
1212133113222
1231232123332
1221113112313
1231232123121
1231331223232
1221122123212
1231232112123
1223233222323
1222212113133
1232313133112
1231232112312
1212333112212
1233121311233
1231232112231
1231232112213
1223312332321
1231232113133
1231232113122
1221313112113
1221222122113
1222311312213
1223111312113
1231232113221
1231322113313
1112131122133
1232233111111
1232333131112
1112131333131
1231232113212
1233232221122
1231232111333
1231232111322
1233332221213
1221331122132
1231232111223
1212212211113
1231221111111
1231221111221
1231221111212
1211333331133
1231221111331
1231221113333
1231221113322
1231221113113
1231221112233
1112122311221
1231221112323
1212222132121
1123123132221
1112321231232
1231221112121
1123312121232
1231221112112
1231221123123
1231221123321
1231333311122
1213222122112
1112313132222
1233132213131
1121132321333
1233112112311
1231221123312
1231221123231
1231221123213
1233313333313
1222231231131
1231221122133
1231221122221
1231333322122
1222311333232
1112122332123
1231221122313
1231221121233
1231221121222
1232323121112
1231221121332
1231221121121
1231221121112
1121322123231
1232311312111
1232321132121
1231221132123
1223223212213
1231221132132
1233131113311
1231221132231
1232323113113
1231221133111
1233333111111
1231221133122
1112131212212
1233333122111
1231221133212
1231321133231
1211222131332
1233331223111
1221113121133
1213123121113
1121121121311
1231221133313
1212311312333
1231221131311
1231221131322
1231221131131
1111112223111
1231221131113
1233221133113
1211332233322
1231221331133
1231221331122
1211132212121
1123333322212
1231221333311
1223133332212
1112323332322
1231221333333
1231132233223
1123111311232
1231221333322
1231221333223
1231221333131
1231222323212
1211321213311
1231221332211
1112333212212
1233221311111
1231221332233
1123213313132
1231311221232
1232123333212
1231221332222
1211333122331
1231221332323
1212111121322
1122232233313
1221212233223
1211333323323
1231221332332
1231221332121
1232222113311
1232113331132
1211211311323
1231221321123
1231221322333
1223331231113
1122133133321
1221223132232
1231221322322
1121111313333
1233312311312
1232132223313
1232211331313
1231221323233
1233132111323
1231122112112
1231221323222
1112333323222
1231221323121
1123231231212
1231221323112
1222323312331
1233133121132
1231221312132
1212333121212
1231221312321
1223322123212
1231212213321
1233322112332
1231221312231
1112223321132
1233312323313
1211221232212
1231221312213
1231221313111
1112332233322
1231221313221
1231221313313
1231221311322
1231221311223
1231221311113
1211311312123
1212121211123
1121333212331
1231221221111
1232331211133
1222123213223
1222212213121
1231221221133
1112333322333
1231221221122
1213332121313
1222113313122
1231221221221
1231221221212
1231221221313
1231221223322
1231331123321
1212121213222
1223331313233
1222233222333
1112223311322
1221313213111
1231221223223
1231221223232
1121311332121
1231221223113
1231221222233
1212332113221
1231221222222
1231221222323
1222112231133
1231132211232
1231221222121
1212122121322
1231322121132
1231221231132
1211332231212
1232333221132
1213121312223
1231221231321
1231221231231
1212213223333
1223132131221
1231221232311
1233213212222
1233332232112
1231221232333
1211333111122
1121333321231
1231221232322
1232211322311
1231221232232
1232112211332
1231221233211
1231221233233
1231221233332
1231221213123
1123213332311
1122331132122
1231221213231
1231221212133
1223223221312
1232313113321
1213232321323
1212222132211
1231221212122
1223333223211
1231221212221
1231221212212
1213321321133
1231221212313
1122111121131
1233232213231
1222111232212
1231221211211
1231221211222
1231212231123
1231221211323
1231322232331
1232121121121
1233213113321
1231221211121
1122331232332
1231221211112
1222311211222
1231222311321
1231222312333
1233213323133
1231222313222
1211313211213
1231222313323
1123312312313
1231222313121
1231222333132
1211311321321
1231222333321
1122232333231
1232131133213
1123132331123
1231231122231
1221311233221
1231222332221
1231222332212
1231222332313
1233121333112
1231222331233
1213233221323
1112131231123
1231222331323
1231222331112
1112111113111
1231222322132
1231222322312
1231222322231
1213211321333
1231222322213
1121233212312
1231222323221
1231222321223
1211333222112
1112132333213
1111123212133
1123322113133
1231222321232
1231222321131
1121321221233
1231222211111
1222322223113
1231222211133
1232223311222
1121311321132
1221333221233
1123333213233
1231222211122
1123223233123
1232222233121
1231222211212
1233332332322
1221133222131
1211212133322
1112222333222
1231222211331
1212111233322
1231222211313
1231222213311
1221123222323
1231222213223
1223233313133
1231312232233
1231222213232
1123131122333
1221332133131
1231222213113
1231222212222
1112112212312
1231122311311
1233213111112
1231222212323
1233323332131
1121211113332
1231222212112
1231222223132
1233211311323
1211133333212
1123233211111
1232212221332
1231222223321
1223122211122
1222312231223
1231312222232
1232312123211
1221133332333
1211211312122
1231222223312
1231222223231
1231222222111
1231222222133
1231222222122
1222132222122
1231222222221
1212313111132
1231222222212
1231222221211
1211233121322
1112313323132
1231222221222
1121131333333
1221331221231
1231222232132
1231222232321
1231222232231
1233233333323
1231222232213
1212211322313
1212222111223
1233113213321
1213313312132
1231222233133
1232221213232
1231222233122
1111122333121
1231222233221
1231222233331
1231222233313
1231222231311
1221311111233
1231222231113
1231222121111
1232213211312
1231222121133
1123131133223
1233122111131
1231222121122
1212321232322
1221331131211
1222133112312
1231222121221
1223233131322
1221233132112
1231222121212
1231222121331
1232211113223
1231222123333
1122221332333
1231222122211
1231222122233
1222131313212
1231222122323
1233223133313
1231331131223
1231222122121
1111231223113
1231222122112
1231213232332
1212111131323
1231222131123
1112211333233
1231222131132
1221232222221
1212312221133
1122121322331
1231222131321
1231222131312
1213323331233
1223312322111
1121111113122
1231222132311
1231222132333
1222133312112
1231222132322
1231222133211
1221223222122
1232233121222
1231222133233
1231213233131
1232312332132
1231222133121
1123212133212
1231222113321
1231222113312
1231222312311
1233321332313
1231222113231
1233313333212
1231222113213
1233223221212
1231222112111
1231222112133
1233133113122
1231222112122
1232323212122
1221321331111
1221223321311
1123211213322
1231133313221
1231222112221
1231222112212
1222321232132
1232111123333
1231222112331
1222123323122
1231222112313
1123122311113
1231222111211
1213231313321
1223332122212
1231222111233
1212213213231
1231222111222
1233312213223
1221233113111
1231222111323
1223223321122
1233232311223
1221333222111
1231133223113
1231223211132
1221123322223
1222113332323
1121322212111
1123131321233
1231223211321
1112223133313
1232233311322
1231223211231
1231223211213
1232323311232
1231311221131
1231223212333
1212112211213
1221131332221
1211332323333
1112111112312
1231223212232
1231223213211
1231223213332
1231223213121
1231223233132
1223211121323
1231223233231
1212132211332
1232332113223
1212121113122
1231223232122
1222133231332
1231223231211
1211222221132
1213132332223
1221312312213
1123322123211
1231223231332
1231223231121
1231223222123
1111233221322
1231223222321
1221132132123
1231223222231
1111232123322
1231223222213
1231223223133
1231223223122
1112123311321
1231223223212
1231223223331
1231223223313
1222113322223
1232133232231
1231223221311
1211231233313
1231223221333
1121213222111
1231223221322
1231223221232
1231223221113
1231223311111
1231223311122
1231223311212
1123322121321
1231223311331
1123113111113
1231223313333
1231223313322
1112322233222
1112233212312
1231223313232
1221331323131
1231223313113
1121321331112
1231223312323
1212113331332
1231223312121
1232322213212
1223213131111
1231223323123
1231223323312
1233231321223
1231223323231
1112112122123
1231223322111
1231223322133
1231223322122
1111122333323
1231223322221
1221323131221
1121113111313
1231223322331
1232232213313
1231223321222
1221223233212
1231223321323
1212332332312
1222323321313
1233213312232
1231223321121
1121222331123
1231223321112
1223222323211
1122222331333
1221232323122
1221312132132
1231223332123
1231223332312
1231321313312
1231223332231
1123132211223
1122323132222
1122131333312
1231223332213
1231313121233
1121123122323
1231223333221
1222132132333
1231221312123
1231223333212
1231223331311
1122122331213
1231223331322
1231223331232
1231223131133
1231223131122
1231223131221
1223333111123
1231223131313
1232223112131
1231223133311
1231223133322
1231223133223
1231223133131
1123233312131
1233131332121
1221221322211
1231223133113
1231223132222
1233223322113
1121311113333
1221321323233
1221232121133
1231223132121
1233222331213
1213112331222
1123231323113
1231223132112
1231211312311
1231223121123
1231131321112
1231223121321
1231223121312
1231223121213
1122231121222
1232211312312
1231223122311
1222332312221
1231223122223
1121233233232
1231223122232
1212123131223
1231121132232
1231223122131
1231311133232
1212133113121
1232322323322
1231223123211
1223312223212
1121122221131
1221122311233
1233313111232
1231223123233
1222311231321
1231223123323
1213132222322
1233133121321
1231131112231
1231223123121
1231223123112
1231223112132
1223123312211
1221231311113
1231223112312
1231223112231
1231223112213
1112133232122
1231223113111
1212131313211
1223121321123
1233111112123
1231223113221
1233233112322
1231223113212
1231223111311
1222112133321
1231223111322
1211132223321
1231223111223
1123312233333
1221113112221
1231122212133
1231223111232
1231321122312
1232232311233
1111213221111
1231212111133
1212232321322
1233223223311
1112221132332
1231312121232
1231212111212
1232313231223
1231212111331
1122333311321
1231212113311
1221131222221
1221231131113
1231212113223
1231212112211
1213121123311
1231321123313
1231212112233
1231212112222
1231212112323
1112133112231
1221231131311
1231212112112
1221333133323
1231212123132
1211222123331
1122312333223
1221112332321
1122323332312
1231212123312
1233213311231
1121213231223
1231212123213
1231212122111
1231131333212
1231212122122
1231212122331
1231212121222
1231212121332
1122332313322
1231212121112
1212332311111
1231212132123
1232133233331
1231212132132
1221323331311
1231212132321
1231212132213
1231212133111
1233312111323
1222212111322
1231212133133
1232121311223
1231212133122
1222131322113
1231212133331
1221322313233
1231212213231
1231112111211
1231212131322
1231212131232
1212311112313
1231212131131
1222131222332
1231212131113
1223313322213
1231212331111
1233223132321
1222212132211
1123112232231
1122223112122
1231212331122
1233222321212
1222322221133
1231212331331
1231212333311
1231212333333
1231212333322
1231212333223
1231212333232
1212323222231
1121333223223
1231212333113
1223313311321
1232232233333
1222231213322
1221321132321
1223221212233
1232123321211
1231212332211
1231212332222
1231212321132
1223122232123
1121111322212
1231212321312
1231212322311
1231211232123
1231332322132
1232332113311
1123313233112
1231212322223
1231212322232
1211221222213
1123311223111
1231212322113
1222121212321
1231212323211
1212222121132
1231212323233
1231212323222
1122123322311
1231212323121
1123213133132
1111231122331
1231212323112
1233311232223
1231212312123
1231212312231
1231212313133
1222221322111
1231212313331
1231212313313
1232313221233
1211131131131
1231212311333
1222123311231
1221322233212
1233222312212
1233131133212
1122232131321
1231112211212
1231212311223
1231212311113
1231212221221
1221332233312
1231212221212
1233212123323
1112321313112
1232221132311
1122232112133
1231212221331
1212321232311
1233331232313
1222123122233
1232131122231
1231212223311
1211213213223
1123333111223
1123122132213
1231212223333
1212111311323
1231212223322
1112311333113
1231212223223
1222313323132
1231212223232
1231212223113
1231212222211
1121223312321
1233321222313
1231212222222
1233111111232
1231212222323
1231212222332
1231212231132
1212312313122
1231212231321
1231212231231
1222131111212
1231212232322
1221211322111
1231212232223
1112313313322
1231212232232
1212232123232
1123132232222
1231212232131
1231333323231
1231212232113
1231113222213
1231212233233
1231212233222
1121212131111
1231212233121
1123112332221
1231212233112
1213233212233
1233332331213
1231212212133
1121131332112
1231212212122
1231212221133
1233313211132
1221332223221
1222323331312
1231212212212
1221111132212
1223111333312
1231212212331
1222312221211
1221323123211
1212122323223
1232132232212
1231212212313
1231212211211
1213212211222
1233121213122
1221113323331
1231212211233
1231212211222
1123312313132
1231212211323
1211211232332
1231212211112
1231213112333
1112232222323
1221322113231
1221311221323
1122212312221
1233223313111
1231213112131
1223113332333
1232331133222
1231213113211
1231213113233
1121331221113
1221322223312
1231213113112
1231213133123
1221121311212
1231213133321
1231213133213
1122323331311
1231213132111
1231213132133
1232332122313
1212222312211
1231213132212
1112333133313
1231213132331
1231213131211
1212112223133
1231213131222
1233311111212
1122313112311
1231213131323
1222222221312
1231213131332
1231213131112
1213212212313
1231213122123
1231213122132
1232212211331
1222131131232
1231213122231
1123223222213
1231213123111
1122332131221
1231213123133
1231213123122
1231133133331
1231213123221
1223123313232
1222233133231
1233221323123
1233123132223
1123213212231
1231213123212
1231213123331
1231213123313
1123111312321
1231213121311
1221313211333
1231213121223
1211111212223
1231211132333
1221122231221
1231213121113
1223122213311
1112112332322
1231213231133
1211133111311
1223131332232
1232222333113
1231213231221
1231213233311
1223121232113
1231312113222
1231213233333
1231213233322
1223212132223
1231213232222
1231213232323
1122221212123
1231213232112
1231213221132
1231213221321
1233313321332
1221332311313
1231213222223
1221133212312
1231232313311
1222311121233
1231213222232
1232213111333
1231213222113
1231213223211
1231213223233
1112112221213
1233122132323
1213212213123
1233213123223
1231213223222
1111123132213
1233222313123
1231213223323
1231213223332
1221232133332
1231113132222
1231213212123
1232211112222
1233121131211
1221132332211
1231213212132
1231213212321
1222233122213
1231213213133
1231213213212
1213213323311
1232122312223
1231213211311
1231213211333
1211331211321
1122213323211
1231213211322
1211112132221
1112212132112
1231213211223
1231213211232
1211331132222
1231213211131
1231213321111
1233223222211
1231223322313
1231213321122
1221221111312
1112121232112
1231213321331
1232111121122
1231213323311
1231213322121
1233111131122
1222112332311
1122322123333
1232332211211
1231213331123
1231213331132
1233113132213
1231121332331
1232233122221
1123112211133
1231213331321
1233221112312
1231213331312
1231213331213
1233232223113
1232311122123
1231213332311
1232233131131
1231133133221
1231213332322
1211232122331
1221111331123
1112231122112
1221123131232
1213313331313
1223311132212
1233331331232
1231213332232
1231213332113
1222221211321
1231213333211
1233132312131
1231213333222
1232133212233
1233123132113
1231213333323
1223333332311
1223323232223
1231213333121
1231213313132
1231213313321
1231213313312
1111222121231
1231213312122
1231213312221
1223122211221
1231213312212
1223221123223
1231213311233
1212312121121
1223323123123
1231213311332
1212122133312
1232311121131
1213122113131
1231213311121
1231211231311
1222132323212
1231213311112
1122131233111
1123333321332
1233131311131
1231211311231
1112212211231
1231211311213
1232111321322
1111213333232
1231211312322
1233211331312
1222111321112
1233123113123
1231211312223
1231213231111
1231211312131
1123211312333
1231211313211
1211231221323
1231211313332
1231211313121
1233313212113
1231211333312
1231211333213
1233333231231
1221312222332
1231211332122
1221221312313
1223221133233
1231211332221
1223233331133
1231211332313
1231231312221
1231211331233
1221112312112
1231211331323
1211231222313
1231211331121
1231323122323
1221121133333
1231211331112
1232231231323
1222222333233
1121121231122
1221123123231
1221331212123
1223133322123
1231211322132
1221123311322
1231211322321
1213122122313
1233222123122
1231211322312
1221123213132
1112231112212
1231211322231
1231211323111
1222313212223
1233231332331
1231211323122
1231211323212
1223222123312
1231211323331
1222131223223
1123132322323
1232232232121
1123312112232
1231211323313
1233122111333
1222332211223
1231211321311
1231211321333
1122333221112
1231211321322
1231211321232
1231211211111
1231211213322
1231211213223
1112221123121
1231211213131
1112223231231
1233113331313
1221233312112
1121213111112
1231211212233
1231211331211
1233323122321
1231211223123
1232232223323
1232131322121
1231211223132
1221232133211
1221232133112
1232211233222
1231211223312
1213312313231
1231211223231
1232331212211
1231211222111
1231211222122
1231211222313
1231211221211
1123332111112
1231211221233
1222313331311
1221113123131
1223123323321
1121212211123
1111233331311
1231211221222
1231211221121
1231211232312
1231211233111
1233212131331
1232312231323
1231211233133
1213211113213
1231211233221
1223112311113
1231211233331
1232213122322
1213112333213
1112222111321
1121131232131
1232131123122
1231233322123
1231211231333
1211111222213
1121233111312
1232121123213
1231211231131
1232333122132
1231211231113
1121132321322
1231211121221
1213113232331
1231211121313
1223233233233
1231211123311
1222331131111
1233321331222
1221222133232
1213121323331
1231211123333
1233322112233
1231211123232
1112111212322
1231211123131
1122333323111
1121323131112
1232122213322
1231211123113
1123312312133
1121131113113
1231211122211
1221212222333
1233213222122
1231211122233
1121213313222
1231211122332
1231211122112
1212111113211
1231211131312
1231211132311
1221121233231
1233132123223
1231211132223
1231211132113
1231211133211
1111213311131
1122312131232
1231211133233
1231211133222
1233222321331
1231211133323
1231211133332
1231323233111
1231211113123
1233123222122
1231211112122
1223233122331
1231211112212
1212113221121
1231211112331
1231211112313
1232321313223
1121313132121
1231211111211
1231211111222
1231123113112
1231211111121
1231321111123
1221212232323
1122113311231
1231321111312
1232332111122
1221121113111
1221121321332
1231131122311
1231321111231
1231311132323
1231321112322
1231321112232
1231323123322
1222212321323
1233221321222
1232311222223
1112123112313
1231321112131
1231321113211
1223311122132
1231321113233
1211122221333
1112311322333
1121212212223
1231321113112
1233213333321
1121222112232
1231321133123
1231321133132
1111223131321
1232223321122
1123323131312
1231321133321
1231321132133
1222321222212
1221112321233
1231321132122
1231321131323
1231132111123
1231321131121
1232321111113
1231321131112
1213212112211
1231321122321
1223213123222
1231321122231
1112312233122
1231321123133
1231321123122
1121213323133
1231321123221
1231121312333
1233132132322
1231321121232
1213112231322
1212232133121
1222213321232
1121131211112
1231321121131
1231321121113
1231321231122
1223131123133
1231321231221
1223113233333
1231321231212
1231321231331
1222221221333
1122233333133
1233231323313
1232221112122
1231112221323
1231321233223
1212122132221
1221233332231
1231321233232
1222322122133
1231321233131
1121112311233
1231321233113
1111111223233
1221313221132
1231321232211
1231133231132
1222311122212
1231321232222
1231321232332
1231321232121
1232123323321
1123312133231
1231321221312
1221123121211
1212121121213
1221331232121
1231321222223
1212212322211
1233112122231
1123122131322
1231321222232
1231321222113
1231321223211
1212121321121
1233222313321
1221232132223
1231321223233
1231321223222
1213223311212
1221212132111
1231321223323
1112222323131
1232113232211
1231321212123
1231321212132
1222231321113
1111123331122
1231321212321
1213223231332
1231321212312
1212212133231
1231321212231
1122223121111
1231321212213
1223223121113
1123322232221
1233322222222
1232123211312
1221221213111
1231321213111
1231321213122
1231321213221
1231321213331
1231121322321
1112113311232
1231321211311
1123313331133
1231321211333
1231321211223
1231321211232
1223212232123
1222123313222
1231321211131
1213121211122
1233223332211
1231121221323
1231321211113
1232321322212
1221112231233
1231321321133
1213222132131
1231231313123
1231321321313
1211233331312
1231321323311
1231321323322
1121313311221
1122221132212
1231321323223
1122121213211
1231321323131
1221333131231
1231321323113
1231321322233
1231321322222
1231321331321
1231321331231
1211121122132
1211322122212
1123312132133
1231321331213
1231321332333
1231321332223
1231321332131
1122313121333
1231321332113
1213132113332
1232211122313
1233323313132
1232312132222
1231321333211
1123122331331
1231323312322
1233222222113
1213331212331
1122231221133
1231321333323
1231321333332
1221231112211
1233212323321
1231321313132
1231321313321
1231321313231
1231321312122
1122213132321
1122213313221
1221321213312
1231321312212
1231321312331
1222332111231
1231331331331
1231321312313
1231321311332
1231321311112
1221231311311
1123331112233
1231323311321
1231323311312
1212333213333
1233122313232
1213122211233
1231323311231
1231333233132
1231323311213
1231323312311
1213322322313
1212231123132
1231323312223
1111213223131
1231323312113
1231323313211
1231323313233
1121212122311
1231333323312
1222213223321
1231323313222
1233133223212
1231323313323
1222133212113
1231323333123
1221113321322
1232231113212
1123322213233
1231323333231
1231323333213
1122122313312
1233212333111
1231323332212
1233211331321
1112231223312
1231323332331
1231323331211
1222112212132
1231323331233
1213323333321
1222231133323
1231323331323
1231323331332
1221222232133
1231221112211
1231323331121
1213333131212
1232331131231
1231323331112
1233311121211
1121133132233
1233321331323
1231323322321
1231323322231
1231323323111
1231323323133
1212221311332
1233213133222
1231323323122
1121212233132
1221113121313
1233223322333
1232311112232
1222312212222
1231233313222
1231323321232
1231331311311
1231323321113
1231323211221
1233212112231
1231323211212
1212312311232
1121131213123
1112111212113
1221213131333
1231323213333
1232223231331
1112213222133
1231323213322
1231323213223
1232112233121
1121111223133
1232313213131
1231323212211
1223122322321
1231323212233
1233132133222
1232113231331
1123123331123
1112231322132
1231323212222
1123331221122
1231323212332
1231323212121
1231323212112
1212133233232
1231323223123
1212322233122
1221213131311
1231323223132
1111213313313
1221231113333
1231323223321
1212233112231
1231323223231
1222122333331
1231323223213
1231323222111
1231323222133
1221213132213
1231323222221
1222322122111
1231323222212
1231323222331
1231323221332
1231323221121
1232113113332
1233212212311
1231323221112
1221312313313
1231323232132
1121212133113
1231211111233
1231323232213
1211332331213
1231323233133
1123113111311
1231323233122
1213212232333
1222121233232
1231323233212
1232331233331
1231323233331
1231323233313
1221333232213
1231323121111
1111233113122
1231323121133
1232321131111
1231323121313
1121123333312
1112331111333
1231323123333
1223212123131
1121211322332
1231212132312
1231323123232
1223131321221
1231323123131
1231323123113
1122121313333
1231323122211
1211132322132
1231323122233
1122113321311
1123222233111
1231323122121
1231323122112
1231323131123
1231323131132
1231112232321
1123222332212
1231323131321
1221123312312
1211212323132
1231323131231
1231323132311
1231323132322
1231323132131
1231112322321
1232232122231
1231323133211
1222113111212
1231323133323
1232323331111
1231323113123
1212212331321
1231313132321
1231323113321
1231323113231
1211322313111
1231323112133
1231323112122
1231323111211
1231323111233
1112213131321
1233221322313
1221133231313
1213231332232
1231323111332
1111233222132
1231323111121
1231322211132
1211133111333
1233122322331
1232123131212
1231322211312
1223132231222
1233323231331
1233111222231
1211133213112
1231212331221
1221223132311
1231322211231
1121123133222
1231322211213
1231322212311
1121221133223
1232312122311
1231322212131
1211311223311
1212331223323
1231322212113
1231322213323
1112213121122
1231322213112
1112312122112
1231322233132
1223331323331
1112333333232
1231322233213
1233232111331
1233223333333
1231322232122
1232312111333
1231322232212
1223332233222
1231322232313
1231312231313
1231322231323
1211121112322
1231322231332
1231322231121
1212212131211
1232233221331
1231322222123
1211111111232
1212113312131
1231322222132
1232313113123
1231322222321
1112323122231
1233323133231
1231322222231
1222123133332
1231322223133
1231322223122
1111231212111
1231332222111
1231322221311
1222312121133
1231322221333
1212223211111
1231322221322
1233121222322
1111223311231
1221232332212
1231322311133
1231322311212
1232211312213
1223222131232
1112212132332
1231322311331
1231322313322
1213233213333
1212212231212
1231322313113
1221132131131
1231322312211
1233123122112
1232131333233
1221312123321
1213113131221
1231322312233
1231322312323
1211112321111
1122313231221
1233212223133
1231322323123
1121231123322
1231322323132
1121313112132
1221231222112
1233132133323
1231322323321
1111231131223
1231322323231
1223211233323
1231322323213
1222211323131
1121223332233
1231322322133
1112232311131
1231322322212
1221133221123
1231322322331
1212213222112
1231322322313
1231322321233
1231322321332
1221322123322
1231322321121
1231322332132
1211322222222
1221133233333
1232313132322
1222233313123
1231322333111
1231322333313
1221233131212
1232332332323
1232133113321
1231322331333
1111223112111
1122222212113
1232113322121
1221111212213
1231322331223
1232313231311
1231322331131
1231322131122
1231322131221
1222313122131
1231322131212
1221131132223
1231322131331
1222213131231
1231322131313
1223233123231
1123213231331
1112222222322
1231322133322
1233332213212
1231322133223
1213113321233
1231322133232
1231322133131
1231332312113
1231322132211
1211223323121
1223232213133
1221313131211
1231322132233
1231322132323
1232313111332
1211123223123
1231322132332
1231223213323
1231322121123
1232132112312
1123121322132
1231322121321
1121123231131
1231322122333
1213233323212
1231322123323
1231322123332
1222213313222
1123212331313
1112312121122
1233131233233
1231322123112
1123213311112
1233122323312
1221133322323
1231322112123
1231322112132
1212113111233
1231322112321
1212311321322
1231322113133
1213132332311
1231322113212
1121233232112
1231322111333
1231322111223
1232121231123
1111112312112
1231322111131
1233113212133
1212313122321
1231331111111
1231331111133
1211313231332
1221312213312
1231331111331
1223312212223
1231331111313
1222321133211
1231331113322
1212213112211
1111123212313
1231331113131
1211121311211
1231332321223
1121221231121
1232132321233
1231331112233
1112211112311
1233232311131
1231331112222
1223221223132
1232223113332
1231331123213
1211121132111
1211223333113
1213132211311
1223221121313
1231331122133
1233222113211
1222133333212
1221213123132
1231331122122
1212321113322
1232321233321
1233223131113
1231331122221
1231331122331
1231331121233
1121323223332
1111232231333
1221131313121
1231331121222
1231331121323
1222212322331
1121232323211
1231331121332
1231331132123
1121133131212
1231331132321
1213132133231
1112121113112
1231331132231
1222332321331
1122313231313
1112121133213
1231331132213
1231331133111
1231331121112
1231331133221
1231331133331
1232333213331
1121311213123
1111121231332
1231331131311
1212312331313
1231331131333
1211321123333
1233221221232
1123113131331
1231331131322
1221132311223
1231331331133
1232213111113
1231331331221
1231311311212
1223331221323
1222221123211
1232331323212
1231331331313
1222232333223
1221313311121
1231331333322
1231331333223
1223333111213
1231331333232
1121212212232
1231331333131
1121113131131
1233321132223
1122112313223
1112313311221
1233233333211
1231331333113
1122323333331
1231331332233
1231331332323
1221332332321
1221331113211
1231331332332
1223323122212
1122122113222
1231331332112
1211321112221
1223313331323
1231331321123
1221313323223
1111233123121
1231331321312
1233331232331
1212132112332
1123211132223
1232321133232
1231331322333
1231331322322
1211122331223
1112211221132
1233231212332
1211231221222
1123223213112
1121232211233
1233132233313
1211122312222
1232133322213
1231331322131
1231331323233
1231331323222
1232211331111
1231331323332
1123112131231
1231331323121
1231331323112
1231331312321
1122232121133
1231331312231
1232132121213
1213333123323
1233123231113
1231331312213
1231331313221
1233222132331
1231331313212
1221332312233
1233313111322
1222332123133
1232132311221
1232123231211
1231331313331
1231331311333
1211113233222
1213223123323
1212333331332
1232131122312
1231331311223
1231331311232
1112222332322
1231331221133
1231331221221
1231331223311
1122122112311
1231331223333
1213111333333
1231331223131
1122213332222
1231331223113
1211312212112
1122131131312
1231331222211
1212231321123
1122333323331
1231121112111
1122121213222
1231122121222
1231313121222
1233313213112
1233233212132
1231331222222
1231331222323
1223112332233
1112332113323
1231331222332
1212132221133
1123311231121
1231211323133
1233323312212
1213323332133
1221323123121
1231331231123
1222311312231
1123132233333
1231331231312
1231331232311
1231331232223
1231312333211
1221222123233
1213211121133
1213233131312
1212222212333
1231331232131
1231331232113
1231331233211
1231331233222
1222122133232
1231331233323
1232122112133
1221213113223
1231331213321
1223321132332
1231331213312
1213213121232
1232121232223
1231331213213
1111231333333
1231111122111
1232113233223
1123111322131
1231131212322
1231331212111
1231331212133
1231331212122
1123212232333
1233112312133
1231331212221
1231331212212
1223311231331
1231331212331
1232131113211
1231331211332
1231311131221
1213112121122
1121311232131
1121333121323
1122121113133
1231312331312
1231331211112
1211322312123
1231332311132
1112122113313
1231332311231
1112321221112
1112313221232
1231332312223
1231332312131
1121331221333
1232322312221
1231332313222
1231332313323
1231332313112
1212131233122
1231332333123
1231332333231
1222333313133
1221123232322
1211313312112
1231332332111
1231332332133
1231332332122
1112221313311
1111212311211
1221113133233
1231213223121
1222311231231
1233121312313
1231332332221
1231332332212
1212212112223
1123331233332
1231332332313
1121123212211
1112332213331
1233313223212
1231332331332
1221212333112
1211212332123
1211312132223
1231332331121
1221132133313
1231332331112
1231332322123
1231332323122
1221123133212
1123322331311
1231332323212
1232231123323
1231332323313
1231332321311
1221113313332
1212233333133
1231321331123
1123231221123
1231332321333
1232312311122
1121333211211
1231332211133
1231332211122
1231332211221
1122213122212
1221131121331
1221332333111
1223121111313
1231332211212
1231332211331
1212231233233
1223133122211
1123131232111
1111211223212
1112113123132
1231332211313
1231122121323
1231332213311
1231332213333
1221223123223
1231332213322
1231332213223
1231332213232
1222212321222
1231131333122
1112222122213
1231311323312
1233323321221
1231332212211
1231332212233
1221313321122
1111223323111
1231331321213
1231332212222
1233321233221
1232333312111
1231332212332
1212333313233
1233332122213
1231332212121
1211132231232
1122211131221
1221331123331
1231332212112
1231332223123
1212312122331
1233313223133
1232311223332
1231332223132
1221231313212
1231332223321
1231332223312
1232132223221
1213132311121
1231332223231
1231332223213
1123113113331
1231332222133
1231332222122
1121222313123
1232311311332
1231332222212
1233332312212
1221332221131
1232113321313
1222311131322
1231332221211
1231332221233
1231332221121
1122112122322
1231332233133
1231223212311
1231332233331
1111212322323
1233233232233
1232323223322
1121113223311
1231332233313
1232111223312
1211213112221
1231332231223
1232222322311
1221112221333
1231332231113
1231332121111
1231332121133
1231332121122
1213231221132
1232233123312
1231311211213
1231332121221
1233132331112
1221322232312
1231332121313
1231332123333
1112211233311
1231332123322
1231332123232
1231332122323
1231332122112
1212131112313
1231332131312
1231332131231
1231332131213
1121122123323
1231332132311
1231332132333
1231332132322
1231332132223
1232133213311
1223221221112
1231332132232
1223222123132
1231332132131
1231332133211
1223113123133
1231332133323
1233122231332
1231332133332
1123331313111
1231332133121
1122332112213
1111211333133
1231332113321
1221321131131
1111121323321
1231332113231
1112311331313
1231332112122
1231332112313
1233131112121
1221311121122
1231332111211
1213133213213
1222122323132
1112332212132
1231332111233
1123122213312
1231332111121
1223321111322
1231332111112
1221323213121
1231333211123
1212131133121
1231333211213
1212122323333
1221233233312
1231333212311
1221331331231
1233131211222
1231333212131
1223313233212
1232312231112
1231333213211
1233223332112
1231333213233
1223231321222
1232313111222
1231333213332
1231333213121
1121232111111
1231312311233
1233111321211
1231333213112
1123221121332
1112123231333
1231333233321
1233112111213
1122331322211
1221232221332
1211231323331
1231333233213
1231333232111
1222321121221
1231333232331
1231333232313
1212222323213
1112212213233
1221213213312
1212313222131
1231333231211
1231133311131
1231333231323
1223233122221
1231212313111
1112221211132
1221331222113
1231333231332
1211221212113
1231333231121
1222211331132
1231333222123
1231333222321
1111211222123
1221111113211
1233313112231
1231333222312
1231333222213
1213232313311
1231333223133
1231333223221
1231333223331
1231333221333
1213222131123
1223333321221
1231333221223
1223323221111
1231333221232
1233233331231
1231333221131
1231333221113
1231333311111
1231333311133
1233122122232
1231333311313
1231333313333
1231333313322
1231333313232
1213332233221
1232231212333
1231333313131
1232331122121
1231233212121
1231333312211
1121122333212
1231333312323
1233332123212
1212122223222
1231333312332
1112332131211
1231333312121
1233312111233
1231333323321
1122211213233
1231333322133
1231333322221
1231333322212
1222113231132
1231333321211
1231333321233
1121212331223
1231333321323
1231333321332
1223332112211
1232233233323
1233133122322
1231333321112
1231333332321
1213213231212
1231333333111
1231333333133
1231333333221
1231333333212
1213233221222
1233132121212
1221332111311
1212121222123
1231333333331
1231333333313
1212321322322
1212131132131
1122313221231
1231333331311
1223212132311
1231333331232
1121233121311
1231333131133
1121311132132
1122222312332
1233321133332
1232321111223
1231333131122
1223213121231
1221222122333
1231333131313
1231333133322
1231333133223
1122113332331
1231333111311
1233323121232
1231333133113
1112321331112
1232323113232
1231333121123
1231212332323
1232212232123
1231333121321
1231333121213
1212323332231
1122222232221
1231333122333
1211133311133
1231333122322
1123221221221
1221323312323
1233123212211
1232232212213
1231333122131
1231331313122
1233312311231
1231333123233
1231333123332
1231132123111
1233231112133
1231333112321
1231231232233
1231333112312
1122122213133
1232333212321
1222313113122
1232212221211
1231333112231
1213122322131
1223111111121
1233113221133
1231333113133
1231333113313
1231333111322
1221132323211
1231333111223
1112212333331
1121322321312
1231121221112
1231333111232
1232222321312
1221213323211
1231313111122
1231312122231
1233321133121
1223313233313
1231313111313
1233222322112
1123132132122
1231313113311
1233322332222
1123223231222
1221231211121
1211331321112
1231313113322
1233122121132
1231313113223
1231313113232
1221113231311
1111221311211
1123112122211
1231313113131
1231313113113
1231313112211
1231313112233
1223212111112
1233213323212
1231313112222
1231313112323
1231313112332
1221111133132
1231313112121
1231313112112
1231313123123
1112321323212
1231313123231
1232132113313
1231313123213
1233233123122
1231313122111
1223211311131
1121213321311
1231313122122
1111112333313
1112113213231
1231313122331
1221313312212
1231313121211
1213223113111
1233322231123
1232211311223
1231313121323
1231313121112
1233131233332
1121232221221
1231313132123
1231213322112
1231313132312
1233133122311
1122221231313
1231313132231
1231313133111
1231313133122
1231313133221
1231313133212
1232231122223
1231313133331
1111123113131
1233122223331
1212131331233
1122322333132
1231313131223
1231313331212
1221111112333
1211332131332
1231313331313
1112321222122
1231313333333
1212232232123
1221312131322
1213213121333
1123121333312
1122221212213
1231313333223
1231313333113
1231121113213
1231313332222
1231313332323
1231313321123
1112111232111
1231313321132
1231313321213
1221233121231
1231313322311
1122121331113
1231313322333
1231313322223
1232222321321
1231313322232
1233211333211
1231313323211
1233121111123
1233123333213
1231313323233
1231313323222
1212311333213
1233133311133
1221323111223
1231313323121
1212112331223
1231313312213
1211333131113
1213123132122
1231313313221
1231313313212
1222131332112
1231313313313
1123313112233
1231313311333
1233333212221
1221321321123
1231313311322
1231313311232
1123233131213
1231313311131
1212212232323
1232133111332
1111122212231
1231313221221
1222122222132
1233133232133
1232223121333
1231313221331
1232332232311
1231313221313
1121313231211
1231313223311
1231111313313
1231313223223
1223113211232
1231313223232
1211312322321
1213323212121
1112132122112
1231313223131
1231313223113
1213132323223
1122323122232
1231313222222
1232333232323
1121231123113
1231313222323
1233332332113
1123323332221
1231313222112
1212332332231
1231313231321
1112331221232
1233213311312
1222322331331
1231313231231
1211122232313
1223333322222
1112123311123
1232322113112
1211131133221
1211331123332
1231313232311
1232231211213
1232132321211
1211231113132
1231313232333
1121323321331
1231313232322
1231313232223
1121222323232
1231313232232
1222231322321
1232323312231
1231313232131
1122313332232
1231313233233
1112133332231
1231313233222
1122231133221
1231313233323
1231313233121
1112231113123
1221311133222
1232221231113
1232131111312
1223131311222
1232133131213
1213322331311
1231313213123
1123112232123
1231313213132
1231313213213
1211133113313
1211223112211
1221113232132
1231313212122
1231313212221
1213312113121
1231313212313
1123211121122
1232122212112
1123233323221
1231132121223
1231313211211
1111211133311
1233312213131
1223311123111
1232221122121
1231313211233
1231113221322
1231313211121
1221333311132
1231313211112
1232212231131
1223332313313
1112212212232
1231312111321
1231312111312
1112231121331
1231312111231
1231312111213
1221233222312
1231312112223
1122211122311
1221312312321
1231313123312
1232222211211
1213333233312
1222211333112
1231312112131
1231312113332
1221221223222
1231312133321
1231312133312
1231312132111
1233233231313
1121121313213
1231312132133
1231312132122
1233121121322
1231312132221
1231312132331
1223221113123
1231132222322
1231322332312
1233133321222
1211211122213
1232222212221
1222331121132
1232113133132
1231312132313
1233313312332
1111232331211
1231312131211
1233211322222
1233121113332
1223333131323
1231312131233
1221333113213
1231312131323
1231312131112
1231312122123
1232222232232
1231312122132
1231312122312
1223113133231
1111232312311
1231312122213
1231312123133
1232113333121
1231312123122
1231312121311
1231312121333
1231312121223
1122323123222
1231312121113
1213222211221
1231312231111
1233231332212
1122131111211
1231312231133
1122333213131
1231312231122
1111211333221
1231312231212
1212211312121
1121213112122
1232231221232
1233321232213
1231312233311
1231312233333
1231312233322
1213221222323
1231312233223
1222232113223
1221231222233
1231312233113
1233121333222
1123231312221
1231312232211
1211213131321
1221133323223
1231312232222
1212212233223
1221323121132
1231312232323
1231312232332
1232231223111
1122212113323
1231312232121
1223223233113
1231312232112
1232113313231
1212333332331
1222113122212
1231312221132
1232221331323
1232223223112
1231312221213
1123233123322
1231311222312
1231312222322
1233333212111
1121222333121
1122322232231
1231312223211
1233112131323
1221223111222
1231312223233
1221132213123
1222223113333
1121222231111
1231312223323
1231312223332
1213313133111
1231312223112
1213213231133
1232213321121
1231312212321
1212222222312
1223122121331
1221311311123
1233211123122
1231312213133
1231331232232
1233332111321
1231312213122
1222211222232
1232232222232
1231312213212
1231312211311
1233332222232
1231312211322
1231312211223
1122111132331
1221322332313
1231312211131
1231312211113
1121213231113
1112233213331
1231312321133
1231312321331
1232121322322
1232121131333
1231312323311
1212332211213
1231312323232
1231312322211
1231312322233
1231233311123
1231312322222
1213122331221
1222232233211
1221121213112
1231133111122
1231312322121
1232213133232
1231312322112
1232113112131
1231312331213
1231312332333
1231312332322
1233313211312
1232222132132
1213113331223
1123222112111
1123213212213
1231312332223
1211313111311
1232331331323
1231323123311
1233212332321
1231312332131
1213222231113
1221131131321
1231312333233
1231213112311
1231312333323
1221111121113
1231312333121
1222323132122
1231312333112
1111122221312
1231211111112
1231312313123
1121111332123
1231312313132
1213321323131
1231312313231
1122111213122
1231312312133
1122232222331
1231312312212
1221222221232
1211313231233
1213132332333
1231312312313
1231312311323
1121322221133
1231312311332
1231312311112
1233223322223
1111111222113
1231311211123
1232311332333
1231113331232
1231311211231
1122232223231
1122222231222
1231311212311
1231311212333
1213232221223
1232223132122
1231311212113
1231311213211
1123312211113
1231311213233
1231311213323
1231311213121
1231311233132
1211311311223
1233112233131
1212312133111
1231311233321
1231311233213
1123121323313
1221123222233
1212233121123
1112321123311
1221133331231
1231311232111
1223132222321
1231122131131
1231111321312
1231311232133
1121113323222
1232311133213
1223211132312
1231311232122
1231311232212
1231311232331
1231311232313
1233322323222
1223223112311
1231311231211
1232222131333
1231311231233
1231332322213
1231311231222
1211123213223
1232122331323
1231222233212
1231311231332
1232212122233
1211322223232
1231311231121
1231311222132
1212231112121
1233313232313
1231311222321
1231311222231
1213113121312
1232313321223
1231311223133
1231311223221
1233131322232
1231311223331
1212223213223
1233233233333
1232133123322
1231311221311
1121311211112
1231311221333
1231311221322
1222121121113
1221311333213
1231311221113
1121323222311
1231311311111
1232221332212
1231311311122
1233323233223
1231311311221
1233113113131
1212311312223
1231311311331
1233112132212
1231311313311
1231311313333
1122212213221
1231311313223
1233231313233
1231311313131
1231311313113
1213123111132
1221113311123
1231311312222
1212331333323
1231311312323
1212332122333
1221132112121
1221131123113
1231311312332
1231311312121
1233331132332
1231311323132
1231311323213
1231311322111
1231311322133
1221322212323
1221233312233
1121211313123
1231311322212
1232221133323
1122221131323
1231311322331
1232212221121
1231311321323
1121333211121
1232331322123
1231212332121
1231311321332
1223233312321
1231311321112
1231311332132
1121223122133
1221213221133
1211331321323
1231311332321
1213332111121
1232123221223
1231311332231
1223312222321
1233221221113
1223113123122
1232331131123
1213231232332
1221322332111
1231311333133
1231311333221
1231311333313
1213111322131
1122121111113
1231311331223
1221121332231
1233132331222
1231311131111
1121122321233
1233223221133
1221122123111
1231311131133
1231311133311
1231311133322
1231311133223
1211111321323
1231311133131
1231311133113
1231311132211
1231311132233
1122221123313
1231311132222
1221221222113
1231311121132
1231311121312
1231311121231
1231311122333
1232111333123
1121112222333
1231311122223
1231311122131
1231311123211
1231311123233
1221213333232
1232113311222
1112223221331
1231311123222
1233122333212
1231311123332
1213113311122
1231311123121
1111221213133
1231311112123
1121121132133
1231311112132
1231311112321
1232311233131
1231311112312
1121212111113
1232131213133
1213322321121
1231311112213
1222112112311
1231311113133
1231131132222
1231311113221
1231311113331
1231311111311
1213331313122
1223331231131
1231311111232
1232231312332
1233322322232
1221212311121
1223131112113
1231311111131
1233311111133
1233311111122
1233311111221
1233311111331
1233311111313
1123313313313
1233223213312
1233311113333
1122221223121
1233311113232
1221321322113
1233311113131
1233311113113
1222222113332
1232323232333
1212313311112
1232133123333
1233311112332
1212311323221
1222321332133
1233311112121
1233311112112
1212312232113
1233311123321
1212111222322
1233311123231
1233311122122
1232312323123
1121332212213
1232111221222
1233311122212
1233311122331
1112311223311
1221322222122
1222132133222
1232323331331
1121232221111
1231131332321
1231333311221
1233311121222
1221333123322
1211132121331
1222112132313
1221332123112
1233311121332
1221213311311
1233311132123
1121212131221
1233311132132
1233311132312
1233311133133
1233311133122
1122221111132
1233311133212
1231212121233
1233311133331
1211131333333
1223131213331
1233311131333
1221312113322
1211123222111
1233311131322
1211311313133
1233222111321
1233311131223
1233311131131
1213233222221
1233311131113
1231332232213
1233311331133
1121113111212
1233311331122
1223123312233
1233212313311
1233311331212
1122233133223
1233311333311
1122331233131
1231121323133
1221121113221
1222131113322
1233311333232
1233311333113
1112131113113
1233311332211
1121213321131
1233311332233
1122223221211
1233323213221
1233311332323
1233311332332
1212133332333
1233311321123
1233311321132
1231233323212
1233133233231
1232221321113
1221311131123
1233311321312
1123122121332
1233311321231
1233311321213
1123133131311
1121213222122
1232111221211
1211321312333
1222232311232
1233311322333
1212221233232
1233311322113
1233311323222
1233311323332
1233311312132
1233311312312
1231233312333
1233311312231
1233311313331
1212331222322
1233311311311
1233311311333
1233311311232
1123223131111
1233311311113
1122133331132
1233311221111
1212313112131
1233311221133
1233113113232
1232232223332
1212311313323
1233133313311
1223331331112
1233311221313
1211113212122
1233311223311
1232332231312
1221133321331
1233311223322
1232211223311
1212231333333
1233311223223
1231322332123
1233313311221
1112222332113
1233311223232
1122132331122
1233311223131
1233311222233
1121331121132
1112121332333
1232332112233
1221123121112
1233311222222
1233311222323
1223132111131
1233311222332
1233311222112
1233311231123
1112112111123
1233311231132
1233311231321
1233311231312
1233311231231
1211232232322
1233311232333
1233323311121
1212233322331
1233311232113
1112121112322
1233113111221
1233121322233
1233311233222
1223311232233
1233311233121
1222122212131
1233311213132
1221321321321
1223322311211
1231332213131
1232213112231
1221322322312
1111213111212
1233311213213
1212113233221
1233311212111
1233231312322
1222131111122
1122332321112
1233311212133
1212122223112
1221321231213
1221312311232
1233311212122
1212123233233
1233311212212
1233311212313
1212323212223
1111213321321
1233311211323
1233311211121
1233111331113
1233312311123
1233122113221
1222113231123
1222322233233
1112333332233
1233312311132
1232132322313
1211223323323
1121323231313
1233312311213
1233213121111
1221221311332
1233312312131
1232311121232
1213232233231
1221331212321
1231213233113
1233312313233
1233312313222
1233312313332
1233322113311
1233312313121
1233312333132
1123211323111
1112313121123
1233312333321
1122223111332
1233312333231
1123321332223
1233312332133
1233312332212
1222131312321
1222321111222
1233312331323
1221233133131
1233312331121
1211211133132
1233312331112
1233312322123
1112131221111
1233231111332
1233312322321
1212331221213
1233312323133
1111232333132
1232121312321
1222133223111
1122321332121
1233312323221
1233312321311
1233312321333
1232323312321
1233312321322
1233312321223
1111213311113
1232122222111
1233312321131
1233312211133
1231332121331
1233312211122
1211223313313
1233312211221
1233331123332
1233312211331
1213112232321
1231111133133
1233312211313
1233312213311
1231231333112
1233312213333
1121113322113
1221131112133
1222312323331
1233312213322
1233223231213
1233312213232
1233312212211
1212311221222
1233312212323
1233312212112
1233312223132
1111213231321
1221113122332
1212232212211
1233312222111
1233312222133
1233312222122
1233312222212
1233333113322
1112121121333
1232213232212
1221223121212
1222132221222
1233312222331
1233312221211
1231211113231
1233312221233
1232212311123
1122312212313
1233312221222
1211132111222
1231222311123
1233312221332
1233312232132
1212312321312
1223221213311
1233122211213
1233312233122
1233312233212
1232311333323
1233312233331
1111222311221
1233312231333
1122121122311
1233312231131
1221321233323
1233312121122
1231123323131
1233312121313
1233312123333
1233312123322
1233312123131
1211221222123
1233312122233
1233312122222
1233312122323
1231313321231
1123213221321
1233312122332
1233312122121
1233312122112
1212233213121
1121121233113
1231122111212
1233321112221
1233312131123
1122331322222
1233312131321
1233312131312
1223322212132
1233312131231
1233312131213
1233312132322
1233312132232
1233312133211
1212322131213
1231211323221
1233312133233
1233132233212
1232332212111
1233312133323
1223132321211
1233312113132
1221333332313
1232311331123
1233312113312
1212132113131
1233312112133
1233312112122
1233312112221
1213133213123
1232113232323
1233312112331
1221321312132
1233312112313
1212213333322
1233312111222
1123231332223
1233312111121
1233312111112
1233313212311
1213111212122
1233313212322
1233313212232
1222112112232
1233313213211
1222333233121
1233313213222
1232111222212
1233333333311
1233313213323
1213332223231
1231121232123
1233313213332
1233211233333
1123122121233
1233132231333
1221333331323
1221133133123
1233313213121
1212222232111
1223113112131
1233313233132
1233313233321
1233313233231
1222333313331
1112221121123
1233313233213
1233122133322
1233313232111
1233331123233
1233221113111
1233313232212
1211133133113
1233313231222
1233233333222
1121312312311
1233313231323
1221231121323
1213121333132
1233313231332
1212132111313
1233313231112
1121123112212
1233313222321
1211231312333
1222332313213
1233313222312
1233313222213
1233313223111
1232112311113
1123332212222
1221213122133
1233313223331
1211311132213
1123322322221
1233313223313
1112211231122
1233313221311
1233321221121
1112223331111
1233313221333
1233313221322
1233313221232
1233313311111
1233313311133
1121112121223
1233313311331
1233221123121
1233313313311
1213111332112
1121311211332
1232112111122
1222232111133
1233313313333
1233313313223
1212322121313
1233313312211
1211333311311
1231323213232
1233313312323
1233113121233
1231121133323
1233313312112
1233313121321
1233313322122
1121223221313
1233313322221
1231233323331
1233313322331
1222221311111
1111233122333
1233313322313
1213112213223
1233313321211
1223132321222
1222321313332
1233313321222
1233313321323
1233313321121
1223222312321
1231311213332
1221331233223
1122123232311
1233313321112
1212211233132
1121122212131
1221112121312
1121323311121
1233313332123
1233313332321
1233313332312
1122332112231
1233313332231
1233313332213
1233323232211
1222111133311
1112321313332
1233313333133
1212322121331
1233313333122
1212333112313
1123111312123
1121123332133
1233313331311
1213113222231
1232312223111
1233313331333
1232331331332
1121112121232
1231132231221
1221112313311
1122131112212
1233313331131
1223323111221
1233313131133
1211212212333
1233313131122
1233313131212
1233313133311
1222212232331
1233313133322
1211132211212
1121231323331
1221321311131
1121311233211
1233313133223
1233313133232
1121131313313
1232232322211
1221331211223
1233313133131
1223132221333
1231312331231
1233313132222
1231121222212
1233313132332
1233313132121
1212222222213
1233313121123
1222222331321
1233313121132
1212321332222
1233313121312
1233121112223
1233313121213
1112221231211
1233313122311
1121123333213
1233313122333
1223112212212
1223231223111
1221111311222
1211211311332
1233313122223
1232112212313
1233313123233
1221211133333
1233211113332
1233313123222
1213111311322
1223231323123
1233313123332
1122211133322
1231132131112
1233313123121
1122121221223
1221323321222
1112211211131
1233313112213
1232231133232
1123231221321
1233313113133
1212223232213
1221231132213
1233313113122
1233313113221
1231113321211
1233313113331
1221113221332
1223311212213
1233313113313
1233212232221
1233313111223
1112322213231
1221323231112
1221311221112
1112212323213
1233313111113
1233332312313
1233333111133
1232231212322
1123122123312
1221233113133
1213221321231
1233333111122
1112321221233
1231133111212
1233333111212
1222131131113
1112322311131
1123311212232
1233333111331
1233333111313
1232223123111
1233333113223
1213131211231
1232123311313
1221113132113
1233333113131
1233333112121
1233333112112
1232133323221
1222313133311
1233333123132
1233123133112
1233333123231
1233333123213
1233123112212
1123111221313
1233333122221
1223332133122
1233333122212
1111123333131
1231123112311
1233333122331
1212112131133
1111223133332
1233333122313
1233333121211
1233333121233
1233332333323
1233333121332
1232221332331
1212213223322
1221331331321
1233333132123
1233333132132
1222233233333
1221332333221
1211111111113
1121332233322
1233333132321
1213331132321
1233333132312
1213111211233
1111123333322
1233333132231
1222213321311
1233333132213
1232231221311
1221333231322
1122313332322
1233333133221
1223122312322
1232311323232
1233333131333
1223322231111
1233333131223
1211313233321
1233333131113
1233333331133
1111223311321
1233333331122
1233333331313
1111122313123
1233323131211
1112313333212
1233221112132
1221112113221
1233333333333
1233333333322
1121333333311
1233333333223
1213121213113
1233333333113
1122223221222
1122231321123
1233333332211
1233333332121
1121223112211
1233333332112
1211331312222
1233333321123
1233333321132
1211131112211
1211312123333
1213223223331
1121213212222
1112211231313
1233333321321
1233333321312
1221123213231
1233333321213
1111212312212
1112232331111
1232323221313
1233333322311
1233333322333
1213332223321
1233333322322
1232223133213
1233333322223
1233333322232
1222221113133
1233333322131
1222123123311
1233333322113
1211312122222
1212111231122
1233333323332
1233333323121
1221231132231
1233333323112
1232211112112
1231123313321
1233333312321
1121311112112
1232231132323
1232133231232
1211111313232
1111223221332
1233123111112
1233333312213
1222132213311
1233333313111
1211223222222
1233313223122
1233333313133
1223311131332
1233321321311
1112112233113
1221111212231
1121211321122
1111112221113
1233333313331
1212133123111
1112122223111
1233333313313
1223231312211
1233111113221
1123113112321
1233333311333
1233333311223
1212133232211
1233333311131
1232222232333
1233333221111
1112231233212
1222311231132
1233321121212
1233333221221
1211331132211
1233333221331
1213113132323
1232331212332
1121311132231
1233333223311
1122233211213
1232212131231
1233333223333
1233133121123
1221321123123
1221323133322
1232123312112
1233333223223
1233333223232
1233333223131
1211321112122
1233333223113
1112231132333
1122332123323
1232132233231
1232111312113
1111123112323
1233333222211
1213221212212
1123131311122
1233333222222
1233223133221
1233333222323
1123232331131
1233332112322
1221123233121
1233333222112
1232111332122
1233333231321
1221221132212
1223321312112
1222322232113
1233333231213
1212211132121
1232333212312
1122121111333
1233333232311
1122111322222
1221131323221
1112122322331
1233333232322
1233111313333
1122213232311
1233333232232
1221212131211
1233333232131
1232221121313
1233333232113
1232323231231
1222112213133
1112131333113
1233333233211
1232211332121
1213333332132
1233333233233
1212131211331
1121121313132
1233333233323
1112123112111
1221121122223
1221312132312
1112231122332
1221131122233
1233333233332
1222222121333
1111123313111
1233333213132
1233333213321
1112332211131
1233333213312
1223123223212
1112221312121
1221111323131
1233333213213
1212233112321
1233333212331
1233333211211
1233333211233
1213332322321
1233333211222
1123233212211
1122332313131
1121111133223
1233333211323
1233333211121
1231133313212
1232111321223
1233332111123
1211333111133
1233333122133
1233332111132
1233233131323
1212223311123
1233332111312
1123212131223
1233332111213
1121221212223
1233332112333
1212221132111
1233332112223
1233332112131
1233332112113
1233332113211
1233332113121
1211111132211
1112231333231
1233332133123
1223212212121
1233332133132
1233332133321
1122133131222
1221112331223
1123213123111
1111123311322
1233332133312
1233332133231
1233332133213
1223132211213
1221231232232
1233332132122
1233322321132
1233332132221
1233332132212
1123232122311
1233332132331
1122322132232
1233332132313
1221313233333
1233332131211
1222122312211
1232211221122
1211333112121
1122231312312
1233332131233
1233332131222
1111211321222
1232331112133
1233332131332
1232222213231
1233131322131
1123311311313
1233332131121
1233332131112
1231211232231
1233133231323
1223331122323
1231312222223
1233332122132
1233332122231
1123212332121
1221232213113
1232123113111
1112333222332
1233332123111
1233332123122
1233332123331
1121131121211
1233211212231
1211121221213
1233332121333
1122333312311
1232223323311
1233332121223
1213331313111
1121223122122
1233111323123
1212221312212
1212313123133
1233332121232
1211111212333
1231232111311
1233332121113
1233123213113
1123221231321
1233332231331
1221313113211
1233332233223
1223122233133
1233332233131
1233332233113
1233222311112
1233322123213
1232311112333
1231233132223
1233332232233
1221123322232
1233332232323
1233332232332
1233332221321
1123233321113
1222312311132
1232111112313
1111123221331
1233332222333
1233332222322
1223322222232
1233332222223
1233213121221
1233332222113
1233332223222
1122331331213
1221133331132
1233332223121
1233332223112
1211213222122
1233332212123
1233332212132
1123323313332
1232213222213
1233332212321
1233332212231
1233111123332
1223221333132
1123233121122
1233332213133
1123323122222
1233332213313
1213131213332
1223333232211
1233332211311
1231311223313
1233332211333
1221232211221
1233332321122
1233332323322
1223132321121
1122121111311
1232332122221
1232122111323
1211332323131
1233332323223
1233332323131
1112231111323
1232213223111
1211312131312
1233332322211
1121133211132
1232113133123
1233332322233
1233332322121
1212112321121
1233332322112
1233332331123
1213122121233
1222111112231
1233232233222
1112111123332
1233332331321
1232311131222
1232112333333
1221131232312
1233332331231
1233332332223
1233332332232
1123123233322
1233321132311
1233332332131
1233332333211
1233332333233
1231312332232
1233332333222
1233332333332
1211232231312
1233332333112
1223321213211
1233332313123
1231213121232
1221122232323
1233332313132
1233332313312
1223221111121
1112212322313
1233332312111
1223112322232
1223322321122
1233332312133
1212222112213
1223213323231
1233332312221
1233311333131
1233332312331
1233211232211
1233332311222
1233332311323
1233332311332
1223231113122
1233233132122
1211121113233
1122232311213
1233331211123
1121123213113
1233331211213
1233331212322
1223233123132
1121122112321
1233331212131
1233131212111
1213111233112
1233331213233
1212223223132
1231231133231
1233122213222
1233331213323
1233331213332
1232323321321
1222323221213
1233331213112
1233331233213
1112323312111
1221321231321
1233331232111
1233331232122
1111231211211
1233331231211
1123212133313
1121111231332
1233331231233
1213332231232
1233331231112
1213232313232
1233323112131
1231112123311
1233331222132
1233331222312
1233331222213
1122311211111
1233231133323
1233331223133
1233331221311
1233331221333
1232312131221
1233331221223
1211112231221
1233331221232
1223321323213
1233331221131
1122333121221
1122131222313
1233331311313
1212222232122
1233222112131
1213221332222
1222122133333
1111121322212
1233331313311
1233331313333
1221322232132
1233331313232
1112311213312
1232332222112
1233112131112
1112333323332
1233331312323
1232113123331
1233331312332
1222331112213
1111232311312
1232113312111
1232322222232
1231222123322
1233331312121
1212333222313
1233113223322
1233331323321
1212111311112
1221213222233
1121211112333
1233331323312
1211223323332
1112321233122
1233132333123
1123132222311
1221233211312
1211131212111
1233331323231
1122331333233
1233331322133
1211331333221
1212231321132
1123121332133
1233331322221
1112331132121
1233331322212
1233331322331
1233331321211
1221321232322
1233331321233
1212321322232
1233331321323
1212123223232
1233331321332
1233331321121
1221112112123
1232132223111
1233331332321
1221222131133
1223312231332
1221233311212
1211222313321
1233331333133
1211111331232
1121233212321
1122232231322
1233331333313
1233331331333
1233332223332
1221322221121
1211123112313
1233331331322
1123331131232
1231213131121
1232113333222
1233331331223
1233331331113
1233133132121
1211112113332
1223221122211
1233331131111
1223322332223
1233331131122
1233331131221
1211322231312
1221221123221
1111123213312
1221223333123
1233331131212
1233331133322
1213332221233
1222112323223
1233331133232
1122213211112
1233331132222
1233331132323
1232331213311
1233331132121
1123133132132
1122221232332
1233331132112
1233331121132
1233331121312
1231313322131
1233331122311
1213111321321
1222333222211
1233331122322
1233331122223
1123311312323
1233331122232
1221321233121
1231213133312
1233331123211
1232321221131
1233331123323
1212121222312
1233232113232
1233331112123
1233311322322
1233223311311
1233331112321
1233331112312
1233331112231
1112213131123
1233331113133
1213321213133
1233331113122
1233331113221
1233331113212
1233331113331
1233331113313
1211133123332
1222113121222
1233331111311
1232322123221
1211131223311
1232112132213
1112131213231
1232131312133
1233331111333
1212223133323
1223222313111
1112231212332
1233331111223
1232123123112
1221333222133
1233331111131
1122132113311
1123233231223
1233322111111
1233322111122
1233221222123
1232323222323
1233322111221
1233223321231
1232313333231
1233322111212
1233132211331
1122311132223
1111222222132
1221232332331
1231231322332
1233322113223
1223123233123
1231122111331
1233322113232
1221122222232
1233322112211
1211211231331
1233322112112
1213213223121
1233322123123
1233322123321
1233322123231
1232133322231
1112322133111
1121113121121
1233322122212
1122311211133
1232233122122
1212323313322
1232222221221
1233322122313
1233233131222
1233322121211
1211312121331
1123223313311
1233322121332
1222223132231
1233322121121
1233322121112
1233322132123
1222313213332
1232231211231
1231111331111
1233322132312
1211123123223
1211123121331
1233322132213
1233322133313
1123112132322
1232232233113
1233122222123
1221331211113
1233322131311
1232123112312
1233322131223
1233322131131
1223211121332
1233322331133
1232123232133
1233322333311
1211331323123
1112112122132
1233322333333
1123121313233
1112212231332
1233322333322
1223332132213
1122212312122
1233322333113
1233322332233
1223133221323
1233322332323
1232231332123
1212121312332
1122212222322
1233322332332
1112323222232
1111212323232
1233322321321
1111223122332
1233322321231
1233322321213
1232312321222
1213112121133
1221323312233
1233322322333
1233322322322
1223221332133
1223223333112
1233322323233
1233211213122
1233322323323
1221222133131
1223121213123
1112212233231
1233322323332
1223132311111
1233322323121
1123213213133
1233322323112
1233322312123
1233322312321
1112112312122
1232222331212
1212331323113
1233322312312
1221111133231
1233322312231
1233322313111
1123113221131
1233322313313
1233322311311
1233211331213
1211112123313
1232133332122
1231332313211
1233322311333
1223121311113
1231131223313
1231211212323
1221121213121
1212332313113
1111111211322
1233322311322
1222233223332
1233322311223
1222232221313
1221321322322
1231211333123
1233333222121
1233322311232
1233322311131
1221122232222
1123233232123
1233322311113
1221132313122
1221311212121
1233322221212
1211121323333
1233131131322
1121122222213
1123233131231
1233322221313
1233322223311
1232223332333
1212113332212
1233322223333
1233322223131
1211232312312
1233322223113
1223221313211
1233322222211
1223221123113
1233322222233
1212322331233
1233322222323
1233322222332
1211122131313
1222231333132
1121221333111
1233322222112
1223211123312
1233322231132
1223213313131
1233322231321
1233322231231
1213112222122
1233322232333
1221232231131
1233322232322
1221223221211
1231212222112
1233322232223
1212122233333
1233322232232
1232231221333
1223331311312
1221312131333
1223112313313
1233322232113
1233322233211
1211322332332
1213133113223
1221122113332
1211311123231
1222321232231
1121321112331
1233322233233
1233322233222
1212231331111
1222312122121
1233322233323
1233121213313
1213123313312
1233322233332
1123331213231
1233322213321
1112223322131
1123211331222
1233322213312
1221223113321
1213111333232
1233322212111
1233322212212
1121133131111
1232121223131
1233322212331
1211132123311
1233322212313
1233322211211
1211222221321
1232221221121
1213311113122
1233322211233
1112222213133
1233322211332
1233323111321
1121123323133
1233113132321
1213131221322
1221321133331
1233323111213
1233323112311
1233323112322
1233323112113
1233323113233
1233323113222
1233323113323
1233323113121
1233323113112
1233323133123
1233323133132
1223231323132
1233323133213
1223322222113
1233323132111
1122112332312
1231222312131
1221221222311
1231313212331
1233323132133
1122112313311
1233323132122
1233323132212
1213212132312
1232112213312
1212312113311
1112123312311
1233323131233
1233323131222
1233323131332
1233323131112
1233323122132
1221231233233
1233323122231
1222211312221
1233323123111
1231121322231
1233323123221
1233323123212
1233323123313
1231222122332
1233323121311
1233323121333
1233323121131
1112131221122
1233323121113
1222313313311
1233323231122
1233323231221
1122123233323
1232211121332
1112112112131
1233323233131
1233323232233
1221221212132
1213223333212
1233323232222
1212111113233
1232321333221
1233323221123
1211213231113
1123213312133
1233323221132
1233323221321
1123133112121
1231333122232
1233222332311
1233323221213
1221323123233
1233323222311
1233323222322
1221231112112
1233323222223
1221331213212
1233323222131
1233213211212
1233112133213
1112132223321
1232212223312
1231132321221
1233323222113
1233111221131
1233323223332
1231331211323
1233323223121
1233323212123
1233323212231
1221212323311
1233323212213
1233323213111
1221131223321
1233323213133
1121211233333
1123311133322
1112232123132
1232112232113
1233323213212
1221323312222
1221132231132
1221311211122
1231113323213
1233323213331
1233323211311
1233323211333
1232233133212
1221321112121
1233323211223
1233323211232
1223211223113
1221323323312
1233323321133
1122212312212
1233323321122
1213213123313
1233313212131
1233323321212
1231133123231
1233231132223
1122332313113
1233323321313
1222121212123
1123111122122
1233323323333
1231111111122
1233323323232
1211222233113
1222112323131
1233122113212
1223332223131
1222312333213
1233323323131
1122311332212
1233323323113
1233323322211
1221322122222
1211133111131
1233323322222
1231311112231
1233323322323
1212122133213
1122131222331
1233323331123
1112123333231
1233323331132
1223333123111
1233323332223
1221213121121
1211312212222
1233323332232
1123322213222
1233323332113
1121213221222
1232333231212
1121122321222
1233323333233
1233323333323
1233323313123
1233323313213
1211233312221
1211311222112
1233323312111
1123223231112
1231113312112
1231313222332
1233323312331
1233323311211
1231232121231
1233323311233
1112312132232
1221323322111
1233323311222
1233323311323
1232313133233
1222121331312
1233321311132
1222133223331
1233321311321
1233321312333
1223313221222
1121331231121
1232122323221
1233321312322
1233321122332
1233321312232
1211333333333
1232323213213
1233321312131
1213133322311
1233321313211
1233321313323
1233321313332
1233321333123
1233321333132
1222121321313
1233321333321
1221211213222
1233321333231
1233321333213
1221113132131
1231232132323
1233321332111
1122311312223
1233313122322
1233321332133
1233321332212
1212221313321
1122331212312
1221231333322
1233321331211
1233333223322
1233321322123
1233212131313
1233321322132
1233233121223
1233321322231
1233333313212
1233321322213
1233321323221
1221221313123
1213231133132
1233321323313
1233321321223
1233321321232
1223122231322
1233321321113
1213322123233
1212312232322
1222113232131
1233321211111
1123122133313
1121223112323
1221131321131
1122132233121
1221332332231
1221312213132
1233321211221
1213211232321
1233321211212
1223213322111
1112332223222
1233331312233
1233321213311
1122321221221
1232313313112
1233321213322
1233321213131
1233321212233
1231213133231
1233321212332
1233321212112
1233111211132
1233321223132
1121122231233
1233321223321
1233321223312
1223332311333
1233321223231
1223311212123
1233321222111
1233321222133
1232313122211
1213211312131
1233321222122
1233321221323
1233321221332
1233321221112
1231113222123
1233321232321
1213313111221
1232223211232
1221222312332
1232213223313
1233321232231
1233321233111
1233321233122
1233321233331
1112223212122
1232131121232
1233321231333
1221221232112
1221223132223
1233321231223
1233321231131
1233331223122
1233321231113
1233321121111
1233321121133
1233321121221
1233321121313
1233321123311
1233132213113
1212323122113
1233321123322
1223323113322
1233321123232
1233321122233
1233113123213
1223111131321
1223211123132
1233321122121
1233321122112
1233321131132
1222112132212
1233321132333
1232221111112
1233321133222
1221221332113
1112132133121
1233321113132
1212112131111
1233321113321
1233121222333
1233321113312
1233321113231
1233321112111
1233321112133
1233321112122
1233321112212
1213122221111
1223332122122
1123112131213
1233321112313
1211233222333
1233321111211
1212331131121
1233321111233
1123321321122
1233321111222
1233321111121
1221111332333
1223113323232
1122131332111
1233321111112
1233211111123
1232233123213
1233211113112
1221321111313
1212112323132
1233211133123
1221311113132
1222321322321
1233211133312
1233211133231
1122221123212
1233121112232
1232211322333
1233211133213
1233211132111
1122312331122
1233211132133
1223331211122
1121231122222
1233211132331
1232133121111
1233211131211
1221221323113
1213222322312
1233211131323
1121231311231
1233211131112
1112321312232
1233211122123
1233211122132
1233211122321
1233211122312
1233211122213
1213113123233
1122332112132
1221222221223
1233332233232
1233211123133
1112111213323
1233211123331
1213312112311
1222131321132
1232332122122
1233211121311
1222331113111
1233211121333
1221113112111
1233211121232
1233211121131
1233211231122
1231323211133
1233211231221
1231111322322
1233211231212
1233211233322
1212321112233
1221113122222
1212311313233
1232223332322
1123232131122
1233332212312
1233211233131
1233213331222
1233211232233
1232311212213
1233211232121
1221321121121
1233231112331
1233211232112
1233212233132
1233211221312
1222113133313
1233211221231
1211323312331
1213112332212
1122332111131
1233211221213
1233213312333
1233211222333
1221113223321
1223113233311
1233211222322
1213312132331
1232212112313
1233231232321
1232311222113
1221313311323
1123133211211
1122212131323
1233211222232
1212212231221
1233211223233
1211113232131
1211313223212
1231222323313
1233211223222
1111232322321
1233211212321
1211132331112
1223131111213
1221213123123
1213212331212
1222113123231
1233211213221
1112312111211
1233211213212
1232322231122
1233211213313
1223331121331
1221312211233
1233332323232
1112231133233
1233211211311
1111123331331
1233123133222
1111233221333
1121333122331
1233211211322
1233211211223
1212211321211
1222331313223
1233211211232
1122123212212
1233211211113
1231121313211
1232212211111
1221212121333
1231221113131
1233211321122
1213111212111
1233211323311
1213233133112
1231111211112
1233211323333
1233211323322
1233211323223
1233211323113
1123221211323
1123321123111
1233211322233
1233211322323
1231113111131
1233211322332
1211133123112
1222122112231
1233211331132
1221211131313
1121233111321
1233211332311
1121333222222
1233211332322
1232221213311
1232131212213
1233111113313
1221233121132
1223331213322
1233211332223
1233211332232
1233211313132
1233211313312
1233211313213
1212212133321
1223212231333
1112321232213
1232323212221
1233211312133
1233212313113
1222122212322
1233211312221
1221233131313
1233211312212
1213323132333
1221132132231
1212231213321
1233211311233
1213223231233
1233133333111
1233113213231
1233311323121
1233211311112
1123212232232
1233213311123
1121212213332
1233213311132
1233213311321
1233213312322
1211232232311
1233213312223
1221212231212
1233213312131
1121231211122
1123323233122
1233213313211
1221221212312
1233213313233
1233213313222
1223113331231
1233213313323
1233213313332
1223111312131
1232123133322
1232111222133
1233213313121
1232223221231
1233213333132
1233213333312
1233213333231
1232323332332
1121322311223
1233213332133
1233213332331
1223311333222
1233213332313
1233213331211
1233111333212
1231323122332
1233213331332
1233213331121
1232121132123
1233213331112
1122312223232
1233213322123
1233213322321
1231133323222
1233213322312
1222122321233
1233213322231
1233213323122
1211322312312
1223212323212
1233213323221
1232211322223
1221312222323
1233213323313
1211213221323
1233213321311
1233213321322
1122221212321
1231121212112
1221111131332
1233213321223
1231333312222
1232212313121
1122313131121
1233213321232
1222132133233
1221133333222
1233213321113
1233213211122
1213122123321
1233213211221
1233213211331
1231323223312
1233213211313
1233123313112
1233213213322
1212332311212
1233213213131
1213212332332
1233213212233
1233213212332
1222131333232
1232321321112
1211323131233
1233213212112
1233213223231
1222132133323
1233213223213
1233213222133
1233213222212
1123213313213
1233213222331
1233213222313
1123233211313
1233133111333
1112332131121
1233213221222
1112121222223
1233213221323
1213223311313
1233213221121
1232332121222
1123231332333
1233213221112
1112333133212
1233213232123
1231122131322
1233213232132
1222113312123
1233213232231
1233213233133
1233213233122
1121233223332
1233213233221
1211232321123
1233213233313
1233213231223
1232131213331
1233213231131
1233213121313
1211123111121
1212123212212
1222233231111
1233213123311
1123331113333
1233213123333
1233213122211
1232123313113
1233213122332
1211331333313
1233213122121
1233113321231
1233213122112
1112121311112
1233213131123
1121112221132
1232222333232
1231322313131
1111233212113
1233213131132
1233213131321
1221333132333
1122223213131
1233213131312
1223311223233
1222321123223
1233121323311
1222221111223
1233213131231
1212332332213
1233213132311
1211312323212
1233213132333
1233213132232
1233213133323
1233212123222
1233213133332
1232233311113
1223113332131
1223233122111
1222211332322
1232123312332
1221332223331
1221232223321
1233213133121
1232313212121
1233213133112
1232331323313
1233213113132
1121123233212
1233213113213
1223112231231
1233213112111
1223113233322
1232132133223
1123232122333
1233213112133
1212121232313
1233213112122
1111222221131
1121323131121
1233213112212
1233213112313
1233213111211
1213312121131
1122113231232
1233213111323
1213132123331
1222311222121
1233213111332
1212132212221
1221322231232
1122312112233
1233213111121
1123313232223
1233212211123
1233212211231
1232332233211
1232332222121
1233212211213
1232213213112
1232111111211
1221331111231
1112313133131
1232133122222
1233212212113
1211323332311
1233212213211
1233212213323
1231333132222
1221311213113
1233212213332
1212231113322
1222121312331
1231211332212
1233212213112
1233212233321
1233212233312
1221213223131
1223131133312
1123133122313
1233212232111
1232312222132
1232221133112
1233212232133
1232312111131
1213111133212
1221213223333
1122221322323
1233212232212
1232132112231
1222232333131
1233212231211
1213132123133
1233311212331
1222311131333
1233212231233
1233212231323
1233212231121
1233212222123
1211322121222
1232321313333
1233212222312
1122122133123
1233212223111
1233212223122
1233212221223
1231211131132
1221322331233
1221211223212
1233212221131
1213213222223
1212111112232
1232313211221
1221111231331
1221133112333
1213221113113
1123211133112
1122331223112
1233212311122
1213312223222
1212112321332
1122233132323
1233212311221
1122211112312
1233212311313
1112312231223
1233212313232
1223213332123
1233212312211
1121333212133
1233212312233
1233212312332
1233212312121
1121323111213
1232333121322
1233212323132
1233212323213
1233212322111
1231212331133
1233212322122
1233212322212
1122323132211
1221311222122
1233212322331
1233212322313
1223313113321
1122121221322
1233212321211
1212333133211
1233212321233
1232321133223
1233212321121
1233212332123
1221311313211
1123323132113
1233212332312
1112113223311
1233212332213
1232131223211
1222223222323
1233212333133
1233212333122
1231233321113
1233212333221
1233212331311
1213331133122
1233212331333
1121311312123
1221333232132
1233212331232
1231233211111
1233212131111
1232321121123
1212232321311
1221333221222
1233212131133
1233212131122
1123322133333
1221212123221
1213323332313
1121112121113
1233212131212
1213131313223
1233212133311
1233212133223
1221223233221
1112212232122
1233212133232
1233212133131
1233212132211
1222133322212
1233212132323
1233212132112
1213213123331
1233212121321
1221321211121
1233212121312
1123323331121
1233112232233
1211223213321
1233212121231
1233212122311
1112221233213
1233212122322
1233212122131
1112222232233
1233212122113
1233212123211
1232231322331
1233212123332
1233212123121
1212231211222
1223332231123
1233122123332
1221131332111
1231311111322
1233212112312
1233212112213
1212212113233
1233212113221
1233321331233
1233212113212
1233212113331
1123222312113
1233331313113
1233212111311
1233212111333
1233111223331
1122121222231
1222311222233
1112121331132
1233212111322
1233212111232
1233223111111
1233223111133
1122333212332
1233131321132
1233223111221
1223121211323
1233223111331
1233223111313
1233223113311
1233331231332
1233223113333
1233223113232
1233223112211
1233223112222
1233223112323
1233223112332
1212321232333
1221222213233
1233223112112
1211212111333
1233223123132
1123133112112
1232112133331
1233223123321
1233223123231
1233223123213
1211113121323
1233223122133
1213323313112
1233113121121
1123211131213
1122212212312
1233223122221
1223323331133
1233223122212
1233223122331
1221121131221
1211333233211
1233223121211
1233223121323
1233223132123
1232122332111
1222213232321
1233133213211
1233331313223
1233223133111
1233223133133
1233223133122
1213122333333
1123221122331
1122132132312
1233223133212
1231112313211
1221113222313
1233223133331
1211322132231
1233223131311
1121331331333
1233223331133
1222113312213
1233223331122
1233223331331
1222132321333
1122123111331
1233121312212
1221223333321
1122112222213
1233223333223
1233223333232
1112313321323
1233223332233
1233212221322
1233223321132
1213133232311
1232113322211
1233223321213
1233223322322
1122331111123
1233223322131
1122233121312
1232213133333
1233223323233
1211212123121
1233221111232
1233223323323
1223132313232
1231233113312
1233223323332
1233223323121
1233223312123
1213232213211
1212333232231
1221322111222
1233223312312
1233223312213
1233223313133
1233223313122
1233223313221
1233223313212
1232122332133
1232123323231
1123133232232
1233223313313
1212332312332
1122331311233
1233223311223
1211213212222
1112311212122
1233223311131
1223323223131
1122233221223
1232113123133
1211113332233
1122333223312
1123131112132
1121123121212
1233223311113
1212111312133
1222313323231
1233223221111
1233223221122
1233223221313
1233223223333
1123322322212
1122113321322
1233223223322
1233223223223
1123213313123
1233223222332
1122311231131
1233223231123
1233223231132
1121323111312
1221131112313
1233223231312
1112133211132
1233332321111
1233223231231
1221213132123
1233223232333
1233212221311
1233233113112
1213312222131
1221333321322
1231132332311
1233223232322
1233223232223
1231311313232
1233223232113
1213111223311
1233223233233
1233223213132
1221122121113
1233321313233
1233223212111
1233223212122
1233232323121
1233223212221
1213312312313
1233232231123
1213312212321
1232321221322
1211222131211
1123331212212
1233223212313
1222133322111
1233223211211
1213313223322
1233223211222
1233223211112
1211132311321
1233222111123
1233222111132
1233222111213
1213133111133
1123223111113
1123322333212
1233222112311
1123231132122
1233222112223
1213221211323
1233222113222
1222122131212
1233222113323
1233222113112
1223113321122
1221133313123
1112313331131
1233222133132
1221113221323
1233222133321
1233222133231
1233222132111
1233222132133
1233222132122
1233222132221
1112132221211
1233222131222
1232233231231
1233222131121
1233222122321
1232221133332
1233222122213
1233222123111
1232311122231
1221331332311
1233222123133
1232213321323
1233222123313
1213222331112
1233222121311
1233222121333
1233222121232
1222313121231
1233221123222
1233222121131
1123132321212
1112233222113
1233222121113
1213313111313
1233222231111
1233212222213
1221332331131
1223111123333
1112113232232
1233222231133
1233222231122
1223321112321
1233222231221
1232112331212
1233222233232
1233222233113
1232333333332
1233222232211
1122112132233
1233222232323
1233222232332
1233222232112
1233222221123
1231113213222
1233222221132
1223131323131
1223313112212
1233222221321
1233222221213
1232132133131
1233222222311
1233222222333
1211331213211
1233333332323
1221213131131
1233222222232
1112112221231
1233222222131
1233222223222
1232232323311
1231333222231
1122312313111
1233222223332
1211123222133
1212222322111
1231222133323
1233222212321
1232312221223
1123231231133
1233222212312
1233221131111
1211111112312
1233222212213
1121312321311
1233222213111
1211111323123
1121313122232
1233222213133
1223122321113
1223221223312
1233222213122
1233222213212
1233223323222
1233222211333
1222331312121
1233222211223
1222221212113
1233222211131
1223232123331
1231211111323
1233222211113
1231321122213
1233222321111
1233222321122
1233222321313
1233222323333
1223221213232
1233132132113
1233113222211
1233222323322
1233222323223
1222212322221
1233222323113
1233222322211
1233222322222
1233222322323
1233222322332
1233222322121
1223122331211
1223231312222
1233222331123
1121211321331
1233222331132
1233232132123
1213232223111
1233222331321
1233222331312
1213213321133
1233222332223
1233222332232
1233222332131
1122223112212
1233222333222
1213223322313
1112312122121
1233222333332
1233222333112
1232131311222
1233222313132
1223222213312
1221113122211
1233222313312
1233222313213
1121223223131
1233222312133
1221311233122
1112112323311
1233222312313
1232332113113
1232111232132
1212332222213
1233222311323
1121223221331
1233222311332
1212323223331
1232232112131
1233221211123
1211332221312
1233221211132
1212121221333
1233221212311
1233221212322
1232312223221
1233221212113
1212331233333
1233221213211
1233122332123
1232332322223
1233221213222
1123311331322
1233221213332
1223223213133
1233221213121
1232122321333
1233221213112
1222123131231
1233221233123
1233221233231
1232122232132
1233221233213
1212233123323
1233221232122
1223211333333
1233211321221
1221122211113
1222323111132
1233221232221
1213212232232
1223233211121
1233221232331
1231213332131
1233221232313
1233221231211
1211233211322
1233221231332
1223113222131
1231112323122
1233221231121
1233221231112
1121112312122
1233221222132
1233221222312
1112213323133
1233221222231
1233232122111
1233221222213
1221123332211
1122213222222
1233221223133
1223111132232
1221113212211
1233221223331
1233221223313
1233112322323
1231123123331
1233221221322
1123123332131
1232223233223
1233221221223
1233221221131
1211233113222
1233221311133
1233221311122
1212323232111
1233323121322
1231313322113
1233221311313
1213233311231
1112221221333
1232132333331
1233221313322
1212221313213
1221112231112
1233221313232
1223132112132
1222313111131
1122222222213
1233221313131
1211233211311
1233221313113
1233221312211
1111223233331
1233221312222
1233221312332
1233221312121
1213123113112
1123312122231
1233221312112
1232133213232
1233221323312
1233221322111
1123122321312
1121221312332
1233221322133
1213222122323
1232122132232
1233221321323
1233221321332
1233221332123
1112332211223
1233221332321
1233221332213
1212221123111
1233221333111
1233232232113
1121323132313
1233221333133
1233221333221
1111213122212
1232221121122
1221211132323
1223312231233
1233221333212
1211331331333
1231133122212
1233221333331
1232233232113
1232113131121
1233221331311
1222312112212
1232233212111
1222112113233
1121233231133
1233221331322
1233221331223
1233221331113
1233221131133
1233221131122
1122132323332
1232132132222
1233221131221
1221113121111
1233221131313
1212222122232
1223213133223
1222233133312
1233221133311
1233221133223
1231312223222
1233221133232
1213223121123
1233133131111
1233221132233
1233221132222
1232231112213
1233221132112
1112132232123
1221313232222
1121113221331
1233221121321
1233232211233
1233221121231
1122111312212
1232211212331
1112333231312
1233221121213
1221123311232
1123122221111
1233221122311
1212222212113
1233221122322
1211133322221
1211223331313
1233311213231
1233221122223
1233233231122
1233112323311
1122231332112
1232113213331
1223321323123
1112112321221
1121233131112
1233221122113
1212112121321
1233221123233
1122232211122
1233221112231
1233221113133
1232212112122
1233221113122
1233221111311
1233232122122
1233221111322
1233221111223
1233221111131
1233232111133
1112112332131
1233232111212
1233232111313
1233232113223
1212223213113
1212123332121
1233232113131
1233232113113
1233331213211
1221333332221
1233232112323
1122331321313
1233232112121
1233232112112
1212131211221
1233232123132
1233232123321
1123321212312
1121112111213
1232323233323
1221232211313
1233232122133
1112121122213
1221213113333
1233232121222
1233311112323
1233232121323
1233232132231
1232211231123
1211231123322
1123321223323
1233232132213
1112232322131
1233333221122
1233232133133
1232213111131
1233232133122
1211233311332
1211322323121
1213113123323
1123322113122
1233232133313
1212323133333
1231322233312
1233232131232
1211332332232
1222121123133
1233232131131
1222231112313
1233232331111
1233232331122
1233232331212
1212123121332
1233232333311
1211333111212
1222213212211
1121121233223
1233232333232
1233232333131
1233232332211
1233232332222
1221232121313
1231222311231
1232112112233
1233232332121
1212111112223
1233123213223
1111213313122
1232231323132
1233232332112
1123333212131
1121122331232
1233232321231
1232323312312
1232121311113
1211332312122
1212212213313
1222231322312
1233232321213
1122333211221
1112221312332
1233232322333
1221231331212
1223223321221
1233232322322
1233232322223
1213212332112
1233232322232
1233232322113
1233321321131
1231133131131
1233232323233
1222231222221
1233232323323
1231321111132
1232332231231
1211323121333
1222322122313
1233232323112
1221121332312
1233232312132
1123332331233
1231133123123
1232122212233
1221221222131
1222111211213
1233232313133
1221323131331
1233232313122
1122212233311
1112111333221
1233232313331
1212211112231
1223113123111
1121211222311
1233232313313
1223321222213
1122223123223
1233211222131
1221122233131
1221333232123
1233232311311
1223322231122
1221322321322
1233111221232
1233232311333
1233112222333
1233232311322
1221233131122
1233232221111
1213231112311
1112111313131
1233232221133
1233232221313
1233232223311
1211323232222
1233232223333
1233232223322
1233232223131
1232232312122
1122122211232
1221213323121
1233232222233
1221223232213
1123331112222
1233232222323
1223311311121
1233211132122
1221211232331
1233232222121
1123313131322
1231322332321
1233232222112
1221113113213
1233232231321
1232311313132
1233232231312
1233232232311
1213232113313
1122133331213
1221312123312
1233232232333
1221331113332
1112222221213
1221323131133
1122131311312
1233132233133
1231123113332
1233232232322
1233232233233
1233232233121
1123223312211
1233232233112
1123211111323
1111212311121
1233232213123
1233232213321
1233232213312
1122331221132
1221213133331
1233233312313
1232232213122
1123121212222
1233232212111
1233233313321
1222113131223
1233232212122
1233232212313
1223313131321
1233232211211
1212333312113
1233232211222
1233232211323
1121223133221
1233232211332
1233232211112
1233233111123
1233233111312
1123213111321
1233331121123
1233233112333
1221233231112
1233233112223
1223233333232
1222231312223
1233233113211
1212122231313
1112112121232
1123333123323
1233233113233
1223321133311
1112212233213
1233233113222
1233233113323
1233233133123
1233233133321
1212222232331
1233233133213
1233233132111
1233221223212
1233233132133
1233233132221
1223233131223
1222331311331
1123232222231
1232133112111
1233233132212
1233132231223
1122212113222
1233233132313
1222223122221
1122331323232
1231132321331
1221332332132
1211112111123
1233233131233
1111112231233
1233233131332
1233233131121
1233233122132
1233233122321
1233233122312
1123311312211
1233233122231
1221221311112
1233223111212
1233233122213
1233233123133
1233233123221
1212222311133
1123213333112
1221132313111
1233233121322
1223223132111
1232321322331
1121123211221
1233233121131
1112331323321
1233213122233
1232122322231
1233233121113
1233233231111
1123211232213
1233122231323
1121323211232
1233233231221
1121133112123
1221131333123
1233312322132
1233233233311
1233233233322
1233123331332
1121111121213
1233233233223
1213123323322
1123331111212
1233233233232
1123123333112
1233233233131
1233233233113
1233233232323
1223111332133
1233112313231
1222111313232
1233233232332
1111221313132
1221233221113
1233233232121
1221331331213
1233233232112
1233233222333
1232311311211
1233233222322
1221132213213
1123133113311
1233233222232
1222331322331
1233233222131
1222213333312
1123132321221
1233233223211
1213211122332
1221133312212
1233233223233
1213113223111
1123331223131
1231311212223
1233233223323
1123313212133
1233233212123
1233233212321
1233233212312
1233233212231
1122222233213
1233233212213
1223121313221
1123133231321
1221121212223
1233233213221
1212132231132
1233233213212
1222332231111
1122122222223
1233233213331
1212212213122
1233231122112
1233233211311
1233233211333
1231111312321
1233233211322
1213311211213
1221111223121
1231221112222
1232312312222
1233233211223
1233113313221
1233233211131
1233233321111
1233233321313
1112313212311
1233233323311
1121221121213
1233233323333
1232132113111
1211322211233
1233233323232
1211132221323
1223223331312
1122321323211
1232223132221
1232321331333
1121232133122
1233233323113
1233223131333
1233233322233
1213321122123
1223131211232
1232221123113
1233233322222
1233233322121
1233233322112
1123232231323
1233233331123
1223121112112
1233233331132
1233233331312
1211121133312
1232233333131
1122312212221
1232222322223
1232222332222
1221133211322
1223212311321
1223211111133
1231313332211
1231331233332
1231312223121
1233233331213
1123133221133
1232213321233
1211322231231
1233233332311
1233233332322
1231121123113
1233233332223
1233233333332
1212211313223
1221231322223
1212123123321
1233233333112
1233233313123
1123121322213
1233233313132
1233233313213
1232231332213
1221233321211
1233233312133
1211221113221
1233233312221
1112221333331
1233233311222
1233233311323
1232233222222
1233231311321
1223313311213
1222111333221
1122312323332
1121322113311
1233111213112
1232313222313
1211122233321
1212313311211
1232323231312
1233231311312
1233231311231
1211321223123
1233231312311
1233231312223
1212212232112
1233231312113
1221132321213
1233231313211
1232123112213
1211333332121
1233231313222
1231211332111
1221133322112
1232331323122
1233231313121
1123122111212
1233231333321
1122312212212
1233231332221
1123131222321
1233231332313
1121231332111
1111222112123
1233231331233
1222222321212
1233231331323
1233231331121
1211322131223
1233231331112
1233231323111
1233231323221
1222111312121
1221222221131
1111232113123
1233231323331
1121321213322
1231313333131
1233231321333
1233231321131
1233231211111
1233231211122
1233231211212
1233231211331
1221121231211
1221223232123
1233231211313
1233231213311
1122312211323
1233231213223
1233231213131
1221111123212
1233231213113
1212132322311
1232313312333
1213113131133
1231133112323
1221233312121
1232321313232
1233231212211
1233231212233
1223121213213
1233231212222
1223322311323
1233231212112
1233231223312
1232323233233
1233231223231
1112213131132
1233231222111
1221231332233
1233231222133
1211131323211
1232213323132
1221222233321
1213312331312
1223123131331
1223222131113
1233231222122
1213123131233
1233112213122
1233231222221
1233121111312
1212332333133
1222122333212
1111122122321
1233231222313
1233231221211
1123123331231
1121323121322
1233231221233
1212211313333
1233122312233
1233231221323
1233231221332
1233231221121
1233131323332
1233231233111
1232321131212
1123132121322
1233231233133
1121231231333
1233231233122
1232122311132
1233231233331
1232131322332
1232223223121
1123122331133
1233231231311
1223122222212
1223311322211
1232133311132
1233231231322
1233231231232
1233231231131
1211322333322
1233231231113
1232323112332
1233231211133
1233231121221
1233231121212
1223132321323
1231221133221
1233231121331
1222133223313
1233231123311
1232213323123
1111223212233
1233231123333
1233231123322
1123322331232
1112123231311
1111122311332
1233231123113
1223212233111
1232222132312
1213112312333
1112113212313
1221112131212
1221232212222
1221123233112
1211231231232
1222133213332
1233231122211
1212123311311
1233231122323
1233231122121
1211133131221
1122322112122
1233231131132
1233231132311
1112211321331
1233231132333
1233231132322
1213221312231
1233231132113
1233231133112
1213132233223
1232112221331
1221213211121
1123112312131
1233332232222
1233231113123
1223131331231
1233231113132
1213223121213
1233231113321
1121223322322
1123111113311
1233231113312
1233231113213
1233131112222
1233231112111
1233231112122
1212122313123
1233231112221
1232123333221
1233231112212
1111233331232
1233231112313
1122233331223
1233231111211
1213122333232
1232233131113
1233231111233
1222311113322
1233231111222
1222232121233
1112211121223
1233231111323
1233231111121
1232122132333
1121131231231
1233121111132
1233121111321
1211111213112
1233121112113
1232121222332
1111111121311
1112112123313
1233121113233
1122212311323
1233121113323
1233121133123
1213133331122
1231311222213
1233112131233
1233121133321
1233121133312
1221112221223
1233121133231
1233321323122
1122322233331
1121333232232
1233121132221
1123123213331
1221222332321
1213131313232
1121121132111
1233121132212
1223221332122
1222312123113
1233121132331
1221322131231
1233121132313
1212323311331
1233121131222
1233121131323
1212223122121
1233121131332
1233121131112
1232221121331
1223213313333
1233213132113
1233121122231
1233121122213
1221233312211
1233121123111
1211113113223
1121323311233
1233121123133
1233121123122
1233121123212
1212231232113
1233121123331
1121323212231
1232221111121
1211131223131
1213222122211
1233121121333
1232333221312
1223111321113
1233121121232
1111211213121
1233121121131
1233121121113
1122222221223
1233121231133
1233121231221
1123111112332
1233121231212
1233121233333
1233121233223
1233121233232
1233121233113
1233121232323
1213332312223
1221332331311
1231211111332
1233121232332
1211313213121
1222332212321
1122213213132
1233121232121
1112233313321
1221122213133
1112222132221
1232213311122
1221231112323
1213332221121
1121132312333
1233121221123
1123311322212
1233121221132
1232333223233
1233121221213
1213133231321
1233121222311
1222232121222
1233121222131
1223311312331
1233121222113
1233121223211
1232121131113
1233121223233
1221223133323
1233121223222
1233121223323
1233121223121
1231123222311
1233121223112
1233121212123
1223222112112
1123312311323
1221132332222
1233121212132
1232313311213
1233121212231
1232213131331
1233121213133
1221223321333
1233121213221
1232232113112
1233121211322
1233121211223
1233121211113
1233121321212
1233121323322
1211131312132
1122322112221
1233121323113
1123333313333
1233121322332
1212323121321
1212111212231
1233121322121
1212113111222
1233121322112
1211213122121
1121231323133
1221122111123
1123321133132
1233121331123
1233121331231
1212231223223
1233121331213
1212211312323
1233121332311
1123312222333
1233121332333
1233121332223
1233121332131
1211333112332
1123312323131
1233121333211
1223111222221
1233121333233
1121321321333
1233121313123
1112223233211
1221113133121
1123111111221
1233121313132
1233121313321
1233121312111
1222312321311
1111213231213
1233121312122
1222113233112
1233232231132
1233121312331
1233121311211
1233121311222
1233121311323
1233121311332
1222132213322
1121323131211
1112212332132
1233121311112
1222133223133
1123232232122
1233123311132
1122123231213
1233123311312
1233123312333
1233132323212
1111231232333
1233123312232
1211312211122
1233123312131
1233123312113
1231321222131
1232331133233
1221322323212
1212222232221
1233123313211
1212112311111
1233123313332
1232321233213
1233123313121
1233123333321
1123112121212
1231122133212
1233123332313
1212211123112
1233322313133
1111233212131
1221122131112
1233123331323
1233123331121
1112111121213
1233123331112
1231333322313
1233123322123
1233123322312
1233123322231
1213332313233
1112313231222
1233123322213
1233123323111
1212111321221
1233123323122
1212331211131
1112122321332
1232211322131
1233123323221
1221121232111
1233323132331
1233123323313
1233123321311
1111221122321
1232321212333
1233123321333
1212331113121
1222131121233
1121131313212
1232333332223
1233123321322
1211232322322
1212222232133
1221213222332
1211121231313
1112333331122
1231212221111
1233123211133
1221111331231
1233123211122
1233123211331
1233123211313
1221221211131
1233123212233
1233331213222
1232133123232
1233123212112
1233312223312
1233123223123
1231211233212
1233123223132
1233123223321
1223322323322
1122133123313
1232233332211
1233123223312
1211313222312
1223213311212
1233123222111
1123331123132
1233123222133
1233123222212
1223233112222
1233123222331
1233123222313
1232312313232
1233123221211
1123213123212
1231123132331
1221231112121
1111232331222
1233123221233
1233123221332
1212131323313
1233211232323
1232322322332
1213322221333
1121313213121
1233123221112
1231111311333
1233123232123
1232132331333
1233123232132
1233123232321
1213312212132
1221333233111
1231222312232
1233123232312
1223111331211
1233123233133
1112212212322
1233123233122
1123133222332
1233123233331
1112311322223
1233123233313
1233123231311
1233123231322
1233123231131
1122313123212
1121113131333
1233123121111
1223223331321
1231313213231
1221223223321
1233123121133
1233123121122
1233123121221
1211133223221
1122212211131
1233123123223
1233123123232
1233123123131
1112232232333
1232111231311
1233123122211
1233123122323
1112321212211
1232113311332
1232121221122
1231123321133
1233123122332
1232133222221
1233123122121
1121131312123
1233123131132
1233123131321
1121223231123
1233123131312
1222331332312
1233123131231
1232111321311
1233123131213
1123223221322
1221123321123
1232131131222
1233123132131
1233123133323
1213331122212
1221331122213
1233123133332
1233123113132
1211332112322
1233123113321
1233123113213
1233123112331
1112333212331
1233123111211
1233132233331
1233123111233
1223321331322
1112223332233
1233123111222
1223311213122
1233123111332
1112221311133
1233122211123
1213322311111
1233311211222
1221211131221
1211322122111
1233122211132
1233122211321
1123132121333
1122333212112
1233122211312
1233122211231
1222113131322
1111231112323
1221121231332
1233122212311
1123222323331
1233122212333
1121111232111
1233122212322
1233122212131
1233122212113
1233122221223
1121323121223
1233122213323
1233122213332
1233122213121
1233122213112
1213322312332
1231222123131
1233122233132
1112113322113
1232312232111
1233122233321
1223223122312
1121313121231
1221133332232
1233122233231
1233122233213
1121112211113
1112323131121
1232233323211
1121232123312
1233122232111
1233122232122
1221122322332
1211121223323
1223222222323
1233122232212
1231211213113
1233122232313
1233122231211
1112321111112
1233122231222
1121323231111
1122213223131
1233122222213
1222211232233
1233122223221
1233122223212
1233122223313
1221211311111
1233122221333
1231212311131
1233122221322
1233122221113
1211311231312
1233122311111
1123233322123
1232122332212
1233122311133
1233122311212
1233122313131
1233122313113
1232112312312
1123212231213
1233122312222
1212313311222
1233122312332
1213113113111
1222221323132
1233122312112
1123132322222
1221233333212
1121221121312
1233122323132
1121212221223
1233122323213
1232112212133
1233122322133
1233122321211
1233122321222
1233122321323
1233122321121
1123332213311
1233122332132
1212132313313
1123213122312
1233122332312
1233122332231
1233122332213
1233122333111
1112132211331
1233122333331
1233122331311
1233122331232
1233122331131
1213121322213
1233122131122
1213231233223
1232131131112
1233122131221
1233122131212
1233122133311
1233122133232
1233112121113
1233122132121
1233122121123
1213213113121
1233122121312
1221122222131
1223331111121
1231321223112
1233122122311
1232131311211
1231132232121
1233122122333
1233122122322
1233122122223
1121133221333
1233122123211
1233132121122
1231232212311
1233122123233
1233122123323
1221232312311
1233213232213
1231222232123
1233122123112
1221323313311
1233122112321
1233122112312
1211311321231
1231221323211
1233122112231
1233122112213
1221332233321
1233122113133
1121223131223
1233122113122
1122311313211
1232112212122
1122222333111
1233122113313
1212232312113
1121311133331
1233122111322
1223313323122
1233122111232
1213322321332
1233122111113
1233131111133
1233131111122
1123223111333
1233131111221
1211122132112
1212331222232
1233131111313
1233131113333
1233131113232
1233131112233
1233131112332
1232123313322
1222311221212
1231233223123
1233131112112
1121233213313
1233131123312
1232312221131
1233131123213
1233131122111
1221112211132
1233131122122
1222121333112
1233131122221
1233131122212
1121223122313
1233131121323
1233323312221
1121231321232
1233131121112
1233131132123
1111233123211
1123323311312
1233131132132
1223323333223
1233131132312
1231213112232
1233131132231
1233131132213
1211211312331
1233131133111
1233331121321
1233113212122
1213313312321
1233131133331
1233131133313
1233131131311
1231123213331
1233131131131
1222112222113
1233131331111
1223213212333
1233111312332
1233131331122
1233131331221
1223322121131
1233131331212
1221321121233
1122122111213
1233131331331
1233131333311
1232332211332
1233131333333
1232231231233
1233131333322
1211332121322
1232123231222
1233131333232
1232113211322
1123333223122
1233131332233
1231211233122
1222311123123
1233131332222
1122113121111
1221312223333
1112211133321
1233131321123
1122111321111
1233131321312
1213331233332
1231122232223
1233131322322
1123321233232
1231333123211
1233131322113
1233131323233
1211233213122
1122221121223
1233131323222
1233133331113
1221313311211
1233131323323
1233131323112
1233131312123
1222313321332
1232123123233
1233131312132
1232131333222
1123231311323
1233131312312
1123331323112
1233131313212
1233131313313
1212211113111
1233131311333
1233131311223
1213211232123
1233131221111
1233131221221
1213312331321
1233233231212
1221211112123
1233131221212
1222123332133
1233131221313
1231123221321
1221322231322
1212333111222
1122322233212
1233131223311
1233131223322
1231233311231
1233131223232
1212313313312
1233131223131
1112223223223
1233131223113
1213112132311
1121313323231
1122121233123
1233131222233
1112222321313
1233131222323
1233131231123
1231332232123
1233131231132
1233131231321
1233223233323
1221322312223
1121212331311
1233131232333
1233131232223
1233131232131
1221313211311
1233131232113
1232222223311
1233331122131
1233131233323
1211221221232
1121221322133
1232233221212
1233131233121
1221133333323
1233131233112
1112331333122
1233131213123
1123133223232
1121113132321
1233131213312
1233131213231
1233131212122
1233131212221
1233131211121
1233132311123
1213321333233
1123323111121
1233132311321
1233111131111
1221112221131
1233332113112
1233132311312
1233132311231
1231311212322
1233132312322
1233132312223
1233132312232
1233132313211
1211322311113
1233132313222
1121211321313
1221332312211
1121123313121
1233132313332
1232122322123
1233132313121
1221123131333
1222133123121
1233132313112
1211321212222
1231322111322
1232221212222
1233132333312
1233132332111
1211313313131
1233132332133
1233132332331
1233132332313
1233132331211
1233132331233
1121221323312
1233111131313
1211131112332
1233132331332
1212131312333
1232233232311
1222223322333
1233132322123
1231111331212
1221213333311
1222323211113
1231331232322
1233132322132
1121332131222
1233132322321
1213333112231
1232123322313
1121231231311
1233132322312
1232332212212
1112333112323
1221123111133
1233132323111
1222331213233
1231123223332
1233132323133
1222331313131
1233132323122
1233132323331
1233132321232
1233132321131
1221131133222
1213213223233
1233132211111
1233132211133
1233132211313
1233133313131
1221132213321
1233132213311
1233132213223
1221231123213
1213211221211
1233132213232
1232222313122
1221131321311
1112222211232
1233132212222
1233132212323
1231131132112
1233132212332
1233132212121
1223331332133
1122133323311
1233132212112
1233132223123
1232311121113
1233132223132
1222333221313
1233132223321
1213332313222
1232322331213
1212312131333
1233132223312
1112223223131
1111213221133
1233132223231
1223322331132
1233132222111
1213121133211
1111213213123
1233132222122
1233132222221
1223332331212
1233132222212
1223311331132
1233132222331
1233132221211
1233132221121
1233132221112
1111122112223
1221313332322
1233132232321
1123331232113
1233132232312
1223232233232
1112211312111
1233132232231
1233113222121
1213311331311
1222132222133
1221333121111
1231323321333
1233132232213
1112322211211
1233131312321
1233113211332
1221233112312
1233322221111
1233223111122
1233132233111
1233132233122
1221113222111
1233132231311
1233132231232
1233132231113
1211123321333
1112122332321
1233331323123
1111211222213
1221221333112
1231132233333
1233132121111
1213332112212
1221231221111
1213222123131
1221111313231
1233132121133
1233123212332
1233132121221
1122231121112
1221112322122
1123312233113
1233132123232
1233132123131
1233132122211
1221222231233
1112323133321
1233132122222
1112322312321
1221223332313
1233132122112
1233132131123
1213323213333
1233223232131
1122313232222
1233132131132
1233132131321
1233132131231
1233132131213
1233132132311
1233132132333
1233132133211
1122122323311
1233132133332
1232323322311
1223223213331
1233132133112
1221132312213
1233132113123
1233132113132
1233312331222
1233132113312
1212312112211
1232232223233
1212133332322
1232132321112
1233132113213
1232112232232
1233132112122
1233132112313
1233113331331
1122322222331
1233132111233
1221213123321
1233132111121
1211112231122
1211122232133
1233132111112
1222112233322
1233231132131
1233133211123
1121333111331
1121312322312
1233133211321
1212313312111
1121132332133
1231122121121
1233133211312
1123331113311
1233133212311
1233133212333
1233133212131
1212233213332
1233133212113
1231321113222
1221132331122
1233232312312
1233133213222
1233133213323
1233111233132
1233133213112
1233133233132
1123112313112
1121221322313
1233111133322
1231311332213
1233133232111
1223123332132
1233133232331
1212111332333
1233133231211
1213222113123
1112333211332
1221113211122
1222112321221
1123123112333
1233133231233
1233133231121
1223113133213
1233133222312
1233133223111
1232311131323
1233133223331
1213111331212
1212213231123
1121113133122
1231322111113
1233133223313
1231223321233
1221313133312
1233133221223
1233133221131
1232132332132
1111123332121
1233133311111
1121312221211
1112122211321
1232212311213
1223223113211
1233133311331
1221112113313
1223132111113
1233133313223
1233133313113
1121213121313
1233133312211
1233221121132
1233133312222
1233133312332
1213321231133
1233133312121
1212123331331
1121331232331
1233133323132
1223132312211
1223212223213
1123332331211
1233133323231
1233133323213
1112231221211
1233133322111
1233133322122
1223211333311
1233133322221
1223122323133
1232332312231
1233133322212
1233133322313
1233133321211
1121223113311
1233133321233
1233133321323
1232332113232
1223322113233
1233133321332
1223313123311
1233133321112
1233133332231
1213123312122
1233133333133
1221121313333
1233133333122
1222321312333
1233133333212
1232112132123
1233133333331
1231322211321
1233133333313
1212221233131
1221313331123
1212112213121
1233133331311
1233133331322
1222212223221
1233133331223
1112212132323
1122231311113
1233133331131
1121323332223
1233331323213
1233133131221
1212223112111
1231123121232
1221112321222
1233133131212
1221122112322
1111122211131
1221122333222
1123321221123
1233133131331
1211312111211
1223233331221
1122222112231
1233133133333
1233133133322
1112221113122
1123113321233
1233133133223
1112132133211
1233133133232
1212113321113
1233133133131
1123313331122
1233332323113
1233133132323
1213221321123
1233232212212
1232211321132
1233133132112
1233133121231
1233133121213
1233132321322
1233133122223
1233132113231
1233133122232
1233133122131
1233133122113
1233133123233
1233111123211
1232321222213
1233133123222
1233133123323
1233133123121
1233132212233
1221222322212
1121112221123
1233133112123
1232123131133
1212331133213
1221113231232
1212323221311
1223113131211
1233231132232
1233133112132
1223231331333
1233113322311
1221213323233
1211333322232
1223133212121
1233133112213
1233133113133
1221321322311
1121223233222
1231131223221
1233133113221
1231112131231
1233133113331
1222211332232
1233133113313
1232313222111
1233133111311
1221132232322
1233133111322
1233133111232
1233113111133
1233113111122
1233113111212
1222323331213
1222322211211
1233113111331
1233113111313
1231331111212
1233113113311
1123322221311
1112212322111
1233113112233
1232313133222
1233113112332
1112321223132
1123332111121
1233113123132
1123223332213
1233113123312
1222231333321
1233113122111
1233113122133
1231313131113
1233113122122
1222222331213
1232133232312
1122231123321
1233113122221
1233113122331
1233113122313
1233113121323
1211322212331
1221313223332
1233113121332
1233113132132
1233113133111
1233113133133
1221233322331
1233113131311
1121123121111
1233113131333
1211211222232
1233113131223
1213333221131
1122113313323
1233113131232
1231112133121
1233113131113
1123213331213
1233113331111
1233113331212
1221133212321
1233113333322
1233113333223
1221111231313
1233113333232
1233333232223
1233113332211
1232121122111
1221332223212
1122233123121
1233113332222
1233113332332
1232211222323
1221222132323
1233113332121
1212123322232
1233113321132
1233133233123
1233113321321
1232121131232
1221123222332
1233113321312
1211133132222
1221212222311
1223233323332
1233223321321
1233113322232
1233113322131
1233113323211
1112131323323
1233113323222
1111232211313
1221311123113
1233113323323
1123323123223
1232311331231
1233113312123
1233113312132
1232132231332
1112323321111
1233113312312
1233113312213
1233113313212
1221331323113
1213121311123
1233113311311
1122112233312
1233113311333
1233113311322
1222312321333
1233113311113
1232112323211
1123332212323
1233113221122
1233113221221
1233113221313
1213213222311
1221231222121
1233113223333
1112133113133
1233113223223
1123323323133
1233113223113
1233113222222
1233113222332
1233113231132
1223132313113
1231321222333
1233113231213
1233113232333
1222111133333
1231222221121
1233113232131
1112311231321
1232112123312
1223212111121
1233113232113
1233113233211
1233113233332
1233113233121
1112313232122
1232232133213
1233113213312
1212332232212
1232223322121
1233113213213
1221131331222
1122123331122
1233113212111
1233113212221
1112313322122
1233113212331
1233113212313
1232111121212
1233113211233
1211112332311
1233113211222
1233121122312
1123312322112
1221312223311
1233113211121
1122112232331
1233113211112
1233112111132
1233112111312
1221213221221
1233112112333
1233112112322
1233112112232
1233112112131
1222132121111
1233112113211
1112331331223
1232122312322
1233112113233
1213321311112
1233112113323
1211132122332
1232332112222
1233112113121
1223313332221
1121121131112
1232221211221
1221113333123
1223122232231
1233112113112
1231311111223
1233112133123
1122312123231
1112213223312
1233112133132
1211111112123
1233112133231
1232222131223
1222221333111
1233112132111
1112311223322
1233112132122
1233112132331
1221333332212
1211233311233
1231333212113
1233112132313
1232311231221
1213331121211
1123121122112
1233112131211
1223222111122
1233112131222
1233112131121
1233112122321
1111112121213
1233332311211
1233112122312
1233112122213
1212321321321
1222233312313
1233111332213
1121313331232
1233112123122
1233332323333
1221123223322
1233112123221
1211332233311
1232331313112
1121231122233
1233112123212
1212321112323
1232331223321
1112232222211
1233112123331
1233112123313
1223313323313
1232113111312
1123222132333
1233112121311
1211111312233
1222232221133
1123332223312
1231122111221
1221233122322
1112133212232
1233112121333
1233112121232
1122211312222
1232312331131
1233112231111
1211113223311
1213313221122
1233112231122
1223231331131
1122223321131
1233112231212
1123213311332
1233112233113
1212322312333
1233112232211
1111123213321
1123131212232
1233112232222
1233112133312
1233112232323
1232233311223
1233112232332
1221221123111
1233112232112
1122111121333
1233112221123
1121212333133
1233112221321
1233112221312
1231223212223
1233112221231
1233112222322
1233112222232
1211222222232
1232213211321
1223132123112
1233112222131
1221313232112
1233112222113
1233112223233
1233112223332
1232332321312
1123111333232
1233112223121
1233112223112
1213232311122
1233112212123
1233112212132
1233112212321
1111122332113
1233112212231
1233112212213
1232231123222
1122131322213
1221133312221
1233112213221
1231332231311
1233112211311
1233112211333
1112321232132
1233112211322
1111231322311
1233112211232
1232212123131
1123322221232
1231131221113
1233112211113
1212131221332
1223331132131
1122232123333
1233112321133
1231132122123
1233323313321
1233112321221
1233112321313
1231111332121
1233112323232
1222133113122
1232222311131
1233112323113
1232333222223
1223211132231
1222131331212
1233312333123
1232222332332
1121121113112
1233112322222
1231313231123
1233112331123
1233112331231
1233112331213
1121133231211
1221221231122
1231133211222
1232123211123
1233112332223
1233112332232
1213313133212
1123113313322
1112111231121
1221331122123
1222321131213
1112222121131
1233112332131
1233112332113
1213112311213
1233112333211
1212323131122
1233112333233
1232233223232
1233112333222
1233112333323
1233112333332
1233112313123
1123123233131
1233112313132
1233112313321
1232331122211
1223312321323
1233112313312
1213223212232
1233112312111
1233112312122
1233112312331
1233112312313
1212132222112
1233112311222
1111211223331
1233112311332
1233111211231
1121321131312
1233111212311
1111211322133
1221233111232
1211111113212
1123111333223
1233111212333
1233231233212
1233111212322
1233111212232
1232312123121
1233111212113
1233111213211
1211332222223
1231131111223
1233111213222
1233111233321
1221111122132
1233312332221
1232131233131
1233111233231
1233111233213
1233111232221
1212221131222
1233111231211
1121232222211
1233111231233
1233111231222
1112223113113
1233111231323
1122131311213
1123232223331
1232232112232
1222123133112
1123323122121
1233111222123
1123331323222
1233111222132
1112313122311
1231313221212
1233111222213
1233111223133
1233111223212
1233111223313
1122331211322
1233111221311
1233111221223
1223322222322
1233111221113
1223133311312
1233111311111
1123131123211
1123212311322
1122231223322
1233111311133
1233111311212
1233111311331
1233111311313
1231332323221
1233111313311
1221122221213
1233111313322
1233111313232
1211112332322
1222233322332
1112331232313
1233111313113
1233222333323
1233111312211
1233111312233
1233111312222
1212332322221
1221211322331
1223211131333
1233111312112
1112332231313
1233111323132
1233111323321
1233111323312
1233311131232
1233111323213
1123211232321
1233111322133
1233111322122
1213132311112
1233111322331
1211233223112
1211212132211
1233111322313
1213131113313
1121212113313
1232331321113
1233111321323
1233111332321
1233111333111
1233111333122
1221212223121
1111121312332
1233111333313
1231123323333
1233111331311
1233111331322
1233111331232
1233111331131
1213222332122
1233111131133
1233111133311
1223231222123
1233212113122
1233111133131
1233131212212
1233111132332
1232213312323
1233111132121
1213323221112
1212222321233
1233111132112
1233111121123
1233111121312
1122211332213
1233111121231
1233111122333
1221132122313
1122122323223
1231212332233
1233111122322
1233111122232
1233111122131
1211223323222
1233111123222
1212221323322
1233111123323
1211311121233
1233111112132
1233111112312
1233111113111
1221213211332
1233111113133
1233111113331
1123323122332
1233111111311
1233111111322
1212131113231
1223121311232
1233111111223
1122123221133
1233111111113
1232211111111
1232132222312
1123212233112
1122322112133
1232211111133
1223133323331
1123131313322
1232211111122
1232131111132
1212311233313
1232211111221
1213113311111
1232211111331
1221122213313
1221321212133
1232211111313
1232321133113
1222112123133
1232211113333
1223311121311
1232211113322
1232211113131
1232211113113
1112331332123
1122231222121
1232211112211
1232211112233
1123233311132
1111121333133
1232211112323
1211131323112
1232211112332
1122322123322
1232211232131
1223133313323
1221321111122
1232211122133
1232211122122
1222311233323
1231233331323
1232211122212
1232211122331
1232211121233
1231233111332
1232211121222
1121111131133
1232211121121
1212312131311
1232211132123
1211213113231
1213313212212
1232211132321
1232211132231
1212233223212
1232211132213
1232311131211
1232211133133
1221311132223
1213123331312
1121312331332
1122333321322
1232211133122
1112133322111
1232211133212
1232223331132
1231233232321
1232211131311
1213223332312
1233131231312
1111212212312
1232211131333
1111223222212
1232211131322
1211122212113
1213221333333
1232211131223
1122222132211
1221223211313
1122213322311
1121211213122
1221231212133
1221212222131
1223122121221
1121112311112
1231233211331
1232211131232
1221313232323
1212121123332
1232211331331
1232211333333
1232232211322
1232122232312
1221332321332
1232222122133
1232211333322
1211212213222
1232211333223
1232211333113
1232211332233
1232211332222
1232211321123
1232211321231
1232211322322
1232211322113
1213133321321
1112122232331
1233332231313
1232212332122
1221212111213
1232211323211
1233213231113
1232211323222
1122123133331
1232211323323
1112121232233
1232211323332
1232211323112
1232211312132
1212233321211
1212111211322
1232211312321
1232211312231
1122113122121
1232211313111
1213331123321
1231323211122
1232211313133
1232211313122
1211212121231
1122223212332
1232211313313
1232211311311
1232211311131
1232211221111
1232211221133
1233323322332
1232211221221
1221223333231
1231222311132
1232211221212
1112321111222
1232211221313
1232211223322
1211221211321
1213213233232
1221111113222
1222321211111
1232211223223
1232211223232
1232211223113
1232211222332
1231123221231
1232211222121
1213212233121
1121113321213
1221223212211
1232211222112
1212322313222
1232211231132
1223121133111
1232211231213
1213322231323
1223121213132
1122123332211
1232211232311
1232211232333
1211322213321
1232211232322
1211122121231
1221333333312
1123212131311
1232211232223
1223132112312
1232211232232
1232211233211
1232223233333
1221121231323
1211333112211
1213131133131
1232211233233
1212313333112
1233111112213
1232211233323
1233332231133
1232211233121
1232211233112
1232211213123
1232211213132
1213211132333
1232211213312
1212111131112
1112211121322
1112311313331
1232211213231
1213122213321
1223222323233
1112313122232
1232211213213
1211233122213
1122311233221
1232211212133
1221212331213
1233313221113
1232211212122
1232211212212
1232211212313
1232211211332
1211121213331
1212322112111
1232321131331
1111123321231
1232211211121
1232323322131
1232212311132
1232322323311
1232212311312
1232212311231
1213222211212
1122112233132
1232332321231
1213212333223
1221122321313
1211232331122
1213213221123
1123112222212
1232212312333
1223122232312
1221112213323
1232212312223
1223123122333
1232212312232
1232212312131
1232212313233
1232212313323
1221311333132
1222311113223
1233312132223
1232212313332
1232212313112
1232212333123
1232113322233
1232212333132
1123223232122
1232212333321
1232212333312
1213211311132
1231213222333
1232212333213
1221322132311
1232232332232
1232132113331
1212211121132
1212321333232
1232212332133
1233123112221
1232212332331
1213313113322
1223223312111
1222232332323
1232113332223
1232212331233
1232212331332
1121133221232
1112322312312
1232212331121
1232212331112
1232212322123
1232212322231
1211223213132
1232212323111
1223323222233
1221221232211
1232212323133
1232212321322
1213123322233
1232113333112
1221123231312
1212221111231
1123221222323
1232212321223
1211121322211
1212213221331
1232212321232
1122311331211
1232212211221
1232212211313
1232212213311
1232212213333
1232212213322
1232212213232
1232212213131
1223322121113
1221132222211
1123233312311
1232212212211
1221222333313
1122222222123
1221313213122
1232212212323
1232212223231
1223131321111
1232212222122
1232222222323
1222213113123
1232212222313
1232133332313
1222233112223
1232212221222
1222121332113
1112323223332
1231122332112
1232212221323
1123323132131
1232313313233
1221232333123
1231231121131
1232212221112
1123121132223
1123221323332
1232121111331
1211311211222
1221313321111
1232212232312
1232212232213
1232212233133
1232212233212
1121123323221
1232212233331
1221121121312
1233211333233
1232212231333
1232212231322
1223113332113
1221111131222
1233223212331
1221121223111
1211323113211
1211312113312
1111212323311
1232212231223
1213222311321
1232212231232
1232212121111
1223321132222
1232212121122
1122322313332
1232112322333
1232212121212
1232212121331
1221322323133
1232212121313
1221231223223
1232212123311
1121111321211
1232212123333
1121331111131
1111232221211
1122211223133
1232212122211
1221131312322
1232212122121
1232212122112
1232212131123
1213321332232
1232212131132
1223321112132
1232111132223
1232212131321
1232212131312
1232212132322
1123311132332
1221122223112
1232212132223
1232212132113
1232212133233
1233233222223
1232212133222
1221332322313
1232212133323
1211112313123
1221211123323
1232133122211
1232212133112
1212113312311
1221133122312
1232212113123
1232212113213
1123133231123
1232212112111
1232232313231
1123111123312
1232212111233
1222333312321
1232212111332
1121323323322
1221331121322
1232212111121
1232212111112
1221211233321
1232213212311
1232213212322
1221321121332
1213111132312
1121121212312
1232213212223
1111213122331
1221313223222
1213212233211
1233121232211
1232213212232
1232213212131
1232333133132
1223323221122
1232213212113
1121222123212
1232213213233
1123132232121
1221312133122
1232312333133
1211211232222
1222123213311
1123231323322
1232213213332
1232213213121
1222123122121
1232213233321
1231233222331
1232213233312
1123213331132
1232213233213
1232331121133
1232213232122
1221121212131
1232123332123
1232213232221
1233123333123
1232213232331
1123132112131
1232213232313
1232213231211
1213121311132
1232322131233
1232213231323
1223121123231
1121212113221
1232213231332
1213321323333
1232132313223
1232131213212
1232213222132
1221112233321
1232213222312
1211313111333
1232213223133
1123111123321
1232213223122
1221132113232
1232213223221
1222222232222
1222311132213
1221332322111
1232213223212
1232213223331
1233112323223
1232213221223
1232312232212
1232213221232
1121213311321
1232213221113
1233233213133
1232213311111
1232213311133
1213313122111
1232213311313
1232333333233
1232213313311
1233231311123
1122131323133
1112233323232
1232311223211
1232213313322
1221123332233
1232213312233
1121321312311
1221121331333
1122211122322
1232213312332
1232213312112
1222222232233
1232213323321
1232213323231
1223332331111
1122112121321
1232213323213
1232213322133
1233223131223
1232111132322
1232213322122
1223122221121
1223311121333
1232213322221
1232213322331
1232213321211
1232213321332
1212122112131
1232122132113
1232213332132
1121323221123
1232213332312
1123322133131
1233221232212
1232213333111
1232213333122
1232213333221
1232213333331
1222222233131
1232213333313
1232112113311
1232213331322
1232213331223
1221321233211
1232213331232
1222223212313
1232133322312
1232213331131
1211133112231
1232213331113
1222223323233
1111211313113
1122223332212
1232213131122
1232311331132
1211322321312
1212212222223
1232213131212
1232213133311
1232321333122
1232213133322
1232213133223
1122232231333
1232213133131
1232213133113
1111211333111
1232213132323
1232112223232
1213231221231
1232213132121
1112232121211
1232213132112
1232213121132
1211131211222
1123331213123
1232213121321
1223133223312
1123212223333
1232213121312
1232213121231
1232213122311
1211113111111
1232213122223
1123113223111
1222311231123
1112133213222
1231231323131
1232213122232
1232213122131
1232213123323
1211312223123
1221332211123
1232213123121
1223211332211
1221133212213
1121313313223
1232213112132
1231112131132
1232213112321
1212111213221
1232213112213
1232232122123
1212311133332
1222112231221
1112121321313
1232213113122
1231323232321
1233322223223
1232213113221
1232213113212
1232213113331
1232313233313
1232213111322
1232332131311
1211231223123
1232233111133
1213312332232
1221321122331
1232233111212
1232233111331
1112233311121
1112121323223
1232233113311
1211321322312
1232233113333
1232233113322
1232233113223
1221213111122
1231111321231
1232233112211
1221211212333
1121122231332
1232233112233
1232233112222
1223131121131
1123212123321
1232233112332
1121233323232
1121231132113
1233332221132
1232233112112
1231223331131
1232233123132
1112333122133
1232133332133
1232233122111
1232233122212
1211223322232
1211331122113
1221222312233
1232233121211
1232233121233
1221133231111
1122231331133
1232233132123
1211213222221
1213333213211
1213123232211
1112211313231
1232113112232
1212312333113
1232233132132
1122133122312
1232233132321
1232233132213
1212311112122
1233121323223
1232233133122
1232233133313
1221111233232
1232233131311
1232311323113
1122222313333
1232233131333
1211333222121
1122312221221
1231132213133
1232233131223
1232233131232
1221132231231
1232233331122
1232233331331
1112131213321
1232233331313
1232233333311
1232233333232
1232233333113
1232233332121
1232233321123
1212111133123
1232233322333
1232233322223
1112113313221
1111123232113
1232233322232
1223213132323
1232233323222
1232233323323
1232233312123
1232233312132
1232233312321
1211331311221
1232233312312
1232233312231
1222131133133
1232233313111
1211113222112
1233332132111
1232211123123
1232233313221
1121211113233
1232233313212
1232233311311
1211131222112
1232233311333
1232233311131
1231133313313
1232233221221
1222323223233
1221313322233
1221223112111
1232233221313
1231213111321
1232233223333
1221111322112
1233312132333
1232233223113
1232233222211
1233211322121
1221211111113
1232233222233
1232233222332
1232233222112
1232123123121
1232233231123
1223333122231
1123331112332
1232233231321
1223313223312
1232233232322
1232233232131
1232233233233
1112321312223
1232233233222
1232233233332
1213212112112
1232233213123
1232233213312
1221113222212
1232233213231
1233322233121
1232233212133
1232233212212
1232233212331
1232233211233
1232233211222
1123311122333
1232233211323
1232233211332
1221333311213
1232233211121
1232232111123
1232223132331
1232333223211
1232232112322
1232232112113
1232232113222
1232232133132
1123233332111
1121322321231
1232232133312
1232232133231
1213221313212
1232232132133
1112122231211
1232232132221
1232232132331
1232232132313
1213212213321
1232232131233
1232232131323
1211123212211
1232232131112
1212213322322
1212312323222
1223222223333
1232331231113
1222221121123
1232213213211
1232232123122
1232232123221
1232232123212
1222223223223
1232232121322
1223133313211
1233133223133
1232232231133
1223323321213
1232232233322
1112312212112
1232232233223
1222331322122
1232213311331
1232232233131
1221221312122
1222311113232
1213331212122
1231333311331
1232232232233
1212121312112
1221221213313
1211233231133
1223323233121
1232232232222
1232232232332
1232232221321
1232232221231
1232223133132
1232233131322
1232232222131
1213322113122
1221133113323
1122213313212
1232232223211
1231321113332
1232232223121
1233211312331
1232232223112
1221232333231
1122221132111
1232232212123
1232232212132
1223122332331
1123132112322
1221121231233
1232232212321
1121323233322
1122221233131
1221131333312
1232232212312
1212321321132
1232232213212
1123331321132
1233331233231
1232232213331
1232122223132
1212131321113
1121311333322
1232232211311
1233111222321
1231232231323
1232232211223
1232232211232
1232232211113
1232232321111
1123131133333
1232113312221
1211133313232
1223113331123
1111222232313
1232232321221
1213121123223
1232232321212
1212213122111
1232232323333
1123121321322
1232232323232
1232232323131
1232232323113
1123123313132
1232232322121
1213113221232
1232232331132
1221221231313
1232232331321
1111213221212
1221113331112
1232232332311
1232113113222
1121232311333
1232232332333
1121312332111
1232232332223
1232232333233
1232232333222
1232232333121
1211323311211
1232232333112
1122132232232
1232232312111
1221132323222
1232123222123
1221123211211
1232232312133
1123221122133
1232232312212
1121223213231
1112332323232
1232232312313
1123231322112
1232232311323
1232231211132
1121232233121
1112111222321
1232231211312
1232333112232
1112222132133
1232231212223
1232231212232
1223223321313
1232231212131
1232112231312
1212131313332
1233122121213
1232231212113
1232121222222
1232231213211
1231211231223
1232231213121
1232231213112
1232231233123
1232231233321
1232231233213
1232231232133
1231232323231
1232231232122
1211331211213
1232322113222
1232231232331
1211123332212
1123332123223
1232231232313
1222112311112
1233131113131
1232231231211
1232231231332
1232231231121
1232231231112
1122321213231
1123232231222
1232211112121
1232231222312
1213111211211
1223333311112
1232231223221
1232231223212
1111223322123
1232231223313
1232231221322
1232231221223
1223312232111
1232321332231
1212313221312
1232131221321
1232231221131
1223133112111
1221311113312
1232231111223
1111211313232
1232231311133
1232231311122
1232231311212
1232231311313
1232231313311
1213321231313
1232231313333
1122311113123
1231323313332
1232231313223
1232231313232
1212221232323
1232231313131
1213223131133
1223232332113
1121231222122
1233213223132
1232231312222
1123121133323
1112321322231
1232211313331
1232231312323
1232231321233
1232231321222
1123211111222
1232231321323
1213322231332
1232231321332
1232231321112
1233223222323
1112221213112
1221121231121
1211213323331
1232231332321
1213332323111
1121331323123
1232111331233
1232231332312
1212223222313
1232231332231
1232231333111
1232231333133
1212213112112
1232231331311
1232231331333
1123313333311
1232133232321
1231312113211
1232231331223
1231212121211
1232123232111
1232231331232
1231123332311
1232231331113
1211331322331
1213122132213
1232111113123
1232231131221
1213313222233
1123312123111
1232231131212
1221221113121
1122313213122
1232231133333
1231111222112
1232231133223
1232313322213
1112311323233
1232231133131
1233111132222
1232231132222
1211211331132
1232231132332
1232231121132
1232231121321
1232231121312
1232231121213
1232231122311
1232231122322
1111112213222
1232231122232
1232231122131
1232231122113
1221123131311
1232231123211
1232231123332
1231113322212
1232231123121
1233131211211
1232231123112
1232231112321
1232231112312
1232231112231
1231212312321
1232231113111
1121313221322
1123211323313
1232231113221
1212322213113
1112123221323
1232231113331
1121313131111
1232231113313
1112313311331
1232332311322
1232231111311
1232231111322
1222113212221
1232231111232
1221121312332
1121332333222
1232231111131
1232222111111
1232222111133
1231112112221
1232222111221
1232222111212
1232332311131
1232222111313
1232222113223
1221321112332
1232222113232
1213313222323
1232222113131
1122323223111
1222311112323
1231332311123
1232222112233
1223222323323
1112211221321
1232222112222
1232222112112
1211131232131
1233222133213
1232222123321
1222323222333
1232222123231
1121322112211
1232222122122
1232222122221
1223223231122
1222111323132
1232222122331
1123332231223
1232222121211
1233113233233
1232222121233
1232222121332
1232222121121
1123131121213
1232222132123
1232123332132
1213211312322
1212231121211
1232212132311
1232222133133
1231121112133
1232222133221
1232222133212
1111231133331
1232222131322
1232222131232
1112232331313
1231333321121
1232222131131
1232222331111
1221112211231
1232222331133
1231211121122
1232222331331
1232222331313
1223232233223
1232222333333
1232222333322
1232222332233
1232222332121
1232222332112
1123233332221
1232222321123
1221232111222
1233333233112
1232222321231
1212213212212
1232222321213
1232222322333
1211232332222
1232222322232
1232222322131
1232222323323
1221333123131
1123122313122
1112112231122
1232222323332
1221333223321
1232222323121
1221132321321
1232222312123
1222313331232
1232222312132
1232222313111
1222311212122
1233331323132
1232222313331
1122313123313
1232222311311
1212322132131
1212113112221
1221112231121
1233313211321
1233111133223
1221112111333
1232222311113
1232222221122
1232222221212
1213331221221
1232222221313
1222221231323
1232222223322
1232222223232
1213222222212
1232222223131
1211132311123
1232223123122
1123323131213
1232222223113
1231333313311
1232222222121
1233323313312
1221111112232
1211231112111
1232222222112
1212112233132
1112213121331
1232222231123
1121231112313
1232222231132
1231231122312
1232222231213
1232333122231
1232222232223
1222223113232
1232222233233
1232321312211
1232222233222
1232222233332
1221333121331
1232222213321
1232222213312
1231323332111
1232222212111
1211311321123
1222232311113
1232133333231
1211331313333
1232222212331
1232222212313
1222332133231
1232222211323
1232222211112
1232223111213
1222133232122
1232322222311
1232223112322
1233223312132
1232223112223
1232223112232
1232223112113
1232223113211
1232223113233
1221312323222
1212321332211
1121132331332
1232223113222
1232223113323
1213123122312
1232223113112
1111211111333
1232223132133
1221332112231
1222133332213
1232223132212
1232223131112
1121212221322
1232223122123
1211313211123
1232223122132
1232223122321
1212321333223
1212132122331
1232223122231
1112213222331
1232223122213
1232223123313
1232223121311
1233233313312
1232223121322
1212232122211
1232223121223
1232223121232
1122122132313
1232223121113
1211112212213
1221222231211
1232223231111
1111112223313
1232223231133
1211131222121
1232223231313
1112121113323
1232223233311
1233212321222
1232223233322
1223311331123
1232223232211
1232223232323
1231321121322
1232223232121
1122332331113
1232223232112
1221233331322
1112211132212
1232232123313
1232223221123
1223132111333
1232112131311
1232223221213
1222233211223
1232223222333
1232223222223
1232223222232
1232223222131
1213121213311
1232223222113
1123122212212
1232322221321
1232223223323
1232223223332
1222223322322
1121333113311
1123221332323
1232332112121
1213321313213
1233121332322
1232223212123
1213332212332
1221132111221
1232223212132
1232223212321
1232113121333
1232223212213
1211113212313
1232223213111
1223111222111
1232223213122
1211321131123
1232223213221
1112232112112
1111123212331
1232223213331
1233122333313
1232223213313
1222223313221
1221312212212
1232133321311
1233222131112
1232223211311
1232223211322
1222211222131
1123312121333
1232223211223
1232223321221
1213321122312
1232223321331
1111233232331
1121131232223
1233211321133
1232223321313
1232223323232
1221311231232
1121332213122
1122311313323
1232223322211
1232223322323
1233113213132
1232223322112
1232223331213
1233121111213
1232133313211
1232223332232
1222132123113
1232223332131
1211123311321
1232223333323
1122212332311
1112213112331
1232111131213
1223212113123
1232223333121
1212123321312
1231223331223
1232223333112
1112233312313
1232223313123
1233331332123
1232223313321
1111213211112
1232223313312
1232223313213
1232223312331
1112221122333
1232223311121
1211312222212
1212211123222
1111213131333
1232223311112
1221231133331
1232323311131
1232221311123
1123211221332
1232221312311
1222223223113
1122311323133
1221121231112
1122233232331
1231321321221
1232221312333
1211131322333
1232221312131
1232221313323
1233122233123
1232221333123
1231223231323
1232221333312
1232221333231
1221212332131
1232221332122
1232221332221
1232221332313
1121213231311
1123233323212
1232221331211
1223123121132
1232221331233
1232221331332
1233222311222
1232221322123
1232221322132
1232221322321
1232221323122
1123122322333
1122221212312
1232221323221
1112211331123
1232221323212
1211222313123
1112221221232
1232221323331
1232221323313
1232221321311
1122222231332
1221313123122
1232221321223
1232221321232
1232331333231
1232221321131
1232221211133
1212212113332
1222323121333
1112331232111
1232221211331
1232221213333
1111111223222
1221121212232
1223331213223
1112233333222
1232221213131
1211231121331
1232221213113
1232221212211
1123111231132
1232221212233
1231231221231
1232221212112
1121331333111
1112131121222
1232221223132
1232221223321
1123211123232
1112211123221
1232111333312
1232221223312
1233213111233
1221323133223
1232221223231
1211333133133
1232221223213
1123322333133
1122131211122
1232133233122
1122213211332
1232221222133
1232221222221
1123333132112
1232221222331
1212311211122
1232221221323
1232221221112
1221313213313
1232221232123
1222111113331
1121321321223
1232221232321
1213332212323
1111213212313
1221121221113
1232221232312
1232221232231
1221222333133
1232221233111
1223132332231
1222123211313
1232221233122
1112313131331
1232221233221
1112333221331
1232221233212
1122323111311
1232221231311
1232221231333
1232221121111
1223321231332
1232221121133
1232221123311
1221312321231
1121131233323
1232221123322
1212333321223
1223321212113
1121211232323
1232221123131
1231112132322
1232221122222
1223211233121
1232221122323
1212313231111
1232221122112
1123123131222
1232221131123
1213222311231
1232221131321
1232221131312
1232221132333
1232221132113
1232221133222
1213211331121
1232221113321
1232221113312
1213331131322
1221123113232
1111232121133
1232221113231
1122311132131
1232221112111
1232221112221
1213132121131
1232133233212
1212123123132
1233333231123
1221233121321
1232221112212
1232221112331
1211232222323
1232221112313
1221321212331
1232221111211
1222232231123
1232221111222
1233222231313
1232311111123
1222313223133
1221332231222
1232311111312
1212212311211
1221212333233
1213322212113
1223133133332
1232311111231
1221313113121
1232311112322
1232311113211
1232311113112
1232311133132
1232311133231
1122113131213
1232311132133
1232121111212
1222311313212
1232311132122
1222312332122
1112233132133
1232311132313
1232311131332
1123211132333
1222311112211
1212331221312
1232311131121
1211212331223
1232311131112
1232311122213
1221113112133
1111223333231
1221211321112
1223212232231
1233311333333
1232311123111
1123212133133
1122212111123
1122232112221
1232311123122
1121331331232
1232311123221
1221113213322
1223322333332
1123232111223
1232311123212
1232311121333
1232311231111
1232311231133
1222222122231
1233323232112
1221312213123
1212221131112
1232311231122
1232311231212
1233223322232
1232311231331
1232311233322
1222322112332
1232311233223
1232311233232
1232311233113
1211223112323
1213113222132
1232311232233
1232311232222
1121313232313
1232311232332
1112231333312
1232311221123
1211231132322
1232122212211
1211331222231
1232311221132
1223112321213
1232311221321
1223132133333
1232311221312
1232311221213
1232311223222
1222211222113
1232311223121
1212331312111
1232311223112
1232311212123
1221322123333
1232311213133
1232311213221
1232311213212
1232311213331
1212322132223
1123222323133
1232311213313
1232311211333
1232311321133
1232311321221
1211122313322
1232123132332
1221332323132
1232311321212
1232311323311
1232311323322
1232311323131
1231221132312
1232311322222
1232311322323
1233231313323
1221232223312
1212322333123
1232311322332
1232311322121
1111221323322
1232311331321
1121223121222
1232311331312
1123321112131
1232311331213
1232111113132
1213233231131
1232311332311
1221323311212
1232311332322
1213332123333
1213111113232
1232311332113
1222233112131
1232311333211
1223322131112
1121323133132
1112223311223
1232311333233
1211233212231
1122133322211
1232311333222
1231131221232
1232311333332
1232311333112
1232311313123
1231132311121
1232311313321
1232311313231
1232311222322
1232311313213
1232122121221
1232221211313
1232311312133
1221131232231
1232311312122
1232311312221
1213333113331
1221321231312
1232311312212
1233322133212
1232311312313
1232213123222
1112313333133
1232311311222
1232311311121
1233113113113
1232313311123
1212212132111
1232313311321
1232313311231
1222131122122
1121223232131
1232313312322
1232313312232
1232313312131
1232313313211
1232313313332
1211331111333
1112321312311
1232313313121
1232221123333
1233211233223
1232313333123
1232313333132
1211213322312
1221223221121
1232313333312
1223133332221
1121323313312
1232313333213
1212122212312
1221131311213
1232313332111
1232313332221
1232313332212
1232313332313
1221321122212
1232313331211
1112333322232
1232313331121
1121213312223
1232313331112
1232333331123
1232313322123
1232313322321
1232313323111
1211132112122
1112221322212
1232313323122
1221123232113
1232313323221
1123333223313
1232313321311
1222311222323
1232313321322
1212312133221
1112331323123
1232313211122
1232313211212
1212111132313
1221211331113
1123223333212
1232313211331
1122111121113
1232313213333
1223323133221
1232313213223
1123213312313
1232313213232
1211223231132
1111121111131
1232313213113
1232313212323
1221311321232
1232313212332
1232313212112
1122121322212
1232313223123
1232313223321
1211131332222
1232313222133
1211313312332
1232313222122
1222211223121
1232313222212
1232313221211
1212131312322
1232313221222
1121313213112
1232313221121
1232313232123
1232313232312
1232323222332
1222333312123
1232313231232
1232313231131
1221231211222
1221313231133
1123111133122
1232313231113
1122232213131
1122113231223
1232313121111
1232313121221
1221232313121
1232313121212
1121122323231
1232313121331
1232313121313
1211113121121
1232313123311
1211332322323
1212323132112
1221313321133
1232313123131
1232313123113
1231323121221
1232313122233
1232313122222
1232313122332
1123311333313
1232313131123
1122311322123
1221112122113
1232313131132
1232313131312
1232313131231
1123111233233
1232313131213
1213211212233
1232313132223
1232313132232
1232313132113
1213312331132
1212231332233
1223321321233
1232313133332
1233322122133
1232313133121
1232313113132
1111112312222
1121333132321
1232313113312
1123123131112
1122212231111
1232313113231
1221213122331
1221313312313
1232313113213
1123312111312
1232313112221
1221333331121
1232313112331
1221332121312
1221212232112
1221112111311
1232313111323
1212321231231
1231113333331
1232313111112
1232312211132
1223311232121
1232312211321
1222323333222
1123121113231
1232312211312
1232312211231
1223212123232
1232121323211
1232312212131
1121223321123
1232312213222
1212213212313
1232131313321
1232312213112
1232333233311
1232312233123
1231211212112
1232312233312
1211322221212
1223223121322
1221312111221
1232312233231
1112232111111
1232312232133
1232312232331
1232312231211
1123123313312
1233132123311
1232312231233
1232312231332
1112111213211
1231113123323
1232312222312
1213233111211
1111213331221
1232312222231
1212321121121
1232312222213
1221221222333
1112122331232
1232312223122
1232312223313
1232312221333
1221211211132
1232123131111
1211323121113
1112213121212
1232312221232
1232312311221
1232312311331
1123223132112
1232233332323
1232312313311
1112322132123
1232312313333
1232122123322
1232312313322
1232312112312
1211133331322
1232312313113
1232312312233
1221313312133
1232312312323
1232312312332
1232321122113
1232312323132
1232312323312
1232312323231
1221231133133
1232312323213
1221321322131
1212131223213
1123213122123
1232312322122
1232312322221
1232312322331
1123312232332
1111221223233
1122211213332
1232312322313
1231311332312
1221332232331
1122112231121
1232312321233
1232312321323
1222332333332
1232312321332
1231133131232
1232312321121
1233311221122
1232312321112
1232312332312
1231133333311
1232312333111
1232312333212
1231313322322
1233311322311
1232312333331
1222312233133
1232312331311
1232312331322
1212233223331
1212113333123
1232312331232
1232312131111
1232312131212
1232312131331
1232312133311
1222221221131
1232312133333
1211221132332
1232312133322
1232312133232
1223332332121
1111231313111
1121111213211
1232312132211
1232312132233
1221213311113
1232312132323
1123212122122
1221332212333
1232132213233
1232312132112
1232312121123
1112322213123
1232312121213
1232312122322
1232312122113
1232312123233
1232312123323
1213321223211
1232131233322
1122213111313
1232312123112
1232312112321
1212321211323
1232312112231
1232312113133
1232312113331
1112213221332
1231322112231
1232312111311
1232312111322
1232323111331
1232323113311
1232323113322
1221221121131
1123231222223
1232323113131
1221111213313
1231333113111
1232323112211
1213233212323
1232133111222
1222233131211
1111121112123
1232323112323
1112132221121
1121322231231
1232323112121
1232323123132
1232131313231
1232323123321
1211133231323
1212122111123
1112313123121
1232331213113
1112111112321
1232323123312
1212323222321
1232323123231
1223332211233
1222323322121
1232323122122
1211223133313
1213313133331
1232323122313
1232323121233
1212131131213
1122332311212
1232323121222
1112123132232
1232323121323
1212123222323
1111213131311
1232231133113
1232323121121
1232323132321
1232323132312
1232323132231
1221213333131
1232323133111
1223232131211
1112132231333
1232323133221
1233313211213
1233313232133
1232323133212
1212333131321
1232323133331
1232323131333
1232323131232
1221122122132
1231112221332
1231312212231
1221332133232
1233313113111
1232233313122
1232323331133
1111232111323
1221122321221
1232323331122
1232323333333
1212313111312
1122233222321
1232323333322
1232323333131
1232323332222
1121221231323
1232323332323
1121221221131
1232323332121
1232123122322
1232323332112
1222111111113
1221332321233
1232323321123
1213311233312
1221333232231
1232323321132
1231322111232
1232323321312
1211211113121
1231113232221
1232123222132
1212233223313
1222231313323
1221321333232
1231332221332
1232212112212
1232323322322
1123212221111
1232323322232
1232132311122
1232323322113
1211333322322
1232323323222
1222132313121
1231112123232
1232323323121
1232323323112
1222213121111
1221212133231
1232323312123
1123113322111
1232323312213
1233311223113
1232323313133
1232323313221
1232323313212
1232123132323
1232323311333
1123221133111
1232323311322
1232323311223
1232323221111
1112312311123
1112113311223
1232323221221
1212322131321
1212132121121
1221112232122
1211123233331
1232323221212
1232323223333
1232322212312
1221313213331
1232323223223
1232323222233
1123221222222
1232323231321
1123131113331
1232323231213
1121313123121
1222311133221
1232323232322
1222132313233
1232121312213
1231223123222
1232323232223
1112121212132
1232323233222
1232323213123
1212123313111
1232323213132
1232323213321
1232323213312
1232321232111
1232323212331
1112121132212
1221322312322
1222212322313
1221213321132
1232323212313
1232323211323
1221232233122
1232323211121
1232323211112
1122211131331
1232322111123
1213132331312
1232322111132
1222211132313
1232122121133
1221123322322
1232322111321
1122323123112
1232322112333
1233321121122
1221111323223
1232332321321
1223331122222
1121323322121
1232322112223
1211111221311
1121322213123
1232322112232
1232322112131
1222313131313
1232322112113
1232322113233
1232111133211
1232322113332
1232322113121
1232322133132
1232131323232
1213311212322
1232322133321
1232322133312
1211321321333
1232322133231
1112122313223
1221212112223
1213332233212
1232322132111
1232322132133
1232322132122
1223221133112
1222123222133
1122122123212
1232133131132
1221323211321
1232322132221
1211122123121
1111232212121
1232322132212
1121322211332
1232111313211
1232322132331
1212132123231
1232322131211
1123131221223
1232322131222
1232322131121
1232322131112
1232322122132
1232322122321
1213122123123
1232322122312
1232322122231
1121212132222
1122123312312
1232322123111
1123211323133
1122333223123
1232113122123
1232322123212
1211321211133
1232322123313
1232231221113
1232322121232
1232322231133
1221223211221
1232322231331
1233333131322
1232322232233
1232322232332
1122113211212
1112223212133
1232322232112
1232322221231
1232322222333
1211311223131
1232322222223
1233222233131
1232232121232
1232112332211
1232322222131
1211333122111
1221123121222
1232322223211
1212113212121
1221311131213
1123222132113
1232322223121
1221132111212
1112121133321
1221133333112
1232322212132
1211122211132
1232322213111
1212323333212
1221131122112
1232322213221
1232322213331
1221221312331
1211333112323
1231121132131
1232322213313
1121221233213
1232322211311
1232222321132
1232322211322
1232322211232
1221233112231
1212222312233
1232322211131
1213233212112
1232322211113
1232322321133
1122122211322
1112221333111
1232322321122
1221121222213
1232322321212
1213113331131
1112133213112
1232322321331
1223213333331
1231122312321
1232322322211
1232322322233
1232322322121
1233133312323
1232322331132
1232322331321
1112322112233
1232322332232
1212321132213
1123211121212
1221122122123
1232322332131
1123111322322
1232322333211
1232322333222
1112111132112
1232322333323
1123312313231
1121312213113
1232322333332
1232322313123
1232331333123
1121223131311
1232322313132
1222333113333
1232133222331
1232322313321
1123123322332
1121313112231
1232322313312
1213221113223
1232322313213
1221213133133
1212312332112
1232322312133
1223122313233
1232322312122
1232322312331
1213132222223
1223112212331
1232322312313
1232322311222
1233232121121
1233132132232
1232322311323
1221233322133
1232322311121
1231332313332
1232331231223
1121312131132
1122121212223
1221321223223
1232321211132
1123211131132
1232321211312
1232321212223
1233113132123
1232321212131
1232321213233
1232321213222
1232321213332
1232321213121
1211321232132
1232132123323
1232122112313
1232321213112
1221323223133
1123112112111
1232321233123
1232321232122
1212223321322
1233311123213
1221311312232
1222322133313
1232321232221
1221211113313
1233132221323
1232321232212
1211221121321
1232321232331
1222321233331
1232321232313
1112131131311
1232321231233
1232321231112
1122323213323
1221122333211
1232321222132
1222322222323
1232111132113
1232321222231
1232321223111
1232321223133
1231222222331
1232321223221
1211212333133
1112121132133
1232321223313
1121322111313
1232321221333
1123311212311
1232321221223
1232321221113
1232321311111
1233133132211
1232321311133
1232321311221
1213322111333
1222132221211
1232321311212
1232321312323
1213213313321
1223311322323
1232211131131
1232321323321
1221132333322
1232321323231
1232121233323
1232111211122
1232321322111
1221232221323
1211223121112
1232321322133
1232321322122
1232321322221
1121213221332
1232132331232
1232321322313
1221321321213
1232321321233
1112323121322
1231132131332
1232321321222
1122323321222
1112321233313
1221231133313
1232321321323
1112233323113
1122121311212
1232321321332
1222311213321
1232321332321
1211322323332
1232321333111
1223231131313
1122231131113
1232321333313
1232321331311
1232321331322
1222322212111
1111123113223
1233232222211
1232321331223
1223212221211
1232321331232
1213312113222
1232321331131
1232321331113
1232321131133
1221211331223
1213122333223
1223132212223
1232321131122
1232321131313
1232321133311
1213131322111
1232321133322
1232321133131
1231232313113
1232121322333
1232321132211
1222213333321
1111122122213
1232321132222
1232123112132
1231112213322
1232321132323
1123113133322
1232321132332
1213221232113
1123112321223
1232323313313
1232321132112
1232321121132
1232123212113
1221321312123
1232321121321
1232321121312
1232321121231
1232321122333
1221223122233
1232321123211
1213331232232
1112222213221
1232321123233
1221121211123
1111232312131
1122221331231
1232321123323
1232321123332
1232321123112
1112223111331
1111232212233
1232321112132
1222133321211
1232321112231
1232321113111
1232321113122
1232321113212
1223323321312
1232321113313
1232321111311
1232321111333
1232321111322
1232321111232
1121221331311
1233132333213
1232332111133
1233232312321
1232133313233
1232332113333
1232332113131
1232332112211
1232332112332
1232332112112
1232332123321
1112313211231
1121333313313
1232332123231
1232332123213
1121323322323
1232332122133
1222233231221
1121233213221
1232332122212
1232332121211
1122322212211
1121111321121
1232122323122
1213313231321
1232332121233
1212312321132
1232332132123
1213213331123
1222221312323
1232332132132
1232332132213
1232332133111
1123313232131
1221332131221
1213123311211
1232332133133
1112312312232
1231322133333
1233133321121
1222311221111
1232332133122
1232332133221
1232332133212
1232332133313
1123113113212
1232332131223
1232332131113
1223313213322
1221313123133
1221313231212
1121212123211
1232332331133
1232332331221
1232332331212
1123331211222
1111233223313
1112332323333
1232332331331
1232331122112
1231122331212
1232332331313
1232133133332
1231321333121
1232332333311
1232112111221
1232332333333
1212221221321
1221311133211
1232332333223
1232332332121
1221311232213
1232332321123
1232332321213
1212112222213
1221232223213
1232332322333
1232332322131
1112111223122
1233321221233
1232232121113
1232332322113
1232332323211
1211212222312
1111211111113
1111112332132
1232332323233
1231233132232
1232332323323
1123133313133
1121123313211
1232332312132
1123133133111
1221231113232
1232332312321
1232313221332
1232332313133
1221331131332
1233123331233
1232222311322
1232332313122
1232332313221
1232332313331
1121111212113
1232122231131
1232332311223
1121122232221
1231123323322
1233211333323
1232113331213
1232332221221
1232332223311
1233211332131
1232332223322
1232332223232
1123112331211
1232332222233
1232332222222
1223133123333
1233322331212
1232332222323
1223122122323
1232332231132
1222112312221
1232332231213
1211122133131
1122223211111
1232332232333
1222321311231
1232332232131
1232332232113
1233223333311
1232333232332
1111111232323
1232332233222
1232312221322
1232332233332
1232332213123
1232332213132
1232332212122
1232332212331
1212113223213
1232332212313
1232332211121
1232123223133
1232332211112
1232122221211
1232333111123
1232333111132
1232333111231
1111231133212
1231233111112
1232333112333
1223323111122
1222223113322
1232333112322
1232333112131
1232333112113
1233132232132
1232333113211
1221323313113
1232333113233
1211122311133
1232333113222
1212221321133
1232122313332
1232333211232
1233211131233
1232333113323
1212323332321
1232333113112
1232333133123
1232333133321
1232333133231
1222213333213
1232333132111
1232333132133
1232333132122
1123132211232
1232333132221
1231111121211
1232333132212
1233111122113
1232333132331
1222311211323
1122332332132
1232333132313
1112331332321
1232333131332
1221211211312
1232333131121
1222231323331
1123333212333
1232333122312
1231113223221
1232333122213
1212331333211
1231223132332
1232333123133
1112333333322
1233221113221
1232333121311
1211222121113
1223232212312
1232333121333
1213212323222
1222313313232
1222312231333
1121111211132
1232333121223
1223121333131
1222321231113
1232111231131
1232333121232
1232333121131
1212331112311
1232333121113
1111211113221
1232333231111
1232333231133
1222331123233
1112311111133
1232333231221
1211212311111
1122113211221
1232322221132
1221233133333
1213312221231
1233212311133
1232333233322
1232333233232
1232333233131
1233313323312
1232333233113
1121233131233
1232333232121
1213223122311
1232333222333
1232333222232
1111213232131
1233323322121
1232333222131
1232123312211
1232333223323
1232333223332
1223223133132
1232333223121
1232333223112
1212113133222
1232333212132
1223233212133
1232333212231
1231322311221
1232333212213
1232333213133
1232333213221
1232333213212
1123311112321
1232333211223
1232333211113
1223323133111
1123113222123
1232333321221
1112132233111
1221123121323
1231112333132
1232333321331
1232333321313
1222133323312
1232333323311
1232333323333
1232333323322
1223331133323
1232333323223
1232333323113
1213211211111
1232333322211
1222132321223
1122232312113
1232333322233
1223131333211
1232333322323
1121112322121
1232333322332
1221332121123
1232333322112
1232333331132
1212211122333
1232333331321
1232333331231
1231333113122
1232333331213
1223213312222
1232333332333
1232333332131
1213132233333
1232333333211
1232333333222
1232133111323
1221313211131
1232333333323
1232333333121
1223222131322
1232333313123
1111123323323
1232333313321
1221133133213
1222123222111
1232333313312
1232333313231
1232333313213
1232333312331
1232333311211
1232333311233
1232333311121
1231313111221
1232331311123
1232331311132
1223333331132
1232331311321
1232331311312
1222223311311
1233332313213
1232331311231
1232331311213
1221221321221
1232331312311
1221123331212
1223133111332
1123132131211
1221223313233
1232331312333
1231311222123
1232331312131
1213133113322
1232331313222
1212212312122
1232331313323
1123231221213
1232331313332
1221322233221
1232331333213
1232331332212
1212113323122
1122212113332
1232331332313
1232331331211
1232331322132
1232331322312
1212232133112
1232331322231
1121323213122
1232331322213
1212133222131
1222311232322
1232331323111
1221211112312
1211321232231
1123322213121
1112131332222
1232331321311
1232331321333
1232331321232
1112321132131
1232331211122
1232331211212
1221223121331
1232331211331
1232331211313
1232331213333
1223212213131
1232331213322
1221322321113
1232331213223
1212313333121
1232331212233
1123123212213
1232331212222
1232331212121
1223322121232
1232331223231
1232331222133
1232113313123
1232331222122
1232331222212
1232331222331
1232113232332
1221221213221
1122123111111
1232331221211
1232331221222
1232133312131
1232331221332
1232331221121
1232331232123
1231332322312
1121322132123
1232331232231
1232331233111
1232331233313
1232321122322
1221312121121
1123222233133
1232331231311
1213212131322
1232331231333
1231132313312
1232331231322
1213323112221
1232331231232
1221311123131
1232331121212
1221131321113
1121213332212
1232331121313
1232331123311
1232323232311
1232331123322
1232331123223
1232331123232
1231333122311
1123313131223
1232331123131
1221132213312
1232331123113
1223213212113
1221312311311
1232331122233
1112132121111
1122221211131
1231331133212
1232331122222
1223332221111
1221323122322
1111232233331
1232331131213
1232331132311
1232331132232
1212332121123
1112233112113
1111211321233
1232331132131
1212332222231
1232331133323
1232331133332
1212211322111
1212332223221
1232313122323
1232331133121
1221312122313
1232331113123
1232331113132
1232331113213
1123323112122
1232331112221
1232331112212
1231333123323
1232331112313
1232331111211
1221333112313
1232331111233
1232331111332
1121232132123
1231133122133
1121112313213
1232331111112
1222213231131
1222331321112
1232131111123
1221111121311
1211123113231
1231113111311
1221321113333
1232131111321
1232131111213
1112132212211
1232131112333
1223321122311
1233312322213
1232131112322
1211122122333
1213123223222
1232131112232
1232131112113
1232131113233
1212322223321
1232131113222
1213313332233
1232131113323
1232131113332
1223221111112
1232131113121
1112323113121
1231231131332
1232131133123
1223213111333
1232131133132
1232131133312
1232131132111
1121333332323
1232131132133
1211233233223
1232131132122
1123322131331
1121132212233
1221331312133
1232131132221
1122312313313
1232131132212
1232131132331
1232131131211
1112133112321
1232131131233
1232131131323
1232131131332
1221123132132
1112331231332
1232131122321
1223222333113
1223233331331
1232111123322
1232131122213
1112311213132
1232131123111
1232131123133
1213133321132
1232131123221
1232131121113
1123121311132
1232131231212
1233123331222
1232113233322
1232131233311
1221232212332
1211312111332
1231122312231
1112332122312
1111111221321
1232131233333
1232131233232
1232131233113
1232333332232
1122121131122
1123313333223
1232131232211
1233322213213
1232131232233
1232131232222
1232131232112
1213331211233
1233123232213
1232131221132
1211223222121
1232131221231
1232131222311
1232131222113
1121331311212
1111233212311
1232131223121
1213131233231
1111123112211
1221223311213
1223121221221
1232131212123
1122213112233
1232131212132
1112311313111
1232131213111
1233222123212
1232131213221
1232131213313
1232111131312
1221331132212
1222311121332
1232131211322
1232122112111
1121211123212
1232131211232
1222223322311
1232133221222
1221123133331
1232131211113
1232212322132
1232131321133
1232131321122
1222223322131
1111123213123
1232131321221
1221111313312
1112312131213
1232131321212
1232131321331
1232131321313
1233112312212
1232131323322
1123211112122
1222311232113
1223123123323
1122122321111
1232131322233
1232131322323
1112212112231
1232131322112
1223332211121
1232131331123
1232131331132
1122223223213
1232131331213
1222312131123
1232131332311
1232131332333
1122132113113
1232131332223
1213123113332
1232131332131
1232131333211
1232131333323
1211323313312
1232131333121
1232131312111
1232131312221
1121233232121
1232131311121
1222312311123
1232131311112
1112123231223
1232133311321
1211233213212
1232133311231
1212133123221
1232133311213
1122333212323
1232133312223
1232133312232
1123233231322
1231123333233
1232133313222
1213222233133
1232133313112
1232133333123
1232133333132
1232133333312
1232133332111
1232122331233
1123112322231
1232133332221
1232133332212
1222321221323
1232133332331
1212313332232
1231231121223
1232121213312
1233332112232
1232133331222
1122123121323
1232133331323
1231321213133
1232133331332
1232133331112
1232133322123
1232133323212
1232133323331
1212333222133
1232133323313
1123221111221
1231331331122
1232133321333
1213223111311
1221221131323
1232133321322
1221321212221
1232133321131
1232133321113
1232133211122
1232133211221
1232133211313
1232133213113
1211112321221
1112322123123
1232133212211
1232133212222
1221333331332
1221333233133
1121232323323
1232133212332
1232133212112
1232123131221
1232133223132
1232133223321
1232133223312
1232133223213
1122122123111
1232133222111
1232133221323
1121132332331
1232133221332
1212312332332
1232133221121
1232133221112
1211332123122
1212231122111
1232133233111
1213312311332
1121122121231
1221121132233
1232133233133
1232133231333
1232133231322
1123221131322
1232133231223
1231323221222
1232133231131
1223213122131
1121122123332
1232133231113
1232133121122
1232133123113
1211313221322
1222113112323
1123331311223
1122211131111
1232133122332
1232133122121
1232133122112
1232133131123
1211332213221
1232133132311
1232133132322
1122111232121
1232133132232
1232133133233
1213332232132
1221132221313
1212211213323
1221211123112
1232133133112
1232232131121
1232133113132
1221132113223
1212212333332
1223221322321
1232133112133
1231232313322
1232133112221
1213113313223
1111223131231
1232133112212
1211221313131
1232133111211
1231111121112
1232133111233
1121231222313
1232132211132
1232132211312
1223233232113
1221223211331
1232132211213
1231313233332
1232132212311
1232132213211
1232132213222
1223123213211
1232132213323
1213313323112
1122111131112
1232132213112
1232132233132
1232132233213
1213121132311
1222333121332
1232132232133
1232132232221
1123332232312
1232132232331
1122322322312
1232132231211
1122221333211
1231333123121
1221113312311
1232132231233
1221313211223
1222232213321
1232132231222
1221312321213
1112131122313
1232132231121
1123121222221
1232132231112
1222112121333
1123312213122
1233333332233
1232132222123
1211123223321
1231113213121
1232132222132
1232223221312
1232132222321
1232132222213
1232132223133
1221213333333
1232132223122
1232112121323
1121313131221
1232132223331
1232132221311
1122313222333
1233322131232
1232132221322
1122312331111
1232132221223
1232132313113
1232132221113
1122121111223
1232132311111
1232132311133
1212223312322
1232132313131
1111121113133
1232132312222
1122231311333
1111212231331
1121311212331
1221132232311
1223233131232
1232332322322
1232132312332
1221332313113
1232132312121
1232132312112
1221223231223
1232132323123
1232132323213
1121123131213
1232132322133
1213122223311
1232132322122
1212123333223
1232132322221
1232132322212
1111111122213
1232132322331
1112332222333
1232113231133
1121311333311
1233211111312
1233122213211
1221123123213
1233111333331
1232132321222
1232132321332
1121322131322
1231231233113
1232132123233
1121122111223
1221112331322
1111233232212
1232132321121
1222311333322
1123222121313
1232132332123
1232132332321
1121321212332
1122231231132
1232132332231
1232132333133
1232132333122
1222211321111
1121321331121
1232132333221
1232132333313
1123212331122
1232121311322
1232132331223
1211121321212
1123112122222
1232132331131
1221321331212
1232132331113
1213232113221
1232132131111
1232132131212
1232132131331
1232132132211
1211322323222
1223323312231
1232132132332
1211232222211
1231233232231
1232132132112
1122123232113
1232132121123
1121321221332
1232132121321
1232132122223
1231113313333
1233231121133
1232132122131
1232132122113
1121333233233
1123322322111
1231332212323
1232132123211
1233332213111
1232132123121
1232132123112
1122231332222
1233133222213
1232132112321
1232132112213
1232132113212
1231231323333
1232132111223
1123212211233
1232121111133
1112213331121
1122212313231
1232121111313
1232121113311
1222122312222
1232121113113
1232121112222
1232121112332
1232121123132
1211122123233
1232121123312
1232121122133
1231131222312
1232121122122
1232121122221
1123232233321
1232121122212
1211321221233
1232121122313
1213231322121
1232121121233
1232322332223
1232121121323
1232121132132
1232121132231
1232121133133
1232121133122
1232121133313
1232121131311
1232121131322
1211332323232
1213122212221
1232121131223
1222333232322
1122331222223
1221112223221
1111222223133
1123331132231
1232121131131
1121123111121
1232121331133
1123332133112
1232121331331
1223322132212
1221233212311
1232121333333
1112313321332
1121332322222
1232121333223
1232121333131
1232121333113
1112123213131
1232121332323
1121112122213
1232121332332
1232121321321
1232121321312
1232121322311
1232121322131
1232121322113
1122111333121
1232121323233
1232121323222
1231331332121
1232121323121
1121222112113
1221233231121
1232121323112
1232121312123
1231332112133
1232121312231
1232121313111
1232121313133
1221212121131
1232121313122
1213332112313
1231211213333
1232121313212
1232121313331
1213333123121
1232121313313
1112123331222
1232121311333
1211323131211
1123133222222
1232121311131
1232121221111
1211331222312
1232121221221
1232121223311
1232121223223
1123312333112
1233211132212
1123131312211
1232121223232
1223311332322
1232121222233
1221313322121
1232121222112
1232121231321
1222321223132
1111233333111
1232121231213
1232121232311
1222311232223
1232121232131
1123212213231
1232121232113
1232121233233
1232121233332
1231332221323
1232121233121
1232121213321
1221121333133
1232121213213
1232121212111
1231122322333
1231211212332
1232123233213
1232121212221
1232121211332
1121222113222
1232121211121
1122121231233
1232122311123
1232233232223
1232122311321
1232122311312
1232122311231
1221322213333
1232122311213
1212322313233
1122112132121
1232122312333
1212112323321
1232122312131
1211212211213
1232122312113
1232122313233
1231333211321
1232122313121
1232122333123
1232122333312
1232312213332
1232131121223
1221332322133
1233211231331
1232122333213
1112122231112
1232122332221
1232122331211
1231133232322
1232122322321
1213123212132
1232122323313
1232122321131
1221321132231
1231211223321
1232122321113
1233313122232
1232122213311
1213212121211
1232122212332
1123323323122
1232122223312
1212331233311
1123332211133
1232111133323
1111223312322
1231331331212
1232122222212
1232122222331
1232122222313
1123122331111
1233113331133
1232122221222
1232122221323
1223211211233
1233322322113
1232122221332
1232122232321
1223321312233
1232122232213
1221123321213
1112222311332
1232122233221
1121322331212
1121222121223
1123333311111
1232122233212
1232122231333
1112133111113
1221113312223
1232122231322
1223111213223
1232122231223
1112222331123
1232233323332
1232122231113
1232113333323
1232122121111
1232122121212
1232122121313
1223223221132
1221222111223
1232122123311
1233121211131
1232122123223
1221331231313
1232122123131
1232122123113
1232122122323
1232122122332
1213231121113
1232122122121
1212312123132
1123232211132
1232122131123
1212133112131
1232313112111
1221122312221
1211313321211
1223132333122
1232122131312
1232122131213
1232122132223
1112333112222
1232122133323
1112331223331
1232122133121
1211211321133
1232122133112
1231311212232
1233321133211
1221111122321
1222133332132
1232122113123
1232122113312
1233232133221
1232122112122
1232122112331
1122222231323
1232122111233
1221313232233
1223212121133
1232122111222
1123232131221
1232122111112
1121111331333
1221231233112
1232123211132
1112233222232
1232123211231
1232123211213
1112332122231
1232123212223
1232123212131
1223222222121
1222222313123
1233121312133
1232123213222
1233311323112
1232123213112
1112223111313
1232123233321
1213231223332
1222311223322
1232123232122
1223222312231
1232123232221
1112312233111
1232123232331
1232123231233
1221113123223
1223233231132
1232123231112
1112223333333
1232123222231
1232123223111
1232123223122
1232122233122
1232123223221
1122321321123
1232123223331
1212312331221
1232123221311
1232123221131
1112232211211
1221111113233
1232312123222
1232123311221
1213331133313
1232123313333
1233223232311
1232123313223
1112312222221
1232132111333
1232123313232
1122331222113
1232123312323
1232123312121
1232123323312
1232123323213
1123332332313
1232123322111
1223212221112
1232123322133
1232123322122
1232123321233
1112122312332
1232123321222
1211121323223
1232123321323
1232123321332
1232123321121
1232123321112
1232123332321
1232123332312
1221112313131
1232123332231
1232123332213
1232123333111
1232123333133
1232123333331
1232123331311
1123123111213
1232123331333
1232123331322
1122321132321
1232123331223
1232123331232
1232123331131
1213121112212
1232123331113
1222232231132
1232123131122
1221122221312
1232123131331
1212122131222
1232123133311
1232123212322
1221211232212
1232123133223
1212233222213
1232123133131
1232123133113
1232123132211
1232123132112
1232123121132
1213123323232
1221333133332
1232123121312
1233121231111
1232123121213
1232123122311
1232123122223
1213121121122
1232123122131
1232123123211
1222231132131
1221323311111
1112112311222
1221211133322
1231121121111
1232123123222
1232123123332
1212322221323
1232123112123
1232123112321
1232123113133
1211213331332
1232123113221
1122121231121
1232123113331
1233223221331
1232123113313
1121321212121
1232123111322
1232123111223
1221213232311
1232123111113
1123131211123
1232112111111
1221212231122
1232112111331
1121213321113
1232112111313
1233122111223
1232112113333
1232112113131
1123111223322
1221223322132
1121331322133
1231211211331
1232112112332
1221332333133
1232112112112
1122132222112
1232112123123
1112113122122
1232112123321
1233132112331
1232112123231
1123232333313
1232112123213
1232332221122
1232112122111
1213111211323
1231312231221
1221112131111
1222223212221
1222311122111
1232112122221
1112221121231
1121132333321
1232112121112
1233313221131
1232112132132
1232112132312
1231113311111
1112213231113
1232112133111
1232112133133
1213121232321
1112323312212
1232112133221
1211111113133
1232112131223
1121312323331
1232112131131
1223232233113
1232331313211
1232112331133
1121131311223
1232112331331
1211121133132
1232112333322
1232112333223
1221312111111
1121331112231
1232112333232
1212323112321
1232112333131
1232111123131
1112233323311
1231212131223
1221123131131
1232112332323
1122123311113
1232112332112
1112131233323
1232112321123
1232112321132
1123232122322
1232112321312
1231323323221
1232112322322
1233131313122
1232111231113
1122113321131
1221213112112
1232112322232
1222122223133
1232112323233
1223111331233
1223113233232
1122132313133
1232112323222
1232112323332
1232112323112
1223232331312
1232112312132
1232112312231
1232112312213
1232112313111
1232112313122
1221232233133
1232112313313
1221113321311
1123133221331
1112132121133
1232112311333
1212321321213
1232112311322
1112323332113
1232112311223
1222332322211
1112213331233
1232112311232
1123211321333
1232112221111
1232112221133
1222212122223
1232112221122
1112213312232
1232112221212
1221331123122
1213132112113
1232112223311
1121211213133
1232111322231
1213132112311
1232112223131
1232112223113
1232112222211
1211112323333
1232112222332
1211223122313
1232111323111
1232112222121
1232112231132
1123213321122
1232112231213
1232112232311
1232112232322
1211232323211
1232112232223
1232112233211
1232112233222
1221132223113
1223133233111
1222332232112
1232112233332
1232112213132
1221213113113
1232112213231
1213231131323
1223122322312
1221233232221
1232112212221
1232112212212
1232112212331
1213131111223
1221322232231
1232112211211
1211331122322
1232112211323
1232113111123
1232113111132
1232113111321
1122321222222
1232113111231
1121322213213
1231233322213
1232113111213
1221132121222
1213221311311
1231313211222
1232113112311
1231212313122
1232332322311
1232113112333
1232113112223
1232113113323
1123111131113
1232113113121
1123122131232
1232113113112
1223231131212
1231321133312
1231311333111
1232113133321
1211232213321
1232113133213
1232113132122
1222211322112
1221211333122
1232113132212
1222121231313
1232312131133
1232113132331
1212223111323
1232113131211
1232113131332
1232231322111
1221331313312
1232313333321
1232113131112
1213213132111
1232113122213
1122311132311
1232113123111
1232113123313
1213321233333
1233333211112
1221222223313
1232131211311
1232113121311
1122233321233
1232113121322
1211321132113
1232113121232
1223131212321
1233313121231
1232113121131
1211321323133
1213111213123
1232113231111
1121131332323
1221323212311
1122223121212
1221321221122
1221111333211
1232113233311
1232113233333
1232323323233
1232113233232
1232113232222
1232113221132
1112311211121
1231322133311
1232113221312
1231311131331
1221111313321
1232113221231
1232113221213
1232113222232
1223231231112
1122123221313
1232113222131
1232113222113
1232113223332
1232113223121
1112311323211
1232113212123
1121131131333
1232211223131
1232113212321
1121122132323
1232113212312
1232113212231
1232113212213
1122312312132
1232113213122
1232113213221
1232113213212
1212233312121
1232113213313
1232113211232
1232113321111
1232113321133
1212233223122
1232113321122
1232113321212
1232113323311
1232113323322
1232113323131
1232113322323
1221323221113
1232113322112
1232113331231
1222221322212
1111121123121
1232113332311
1232113332322
1232113332113
1121332312212
1232113333211
1221122211131
1232113333233
1211121212312
1112313331113
1121223313221
1232113333332
1123231233131
1111211333122
1232113313321
1232113312133
1232113312212
1222212123211
1232113312331
1232212212233
1221221313321
1212232323313
1232113311211
1223333233113
1111233323321
1232113311233
1232113311323
1221122231122
1232113311121
1232111311321
1213131332321
1232221332111
1232111312333
1223322312111
1232111312322
1232111312131
1232111313233
1232111313323
1213312232323
1232111333213
1222212131313
1232111332133
1123231333222
1232111332221
1232111331211
1232111331332
1212111223323
1232111322123
1232132133232
1221133332322
1231322212232
1232111322132
1232111322321
1232111323122
1232111323221
1222313123233
1232111323212
1232111323331
1221332232133
1232111211133
1112333322113
1122323311221
1232111211221
1221333132131
1222121223323
1122132213123
1232113211333
1232111211212
1232111213322
1222212133311
1232111213223
1232111213113
1232111212211
1222232233121
1232111212233
1232111223123
1121221231211
1232111223321
1213231312111
1111231313133
1232111223231
1213222321333
1231121323122
1232111222122
1112212131212
1222311132231
1211331132233
1121212313232
1123112333312
1221132232333
1232111222331
1222311311333
1232111221233
1232111221112
1213111131223
1232111232321
1232111232312
1232111232213
1112121322112
1232111233133
1112223332211
1232111233122
1211232121112
1122311222111
1232111233331
1212233313232
1232111233313
1212321121332
1232111231322
1121111133131
1232111121111
1221323233213
1232111123311
1212231322113
1221112312211
1232111123223
1213122132132
1223222123213
1232111122211
1231133311232
1232111122233
1232111122323
1222322121332
1232111122332
1232111122121
1121232322223
1232111112122
1212132231123
1111232211122
1232111122112
1112113222121
1221322331112
1232111131132
1121331231211
1232111131321
1223122333123
1231321131332
1122332221131
1232111132333
1212223113123
1232111132232
1232111132131
1212131221222
1221132111122
1212223221323
1231122221331
1221223311132
1232111133222
1232111133332
1123312313123
1221213233323
1232111133112
1232111113312
1222223332121
1232111113231
1233312312223
1232111112221
1232111112212
1211112123133
1213231112131
1232111111222
1122122331132
1111212312122
1232111111121
1123112231113
1221112113133
1122121111322
1122222111311
1232111111112
1123221113322
1221111111123
1213212331133
1123123133123
1112212232313
1221111111132
1122113333132
1221111111312
1221111111231
1222331322133
1233212212322
1221111111213
1211111113313
1221111112223
1212231311311
1221111112131
1232112122122
1221111112113
1221111113332
1231133232333
1221111113112
1221111133123
1221111133321
1123112131132
1221111133312
1121333213213
1123131231112
1231332312322
1233331133311
1221111133213
1221111132111
1221111132122
1221111131121
1221111122312
1222122322122
1221312232311
1212231232232
1233232213132
1221221211322
1223222332121
1221111123221
1221111123331
1123211331211
1122112223221
1221123333223
1221111121322
1221111121131
1222231313121
1123313321321
1221111231111
1221111231133
1122232233331
1221111231122
1221111231221
1121323133321
1221111233322
1221111233223
1221111232211
1221111232323
1221111232332
1122213132132
1221111221132
1123221113113
1221111221312
1222232322232
1122211221333
1221111222223
1223232212123
1221311323331
1221111222232
1123233322321
1221111222113
1221111223211
1221111223222
1212332312222
1122311212121
1111211132332
1221111223112
1221111212123
1222311331221
1221111212132
1221111212321
1222131111133
1232223113121
1233111311122
1221111213133
1221111213221
1232213233132
1221111213212
1221111211333
1221111211223
1122332222132
1221111211131
1221111321221
1212113213131
1123321322112
1221111321313
1221111323333
1233112121223
1221111323322
1221111322233
1221111322222
1213132123111
1222112132133
1221111322121
1212122332223
1221111332322
1233232213213
1232113221123
1221111332223
1223312131313
1122112212311
1221111332232
1222313112321
1221111332113
1233311123132
1221111333222
1223332213132
1221111333112
1221231213213
1221132112222
1231333332132
1233222233223
1221111312122
1221111312212
1213211211133
1221111312331
1221111311211
1221111311233
1221111311121
1221113311132
1112232332332
1221233232122
1233312113231
1221113311213
1213311133322
1233212321323
1121331112321
1221113312333
1123223123323
1121112233113
1221231211112
1221323113133
1221113312232
1123122332323
1123121313323
1221113312131
1232311223233
1221113313233
1221113313121
1221322113123
1231323131312
1221113313112
1122132323112
1221333231232
1221113333321
1221113333312
1221113332133
1121121222131
1221232131321
1111233111232
1231122123132
1221113332221
1221113332331
1223332333311
1221113332313
1233321213333
1121111223212
1221332121213
1221321212313
1221113331211
1112323221312
1221122132122
1212333133233
1212112223212
1221113331222
1221113331121
1221312222121
1221113322123
1221132133122
1222231211331
1123221132132
1231312222113
1221113322321
1212223313323
1231121112221
1221113322231
1221113323122
1211133321332
1121233122231
1221121223331
1221113323221
1232232211333
1111222232221
1221113321333
1211223313212
1122133333112
1221212312122
1223113121333
1232231121231
1221113321232
1121133113111
1221113321113
1222233223323
1221113211221
1212313222311
1111212332232
1233111221333
1221113211331
1222233122321
1221113213311
1123131211321
1221113213223
1221113213232
1221113213131
1212213113333
1221113212233
1122133321133
1121312222331
1221113212323
1111222123211
1221113212112
1212333313332
1123332133222
1221111211311
1221113223123
1122322122332
1112213112122
1221113223132
1222311123321
1221113223231
1221113222221
1112211222311
1122131111233
1221113221222
1223231133232
1221113232321
1222113323211
1233233321331
1221113232312
1122213312132
1221113232213
1221113233133
1223332221313
1221113233331
1221113233313
1221113231333
1231313233112
1221113231113
1221113121221
1213212333333
1221113121212
1213323211331
1221113123311
1112131313212
1221113123322
1223233323233
1123221212111
1221113123113
1221113122233
1221113122323
1231232212232
1221113122121
1221113131132
1221113131321
1213213231331
1221113131231
1112323132221
1221113133211
1221121322133
1221113133323
1221113113321
1221113113312
1213222323111
1221113112122
1122233331311
1221113111211
1221113111233
1221113111222
1221113111323
1221113111121
1221113111112
1221112211321
1221112211312
1213223222231
1233232321132
1221333321223
1223222322232
1221112211213
1212212312133
1221112212333
1221222111333
1231213223112
1221112212322
1221112213211
1122223211212
1221112213332
1221112213121
1211112233232
1111232113132
1112113322223
1221112213112
1213311213332
1223123232221
1221112233123
1221112233231
1221231112332
1212322131312
1233211231111
1221112232111
1213313313122
1221112232212
1221112232331
1211323211113
1221112232313
1221112231211
1221112231222
1123213133321
1221112231323
1221112231332
1221112222321
1213323312311
1222111333122
1112223121323
1221112222312
1221112222231
1213323111332
1221333322231
1221112222213
1222221331333
1232131211131
1221112223111
1222323333332
1221311322321
1221112221322
1122233311331
1231122311333
1221112221232
1221223312322
1221112221113
1121213132223
1221112311221
1123133331313
1221211232133
1213132331321
1221112311331
1221112311313
1233332221312
1221112313223
1221112313113
1212133223222
1112311132123
1221112312222
1212312322232
1221112312121
1222111312332
1112133323321
1221112323312
1233212132332
1221112323231
1232333122123
1221133213331
1233133312233
1231133323121
1221112323213
1213313123231
1221112322111
1221112322221
1221112322331
1221112321112
1211123121122
1221112332231
1221112332213
1221112333221
1123213311323
1221333113312
1221112333212
1221112331131
1221112331113
1221112131122
1233231333132
1221112131221
1221112131313
1221112133232
1211212111322
1222332233333
1232113112322
1221112133131
1221112133113
1122333232213
1121132312311
1221232313211
1221313223112
1221112132211
1221112132233
1221112132323
1213233113312
1221112121321
1231231211223
1221112122232
1212313133312
1233113133122
1221112123332
1221333212211
1221112123112
1212323311221
1221112113111
1232123213233
1221112113331
1212132321312
1221311233111
1221112111322
1121222211333
1221112111232
1223231121312
1221112111131
1223332332211
1231111233222
1231113111113
1221112111113
1211311331212
1221123111111
1211132112212
1221123111212
1121233133312
1221123111313
1123223312323
1221123113311
1221123113333
1221123113322
1121313133311
1221123113131
1223221332111
1221123112222
1222111222321
1123311331311
1221123112323
1223222232311
1122212112322
1221123112121
1123221333223
1221123123123
1213123232233
1231333212333
1221311332111
1221123123132
1221123123312
1121313233213
1233323233113
1232321123222
1221123122111
1233112233223
1221123122133
1233212311212
1221123122122
1222113133212
1221123122221
1112123232132
1231223232221
1221123122331
1233131213132
1221123121233
1231333122223
1221123121332
1221123121121
1213331121323
1221123132321
1211231331233
1123113133131
1221123132231
1223221222313
1221123132213
1231113322122
1221123133133
1221123133122
1221123133313
1221123131113
1221123331133
1232332322232
1221123331221
1211112311211
1221131222331
1221123331331
1221123333322
1211211333121
1221222323312
1223321112231
1223213233123
1221123333232
1213222312113
1221123333131
1213312231331
1212132133133
1121332321331
1221211233231
1221123332222
1221123332121
1232233123123
1221123332112
1221123321132
1112112232112
1221123321321
1221123321312
1121112323311
1221123321231
1221123322311
1221123322131
1221123323323
1221123312123
1211331113313
1221123313111
1221123313331
1221123311311
1222223331313
1221123311333
1123233112122
1221123311223
1221123311113
1221123221221
1221233333122
1123111133133
1233331131133
1221123221212
1221123221331
1221123221313
1122332133113
1221123223311
1221123223223
1221123223131
1223322311222
1233222333211
1221123223113
1213112323221
1212322211212
1112322212111
1123213231212
1221123222211
1223231332132
1121222222113
1221123222222
1221123231123
1211133223111
1221231113113
1211231233133
1222313122223
1112222132331
1221123231132
1221123231213
1221123232311
1123332212211
1123113123121
1221123232333
1122323313322
1221123232232
1122331121322
1222311321321
1221123232131
1111211232331
1221123233211
1211221222231
1213231321221
1222313322122
1121222121232
1221123213123
1221123213321
1211131222332
1223321123222
1221123212133
1232222312231
1221211322212
1122323312332
1221123212122
1123213323113
1221123212331
1221123211233
1221123211323
1221123211332
1222313232221
1221122112223
1221122112232
1221122112113
1223311123122
1221122113233
1221122113323
1212223212222
1221122113121
1123223231121
1221211113221
1221122133312
1221122133231
1213133213321
1221122133213
1221122132111
1123233211122
1221122132133
1222123212121
1231112311321
1221122132212
1231132221213
1231213122321
1221122132313
1221122131211
1213221111122
1221321113113
1221122122321
1213333133232
1233223121121
1221122122231
1221122122213
1212121121123
1223323112112
1221122123122
1221122121311
1112122213332
1221122121322
1221122231212
1112313223212
1221122231331
1213231131211
1221122233333
1221123111331
1221323321211
1221231331221
1212131122222
1223333123313
1223223331213
1221122233322
1211111213222
1122312222222
1221122232211
1223211113333
1221122232233
1231313333232
1232323122221
1221122232332
1221122222311
1223111221323
1112332221213
1221122222322
1221122222223
1221122223323
1211332123133
1211312222331
1221122223121
1221122212123
1213332312322
1221122212312
1223311113222
1222232211323
1221322131213
1221122212213
1212121211321
1231333113221
1221122213111
1112122322212
1122121132211
1232213131221
1221122213221
1221122213212
1112313121132
1221122213331
1221122211333
1221122211223
1221122211232
1211311313313
1221122321133
1211212133311
1223112122313
1233212322221
1221122321122
1221122321212
1122123322113
1233223332332
1221122323311
1221332311122
1212313231313
1223233332233
1221122323322
1221322332122
1221122323232
1221333122323
1212213331212
1221122323131
1221122322211
1121332112311
1221122322233
1213313123213
1212232122112
1221331312221
1212133123133
1221122322222
1222112231212
1222311322113
1111211233312
1221122322121
1211332312133
1221122322112
1221122331132
1221122331321
1112133322221
1221122332333
1221321323112
1221122332322
1221122332223
1221122332131
1221122333233
1221122333323
1212313311323
1121321321322
1111223211221
1221122333112
1221122313123
1213321313123
1212321121112
1223323222211
1231112223123
1221122313132
1221213123312
1221122313312
1211212111131
1213223321233
1222222233223
1221122313213
1221122312331
1231312233131
1221122312313
1221122311211
1212222233312
1212331322121
1221122311222
1221122311323
1221121211312
1221121211231
1232311311112
1221121212311
1211112213122
1122322132113
1121112132313
1221121212322
1211121131211
1223312332213
1222121333332
1221121213211
1222213221211
1221121213323
1123212322223
1221121233123
1221121233132
1112113121222
1221121233213
1221121232133
1221121232212
1213312133231
1231333133311
1221332123222
1213333322111
1221121231222
1221121222312
1221121223133
1221121223122
1122331133321
1233322212133
1221221232121
1213312233223
1221121223212
1221121221311
1111231121121
1221121221223
1223131331312
1221121311133
1221121311122
1221121311221
1221121311331
1221121311313
1112132231311
1221121313311
1213233233111
1221311312311
1211313233312
1111232133323
1221121313223
1221121312211
1222123312223
1221121312233
1221132333311
1212233331131
1232333232211
1221121312222
1212211233123
1221121312323
1213132231133
1221121312112
1222121312111
1221121323321
1211231111233
1221323223122
1122112333133
1221121322331
1211322112121
1221121322313
1112333223131
1221121321211
1221121321112
1123113113313
1221121332123
1213111331221
1222111132121
1221121332321
1221221313213
1121133213233
1221121332213
1223123322133
1221121333111
1223131233131
1221312211121
1211131333113
1221121333122
1211212331131
1221121333221
1221121333212
1233112211131
1221121331223
1221121331113
1112121123331
1221121131122
1221121131331
1212213122212
1122311232231
1221121131313
1211311132123
1231323231223
1221121133322
1122322313323
1221331123111
1221121133232
1221121133113
1221312121332
1221121132211
1122213231132
1221213111313
1122333223321
1221121132112
1221121122311
1221121122333
1221121122322
1221121123233
1211221311313
1121223332112
1221121123222
1121333312213
1221121123323
1121333323121
1221121123121
1221121123112
1213321223112
1222123121111
1221121112123
1221121112321
1213313212111
1112112212132
1221121112231
1223313331332
1221121112213
1231223133333
1221121113133
1212123111313
1112213233111
1221121113122
1221121113212
1221121113331
1231131133131
1221121113313
1221121111311
1221121111333
1232233133221
1221121111223
1223123231112
1221121111232
1223222212313
1122122223211
1221132113311
1211223332332
1121313233321
1221132113322
1123313213231
1221132113131
1221132112233
1233121232233
1221132112323
1221132123132
1212211313232
1221132123321
1221132123231
1221132122122
1221132122221
1211121123331
1221132121332
1212122122132
1233321331112
1231221133331
1221132121121
1221132132132
1221322232123
1233113133212
1221132132321
1233331333331
1221132132213
1221132133111
1231121133233
1221211131111
1122133222232
1221132133331
1221132131113
1222122313223
1121133312332
1221132331111
1221132331133
1223231312332
1221331323322
1221132331221
1111123222211
1221132331212
1122213221133
1221132331331
1122333133112
1221132331313
1232332131131
1221132333333
1221132333232
1221132333131
1232133123311
1221131312131
1233232321312
1221132333113
1221132332233
1221132332332
1221331132111
1222122231332
1221132321123
1221132321132
1123211332122
1221132321312
1221223222111
1112313131313
1221132321231
1121222133123
1221132322311
1221132322322
1111123233323
1122122113233
1221132322223
1121332113211
1221132322232
1221132322113
1221132323323
1221132323332
1221132323121
1123131132211
1221132323112
1112122212232
1221131322123
1221132312132
1222223111212
1221131122323
1221132312312
1111233121213
1222311233121
1232323231132
1221132313133
1122232111121
1221213331313
1221132313221
1123333121123
1221213122122
1221132313313
1212312321123
1121332112223
1221132311311
1221132311113
1223332231321
1222213113231
1121312212233
1221333223231
1221132221133
1221132221122
1221132221221
1233223331313
1221132221331
1221323132222
1231123221213
1221132223311
1232332222211
1221132223333
1212132133331
1221132223223
1221132223232
1213333131313
1221132222233
1221132222222
1111232211133
1221132231123
1222313132233
1112223321312
1112232212331
1121113323121
1221132232223
1221132232232
1221132233211
1121333233332
1232132332213
1221132233233
1221332131133
1221332232122
1211322213231
1221132233323
1221132233332
1212133231133
1221132233121
1223233113113
1232332121121
1221132233112
1121331222213
1221132212111
1212131212112
1221132212221
1221132212331
1222231222111
1221132211211
1221233322111
1221221111213
1221132211233
1221133111123
1221133111321
1213311221232
1221133111231
1221133111213
1221133112223
1221133112232
1221133112113
1221133113211
1221133113222
1221111121232
1221133113121
1233223312321
1221133113112
1211111212311
1221133133132
1231313321312
1221133133321
1221133133312
1223322331213
1221133133231
1212212113211
1212332322212
1221133131211
1221133131233
1221133131222
1231213311323
1221133131332
1221221211311
1221211112132
1121123233133
1221133122123
1213333331131
1233212222321
1221133122132
1221133122321
1211312323122
1213223331131
1221133122231
1222213131321
1221133122213
1221133123122
1221133123221
1112223131131
1221133123331
1221133123313
1221223213311
1112222131112
1231221111133
1232113231212
1221133121223
1221133121113
1222113312231
1221133231133
1121123133323
1221133231122
1211311233112
1122213322131
1112212313322
1231331113113
1233231122222
1221133231221
1111233333331
1221133231212
1221133231331
1231323131213
1221133233223
1221133233131
1221133232211
1221133232233
1221331313213
1112111211231
1221322213131
1212311333123
1221133232332
1221133221132
1122312211112
1122332132211
1221133222333
1231223222312
1221133222223
1221332133223
1112312333213
1221133222113
1221133223211
1221133223233
1212111311121
1122323221311
1221133223222
1233332232211
1221133223121
1221322111323
1221133212132
1221133213111
1221133213133
1221133213221
1122312312321
1221133211232
1221133211131
1232121221313
1221133321122
1221133323311
1221133323333
1222222321122
1221133323322
1221133322233
1221133322332
1221211113133
1222332322233
1221133331312
1213311321233
1233131122331
1221133332223
1122221322121
1221133333233
1223311332223
1122333233122
1221133333332
1221133313312
1221133312313
1233331223313
1221133311233
1221133311222
1121232332121
1221133311323
1221321131333
1223331113231
1122313322233
1221131311132
1221131311312
1213221332323
1121312112111
1221131311231
1221131312333
1221131313112
1222313221232
1221131333132
1223212111233
1121333123132
1123321312133
1221131333321
1221131333213
1221131332331
1212223231131
1233121211311
1221131331121
1221131322132
1232112233323
1221131322321
1213123233322
1221131322231
1212323331223
1221131323111
1221131323133
1221131323122
1222213223312
1221211123211
1221131323212
1221131323313
1221131321333
1221131321322
1233333333232
1221131211111
1123112111332
1122133231331
1221131211133
1221131211122
1231111131311
1221131211221
1231233313332
1221131211331
1221131211313
1212223222122
1232212122222
1221131213311
1213232322221
1221131213322
1232122313112
1221333221121
1221131213232
1212212213133
1221131213131
1221131213113
1221131212222
1222221133232
1221131212323
1221131212332
1211222233223
1223211231123
1221131223123
1221322132322
1221131223231
1231111311311
1221131222111
1221131222133
1233131311232
1221131222212
1221131221211
1221131221323
1222222111132
1112333133331
1221131221332
1221131221121
1212223132322
1221131221112
1221232132322
1221131232123
1221131232213
1221131233111
1221131233133
1221131233122
1232311123313
1221131233331
1221131231311
1211233111123
1221131231322
1221131231223
1123322333122
1221131231232
1213112132232
1221131231131
1221323332132
1233213213232
1221131121221
1112131233211
1221131123311
1222132331332
1112212231121
1221131123333
1122121122322
1221131123322
1221131123223
1231122231123
1221131123131
1221131122332
1112131322232
1221131131312
1221131132232
1221131133211
1122231111331
1221131133233
1221131133323
1112111132211
1221131133121
1221131133112
1231113322221
1221131113123
1213131213211
1221131113231
1122121131331
1221131112221
1211331223133
1221222323231
1221131111211
1212323123233
1232322323232
1221313322211
1222121123331
1221131111233
1211232213231
1221131111222
1211223332211
1221131111332
1233221313311
1221131111121
1221331111123
1221331111321
1221331111312
1212132133122
1222313233231
1221331112311
1221331112333
1221331112113
1221331113233
1233131332323
1221331113222
1221331133321
1121232222323
1221331133231
1213333222132
1112112132111
1221331132133
1221331132122
1221331132331
1123323113132
1221331132313
1221331131323
1221331131121
1221331131112
1221233132121
1221331122312
1221331123221
1221331123212
1221233323132
1221331123313
1223211232223
1221331121311
1112213332133
1221331231111
1123223233312
1221331231133
1123132123221
1233311232232
1221331231122
1213222333123
1121321221112
1121331311122
1221223323122
1213321321331
1232213331333
1221331231331
1221331233333
1213132133321
1221331233113
1222322123312
1221331221123
1221331221321
1221331221312
1212222331223
1221331221213
1211223323112
1221331222311
1232213221131
1221331222333
1123232313311
1123312331123
1112123323111
1221331222223
1221113323111
1221331223323
1121212223122
1221331223121
1221331223112
1221331212132
1211232211112
1121211233113
1221331212213
1221331213133
1211333222332
1221331213122
1121231213131
1221113212121
1221331213331
1221331213313
1221331211333
1221331321221
1233122132222
1233113331122
1221331321212
1112323232233
1233221132121
1221331321313
1221321221331
1221331323311
1123322322331
1221331323333
1232212321333
1221331322233
1221331322222
1221331322121
1221331331132
1221331332232
1231232222312
1232312232122
1221331332131
1221331333211
1221331333323
1223311112232
1221331333121
1221331313132
1221331313231
1213213211333
1111123333333
1221331312111
1121211111123
1221331312331
1221331312313
1231321322121
1221331311323
1221331311112
1221333311123
1221333311321
1212123331212
1221333311312
1221322313222
1221333312311
1213121122121
1223313213232
1122322321311
1233123231232
1111221312331
1221333312322
1221333312113
1121211131121
1231322221232
1221333313222
1222133331223
1221333313332
1221333313121
1223133323111
1222233332131
1112221132233
1221333333321
1221333332111
1221333332133
1211322112323
1221333332331
1221313113233
1223322222333
1221333331211
1221333331222
1221333331112
1223232223112
1221333322123
1221333322132
1222211121333
1112221231332
1221333322321
1231232111113
1221333322312
1221333323111
1221311312333
1221333323133
1123331211121
1221333323221
1212311323212
1112312213333
1221333323212
1211123131312
1223112112323
1123122131223
1221323213211
1221333323313
1221333321311
1221333321333
1121212132211
1221333321232
1112112211223
1221333321113
1221333211221
1223132231211
1221333211212
1221333211331
1213221113333
1233112321111
1221333211313
1221333213311
1221311212211
1221333213131
1221333212112
1231221232223
1221311213311
1123333131221
1221333223132
1122122131332
1221333222122
1221333221211
1211212313223
1211211223112
1212113212332
1123332321311
1221333221323
1212313233333
1223322313123
1223222121121
1221333232321
1221333233221
1221333233331
1231223313311
1221333231333
1221333231223
1231233213223
1221333231131
1122232221332
1221333231113
1221333121133
1233112331312
1221333121122
1112131311131
1221333121221
1123212333333
1122212323113
1221333121212
1123322132323
1233313311313
1221333121313
1221333123333
1233111312121
1221333123223
1221333123113
1221333122233
1123231211232
1221321311223
1221333122332
1221333131312
1221333132223
1221333133211
1221333133222
1211323223112
1112211212321
1221121132121
1221333113132
1212121311122
1221333113321
1221333113231
1111111233311
1231323213113
1221333112111
1123313211222
1221333112122
1221132223131
1221333112221
1222213232123
1221111321212
1221333112212
1121321123311
1221333111233
1212311221121
1221333111121
1221332211132
1213321231122
1221332211312
1221332211213
1221332212322
1221311321113
1231111213213
1221332213211
1232111331121
1221332213222
1211113212221
1221332213323
1221332213121
1222133122223
1221332233123
1221332232111
1112212131331
1123312323113
1233322211112
1221332232313
1221332231323
1213212322311
1221332231112
1112132112221
1221332222132
1221332222312
1221332222231
1221332222213
1223331222111
1221332223313
1221332221311
1221332221322
1121323332131
1231332131132
1221332221232
1221332311212
1212222131212
1221332311331
1221332313311
1223332311232
1123113313311
1221332313322
1123333131133
1221332313232
1221311212222
1221332312323
1111222312233
1221332312112
1221332323321
1212213222323
1221332322122
1221332322221
1233113211323
1221332321323
1221332321112
1123333111333
1123322231323
1221332332312
1112113113223
1221332332213
1221332333122
1221332333331
1221332331322
1221332131111
1221211333313
1221332131212
1223222313313
1121322121332
1221332131331
1221332132233
1221332132222
1221212112113
1121123211122
1231212213132
1221332132121
1212131211111
1121221223331
1221332132112
1221332122223
1221332122131
1221332123211
1221332123323
1121222323322
1221332123332
1112313222321
1111223123131
1221332112312
1123221231213
1221332113111
1122133213133
1221332113133
1222311331331
1221332113221
1122223233122
1221332113212
1213111312321
1221332111333
1121132331323
1233311323323
1221332111322
1221332111223
1221332111131
1112233331312
1221332111113
1221321111111
1221321111133
1213122311333
1212122231212
1122221232222
1221222223331
1221321111221
1231311311313
1221321111212
1212312231231
1123112113231
1221321111331
1122132123213
1221321113311
1231331311131
1221321113322
1221321113232
1212113123232
1221321113131
1221221111123
1221321112323
1211211232112
1121312223312
1221321112112
1233111112231
1233231223123
1233111121213
1221321123312
1221321122133
1221321122221
1221321122313
1221321121211
1221321121112
1221321133111
1223221122121
1221321133133
1121311211323
1221321133313
1222112122312
1221321131322
1223212313332
1232221233331
1221321131223
1123323212222
1221321331133
1121121322222
1221321331331
1221321333333
1121213112212
1232213111223
1221321333322
1221321333131
1212331232211
1222113332112
1121322121211
1221321333113
1221222311111
1221321332211
1232323111122
1221321332233
1222211223233
1221321321132
1221321321231
1111123211222
1221321322333
1211322332323
1221321322223
1221321323222
1212322332212
1221321323121
1232233321213
1231331322223
1221321312321
1111112231323
1221321313111
1231222212211
1221232232312
1221321313133
1231112312232
1221321313122
1221113323133
1221321313221
1223313331211
1231311331333
1221321313212
1222312113231
1121313311331
1122331231212
1221321313313
1233231331222
1221321311333
1221321311232
1232131313312
1233111233312
1221321311113
1212112232331
1223333323113
1221321221133
1221232312333
1221321221221
1231233321131
1221321221212
1212312233222
1221321221313
1221321223311
1121211323131
1221321223333
1221321223322
1112323322222
1221321222222
1221333333231
1111211223122
1221321222323
1213323323331
1122112133333
1121322123213
1221321222121
1222233222131
1111122231111
1122121131313
1221321222112
1221321231123
1221321231132
1211213113123
1221321231231
1221321232311
1211122121321
1221232222331
1221321232333
1222333331221
1221321233222
1121331211123
1123333221333
1221322213311
1221321233332
1213121313211
1112223133133
1221321233112
1221321213123
1123121223123
1221321213132
1222112322222
1221321213321
1212222132112
1221321213213
1123322312222
1221321212212
1221321211211
1223121333113
1122311312131
1221321211222
1111221123212
1221321211323
1221322311123
1232232113121
1221322311132
1221322311321
1111233123233
1221223233331
1221322311312
1211323322211
1221322311231
1221322312311
1221322312333
1221121232221
1112111111322
1221322312232
1221322313323
1231111223223
1221322313121
1221322313112
1221322333123
1221322333321
1221322333231
1221322332133
1112133312332
1221322332331
1221322331222
1222322122221
1121131323233
1221322331323
1112313221223
1123221223333
1221322322123
1233233131112
1221322322132
1233123323212
1221322322213
1221322323122
1233321211133
1221322323313
1221322211133
1221322211122
1122223132311
1231322332231
1221322211221
1221322211212
1221322211313
1221322213232
1112313221131
1121122122311
1221322212211
1232322322222
1232123231332
1221322212121
1213222132333
1221322223321
1123323212211
1221322223213
1222311122313
1213123212312
1221322222111
1221132112112
1221322222212
1221322222331
1121222233223
1221322222313
1122133221231
1221322221211
1221322221233
1233332322323
1221322221112
1232313331233
1221322233133
1233332313231
1232222221111
1111232221323
1221322233122
1232131331312
1221322233313
1231233323122
1221322231311
1223322323113
1112111222213
1221322231333
1212211122322
1221322231223
1221322121111
1213312222223
1121122222312
1232112131113
1221322121133
1222321231223
1221322121122
1221322121313
1232311113323
1221322122233
1221322122323
1123131333313
1221322122332
1212231122122
1221322131123
1221322131321
1221322132333
1221322132223
1211133222213
1221322132131
1222123121212
1221322133222
1211233322222
1221322133323
1221322133332
1221322113132
1122111211322
1221322113321
1111212232323
1221322113312
1221322112331
1221322112313
1221322111211
1213123312111
1213113212311
1232232232211
1221322111233
1222322113223
1221322111121
1221322111112
1213113323312
1221323211312
1221212323131
1221323211231
1123312123212
1232313221112
1221323211213
1213311133333
1221323212333
1221323212232
1221323212113
1223131233322
1221323213233
1212221321221
1222222122312
1221323213332
1221323233321
1221323233231
1121123122211
1221323232133
1122312321132
1233323331312
1221323232122
1221323232221
1223111131312
1221323231233
1122231233211
1121112221321
1221323231323
1213331312132
1221323222321
1221323222231
1221323222213
1221323223111
1232221313121
1221323223221
1121222132221
1221323223212
1221323223331
1221121132332
1221323221311
1211123323221
1221323221223
1221132213231
1221322211111
1221323221131
1223113331132
1233231131213
1221223121221
1222121213212
1112333331212
1221323311122
1221323311331
1221323313333
1221323312211
1233212323231
1221323312332
1221323312121
1223333133213
1123121331332
1221323323321
1211312211313
1221323322133
1213313121332
1112133131133
1221323322122
1212313321221
1121223122221
1221323322221
1212112312233
1232311212231
1221323321233
1112311113113
1112222121232
1221323321332
1221323332123
1221231312312
1221323332321
1212111122321
1222123133121
1221132211112
1221323333111
1231231133321
1221323333133
1213221123231
1221323333212
1123212222233
1221323333331
1221323333313
1221323331322
1211311322333
1222233123331
1221323331223
1221323331232
1121133333212
1221323331113
1221323131111
1122132322223
1221323131122
1121311333333
1221323133311
1221323133232
1121331131122
1221323133113
1221313113222
1221323132323
1233231131231
1221323121123
1223232233322
1221323121231
1212113333321
1221323122311
1221323122333
1231122132231
1221323122131
1221323122113
1112112121322
1221323123222
1221323112123
1222122111322
1221323112312
1221323113221
1223311233131
1221323113313
1121311212133
1112213133332
1221323111311
1112322311311
1221323111333
1221323111322
1221323111232
1231131122322
1221312111133
1123121211133
1122133133123
1221312111313
1221312113311
1211132321223
1221312113223
1221312113131
1212222113122
1221312113113
1213132131323
1222123333132
1221312112211
1221312112323
1122211321211
1221313133213
1221222321112
1221312112332
1232212331323
1221312123123
1232111112331
1221312122133
1221312122122
1232321313113
1233122321112
1221312121211
1112211223112
1123323113312
1221312121233
1221312121222
1221312132123
1232213111232
1221312132231
1221312132213
1221312131311
1231232131221
1221312131131
1223321232133
1221312131113
1221312331111
1221312331122
1221312333311
1221312333232
1123133233222
1221233123323
1221312333131
1221312332211
1212121322221
1123111221331
1221312332323
1221312332112
1221312321312
1221312322311
1221111313132
1221312322333
1221312322322
1211221112213
1121113311311
1221312322232
1111221112311
1221312322131
1221312322113
1221312323211
1121123131231
1232232312221
1221312323233
1221312323323
1221312323121
1212233331232
1111213123312
1221312323112
1221312312123
1221312312132
1123121123113
1221312312312
1222232122221
1122123333223
1221312312231
1232133221211
1221312313133
1212221321122
1232212123113
1221312313122
1221312311333
1221312311223
1221312221111
1232312212113
1123232213112
1221312221133
1221312223223
1221312223131
1221312223113
1211131111212
1223231132332
1122212211223
1221312222233
1221312231312
1221312231231
1121111222132
1221312231213
1211333111331
1221312232333
1212331313312
1223311331213
1221312232223
1223123233231
1221312232232
1213312223332
1112113322232
1221312232131
1221312233222
1221311222221
1123223213211
1221312233323
1121112122123
1221312233332
1122123233121
1221312233112
1213332212121
1112122112312
1221312213321
1231113211321
1221122111231
1221312213231
1213122331212
1221312213213
1111212131112
1231212231312
1232231311111
1221312212111
1221312212133
1213332111233
1221312212122
1221312212221
1213311331333
1221312212331
1221312212313
1212231312213
1231211222212
1221312211211
1212332132323
1223122132322
1231131332312
1221232112313
1221312211222
1221312211323
1221312211332
1221312211112
1221313111123
1233331322111
1221313111321
1221313111312
1221313111231
1121213311312
1221313111213
1222223122313
1231122323211
1221313112311
1212223221233
1221313112223
1221313112232
1211311112323
1221313113323
1212111223121
1121332211131
1221313113332
1221313133123
1233112332311
1221313133132
1232221333132
1232221113123
1221313133321
1221313132111
1221313132122
1221232231311
1221313132331
1212122211333
1221313132313
1223231221223
1221313131323
1212231222323
1221313131121
1221313122123
1211313232331
1231133213231
1221313122132
1213121133332
1221231122221
1223212313121
1232211212111
1221313122321
1221313122231
1221313123212
1123123123133
1221313123331
1212113211111
1121231231113
1221313123313
1213133232322
1223232233311
1222121111213
1221313121311
1221313121333
1211321311312
1222131323323
1221313121322
1221213332222
1221313121232
1213332333123
1221313231111
1221313231122
1111122112322
1221313233322
1121123312232
1221313233113
1212231132231
1221313232332
1112121213221
1221313232121
1223112133133
1221313221123
1112331131212
1221313221213
1112333322223
1221313222333
1122333233331
1221313222322
1122313121223
1221313222113
1121223212313
1221313223211
1221313212132
1233133331333
1221313211322
1221121313131
1221313211113
1122112222321
1233111332132
1221313321212
1221313323333
1221313323322
1221313323232
1211211322222
1231322223313
1221313323131
1232313311312
1231311312112
1221313322222
1121331231112
1231321311323
1221313331321
1221313331312
1123233333123
1221313331231
1221313331213
1221313332311
1221313332333
1121212132112
1221313332223
1211212312323
1221313332232
1221313332113
1212123112121
1221323231332
1221332212223
1221313333211
1221313333233
1121231331121
1123121233133
1232111121221
1221313333332
1223323332121
1221313313132
1231122211211
1122123123213
1221313313213
1221313312111
1212133111132
1111222312332
1221313312122
1221131132131
1221313312331
1221313311332
1233222111312
1221313311112
1232332213213
1221311311132
1221311311213
1122213333333
1221311312322
1122311111211
1221311312223
1221311312131
1221311312113
1213322121132
1222212331223
1221311313222
1223123321332
1122311121111
1121322222233
1221311313323
1212311113132
1221311313121
1111232122323
1221311313112
1213121132131
1231332131321
1221311333123
1221311333312
1221311333231
1223112322131
1221311332133
1221311332331
1233333233121
1221311331211
1121231212222
1221311331222
1221311331323
1221311331332
1221222231112
1123232122232
1221311322123
1233111221322
1221311322231
1221311323111
1223131211131
1221311323133
1223112322333
1112312223321
1221311323221
1221311323313
1233223223113
1221311321311
1221311321322
1212311331233
1221311321223
1123332331323
1221311211111
1211131133111
1111222223313
1221311213333
1221311213223
1221311213232
1122123322223
1221311212332
1221311223123
1212321213132
1221311223132
1221311223321
1221311223213
1221311222331
1121233123313
1232131212231
1231222332111
1221311222313
1221311221233
1211223211121
1221311221222
1221311232132
1221222131111
1221311232321
1221311232231
1213322231121
1221311233133
1221311233212
1211333333223
1221311233331
1221311233313
1221311231311
1221311231113
1223223322222
1222221122311
1221311121221
1211322331221
1122113133222
1233332123313
1221311121212
1231112111112
1221311121331
1221311123311
1213132332232
1221312131232
1232111231333
1221311123333
1222122232212
1111232313112
1221311123223
1221311122211
1221311122233
1221231122331
1211123123113
1232221231232
1221311122323
1221311122121
1212311312322
1221311131132
1222211223222
1221311131321
1123212232113
1121312313121
1122111311112
1221111123111
1221311132232
1123123322233
1221311133233
1221311133332
1221311133121
1221311133112
1221311113213
1233121333323
1233122121321
1221311112111
1222312331112
1232222323222
1221311112133
1221311112122
1233222233311
1233112213313
1233211213111
1221311112221
1221311112313
1221311111211
1221311111332
1221213212313
1221311111121
1123323111332
1221311111112
1221221112311
1221221112322
1221221112232
1122332132121
1221221113211
1123331221221
1221221113222
1221221113323
1211122331333
1221221133321
1221221133312
1232231112132
1112312113231
1221221133213
1221221132331
1221221132313
1221311122112
1221221131233
1221221131332
1213333332231
1122323322212
1221221131112
1233213211133
1221221122123
1212123211112
1222233212231
1121131123312
1221221122132
1122312232333
1221221122231
1122312222211
1112231213333
1221221122213
1212122122312
1221221123212
1213133332222
1221221123331
1222312112133
1221221123313
1112121312331
1221221121311
1221313222311
1221221121223
1221221231133
1212313211131
1221221231212
1222222221231
1221221231331
1221221233223
1123113133223
1221221233232
1231133113232
1221221233131
1121313112312
1231331222112
1221221232222
1222331111311
1221221221123
1221221221132
1221221221312
1221221221231
1213211323111
1232321212322
1221221221213
1221221222322
1112331223133
1221221222232
1221221223323
1222332223112
1221221223121
1221221212213
1223233112323
1221221213331
1221221211333
1221312233211
1221221321111
1221221321133
1122133113332
1221221321331
1112323323131
1221221321313
1223123323132
1221221323333
1221232122332
1223232323232
1221221323232
1111111223211
1233322232131
1221221322233
1213113332321
1221221322222
1221221322332
1213331313212
1112323331123
1221221322121
1221221322112
1221122313231
1221221331312
1221221332223
1121313322221
1221221332232
1213222133121
1122123323323
1122222331311
1221221332131
1213133113333
1111231212331
1221221333211
1221221333323
1221221333332
1221221333121
1221323233132
1221221312111
1221221311233
1222323121322
1221221311222
1121232331212
1221221311121
1221223311312
1232333332322
1221223311231
1221223312333
1211311122133
1221223312131
1213231312331
1121312111332
1221223313323
1111233312121
1221223313112
1222311121121
1213313211332
1221223333132
1212231332323
1221223333213
1223213112132
1122122322222
1221223332133
1221223332122
1221223332221
1233222323131
1221223331211
1221223331323
1213213212213
1221223331332
1122122333233
1221223331121
1221223322312
1221223322213
1121123212222
1221223323221
1223212333231
1221223323331
1232121112323
1221223321322
1221323221322
1221223321131
1221223321113
1231213323223
1221223211122
1211312232231
1122312333113
1221223213333
1221223213223
1221223213232
1123131311313
1221223213131
1111211212131
1123333312323
1221223213113
1111121311331
1221223212233
1223233122313
1221223212222
1221223212332
1221223212121
1123121313222
1221223212112
1123221213213
1122331123122
1111222233231
1221223223132
1232323331313
1221212213331
1221223223231
1122223233212
1221223222133
1221223222212
1122113313211
1221223222313
1112123221233
1231221233121
1232122333321
1221223221222
1121312323133
1221211213332
1112132331323
1221223221332
1221223232321
1121123211212
1221223232312
1121111212311
1221223233111
1212211311122
1111112223221
1221223233122
1221223231322
1112322112222
1221223231131
1221223121111
1213311121312
1232312213233
1222311132123
1213231323223
1121321312223
1221223121133
1121332321133
1122211213323
1221223123311
1221223123322
1121133322111
1121233123221
1221332313223
1221223123232
1233131233211
1221223123131
1223113222113
1232313223132
1221223122211
1221313212213
1221223122222
1123323321322
1221223122323
1221221232233
1221223122121
1123113231222
1221223122112
1222213123131
1221223131123
1222113121323
1221223131132
1121112212231
1221223131321
1221223131213
1231112311213
1221223132322
1211111122131
1222311113311
1221223132131
1221223133211
1221223133222
1212132131113
1111223232321
1221223133112
1112221121312
1221213312132
1221223113231
1232311212321
1221223113213
1223212222122
1221223112212
1211131332211
1221223112331
1213311112132
1112113312312
1221212111321
1221223111211
1223321123323
1221223111323
1222111131111
1221223111121
1221222211132
1211113322333
1222132131213
1221222211321
1121321323122
1221222211312
1211111133232
1221222211213
1221222212333
1122312213132
1233223121332
1221222212322
1232112112211
1221222212223
1221222212232
1121312122121
1221222212131
1223222312132
1221222213211
1221222213323
1221222233132
1123323211331
1221222233231
1123332233212
1221222232111
1221222232212
1211131131322
1221222232331
1221222232313
1213323313121
1221222231222
1221222231332
1211131313313
1222213312322
1221222231121
1221222222123
1123313112211
1221222222132
1221222222312
1211323231122
1233211333222
1221222222213
1233331312112
1221222223212
1221222221333
1221222311221
1121221121231
1221222311313
1221222313322
1112311222112
1232331233122
1221222313232
1123112232312
1221222313131
1221222312211
1213313122212
1221222312222
1232232222223
1221222312323
1221222312121
1211311122122
1232121213123
1221222312112
1223323213213
1221222323123
1221222221113
1221222323213
1222321223213
1221222322111
1223212311123
1221222322133
1223231121231
1222113311131
1221222322122
1212333223321
1222223121211
1221222322313
1223232113121
1112122211213
1221222321211
1123112322132
1221222321233
1221222332123
1221222333122
1221222333331
1221222331311
1221222331322
1221222331232
1221233121213
1222231221233
1221212331231
1221222331113
1212133211311
1123211122233
1221222131221
1222312322231
1221222131331
1221222133333
1221222133322
1121213131231
1221222133223
1213133223131
1221222132211
1121232223333
1221222132233
1232311322112
1221222132222
1221222132121
1221222132112
1213211211122
1213123211113
1122213322113
1112331221322
1221222121123
1223231211231
1232322322323
1232111111323
1221222121321
1221222121312
1223222213132
1121313333111
1231212111122
1221222121231
1111213313111
1221222121213
1221222123211
1122221332223
1221222123121
1123322332312
1112333131333
1221222112312
1211113322131
1221132121323
1221222112231
1221222113221
1121122231112
1221222113212
1212333323122
1221222113313
1221222111113
1233211132313
1112232221122
1122231323323
1221232213232
1221231111133
1221231111122
1112211223323
1221231111221
1221231111331
1221231113311
1212212121232
1221231113322
1221231113223
1223113212312
1221231113131
1222331232313
1123121332122
1221231112233
1221231123123
1221231123132
1221231123312
1221231122111
1222231121133
1221213113232
1221231122212
1223231211132
1221231122313
1221231121222
1112113122111
1221231121332
1221231121112
1112123111332
1221231132123
1232231322221
1221231132132
1221231132321
1111211223221
1221231132312
1221231133111
1122223212112
1112121313213
1221231133212
1221231131322
1221231131131
1221231331111
1222111322331
1221231331122
1221231331331
1221231331313
1122211131122
1221231333223
1233232311232
1221231333232
1221231333113
1211131231123
1221231332211
1212222333133
1221231332222
1221231332323
1221231332121
1212123213231
1223323223311
1112331112321
1233333121222
1221231332112
1211222112311
1223123111113
1121321232213
1221231321321
1122111233322
1221231321213
1221231322232
1221231322113
1221231323211
1232111112133
1221231323233
1221231323222
1221231323112
1123221333113
1221231312123
1221231312321
1221231312231
1221231312213
1221231313111
1233211233113
1231113121213
1221231313133
1221231313221
1123223323231
1221231313331
1123122211211
1221121213222
1221231313313
1211312311132
1221231311223
1221231221133
1112131221313
1221231221122
1212121221131
1221231221212
1221231221331
1221231221313
1212133311211
1123323231131
1221231223333
1221231223322
1221231223232
1213121313233
1221131322312
1221231223131
1211223311322
1221231223113
1122332231332
1221231222211
1221231231123
1123311223122
1221231231231
1221231231213
1223233121222
1232333221213
1221232123223
1121111213121
1221231232311
1221231232333
1221231233211
1121133211123
1221231233222
1221231212111
1221231212221
1221231212212
1233132212211
1221231212331
1211222223112
1231211221332
1231312322332
1221231212313
1222123322213
1222212222231
1111122313231
1221231211233
1223131113222
1121323333332
1221231211332
1213312312221
1231322222312
1221232311321
1221232312131
1222113223131
1221213323332
1121133312112
1221232312113
1221232313222
1221232313323
1232112222233
1221232313112
1221232333132
1212332133322
1123223211213
1221232333312
1221232332111
1221232332133
1221232332122
1221232331211
1221232331332
1221232331121
1221232322231
1221232323212
1123221123213
1122211121321
1221232323331
1221232321333
1223111313112
1231213222131
1221232321322
1221232321232
1223323333131
1233111313131
1112212223221
1221232321113
1221232211111
1213121131321
1123321231331
1221232211133
1232232222322
1221232211122
1221232211212
1221232213223
1221232212211
1211321113321
1221232212233
1233322122221
1221232223132
1233322133122
1221232223231
1221232222313
1121312211221
1221232221112
1211222321122
1122323311331
1221232232123
1231222332331
1221232232321
1221232232213
1221232233221
1231222121313
1221232233212
1221232233331
1222231233221
1122212221123
1221232233313
1221232231333
1213222312322
1221232231223
1221232231232
1112221231233
1121132122323
1112123323313
1222311313122
1232231313113
1221232121221
1213312222333
1232131212321
1221232121331
1123131323321
1233131221331
1221232123311
1221232123333
1221232123322
1221232123232
1221232123131
1222311212331
1221232123113
1112333323112
1221232122211
1221232122233
1221232122121
1111112322133
1221232122112
1233211233311
1221232131132
1111122323232
1221232131312
1221232131231
1221232132333
1221232132232
1222231331121
1221232132113
1221223123113
1221232133233
1221232133222
1233112332333
1221232133323
1221232133121
1221232113123
1221232113312
1123122232232
1221232113231
1213231123111
1221232113213
1223322131233
1221232112111
1221232112221
1112232211233
1221232112212
1221232112331
1211233233311
1221232111233
1223331232123
1221131223213
1221213231321
1232333222113
1221232111323
1231322321112
1221233211321
1111111213221
1221233211213
1221233212333
1221233212223
1212321332323
1233123111121
1221233212232
1223323122122
1221233212131
1221233213211
1213313333113
1221313222131
1221233213121
1213312332223
1122232333312
1221233233123
1123223331333
1221321121222
1221233233321
1221233232133
1221233232212
1122231312321
1221233232313
1112223211211
1121123132232
1221233231222
1222333212111
1231322221131
1221233231332
1121122112132
1221233222123
1221233222132
1221231213321
1221233222231
1221233223111
1233112122132
1221322321232
1221233223122
1221233223212
1213212211211
1221233223313
1221233221333
1112113323112
1221233221322
1211312121111
1112313331311
1221121232331
1221233221223
1213133331111
1221233221232
1221233311111
1221233311221
1213232222231
1222111133322
1221233311331
1122132333113
1221233313223
1121331131133
1221233312332
1221233323321
1221233323213
1123221123231
1221233322212
1221233322313
1222212113331
1221233321233
1232122312232
1233333112211
1221233321121
1221233321112
1212312231312
1221233332132
1221233332321
1221233332213
1222123132223
1221233333111
1221233333331
1211323133213
1212121132233
1221233331311
1221233331333
1221233131111
1211322233112
1221233131133
1221233131331
1231313331122
1221233133113
1121131321213
1221233132222
1223311223323
1121112321313
1221233132323
1123122133212
1121211123313
1221233121123
1122113232321
1221233121312
1211111231332
1211322221122
1211311331221
1221233122232
1213121133121
1121223232223
1232132311313
1221131323331
1221233122113
1121222122321
1221233123233
1221233112123
1211333121233
1123121221332
1221233112321
1221233112213
1221233113122
1123312122123
1221233111311
1221233111322
1212122232332
1231313131322
1221233111223
1211131212331
1221213111133
1223313113213
1221213111212
1221213113311
1122332223221
1221213113131
1121113123312
1221213112233
1221213112323
1112232323211
1233232131223
1221213112332
1221213112121
1221213122212
1121321323331
1221213122313
1213112123131
1221213121211
1232333311112
1221213121222
1221213121323
1221213132132
1213322222312
1221213133221
1112233333211
1122133123212
1221213133212
1233332121131
1221213131322
1211212122232
1221213131232
1221213131113
1212322332133
1221212122231
1221213331111
1121122121312
1221213331133
1212331233223
1231112313121
1221213331122
1213221223113
1221213331221
1221213331331
1221213332211
1223321233123
1221213332233
1211123111323
1223131211113
1221213332323
1212321233211
1222121332223
1221213332332
1122121131221
1221213332121
1212122211232
1223131111321
1221213321123
1221213321321
1211323233131
1221213321231
1122111331321
1221213322333
1222312131231
1221213322232
1211212232133
1221213322131
1221311121111
1221213322113
1231221131232
1221213323222
1221213323323
1112212313223
1221213312312
1221213312231
1221213313111
1221213313122
1221213313221
1112222113211
1221321132213
1221213311322
1121211312331
1221213311232
1231212311232
1221213311131
1232211121112
1222311322232
1221213221111
1221213221331
1221213223311
1112313132233
1221213223322
1221213223232
1221213223113
1222133331333
1221133322211
1221213222121
1121313333313
1221213222112
1123113113111
1221213231132
1221323132233
1221213232333
1213121233221
1221213232223
1111232112313
1221213232232
1222332333222
1221213232131
1221213232113
1221213233211
1221213233222
1221213233112
1211111123233
1221213213123
1213212112233
1223222231213
1221213213132
1221213213213
1121212111322
1221213212122
1122332111232
1221213212212
1221213212331
1112222112322
1111112212113
1122222131313
1221213211211
1221213211233
1223121231132
1221213211323
1221212111312
1221212112311
1231333232122
1221212112333
1212233212223
1221212112322
1111212311323
1221212113211
1221212113233
1221221333233
1221212113323
1221212113121
1221212133321
1233323133321
1221212133312
1211233332311
1122121123121
1221212133213
1221212132133
1221212132221
1221212232332
1123311123121
1233232332323
1221212132212
1221212132313
1223111332212
1222113213312
1122311332133
1221212131332
1223111112133
1221212131112
1211133323312
1221212122132
1233221311212
1112212231233
1221212122312
1221212123133
1231232212322
1221212123212
1221212121311
1212222321211
1122323112123
1221212121223
1221212121232
1221212231331
1221212233333
1121213212211
1221212233322
1221212232211
1221212232233
1232121111111
1221212232121
1221212221123
1221212221321
1222322313212
1112221321121
1221212221312
1123311132112
1221212223211
1221212223332
1221212212123
1122332331311
1232233332332
1221212212132
1231331221331
1221212212321
1121212212311
1221212212231
1233323111132
1221212231111
1221212213111
1221212213133
1221212211311
1222331333221
1221212211333
1231133311333
1221212211223
1221212211131
1221212321122
1221212321221
1233221332231
1221212323232
1112113212221
1221212322211
1213322313322
1221212322332
1223121132312
1221331232332
1221212322121
1221212331123
1221212331132
1233222312331
1221212331321
1112313232313
1231122321132
1221212331312
1221212332311
1221212332333
1112223311311
1221212332223
1221113312113
1221212332232
1221212332113
1213232323123
1221211131331
1112331331113
1221212333323
1233331231121
1221212333332
1213212321213
1221212313132
1221131232321
1221212313312
1232122333132
1221212313213
1123231131211
1121131132312
1221212312111
1221213231231
1231111332211
1221212312221
1221212312212
1232312222321
1231331311322
1221212312331
1221212311332
1231213212231
1221211212311
1213111123213
1221211212322
1221211212113
1231221322232
1221211213323
1221211233132
1123113233213
1221211233213
1221211232221
1212213223223
1221211231233
1123333332321
1221313311233
1221211231323
1221211231112
1111211122311
1221211222123
1232312313223
1221211223111
1211133332321
1221211221333
1212223113231
1221211221322
1221211221223
1213131111311
1221211311133
1223331132322
1221211311221
1231322232133
1221211311331
1213113233231
1123313323121
1221211313223
1223111223231
1221211312211
1211131331212
1213311213222
1221211312222
1221211312323
1211133233321
1221211312332
1221211312112
1213311231121
1112212111113
1111211231222
1221211323132
1121111233312
1221211323213
1221211322133
1123311223313
1221211321222
1121332131211
1221211321323
1212222113133
1221211321332
1221211332123
1221211332321
1112323222311
1221211332312
1221211332231
1221211333221
1211123322231
1221211333331
1221211131133
1221211131122
1221211133311
1221211133131
1221211133113
1122212311233
1231131223122
1221211132233
1221211132222
1231322122311
1221211132112
1221211121123
1232332223131
1221211121132
1121323233311
1221211121312
1221211121231
1221211121213
1221211122333
1121131322322
1221211122322
1221211123233
1233321121331
1221211123222
1221211123332
1221211112213
1121231133222
1221211113111
1122131221233
1221211113212
1221133223112
1232233312213
1221211111311
1221122133321
1221211111333
1221211111322
1221211111223
1232132132233
1231111213321
1231312233232
1222311111133
1222311111221
1121113121233
1222311111212
1122232133121
1222311111313
1222311113333
1222311113113
1222311112233
1112332121333
1222311112222
1212212223211
1222311112332
1212213131113
1222121222113
1222311112121
1123112211111
1122213233222
1222311123312
1222311122133
1222133221322
1221332233213
1222311122122
1222311122221
1223123322221
1222311121112
1123222133211
1222311132321
1211212323231
1222311132312
1222311133111
1211323331231
1112112311233
1222311133133
1122112223133
1222311133122
1122121312211
1222311133331
1212232323133
1222311131113
1222311331133
1222311331122
1222311331212
1123111122212
1222311331313
1222311333311
1122122313321
1222311333333
1221131232132
1222311332233
1213123112113
1222311332323
1222311332112
1232332211233
1222311321123
1222311321312
1223112122221
1123333132121
1222311321231
1232131322211
1222311322322
1222311322223
1222311323211
1122233312323
1222311323222
1223323322333
1222232231231
1222212232221
1222311323323
1212313123122
1232113322222
1222311323332
1221313121223
1222311312123
1213221333223
1222311313111
1223331322132
1222311313133
1222232311311
1222222112131
1231332321232
1222311313331
1222311311322
1222311311223
1232313233122
1222311311131
1222311311113
1222311221313
1222311223333
1222121311121
1233323123133
1221313212123
1222311223223
1212231312132
1222331321323
1222311222222
1222311222332
1222311232333
1112132323212
1233221121312
1222311232232
1223331232321
1112333133133
1222311233233
1222311233332
1222311213123
1212333333213
1123312322323
1222311213132
1112223121211
1222311213231
1112222123331
1222311212212
1222331212322
1123323233331
1222311211211
1221112223212
1222311211332
1231123313312
1222311211121
1222311211112
1222312312333
1123212132213
1221321331221
1222312312322
1221311112212
1222312312223
1222312312113
1222312313211
1211232222112
1222312313323
1221132123213
1222312313112
1223211212212
1121311311311
1222312333321
1211312332331
1222312333312
1233313233123
1112333131113
1222312333231
1222312332111
1211311121211
1223221211331
1222323331123
1232112132321
1222312332221
1222312332331
1231123212312
1222312332313
1222312331211
