22144
121111111112
121111111121
121111111222
121111111211
121111112331
121111112212
121111112221
121111112122
121111112133
121111112111
121111113213
121111113231
121111113321
121111113132
121111113123
121111133112
121111133323
121111133222
121111133233
121111133211
121111132322
121111132333
121111132311
121111131213
121111131312
121111131132
121111131123
121111122121
121111122332
121111122323
121111122233
121111123131
121111123223
121111123333
121111121313
121111121331
121111121122
121111121133
121111231113
121111231131
121111231232
121111231333
121111231311
121111233313
121111233221
121111233122
121111233133
121111232231
121111232321
121111232132
121111221112
121111221323
121111221233
121111222313
121111222331
121111222212
121111222221
121111222111
121111223321
121111123311
121111223132
121111212121
121111212332
121111212222
121111212233
121111213113
121111213223
121111213322
121111213333
121111213311
121111211313
121111211331
121111211212
121111211221
121111211122
121111211133
121111211111
121111321113
121111321232
121111321333
121111323212
121111323221
121111323133
121111323111
121111322213
121111322231
121111322312
121111322321
121111331112
121111331121
121111331332
121111331233
121111331211
121111332313
121111332331
121111332221
121111332122
121111332111
121111333213
121111333231
121111333312
121111333132
121111313112
121111313323
121111313222
121111313211
121111312232
121111312322
121111312311
121111311321
121111311123
121113311112
121113311121
121113311332
121113311323
121113311233
121113311211
121113312313
121113312331
121113312212
121113312221
121113312133
121113313213
121113313312
121113313321
121113333112
121113333121
121113333332
121111213232
121113333222
121113333233
121113333211
121113332113
121113332131
121113332322
121113331213
121113331231
121113331312
121113331321
121113331123
121113322332
121113322323
121113323113
121113323322
121113323333
121113323311
121113321331
121111131231
121113321212
121113321122
121113321133
121113321111
121113211113
121113211131
121113211232
121113211322
121113211311
121113213313
121113213331
121113213212
121113213133
121113212213
121113212231
121113212321
121113212132
121113223323
121113223233
121113223211
121113222113
121113222131
121113222232
121113222322
121113222333
121113222311
121113221213
121113221231
121113221312
121113221132
121113232112
121113232121
121113232332
121113232222
121113232211
121113233113
121113233232
121113233333
121113233311
121113231313
121113231212
121113323223
121113231111
121113121113
121113121131
121113121223
121113121311
121113123313
121113123331
121113123212
121113123221
121113123122
121113123133
121113123111
121113122213
121113122231
121113122312
121113122321
121113131112
121113131332
121113131323
121113131222
121113131211
121113132313
121113132212
121113132221
121113132122
121113133213
121113133312
121113133321
121113113112
121113113211
121113112113
121113112131
121113112232
121113112322
121113112333
121113112311
121113111213
121113111312
121113111321
121113111132
121112211332
121112211233
121112212313
121112212212
121112212122
121112212111
121111122112
121112213213
121112213231
121112213312
121112213132
121112213123
121112233112
121112233332
121112233323
121112233233
121112232131
121112231213
121112231321
121112231132
121112231123
121112222121
121112222332
121112222323
121112223131
121112223223
121112223322
121112223333
121112221313
121112221212
121112221221
121112221122
121112221133
121112311113
121112311131
121112311232
121112311223
121112311322
121112311311
121112313313
121112313331
121112313212
121112313221
121112312231
121112312312
121112312321
121112323332
121112323323
121112322113
121112322131
121112322232
121112322223
121112321213
121112321231
121112321312
121112321321
121112321123
121112332112
121112332323
121112332222
121112332233
121112333113
121112333131
121112333232
121112333223
121112333322
121112333311
121112331221
121112331122
121112331133
121112131113
121112131223
121112131322
121112133313
121112133212
121112133111
121112132231
121112132312
121112132321
121112132123
121112121112
121112121121
121112121222
121112121233
121112122331
121112122221
121112122122
121112122133
121112122111
121112123213
121112123231
121112123321
121112123123
121112112121
121112112332
121112112211
121112113232
121112113322
121112113333
121112113311
121112111331
121112111122
121112111133
121123111113
121123111131
121123111223
121123111322
121123111333
121123113313
121123113331
121123113122
121123112213
121123112312
121123112321
121123112132
121123123121
121123123332
121123123323
121123123222
121123123233
121123122113
121123122131
121123122223
121123122311
121123121231
121123121312
121123121132
121123121123
121123132112
121123132332
121123132323
121123132211
121123133113
121123133232
121123133223
121123133322
121123133333
121123131313
121123131212
121123131122
121111311132
121123131111
121123331113
121123331322
121123331311
121123333313
121123333212
121123333122
121123332213
121123332312
121123332123
121123321121
121123321332
121123321222
121123321233
121123322331
121123322212
121123322221
121123322133
121123323312
121123323321
121123323123
121123312112
121123312332
121123312323
121123312222
121123312211
121123313232
121123313223
121123313322
121123313311
121123311331
121123311212
121123311122
121123311111
121123221131
121123221232
121123223212
121123223221
121123223133
121112221111
121123222213
121123222231
121123222321
121123222123
121113321221
121123231112
121123231332
121123231323
121123231222
121123232313
121123232221
121123232133
121123233213
121123233312
121123233321
121123233132
121123233123
121123213121
121123213332
121123213323
121123213222
121123213211
121123212113
121123212131
121123212223
121123212322
121123212333
121123212311
121123211213
121123211312
121123211132
121123211123
121122111323
121122111222
121122111211
121122112313
121122113213
121122113312
121122113321
121122113132
121122113123
121122133112
121122133121
121122133323
121122133222
121122132113
121122132131
121122132223
121122132322
121122131213
121122131312
121122131321
121122131132
121122122121
121122122332
121122122323
121122122233
121122122211
121122123232
121122123223
121122123322
121122123311
121123311313
121122121313
121122121331
121122121221
121122121122
121122121133
121122231113
121122231232
121122231333
121122231311
121122233331
121122233212
121122233221
121122233122
121122233111
121122232213
121122232231
121122232321
121122221112
121122221121
121122221233
121122221211
121122222331
121122222221
121122222111
121122223213
121122223231
121122223312
121122212332
121122212323
121122212233
121122213113
121122213223
121122213322
121122213311
121122211331
121122211212
121122211221
121122211122
121122211133
121122321113
121122321131
121122321322
121122321333
121122323313
121122323212
121122323122
121122323111
121122322213
121122322321
121122322132
121122331112
121122331121
121122331332
121122331323
121122331222
121112233211
121122331211
121122332221
121122332133
121122332111
121122333231
121122333312
121122333132
121122313112
121122313121
121122313332
121122313222
121122313233
121122313211
121122312322
121122312333
121122312311
121122311231
121122311312
121122311321
121121211112
121121211121
121121211332
121121211222
121121211233
121121212212
121121212221
121121212122
121121212111
121121213312
121121213321
121121213132
121121213123
121121233112
121121233222
121121233233
121121232131
121121232232
121121232223
121121232333
121121231213
121121231312
121121231132
121121222332
121121222222
121121222233
121121223113
121121223131
121121223223
121121223311
121121221331
121121221221
121121221133
121121221111
121121311113
121121311232
121121311333
121121313313
121121313221
121121313133
121121313111
121121312231
121121312132
121121312123
121121323121
121121323323
121121323233
121121323211
121121322232
121121322223
121121322322
121121322333
121121321213
121121321231
121121321312
121121321321
121121321123
121121332112
121121332332
121121332323
121121332222
121121332233
121121333131
121121333232
121121333322
121122222122
121121333311
121121331313
121121331331
121121331212
121121331122
121121131131
121121131232
121121131322
121121133212
121121133111
121121132231
121121132321
121121121112
121121121121
121121121233
121121121211
121121122331
121121122122
121121122111
121121123213
121121123231
121121123312
121121123132
121121123123
121111122222
121121112121
121121112323
121121112222
121121112233
121121113131
121121113232
121121113223
121121113322
121121113333
121121113311
121121111313
121121111331
121121111221
121121111122
121132111131
121132111311
121132113313
121132113331
121132113221
121113213122
121132113122
121132113133
121132112231
121132112312
121132112321
121111313121
121132112132
121132112123
121132123112
121121233323
121132123121
121132123332
121132123222
121132123211
121132122113
121132122131
121132122232
121132122322
121132122311
121132121213
121132121231
121132121312
121132121321
121132121132
121132121123
121132132222
121132132211
121132133113
121132133131
121132133223
121132133322
121132133333
121132133311
121132131313
121132131331
121132131212
121132131221
121132131133
121132331113
121132331131
121132331232
121132331322
121132331311
121132333313
121132333212
121132333221
121132333111
121132332321
121132332132
121132321112
121132321121
121132321323
121132321233
121132321211
121132322313
121132322221
121132322122
121132322133
121132322111
121132323231
121132323312
121132323132
121132323123
121132312332
121132312222
121132312233
121132312211
121132313113
121132313322
121132313333
121132311313
121132311212
121132311221
121132311122
121132311111
121132221113
121132221232
121132221322
121132221333
121132221311
121132223313
121132223221
121132223122
121132223133
121132223111
121132222213
121132222231
121132222312
121132222132
121132222123
121132231332
121132231323
121132231222
121132231233
121132232313
121132232331
121132232221
121132232111
121132233213
121132233231
121132233312
121132233321
121132233123
121132213332
121132213323
121132213233
121132213211
121132212113
121132212131
121132212223
121132212311
121132211213
121132211123
121133111323
121133111222
121133111233
121133111211
121133112313
121133112331
121133112212
121112331111
121133112221
121133112133
121133112111
121133113213
121133113231
121133113321
121122123333
121133113132
121133113123
121133133121
121133133332
121133133222
121133133233
121133133211
121133132113
121133132131
121133132223
121133132322
121133132333
121133132311
121133131213
121133131231
121133131312
121133131321
121133131132
121133131123
121133122332
121133122233
121133122211
121121232113
121133123131
121133123232
121133123322
121133123333
121133121313
121133121331
121133121221
121133231113
121133231131
121133231311
121133233313
121133233331
121133233212
121133233122
121133233133
121133233111
121133232213
121133232231
121133221112
121133221222
121133221233
121133222122
121133223312
121133223321
121133223132
121133223123
121123132233
121133212332
121133212222
121133212233
121133212211
121133213113
121133213131
121133213232
121133213223
121133213322
121133213333
121133213311
123312233233
122321113233
123312232131
122123111123
123312232333
122331313331
121231133113
123312232311
111233212112
123222321121
121333112333
121331212121
123111123221
123312231312
123312222332
123312222222
112212233212
123212232332
123312221313
122231213133
123312221331
123312221221
121132312121
121223312313
123312311232
123312311333
123132213132
123312313331
122213321212
123312313111
123312312213
111231113121
123312323112
123312323233
111212112211
121113223112
112333112311
123312322311
122212322113
123312321231
121122313323
123312332211
121211121233
123312333131
122111332233
123312333311
123312331331
123312331212
123312331221
123312331122
121133211122
123312131113
112121131223
123312131131
111112332331
122333131111
121323221133
122211222221
121312132211
123312133331
123312133122
123212111231
121221212233
123312133111
121212111211
121111132232
122332123333
123312121233
123231133221
123312121211
122311312211
123312122313
111212112323
123312122212
121221311231
123312122133
123312123231
123312112222
123213111331
123312112211
111211323212
121233211323
112212222331
123312113223
123332333122
123312111331
123312111122
112333232112
123322113231
112233221221
123131121313
123323113122
123323112213
123323112231
112122221222
123323112321
123323112132
123233333313
123323123332
121133212112
123323123323
122313133111
123323122223
111213212312
123323122322
112132222312
123323121312
123131332133
123323121123
122232231211
121311221213
123323132112
111222123232
123323132222
123323133232
123312322113
112333333112
123323133223
122121333312
123323131111
123323331232
122311323231
123323333313
123213132312
121233333131
123323333133
122332212323
121231223212
123323321332
111123321122
123231212221
123323322331
123323322212
121313221323
122221212111
123323323312
122332232132
123323312323
122333113212
123323312211
112231112321
123323313131
122122232311
122323213232
123323313223
121211133122
112333222311
123323221131
111121122222
123323221232
111221321132
112211112332
123323223331
112223332322
122212311113
121111323313
123323223111
123323222213
123222131313
123323222321
123213322113
123323231121
123312121332
123323231211
112211323233
123323232313
111232232221
111231213313
123323232122
112331233212
123123223113
123323213121
123112332123
123331313312
122112122233
123323213323
121331321223
123323213222
121113121322
123111121232
121211233332
123323213233
123323212322
123331222333
122113313131
121232122231
122231223222
123322111121
122321321122
123322111222
123322111233
123322122233
123222222213
123322112221
123311111211
123322112133
112132232133
122233212222
123322112111
123213211323
121122321311
123322113132
123322133332
112231312121
112211321231
122133223131
123322132113
123322132131
123322132232
111221222323
123322132223
123322132322
122111322333
123322132333
122133123132
123322131312
123111223112
121131221231
123232111222
121323221313
122322113212
123322123223
112321213112
123322123311
122221313221
123322121221
123112221232
123322231113
112111132333
123322231232
121113113233
123322232231
112212133112
121112112323
123322232321
123322222212
122312333222
123322222133
123322222111
122211231322
111211313112
123322223132
123322212112
121311133123
123322212323
112332323323
123322212222
122213223112
123323331311
112212231322
112332221331
123322213232
123322213333
123323233123
111111112121
123322211133
121133321113
123132213123
122331211112
123322211111
112211223232
123322321131
123322321232
123331323311
123133112232
123321113333
121221323111
123232333321
123233121123
121223331231
111123333332
121111332133
123322323221
112213121132
123322322213
112212212112
123232113321
123322322231
112111332122
123322322312
123322322321
121132111322
122132222223
123322322123
123322331112
123322331121
123223321311
122122323112
123322332221
111233133222
122332332212
123322332122
111121221332
123322333231
123132233211
123322312131
121133331323
123322312311
121311221132
123322311321
122112312131
123322311132
123321211323
123233331232
122113322221
123321211211
121111113312
123321212313
112311312111
123222322133
123321212212
121121331221
112133332212
123321212221
123321213213
123321213123
123321233112
121313233122
121323232232
123321233323
123321233222
111221223232
123321233211
123321232113
123321232131
121111313332
123321232232
112223213111
121213133113
122311232122
123321223223
123321223322
123321223333
122122133111
123321221122
122231311121
123321311223
123321313313
123321313212
123321313221
123321313111
112233112112
122122222211
123321312312
123311221112
123321312132
123321323121
122212132213
123321323332
112122321322
122131113221
123321323211
121113113323
123132232322
123321322232
123112211321
121121232311
123321321231
123312311311
112121211222
112233332112
123321321312
112122323133
111231222232
123223223321
112321323312
123321332121
123321332332
123323211231
123321332323
123321333131
122311313311
111232221311
123321333311
121113222223
123321331313
123221213133
123321331221
123321331111
123321131311
111111121323
123321133313
122123322323
123321133331
123321133111
112121212133
122332111121
123321132213
121233211222
123321132123
123213231231
123321121222
123321122331
123321122122
112112121323
112112111122
123233321323
123323311122
123332131111
123321123321
123321123132
123321123123
123111231111
123321112121
123321112323
122313331122
123321112211
123321113131
111221223131
123332111131
123121213112
121333232112
123332111232
123221231122
123333121313
112233121332
123332111333
123322232132
111222212233
123332113122
111112123333
123332112321
123332123121
123332123211
123332122113
121131113121
123111233223
112131232222
122333121312
123332121123
121133232123
123332132323
112211331331
123332133232
121112323211
123332131221
123123222121
121323222121
123312311223
112211122212
122232211231
123332331113
111213212132
112331123333
123332331311
122313131223
123332333313
112112112121
123332333212
123323331223
121123133131
123332333111
123332321112
122221233112
122322112132
123332321121
122232231332
123332321211
111232232133
123332322212
123332322221
121321211213
123332322122
122313131311
123332322111
121121233121
112332222233
112222213132
121122112331
122111233121
122123222113
123332323123
121132133232
123223323111
123113121122
121232131222
123332313113
123321222233
112233111313
122322133232
121221233111
123332313223
121331231322
123332313333
112132213211
122311232313
123332311221
112133212121
123332311122
111122131223
123332221232
121122222133
121233112222
123332221322
112233121112
123332223133
123332222231
123233113212
123332222132
122111232232
122233321333
121322323232
123332232221
123121131133
123332233213
123332233123
123332213112
123132233233
123332213332
123332213211
123332212322
123112132332
123333111112
111222132232
123312113232
123333112313
123333112133
123322122323
111121111323
122322213112
123333113213
121232333121
123333113321
123333113132
123333133121
123333133323
123331222131
122133211121
123333133211
123322223231
123122122213
123333132311
123333131213
123333122323
123333123322
121332113333
123333123333
123321311131
123333121212
123333121133
123322323212
111122211323
123333231131
123112233123
122123131332
123333231232
121121121222
112132323312
111231332113
112221233111
123333233313
123312231321
123333233331
123333222221
112111212112
121332213231
112332321213
123333233221
122123321313
123333233122
122322213323
123333233133
112133112133
123332112132
122113223122
123333221332
123333221323
123333222331
123333222122
123333223312
123321112112
123333212323
112133331211
111112233111
123333212222
123113133233
122311223331
123333213131
123333213232
122133312321
123333211221
112231133223
111112113123
123211332132
123333211122
112213212311
123312222121
111222333213
123333321113
123212333211
123333321223
123333323221
112132321121
112313331211
123333323122
121212122121
122123321221
123333322213
123333322231
123333322132
112322221231
123322123113
122233232213
123333331112
123213123123
123333333132
123333313233
112231121123
111233212323
123333312232
112333111321
123333312333
112113121232
111213331123
123333311213
122231331123
123331311121
123121121213
123331311332
111222233212
121122111112
121311211223
121332131311
123331312221
123331313321
111213233232
122111211112
123331333323
111232121213
123331333222
123331332113
122133311322
123331332131
123211132211
123331332311
112111321113
123313233232
122132133123
123331331231
123212331312
123331331321
123331331123
112113233113
122222222313
123331321122
112221213232
112313221121
121221211133
123331321133
112132131331
123331213221
123331213133
123331212213
123331212312
123223111222
123133231221
123331223233
123331223211
123123232113
123331222232
123331222223
123331221213
112111331233
121111222133
123323312332
123113222111
123232223321
123111211131
111213212231
122321211333
121131323311
123331233311
112233232333
123321332211
111112111121
123331231313
123331231111
123331121131
123331121223
123321213312
123331121311
111233212211
112222232131
112221313121
123331123221
123313211113
121321123332
123331122123
123221221123
123331131332
123123321321
122311323213
123331132221
122311223133
123331132111
122313332332
111112112313
123331131121
112211312213
123331133312
112312232111
112112223232
121131231212
123331112113
112122221332
123331112333
123312221133
112332222222
121131332232
123131111332
123131111222
112122313332
123131212323
123131133121
122313112211
121121112332
123131133211
112113122231
121221213113
123131132311
112131212213
123333132131
112312313232
122122133313
123131131231
123331123133
123131131123
122131233312
112133311213
123131123311
111122321231
123131121212
123131121221
123333111222
123131231322
122232323132
121213223122
123131233313
123322233212
123131233331
123131233212
123332332321
112331331121
123131233111
123131232312
123113111332
123321111212
121313211122
123131222331
122133331111
121332323211
123131222212
123131222111
112333131233
123131223231
122121113123
122231123221
121233223311
123131212332
112132232331
123312223333
123131212233
123213133133
122113332123
112232233113
112222113223
123332123332
121311131233
123131213311
123131211313
123131321113
123131321232
123131321223
112222111122
112221221121
121223321111
123333322312
123131323313
121213212311
121213323312
123131323331
112212321311
121331132131
121332223333
123131322213
111121121133
122231113222
123332212311
111121213223
111232223331
112122213232
123233133322
111213113332
122322211231
123131322132
111231231331
122221223232
112112312213
123131331121
123222212113
123322323111
123333232123
123322313233
123332133322
112221112313
112111221323
122211321113
123131332313
122123332131
123131333321
123132322223
123231332112
123213121233
123131333132
123131333123
123123111212
123131131312
123131313233
112121312321
122332211122
123131312113
123131312131
112122313323
122221311131
123131311231
123111132331
112321321233
123131311312
122122132312
123131311123
121332331221
123133311121
123323133333
123133311323
123323123233
121232323131
123133313231
112121232322
123311122233
122113112132
122111322223
123133333323
123331131222
123133333211
122213311323
123133332223
112131321331
123133331312
122122123123
123133322121
123133322222
112313113312
121232213111
112323133212
122322331232
123133323232
122332131123
123133323322
123133323333
123133323311
123133321331
123133321221
111223131133
123133321133
123132331331
122223221131
122211312311
121333221231
123133213212
123133213221
122332133323
123133213133
123133212132
111123223112
121122322312
123133223112
123133223121
123133223323
121332333322
123133222113
121223221123
122131123323
123133232112
112321333331
123133233333
123133233311
112213131122
123133231212
122232212113
123333231113
123223123113
123133121131
111233333132
122223121213
123133123122
123133122213
123133122231
121231231112
123322331222
123133122321
121213313333
123322311123
123133122132
112131311222
121213232133
123133122123
122132311323
121231212223
123133131222
121332213321
123133132122
123133132133
122333123211
123333121111
123133133213
123133133231
123133133123
123133113112
123133113323
123323211321
122332131312
123133112333
123133111312
111212111122
112122132322
123331223323
111121332212
123133111123
112213321211
123132211332
121131232211
123322112313
123311313121
123123211211
111121132333
112223222232
123132213213
123132213231
123331113332
123132213312
123323222231
123132233121
111232211213
123132232131
112332313133
123132231231
112332233233
111123131211
121112322322
123132231123
123132222112
123132222332
123331111231
122233213113
123132222323
123331212132
123132222222
112131222232
123132222233
112231122311
123231231123
123132223131
123132223232
112332311232
121111111332
123132223311
121221112212
112212233122
122131212311
123132311232
111221233323
123132312132
111121231311
122212222211
122311133322
123132323323
123132323222
112211113223
112232222333
111121212112
123122321221
123132321312
112221211221
121312212311
123132321123
123132332112
122123121113
112133331332
123132332121
121233313133
123332223111
122312332223
123132332323
123121222123
122222333213
123132333333
112133121122
123223121313
123132331221
112221321311
123132331111
112223312221
123132133212
123132133133
123132133111
123132132123
121132122333
123332131212
111122232232
123132121323
112131222113
123132121222
122313213213
121113323131
123132122122
112122223132
123313132313
123132123231
111222131213
123132112112
123132112121
121211121332
123132112332
123133221123
122211223312
112333322222
112333121232
123132113322
123132113333
123132111331
123132111221
123222122311
123132121332
121231323132
123132111133
121113232323
123112311122
123132111111
123112313322
121222221212
123121111311
123121113313
123231131232
122313311113
123121113212
122311323123
123121113133
112111323221
123121123211
122232313113
123212333112
122323232123
123121122322
123121121231
121231133223
121223231221
123122222113
123121132222
111233123223
123121133223
123331132122
111121222221
122123232323
121323133111
123121131313
111221232322
122312231331
123121331223
122322111113
123121331311
123121333212
112122133332
123121333221
123322111211
111213312212
111221133111
123121332213
112123233132
122132113121
123121332321
123121332123
123321312213
112231111113
122311133113
121111321223
123333232213
122211132322
123131332331
111221221221
121313311213
123122311112
123231331313
111111211211
121122222313
123121321222
123121322212
123121322122
112331323111
123121322133
121132323321
123121322111
123121323231
121313311312
123121312121
121233332332
123121312332
111233332331
121121321132
121232313231
123121313232
122331233233
122322232221
123121311313
123131221332
123121311221
112222211233
112323221331
123322313323
123121223331
122133111221
121131311211
122213312212
123121222312
123121231121
112222211323
123332132222
111231321122
112113222232
123121232221
123121233231
122331131232
122233313323
123323213332
123133132331
112312213112
123223122121
121123132222
121223213111
123121233312
123121233132
123331121322
123312121222
123121213233
112321212113
123212212123
123121213211
121121121323
123121212113
111212113311
111223212322
123121212333
123122333323
111223313333
112111222313
123121211213
112233213321
123121211132
111231332311
123121211123
111213233113
123122311121
123322113123
111213122312
123122311332
123133123221
123122311233
123212133213
123122312122
121133121133
122332223231
123122313123
112223312313
122323313211
123122333233
123122333211
111232213233
121223312122
123122332113
123321231213
123122332131
111222123113
121231213332
121112223113
123122332333
121221231322
121321232122
123122331123
121323211233
112313312131
122132233232
121323213312
123122122123
123131111211
122333321211
123211231121
123122313132
121331232213
112211233211
122321131323
123122323232
123122323333
121122323133
123133323113
123122323311
123122321313
112233233222
123122321331
121322231313
123122321212
112113132111
122211121133
121112113223
123122213221
122122213123
121211312321
111231313321
123122223112
123122223121
111222331323
123211233321
121223322222
121311122321
111212323222
111211223132
123122223222
123333332111
123122223233
123331312313
112132133131
121221222212
121113133123
123122222232
123122222223
123122222322
123122221321
121111212112
121131321133
123333321322
123211322212
123122232121
112322233131
123122232332
122333133322
122311131331
121221113132
123122233232
123331313231
121313313222
123122231221
122112332313
123333132113
123122231111
122113231121
123122121232
123111233333
112221213333
112331322321
123122121322
112113311323
121231313113
123122123122
123133112311
122232333313
123122122321
123122221213
111121322132
112321213323
112223332113
121313133323
123122131233
122123212213
122123321331
123122132331
123122132212
123333131231
123122132122
112131121311
123122132133
122112113123
122332213311
123122132111
121312312323
123122133231
112323323233
123122133132
112123113331
121223212123
123122133123
123122113112
112123221232
112211212212
122233133332
121212132131
123122113233
112313212121
123222111333
123233312211
123131122112
111221123132
123122112113
112212313211
123122112131
123122112223
121232323232
123122111123
123123211112
112211112112
123123212133
123123213231
121213223111
112112213312
112211121332
123123233121
111231322233
123123233211
122111211211
123123232333
123123232311
122223232111
122322322331
123123231231
123123231321
112332223232
123123222332
123123222222
123123222233
123123222211
122123122231
121213313232
123123223223
123223223123
123312131311
123123223311
111213322121
123123221212
112123133232
123123221133
112131122312
112123131111
123331211333
123123311113
123123311131
111222222111
122131132233
121222112323
123123311223
123123311322
123123311333
111123323113
111223122113
122223133113
121232233333
122332311213
123321132132
122111311131
123123313212
123321111122
123111332113
123123313221
112223332131
123133313132
112323331331
122212222222
122332221211
123333312311
112322122321
123123312312
111223312323
123123312321
123123312132
121321333133
111212121112
121123231211
111112312113
123123323222
121112322311
123123323233
121113111123
123123322131
112112223131
123211133333
122111232311
122223321323
123123322333
123123321312
112232131332
123123321123
123123332121
111123113233
122112322213
123123332222
123111121223
123332231323
112333212231
123131123113
112222113232
123123332211
111111231312
123123333113
111123231221
123123333232
123123333223
123123333311
112112211121
123123331313
112322331312
121331111323
123123331133
122313211323
121113332333
123123131113
122113131221
121223233131
123123131322
123331321212
122132133312
123123131311
123123133122
123123132231
123312212313
111123331123
123123132321
123131333213
123212213331
123121232212
112222211121
121323323332
123123121332
123123121233
123131212211
123123122313
123122212231
112232331132
123123122212
123322221222
123123122133
121312321112
122221113131
123123122111
111122132132
123122322211
123123123231
111112231131
122131323312
122232132323
123123123312
122131313333
111233111112
123123123321
121313113132
123123123132
123123112121
111112331233
121331112221
123123112332
122332223132
121222312123
123123113113
111122123123
111123312221
122231112113
123123113223
112222111212
123131323212
123123113333
123123113311
123323312233
123221131222
123123111313
111121113312
122122311113
123123111331
123131113213
123122313231
123123111122
123123111111
121133323133
123112111113
111213332333
123112111333
122111333232
123112111311
123333332331
123112113313
111222332111
122323211133
123323111311
123112113133
112112233323
112333113332
122131122113
122321232332
123112113111
123112112231
123112112312
123112112132
123132122133
123112123112
123112123233
112112232113
121132332123
123121113221
111223213233
121233231132
123112122113
123112122131
112332133313
121333111312
123112122311
112322212213
123112121312
123112132121
123131122323
123112132222
123112133131
123112133333
123112133311
122233121313
123112131313
123322323133
111232113212
122332121122
123112131133
123131322123
123112331333
112122232312
121332222112
123133122312
123112333313
122122313122
123112333212
123112333221
122111133221
123112333111
121133323122
123112332321
123112332132
122233131321
121332123132
123332323231
122111221212
123112321121
123112321332
111112112111
111112122121
123112322313
123112322331
123112322221
123132333322
123112322111
123122212132
112312221113
123112323132
123211333133
123112323123
123112312112
123112312121
123313213122
123112312211
123322212121
112132112312
123332112213
121232211223
122322322111
112332131131
122112322231
121321322122
123112311331
123322333132
123112311212
123321211222
123112311133
123112221223
121131233333
123112221311
123133113332
122221212133
122323221323
123112223221
122321332131
121221212332
123112222213
111232121132
112331313332
123323213112
123112222312
122131132332
123112222123
123133313312
123222312233
122213211311
123112231332
123131111121
123112231222
112232211232
112213332132
121221213223
123112232313
112112321132
122133322113
123112232122
123112232111
123112233321
123133232323
121313221112
123112213332
123112213233
123112213211
112323313111
123321221111
123213113131
122221331212
123331121333
121123321112
123112212131
111233321232
123112212232
112123122223
123211111333
122323213131
121311331312
123112212322
112312112321
123123111133
123113111112
121113113222
123113111121
123312322131
112121122313
123113111211
112233232232
123113112331
123123132213
123331213313
123113112133
123223321223
123113113312
123113133121
112231311212
123113132113
123113132232
123113132223
122212211233
111231311323
123113132322
121112211222
123113132311
112321311221
112131322211
121112323233
123113131213
112323332233
123223332313
111232221333
123113131123
123322332111
123212111213
122233111121
123113122222
122112313233
121122122112
121221332133
123332221333
123113122233
111123221123
121331112212
123321231123
122211313233
123113122211
123113123113
112132211123
123113123333
112132212131
123133212123
122332222313
121131131211
123132122313
123113121313
123122212321
123113121111
123113231113
122121121313
123113231311
121211221313
121323111133
123113233122
122122131333
123113233111
112112222121
123112112321
123113232213
112212132322
123131232231
123113232312
121122231131
123113221112
122133112233
123113221233
121333233333
121131113233
123113221211
121222211112
123113222313
123113222331
123211322133
123113222122
121331221233
122212311322
121122112133
122323223231
123113213322
112221121331
123331113112
121133312333
122211221233
122232332321
123113211331
121131331312
123113211212
112331112313
123113211111
123122222131
112313121133
123113321322
123113321311
112122313211
123113323313
112312311133
112221111112
123113323331
111233223213
123113323133
123113322213
123113322123
123321122221
121212121122
123312332222
123233123233
122323311312
123113331323
123113331211
123113332313
123113332331
123113332212
123113332133
123113333213
123331133123
123113333321
111112333312
123113313222
112212133332
122331333232
123113313233
123213233121
123113313211
112321133113
123113312232
123113312322
112323132213
121232231111
123113312333
123322321322
123111311121
122212131131
122323233331
121312213222
121122311132
123111311332
123112221322
123111311222
123121113331
122231332232
112231113122
123212221321
123111311233
112232223323
123332212223
123111312331
123332332132
123111312221
123111312133
123212112311
123111313213
123113121212
121333122213
123133312122
111233213333
123111333121
123111333323
123331333332
122313121233
123132321321
121222313331
121311112113
121112131131
123111331321
123111322112
123111322222
112132223331
123111322233
121232122123
123333112212
123111323113
112323313122
112313312113
123111321212
121123312233
112332112121
112231231121
123111321221
123123323323
111233313233
123331233113
122131111223
121123113212
123111321122
122211212233
122321222113
121133321311
112113221123
111222113231
121323333131
123131231223
123111211223
111233323111
123111213212
123122211322
112332111111
123111213221
112223332232
122223332321
123111213111
123111212213
123111212231
112133332313
123111212312
121312313322
123111212321
112131323232
122212212221
121213213233
123111213313
121233313212
123121321112
121311213111
123111222322
123113133332
123111222311
123223133211
123321123231
121331311123
121313123223
123111221321
123331112223
123131122332
112211331111
122113213323
122323121313
122313312123
123111221132
123111232332
112212112111
123111232211
123333211212
123111233232
112331222221
112111133222
123111231212
122112233111
122111331221
123111231122
123113312223
123111121333
121122312131
123111121311
112223211131
123232123223
121211223322
123111123313
123231212313
123123321213
111121322123
121321212311
123111123122
123222213112
121331111332
122233212211
123111122312
123321323323
123121333122
112333331321
123133132313
123111122132
123111131112
123111131211
123111132212
123111132221
121231321211
123133211113
112231221223
123111133213
121213213222
123111333233
123131132223
123111133231
122312213212
123111133132
111121132223
123111133123
121323312123
123111113332
123121123222
123111112113
112312322331
123111112223
123111112333
123111111123
122232123323
112111111323
121221323122
112111111332
112111111222
112213333313
112111112212
111122131333
123122233322
112111112221
112111112331
123132323332
112111112122
123321323112
112223331312
123221222113
112122321223
122121123232
112111113132
112111132232
112111132322
112323321312
112111132311
123311312311
112111133121
112111133323
112111133332
121333333323
112111131312
112223231313
112111131321
112311121322
112111131123
121121131311
112233133331
123211233312
121313113231
112111123223
112111123232
112111123311
123213232232
122322223221
123121222231
123112111223
111221211211
112213223221
122312121311
112111122233
112132113313
112111122211
112111121221
122231323223
123332123233
112111121313
123333333321
123121133333
111123112223
112221211313
121121212133
112111121111
112111221121
112111221332
112111221222
123223331332
112111221211
123113211133
112111222331
111122223131
112111223321
112111223213
112111223132
121133232132
112132232212
122311322313
121211113131
112111231322
112111233212
122133121222
112311312212
112111233313
112111232123
112122121313
122231311222
123113123311
123323331333
112111232132
111212322311
122322121123
112121111122
111233112212
121333131332
111221331212
112111213322
123333321333
122213133312
112111212121
123213131333
122233333231
122322212322
121313322312
112111212332
112113323113
112111212211
123312231123
112111211212
111232111113
123333122112
111233233111
121221322132
112111331121
112111331323
112111331332
121323132321
123133112223
112131233113
112333322121
111221232232
123312112323
112221322321
111211331112
112111333321
121331222331
112111333123
112123131221
122323223312
121232132111
112111333132
112111321131
121133221121
121313132223
112111321223
121131123111
112111213113
112111321322
121212322213
122113221333
112111323133
121331333213
111231331321
112111322123
112111322132
123331323232
112212311231
112111312223
112231133311
123133211333
121311332311
123321311311
112111313121
112111313323
122321121223
111233333123
121223312331
112113211113
112113211232
121323333311
112113211322
121313111112
112113213221
121331331332
112323231123
121111133332
121311323223
112113213111
112113212312
112221122211
122313322333
123133111231
112331332221
112113212231
111233233133
112113222311
112323222332
123333233111
112113223112
112222112222
112113223121
123323221322
112113223233
121322221231
121131321331
112113221312
112122112212
112113233311
111123323311
123113322132
121321211132
121332221111
112113232112
112113232323
121211313313
112231323213
123231113333
123332321332
112321333133
122113122333
122232112132
112113231331
121313113321
121121231123
123331112232
122231233333
112113311112
123331112131
111223113212
123122233311
112113312313
112113312122
112312221131
123132321132
112113313231
112221131321
112113313123
122231332333
112113332113
112113332232
122313233233
123332213233
112113332333
121212111332
112113332322
123331212231
123311211212
123211212131
121333322222
112113333121
112211121233
123332222123
112113333323
112322333222
112221211111
121111223213
112113331321
111231312111
122331223113
112113323131
123322113312
123332331333
122332322321
121122332331
122132223211
122122211211
121312132222
123231333131
112113322323
112113322211
112313321131
123232113123
112113321212
112113321133
122133222222
121131312221
112113131112
122333323123
112113131121
112113131323
112113131332
111211333123
123311232321
112113131222
111231123212
122311132233
111211312232
112113132331
123133312331
112113132133
122333333111
123121331232
112113133312
123232133211
122131131111
121311322323
112113133231
123312122122
112231312211
112113121131
112113121223
111231213221
112122312232
123313331321
123223211221
121131331321
112113123133
112222322113
112113122312
112232132313
123321131131
112113122321
123313232121
112113122213
121321332123
123122212213
122133232131
121333321122
112113122132
112132222231
123111332223
112113112223
112112321321
123113311321
112233331122
112113112232
121111332212
122332233313
112113113112
112113113233
112213113111
112113113222
123122133312
122231312122
112113113211
112113111312
112113111213
123231233222
112113111231
122233232132
112112311232
112112313212
112211222112
123322332212
121313212233
112112313313
112121212122
112112313133
112111332111
112311132133
112112313122
123133131112
123132131311
112112322311
123312332233
121112231231
122123131121
112112323112
112112323233
121213121123
121312311122
112112323211
123113121221
122222232123
121332313111
112112321231
121111321322
112113332223
121223223222
122322121132
123123223131
112112332121
112311132221
121313233313
122221112233
122212233323
123323132323
112112211233
112112211222
121213113313
112112212221
112112212133
111231232211
112112212122
112112212111
112112213213
123332331232
123132323121
123331233232
112112232131
112112232223
123111331231
122111123123
112112232232
112211223311
123233222321
112112232333
122213323232
123122232112
123333133332
123111332311
123133211232
122131131331
122112332331
123113122323
123113132131
123333223213
112112223311
112112222323
122333233231
112212313112
112112222211
123323112123
112222331122
112112221212
122123332113
121323311113
123332331223
123332113221
112112221122
122321331132
112112221111
122333231211
112211232333
112112121332
122311311221
112112121222
121213133333
112112121211
121313121111
111223113133
122312211232
123111322332
111221321312
112322131222
122223223221
123321212111
112112123231
112112123132
121311231313
112112131223
123133231111
112112131232
112112131311
112333232222
112112133212
122231231331
112112133313
122112222331
112112133331
112223232222
112112133133
123322331211
112112132213
112132213112
112112132123
123221122231
112113331213
111222331332
112112113232
122313113322
123111321133
123133112322
121221213131
112112112332
112211311333
112112112222
112112112211
121222333333
123322321333
112122111121
123221331132
112122111323
122222311321
112122112221
112122112313
112122112133
122333223331
112122113312
112122113231
112133111233
112122132232
112122132311
123221121232
112122133112
123132311131
121313313211
112122133121
123113321333
112121323332
123233223221
112122133222
123123321231
122323121212
112122131321
112122131123
112122131132
112122123113
112122123322
112223113222
121122323331
122121121111
112122122121
121312222231
112122122233
123122131112
112122122211
123312211121
123111132313
112122121221
112122121331
122321323333
112111331211
112122132333
122311232133
121212133211
123322221332
121222132321
123213233233
121131222131
122233321223
112122221211
123311313332
121221231311
112122222221
121333232121
123321312123
112222122122
121132321222
122133323121
123321132321
112122222133
112313231131
112122223213
123123332112
122313213321
123332111311
123131133323
112122231113
123323211213
111212231231
121132323213
112122231311
112233123132
123223332122
122213311121
123321231231
112122233212
123311221222
112313231232
123331232332
121212133121
121332132213
123123131333
112122232123
121113212123
123321313122
123331131112
123122123221
123213323323
112122232132
112122213113
111233222122
121233223322
121311113211
112122213223
123131112313
122113232212
112122213322
121132111113
112122213311
122113111131
121212112313
112122212121
123322122121
111233122222
111211222111
112122212222
111212222121
112122212211
112311113112
112112232311
121333113121
112122211212
112132131122
112122211221
123111331213
112122211133
112221331323
112122211122
122232333221
122323323122
121122132333
112312132121
112122331323
112331211111
112122332212
112122332313
121331333312
122132212231
123321213132
122221211323
112122321232
111222122332
112233121323
122222312232
112122321333
112122323221
123311213333
123332122223
112122323122
122131123112
112311232222
112122323111
121222321312
112233131322
112122322231
112312123233
122333321332
112122322123
122132231133
121122323221
112122322132
123322112331
112131311233
112122312333
112122312322
123331222322
123311113132
112122313222
123332221223
123111213133
122212311333
112122311312
123323223133
122113113212
112123111113
112123111131
121313122233
112123111223
122133233121
112123111232
121112313133
123322223321
122123233223
123332311212
112123111322
112123111311
111223212131
121321331322
112123113212
112122322213
123331321111
122321131211
123312133221
121211221133
121321213222
112123113122
112123113111
122231213331
122213123331
112123112123
121332223131
122132323322
112123122311
111112312131
122321122132
112123123121
112113222113
122213113112
112123123233
122231132212
121322212123
123332311331
112123123211
121322133312
112123121312
112132321233
123123213312
112323223232
123231122212
121132332231
112123121123
112221122233
123131121331
122121112133
121131211113
112131121131
112123133131
112123133311
112123132112
121222311322
112123132121
112211332211
112123132332
122211232213
112123132211
112123131212
112312222321
112123131313
123323233321
112123321332
121322122132
112123321211
123211223122
122333232111
112123322221
112123322313
112123322122
122213123221
121211131223
112123322111
122321311233
112123323312
112123323231
112132222132
122313221221
112123323132
112123331113
112311333323
121321233321
112123331131
112123331333
122131131313
123112333122
121313232132
112123333122
123133331213
112323131223
112123232133
122132332113
122132233223
112123313113
111232221223
123213212221
112123313223
121222232322
121332322322
112123313322
123211322331
112123312112
123123131131
111223312121
122212321231
112123312121
122223112321
112111111233
121221323133
112123312323
112123312332
123122313312
123322332133
122112321223
112123312211
112312113313
112123311221
123113112212
121212311231
121222133313
122213322332
123322213223
123312222323
122233332122
123331232211
123112322122
112213312233
121323321123
112123231332
121311122312
123133232233
112123231222
112332133221
112123333133
111111233222
111112333132
123121212223
112233222222
112312331131
122121322123
112123232111
122332332111
122133323211
122212121332
121233111313
112123233123
112123221113
123111131233
112123221322
112112233233
112123223221
122232112123
123132221212
112123223133
122213111312
122111131131
112123222213
111212331133
112111331112
112123222231
123131331211
122112311123
112123212333
121221222133
112123213233
112123213211
122322133333
123132313212
112123211213
112321131221
123322121133
112123211123
112123211132
111222213333
112121311113
111111233112
112121311131
111121321113
123121123121
122221231132
123123231132
112123213112
122111311223
112121311232
123131132232
112211221133
112212212323
122211133233
112121312213
122132221321
112121312123
112121322131
112121322322
112132331131
112121323121
111123112232
123111233322
112233222323
123123233222
123313232332
112121323222
112121321231
111111221111
112121321123
123111233113
122231322233
123131221323
111212223232
122213132133
112121333131
123312122111
112121333223
112212323133
121332123312
112121332323
112121332222
121123323132
112321312112
123312213231
122212132312
112121331133
112131323322
123322231311
122312212132
121221123311
112121331122
111121223231
112121212313
122321131332
122331212212
112121213312
112121213213
123132123321
123221132122
122323121331
112121213231
112121213123
112121213132
123311322213
112121232131
123312223223
122122211323
122321133123
112121232223
122321111213
121132311133
112121232333
121121332121
122213321221
122311123112
122123133213
123323112312
123311233122
121221223231
123323131122
111112211212
111231323232
112121233323
112121233222
123212113222
112121231312
112123313311
122313122331
121212131213
122311131122
112121231231
111223311122
121121333113
123231331212
123312113333
112322221132
121331123322
112121231123
123132132132
112131113233
121123332321
112121231132
112121222323
121131113211
123323331113
112313131321
112231231222
112121222332
112121222233
111231233333
112333221213
112121222222
112121222211
123323323321
112121221133
112121221122
122322113331
123312113131
123331233333
112121121112
112121121121
121222132312
112121121332
123113123223
111223321222
112121121233
112121121211
123333133233
123233131212
123133312133
123322133222
112121122212
112121122133
112313213322
112111313233
112121122122
123213211112
123333212332
112121123321
123233331131
121231122232
112121123231
121322221123
112121131113
112121131322
112121133212
123333321131
112121133221
112112332211
121312322221
112121132312
123233213323
122223122333
122333312323
112121132213
123122131323
121112113113
123133331321
112121132132
112231123112
122313313313
121232112131
112121113113
123321133122
121123332132
123333332313
112121113232
121132311331
112122211111
112121113311
112331123223
123332223122
112121112112
121231131133
123333311321
123111131222
112333323232
112121112121
112121112233
123111131332
112323212133
122223232212
122332112212
123331322112
112121112211
112121111221
121312231323
123121133311
111233313211
112233331221
112121111313
122133131333
112121111133
123211212223
122331213312
112112222332
123331123331
111111232322
112133233111
112121211112
123211211321
122123133231
112332221313
123322322132
112133111323
111211223213
122333222213
121233231123
112133111211
112133112212
112231132323
112133112221
112133112313
112322213313
112122321131
123233122333
121223332113
112331213322
121313323221
112133112122
112231233312
112223311211
112133112111
111213332113
123332222321
112133113312
123311221233
121122232123
123122332223
123123131232
123112221131
123231122111
111233232213
112133132113
122312311121
112133132131
112133133233
112133131213
123322213113
122311322111
123133113211
112133131123
121222313111
112133131132
123323232212
122221332112
112121221313
112133123223
123122111213
122213122321
112133123322
111123313231
112133123311
122212112323
112133122121
112332231321
112133122323
122332331332
112133122233
112133122222
123332222312
112133122211
112131213313
122322233312
121212112212
112133121313
112133121331
123112121123
112133121133
123131133222
112212113213
122232121132
112133221332
123121122232
122232333111
112133221233
112133222212
112311112333
121333322332
112133222221
111213323223
122222333321
112133222313
112332222112
112133222133
112133222111
112133223312
112133223321
112133223213
112133223231
123233312112
112133231322
112133231311
121323332332
123322231131
112133233221
112133233122
112232112131
112133232321
122131223212
112133232132
112133213333
112133213322
112133213311
123321211233
112311223121
112133212112
111232212311
111122321213
121231111232
112133212323
111231212213
122322222321
123123122331
112312333313
121112121332
112133212233
123111121131
111122111221
121211331133
112133211221
112133211313
112133331112
112133331121
112133331323
123211311221
112133331222
112133332221
112231112312
112133332133
112133332122
123332113111
121222223322
112322121131
121311221123
112121221331
112133333321
123113231322
122133323323
112133333213
121212222111
112133333231
123332231233
111213231331
112133333123
123333323111
123212312331
122322322122
123122331312
112133321223
112212221112
112133321322
123312113322
112133321311
112133323212
122332131213
112133323221
112133323111
123332323213
112133322213
121331112133
122211112313
112121331331
112133312223
112133312322
122121112111
112133313112
112321231211
112321211312
122322123323
121333211131
112213223111
112133313121
122323311213
112113123122
121211122111
123113321223
112133313233
112133313222
112133313211
121113233223
111123332311
123332232331
121112331212
112231331322
123311331112
112132111113
112132111223
123332331131
122322332312
112132113122
112121233332
112132112321
121223232211
123122231331
112212332212
112132112123
123331213212
121133222331
112132112132
123121321211
112113212213
121211133133
112132122232
123232233122
121121132213
112132122333
121123223111
112232113211
112211223333
121211133331
121311222322
112132122322
112112111221
123123323121
112132123332
112311121131
123331132313
122223321211
121123231233
112132123233
121313133233
123232231223
112132123222
112132123211
123333131321
112132121312
112222233211
121331211111
112132121321
112121222112
112112313331
122321111312
112311231331
123113232132
112113133123
112122122222
112111123131
111222112313
112323212221
112133211133
112233111111
112132133322
111212113131
123322231322
112132133311
123111223233
112132132112
121311223323
121113322222
112132132121
112313221222
122223323321
112132132332
112331311132
122211221121
123322221112
121122221323
112132321112
121131332333
112332113113
122232132233
112132321323
122221211332
112132321332
122232222123
122211222331
112132321222
122323333321
123132113131
121312111131
121321113111
123112211123
112132322221
112332233121
123321322223
111221332233
123312232232
112132322313
112132322133
123113311213
112132322111
123222313223
121313132131
123131111112
112132323213
123223211313
121123232111
121231113122
112132323132
112132331232
123133221132
112313233122
112132331322
112132333212
123333311132
112132333331
123221323113
121112212221
122121233212
112132333133
112333233232
123111332232
123131223123
112311322222
122112211331
121211223333
121332223311
112132333111
123321311322
121231222231
123121132211
112132332321
122231322211
112223211322
112132332213
123112221113
112333122231
112132313113
112311133213
112111311132
111211323221
123332113133
122212131311
123212213221
112132312112
122211223132
123133332113
123113122121
123331323223
123121121312
112132312332
112132312233
123313222113
112132312211
112212231223
112332112112
112132311221
121312233312
123132331122
122122112323
122333123233
121223213122
123233223133
112132311313
112132311331
112132311111
111231113323
123221113332
122211213322
112312133223
123323321323
112212112313
123111322323
111212313221
112232122132
121323232311
112132231233
123132111313
112113313132
112132231222
121313213232
112132232313
112132232111
112311222333
112132233321
123111223323
123121331322
112112331331
122232233213
111211333312
112312312222
112132233231
123211321323
123322321113
122211211313
123123221122
112132233132
112123323321
112132223212
121232312122
112132223133
112133231223
112132223111
123332231211
122132232233
123111111213
112132212232
112132212322
112331232321
123323332231
112231233321
122212223131
123322212332
123122213331
123311123232
121121122221
112131211232
112131211311
112322231133
121223233311
112131213212
122311332123
123322112122
112131213122
112131213111
123123112112
122122132231
121231131331
112131212132
112131222333
112111221112
112131222322
111231233232
112331231333
112131222311
112131223112
123131322321
123333331121
112131223121
112131223332
121211233211
112131223233
121312211213
112131223222
111223123121
122332133233
112231311111
112131223211
112131221312
123321222112
122213222232
121211111221
112131221321
111112231223
112131221231
122111321231
112131221132
123122131121
112131233131
112131233333
122222313222
121232123212
112131233322
112131233311
112131232332
111222113312
112131232233
122123111213
112131231212
121233132123
121121231321
112111231113
122122311322
112131231133
122121133121
121233321123
112131231122
111122133122
112333321331
123313311121
122223322331
112212121313
123333123223
123133213313
123333313211
112131311323
121123232212
121121131223
112131311332
123333122121
112131312331
111121313121
112123132233
121123331223
122122131311
112131312133
123321313133
122111131232
112122111211
112211111212
112131312122
112131312111
112131313312
112131313213
112111211221
112313222313
122213322222
112131332113
112112131131
112131332223
112113321111
121333111123
112131332322
121211122212
112131333121
112112222233
111112322132
112131333332
112131333233
112131333211
123131131213
123232233111
112131331213
111212111133
112211311311
111223321233
112131331132
121212112122
112131323113
112131323131
123232321232
112131323311
111223232133
123333131123
122123212132
121311233131
112131321221
112233132312
121131333323
123233321233
112131321313
112112313221
112131321133
111123131222
123133331123
123113232231
123132113232
112131321122
112131131112
112213221113
111233321223
121221131123
123332312233
112122213131
112131131121
111221123213
112311332311
122131131221
123111313321
122323311321
112131131222
112322211232
122113321222
112131131211
112131132212
112121323211
112131132221
112131132331
112131133312
112131133213
123332233312
112131121113
111232133113
123122322332
112131121223
123113113231
112133231131
121213233312
112131122321
112131122213
112321123332
112131122231
123223223231
112131112113
112131112223
121313312333
112131112232
122232212311
112131112333
123232131132
112131113121
112131113323
112131113332
123332131122
123321232311
111231312331
112131113222
112131111312
122122122122
123321222332
122232132112
123332223221
112131111321
112131111213
111223232313
112131111132
123212132313
112122233313
111122213213
121321333313
112321111232
123332213121
112321113212
112321113221
121211132312
121332311223
123323321121
123231231231
112321113133
123113211122
112321113111
112321112213
122312222232
112321122113
121323132123
123122221231
123113313112
123313132133
112321122223
122122233112
112321122322
121133312131
112321122311
112122231333
112321123121
121213213332
121132333122
112321123323
122212313221
112321123211
122113231222
121113223332
121231221333
112321121312
123321222222
112321121231
123321221221
112321121123
122222113132
121112222222
111233311123
112321133223
121213333133
112321132112
112321132121
112212322321
122123323232
112321132323
111232111311
123232212222
122113312121
121131322233
112331321131
112122123311
123333132322
112332332323
123213123312
112111231333
112321131313
112321131331
112321131133
112223121311
123113212211
112312212232
112112333113
122323122112
111233312311
121322223332
112321131122
112133331233
112321131111
112321321112
112321321121
112121221111
123121132121
112231313311
112321321211
123213112222
112321322221
112321322313
121312113331
122133122133
112321323213
123231222121
121323321132
112321323123
112321323132
112111132131
121312322313
112321331113
111221222211
112321331131
122311332312
112321331223
121321131221
112321331333
123131123322
122331222332
112321333221
112212321131
112321333313
123331122231
112131133132
112321333122
121332132231
112321332312
111123233223
123333231322
112321332213
122233122222
112113322222
112311211333
112213113331
123131211221
122323131123
121332123213
112321313113
122212331331
123323221223
112321312121
112123221131
121112233121
112321312222
111223213121
123312112332
112131332333
122323313121
112131133321
122323231223
112311213212
111222112212
112321311111
112321231121
112332222211
122123322211
121211221331
112321231323
122113133232
112213223313
122231111132
112321231332
112321231222
112111331222
123132123123
122122132321
112321232313
121123221223
112321111322
123232321223
112122133233
112123131133
122111331212
112321232133
121223211131
112121322311
112111122323
112321233312
122112212323
121311113323
112321221113
123231121112
121321331223
121322113211
112321221223
121131321221
123112321211
112133222122
112321221322
111111223223
112132222123
112321221311
123122323223
122222132223
121133232312
112133322132
112321223331
123223222331
121222311131
121223132221
112121233233
112321222312
111211231232
112321222123
111123221132
121111121221
123122122231
112321222132
112232111231
122113132121
112311131121
122121222221
122122232131
112321212333
112223222113
112113123331
122333322133
123133331132
111221333223
112321212311
112321213332
112321213233
112321211321
112211321312
123133223332
112121133122
112322211322
123232133121
123123133331
112232123212
112321233231
112322213331
112322213133
112231233231
112322213122
123322323331
112322212321
112111212222
123122321122
112322222131
112213321222
112322222223
123123212111
121212331112
112322222232
122223323132
111212111221
123213131113
112322222311
112221231311
123331231122
122122333223
112322223233
112322223222
122322331311
121222221221
121313111222
122113232221
112322233223
123132332233
123312333322
122113213211
112322233333
123313223112
123133222322
112322232233
112323213213
112322231313
111223233123
123122221312
112322311112
122113123211
112322311121
112212222313
112221131213
112322311332
112322311233
121213121213
121231332312
123121122131
123313121232
121333223112
112322312212
123113231333
112322312221
121233333322
112322312133
112322312122
123213131311
122313213231
111121232321
121132332213
112322313321
123323111223
112322313123
112322332131
122112122323
112322332223
111221333131
112222312123
122232323231
123112132211
112322332333
123232121122
123331211131
111213121311
121112232223
122232111131
123112123332
123132231132
122332113123
123333232321
123132212313
122121212121
123121233321
112111232213
123122122132
112321213222
112322331321
112322323131
112322323322
112222312321
122213223233
121231133311
111123232323
112322322112
112221132223
112322322121
112123232122
123231132312
112322322323
122332311123
121121133133
121333211113
112322322233
111112321223
112232322222
112322322222
112333223222
122132123331
122223223331
121312331223
123332113331
121332232322
123113131132
112233323112
112123223331
112131123122
123111113323
121321212131
123322122112
112322131323
111222221222
112322131332
112221132232
121132132233
123122231122
112313131231
112322131211
123112211213
123123312231
112322132212
112231223331
111213333233
112122331112
112111312311
111111213132
123222111131
122131133131
112322211333
121123222312
112121223333
123133332333
111222323221
112322132331
122121323111
121112332211
121332211332
112111123322
112322132133
112322132111
112322133312
123323323132
112322133213
112123331223
112321321323
123333311123
121332131232
112322133123
112111113123
123133121223
112333311211
122322332321
121222111212
123122133213
112322121311
123222231211
122221132321
121233231213
112322123122
123323331131
112311311211
112322123111
122331121233
112133311132
111222321322
112313123223
112322222333
112311213133
121131231122
121323232113
112322112232
121211331331
112322112311
111231132221
112123311122
121313223312
121232113211
123323133131
112322333211
123133113222
121233331122
112322113332
112322113233
112322113222
112223233311
112221122222
112322111321
123313133312
111231312212
123313223211
112131133123
112123211321
112112111331
123213211233
112322111123
112322111132
123331123111
123233233312
112122232213
123121313113
112211211233
112311122213
112323313212
112233111133
112323313221
112121122221
112132213233
112323313313
112322221213
121231132323
112323313133
123123133221
123222233132
112323312213
122213232121
112311312331
122321321313
122213212123
123312123123
112123311133
111231133132
111231211131
123221231212
112323322322
111111121332
122232233231
112323322311
121211212212
112323323112
112331313233
112113211223
112323323121
122232212322
123331321331
122233131123
122232221131
112323323332
111221312213
122231322112
112323321321
123233123323
112323321123
112323321132
123133222333
112323333113
123331333233
122322233213
121122123131
123121231211
123123323211
112323333311
112323332121
121132331333
121223121311
121232132122
112213113313
121111322123
122233312322
111111123321
121212331233
112111222212
121321113221
112323331212
123322233111
112223333323
123223131123
123122113323
112112221221
121111233331
123331311233
122123331312
112323331133
123223232123
111121211133
112323211112
122322313333
121211122122
112323211323
112333311121
123133232121
123333331323
122223133223
112323212331
112332333131
122213221132
112113311222
123132223223
111122232223
111211113213
112332323332
112321211132
112323212111
112323213312
123213231321
121211232131
121133121122
112323232322
123121333331
123211213222
122221211233
112123322212
112323233233
123112323321
112323233222
112323233211
112321132222
111213122321
122322111333
112323231213
112323231231
112323231132
112313133323
121332331133
122112123113
112132122113
112323223131
112323223223
112223121131
112323222121
122321333222
112323222323
112323122133
122213312133
123113113321
112131212123
123323131331
111231322332
112323222233
122112333231
122123211113
112323221133
111212221313
122312332232
112323221122
112323221111
123232231113
122322333313
123321132312
123121222132
123133213122
123231332121
111122212331
112323122331
123112231112
112322121113
111123231133
112323122111
112321123222
112323123312
112323123321
123213113232
122221333131
121312332213
121211111111
112323123213
112132233312
111231131121
112323131232
121113131233
123331323322
123221133132
123233231222
112323133221
112323133313
122211213333
112323133133
122312132212
112323133122
112323132321
111232333122
112132331113
112323113232
112321212322
112323113333
112323113311
112323112112
111123212312
112323112233
112323112222
111121211221
123131123333
112132221131
112323111221
111112322213
112323111331
112323111133
112132133113
121232113233
121133231322
112331111112
122231222322
112133121212
121222321321
112331111121
112121332233
111222132333
112331111233
112121132321
123322211331
112331111222
123231233211
123122233131
122121213131
112111322231
123313332333
123211232122
112331111211
112331112331
123212223233
121221321223
112331112122
122332231232
112331112111
123331321221
123331122132
123212323223
112222232311
112331113312
111211332111
123322323122
112331133323
123222122131
121231323123
121211233222
112122332111
112331123113
112331123131
112331123311
112113112113
112331122112
123233212333
112331122323
122323133121
112331121212
112331121221
123122211113
112331121313
112321312332
122132113112
112331121331
123123213213
123122311222
112331121133
123112131221
122223212223
112123121321
122222131231
123112233132
112331121111
122123222322
123113321232
123211213233
112331221323
112331221233
122113131313
121222233233
112323112121
112331221211
112323311223
111121313233
111122321312
112331222313
112323323222
122221121332
122222111323
122321132212
121312331113
123331111312
112331222111
112331223312
121312121123
112132313223
122233211221
123122322222
112331231311
112331233313
121121333333
122333311313
112331233331
112311133231
111212222323
112331232213
122311322133
112131331312
121233121323
112331232132
122232213233
112331213131
112223121223
111213221312
122113222132
112331213232
121113231122
112331213311
123221111213
122331133212
122331132231
112132323123
111211212211
111211213131
111233123232
112233323121
111211211331
122321213313
123312312132
111213232323
111211211133
112213132222
123332131331
121231223122
121232133321
123312321213
111211321311
121221121212
112113132122
111233312113
123121233213
121312212113
121311222232
122312311222
121221332212
123122322233
121312113122
111211322132
111123313132
111211331323
111233112133
112123112312
122322132112
112131112131
112121311223
123232111233
123233332123
122321221123
111211331211
111122111133
111231131211
122223332132
112211232311
122222122222
122333211132
112313132333
123221123122
112321113331
121122333123
112331321232
111233133121
111223121231
111123113222
111211313323
111231213122
122231321122
122331131333
122332222212
111231321212
112132322122
112123332231
112122213333
112112322131
122212223322
112213322313
122133121233
123121332231
112231333133
121113332223
123322223213
123221331231
112313133332
122113221131
123332211213
111213311121
111122331122
111112213311
112123221333
111213313312
122222221222
111232321233
111213313321
112311313213
121133333132
123321131232
112121321312
111121321232
112221121221
122222233111
122322132222
111213313132
122231212123
121213222123
123332132211
122313311333
121233233222
123123213132
121231311212
112322112131
121132223331
111233322213
111213332223
111213331321
112333123122
121331112331
123322221211
112132121123
123222221333
123332312121
123133332311
123123331122
112312213222
111222333123
112223112333
112213131313
122132322222
112111321232
111213322332
123321223232
111213323113
111222232213
112113221231
112222333223
122232112321
112121232311
112132133223
112232332223
121111312223
111213321331
123232332111
123222223111
122111323332
122322223133
111212331111
112312111322
111213321133
123212232222
112222232322
111213213212
121322333332
112313122222
121111132131
123332321222
111213313213
122123322233
122323222313
111213213221
121221112313
123222211132
123133212231
111221233222
123132221331
111123112311
121223323232
123112121213
111213212123
112211121222
112213132121
123222223331
122323222111
111213223332
121111221222
111231122312
122121323122
123131323133
122132131332
123122111312
111213223233
122323312131
111213221231
111213221123
122112121313
122311221131
121133323111
111213232121
121233121233
121112211121
123123111221
112123132323
112233313122
111213232332
111221132321
122232212232
111213232233
111221213132
123121212232
112121332121
112321111333
123123333333
123233322313
111232122232
122132212132
121313112221
123323122333
111213233131
123121312323
112321332132
112311213221
123222122232
111222121111
121121222112
123222321211
112222322333
112331312113
111221113131
111213231122
112111213333
123313213212
112313111121
122333331223
112313122121
123133123212
111213231133
112311321111
112113223211
112231332132
111213231111
111122121222
123312313133
122133331221
111213121131
111213121232
123322233313
122223131221
121111232312
112111311321
112222213123
123223131231
112231332312
112323322113
112113332131
123113233331
111122323222
112122121133
112111231223
122231131222
121113323232
111213122213
121222231213
123113223213
111212122331
112132313311
122222212222
122112311132
112211122313
111213132331
121112112112
121133113312
122213123313
123123332332
111213132122
112121122111
112221121313
112231131331
112312113122
122133222233
111233211331
112333211311
122232311331
122332111222
112122311123
112223323333
122331112233
111213113112
111213113121
123331232233
111213113323
121133133112
111213113222
121331321113
111211221121
123232231311
111231312122
112323112332
111213112311
111213111312
121112133133
111213111321
111222212222
111213111123
121132222321
123112213222
121122331233
123312123213
122132133321
112231311122
112133133222
123121221223
122231312313
123111312122
111212211222
123313333233
112132223313
112213231211
123233133311
122222213232
111212313111
122133313331
112233322333
112232112223
112111111121
112123321233
111212212212
123232113213
122123123111
123111323333
111212212133
111212213312
111233322132
123121113111
112232232222
111212233121
111213312111
121213232111
121112121323
111122332222
121211331122
112123212113
112233331111
111233112221
112332211211
111121321131
122321232121
112222322322
121331213131
121232331312
111222131123
122222232132
112332331313
121333122231
121322132331
111212223131
121232221132
123111211333
123312221111
123233223122
112132113221
122212211332
123133121311
122131132112
122332323331
123332122131
122313221212
122311121321
112111321311
112221231113
111223333122
111211321223
122333322212
112231232212
121131231111
112331213113
122311321112
123233132211
111212221331
123112122223
112312231112
111212221133
111212321213
121211232322
123123231213
111212221111
123322313112
123333312322
122223132332
123122213111
112121223113
112111312333
122222222221
112132123112
111212311232
112232221213
123113311231
123231121222
112313323212
122221212221
121232331321
111212311322
123112321112
123231231132
112113123212
112123113221
122222121331
111233133323
121331331121
111221212122
111212312231
122221122111
111212312321
111212323121
112121331313
121233313313
122221122212
112132213332
112233121222
121321111223
111212322223
122231233311
123111222232
112212112221
123323231332
111213311332
121332233233
111211121221
121312132233
112113221321
123232312322
123212333121
112313321113
112122123131
122233121122
122122233323
112323323211
121112232311
112211212221
123333121331
111121311231
111212321312
112222123132
111211213113
122111311232
123322123232
111212133313
123133312313
123332333331
122131213121
121222311232
111112132322
122212123123
123121111223
111212331313
122223331322
121332233121
123312223322
111213332311
121333213221
121132231211
123133333332
122231321221
111212331122
122312323232
111212131131
111231132133
111223323123
112321123233
112212131231
111211332313
121222112121
112323311311
111112322312
123133232211
111232111333
111212131322
112123122322
112323113131
112312221333
111212131333
122222321333
123132121112
111222211133
111212133221
123111223121
111212133111
112213231323
122211212121
121231112312
123332212232
121112113131
121333113233
111122112233
112133323313
123232131231
123113313323
112111131213
122111333322
123312111133
122122233222
123332221311
123323232133
112133123333
121331111112
123112322212
112122222331
111221212212
112221132333
111212112332
123112132233
123121221333
111213123212
112121321132
111232322313
111212113113
111123322323
123112113221
111232313322
123121331333
123333323313
111212111111
123321111133
112312223331
122122213132
111223111113
121331112111
123331213122
121222223232
112231232313
112213333133
111223113331
123112222321
123212233232
122213131121
112223112311
111213323232
122113122322
122223332213
123133221312
112332332211
111223112321
112133112331
121211313122
122221213123
111231112131
122213212231
111233311312
121322133213
123231312213
111112132333
112131113211
121333313123
121331323133
122232133333
111213323311
112312222213
111223122223
111222332133
112221311231
123333322123
112123232331
122213223323
123122232222
123222111311
111223121213
123111231331
112222313221
122113123121
111213323333
112333232211
112113321313
122222211221
121133122323
123121132233
112213312211
111221233112
123223131321
112322122123
122312233322
111223133113
122213311211
112121332112
121121221212
112222223113
111213311323
112133111222
123121121123
112231133333
112311113233
123122112333
122113332312
111223131212
123323221311
111223131221
122111111133
112212213311
112311211232
111213321221
121132231112
112332331133
121121233211
123232332221
112231123332
122312312212
111213131121
122222133121
121232112223
121121331111
121221133112
111223331113
112123222132
122111111122
112322332113
111213123111
123322132311
123222313232
112113311332
112213133113
112322113112
112221222111
123323313322
112333322211
123131111233
111122112222
111233323313
123121321233
112323332112
123112132112
122221132123
121211113223
111223333133
111212123123
122232113212
122323111211
111122112211
111112321322
112313322312
121111212323
112231311331
122121331211
111122211121
121331331211
123112133223
112331312131
123212131112
112133313332
111223332213
122213133321
123312231132
112333332223
123312312312
111223321121
111123211322
123333333231
121222123132
111223322133
123111323223
122222111233
111212132312
111121121331
111212313331
122322331223
111233123322
111121313112
112323213123
111223312222
112132311122
123333331233
123333212121
121332121323
112313211122
112231211231
111223313322
122222231322
111223313311
123113123322
121121121332
121212231131
112332323211
112313133121
112113313312
112221122323
112321313333
123112222132
122223231323
122323222122
111232312222
123233323321
112312132233
111223311133
111122122331
123131332122
122111233233
121332211112
122321113112
111212312123
111121231131
111112112133
123131211111
122113221113
123322112212
123331222113
123133222232
122222111332
122111112323
123113113123
121221313222
111232331113
112322211113
122312131121
112131123221
121312212131
111223221333
111222221211
111211212222
123331112311
111213213133
122313122133
121232222333
123111123331
122111231213
112223323223
123111123212
122112231333
123321331212
123323123211
123313223121
123211213332
111223231222
112111231232
112131332232
112133231232
123221333323
112331221121
111213312221
112121313313
111233221233
123131213113
112323223333
111223233132
123323121231
112113231133
111213223121
123132231213
112322323333
112212332313
122332232321
111223213211
111212121222
111232212113
111211111112
111231113332
122221111133
121311323131
112223132111
122111333311
123331232121
111232211123
123131312322
112331221332
111222111233
123111211311
111222331112
122312311233
112132311212
112321211123
123333132333
123211332321
122323321223
112333131332
112332221122
123132122221
112322213221
111222113321
122323121111
112231111131
122111323323
123323111131
112322112113
112112211332
111112113231
111222113132
111222113123
123311132223
112331222133
112333313123
111233113123
122223111333
122233231131
111121133233
111222133323
122233111233
121221311123
123333312113
112233222332
111222133233
121231131212
121131221123
111222132113
123113112122
111222122112
112132123121
112121311311
121311132212
111121313222
123322311312
112312113111
123323313232
122331131311
121323332211
121131212213
111223222123
112312123211
121131312331
111222123223
121132132332
111222123322
112313333231
111112211331
111222123333
111223333221
112211332332
112311223323
111232321323
111212211233
123222311313
122122123231
123123113131
111222121122
112122223312
112221112111
123123132312
122121213223
111232122333
112121111212
123113131312
121312113221
123111322121
111222231223
112131231313
121322323311
111213321122
122312313123
112222313212
123333323133
111222233313
112331211212
111222233331
111233321113
112332312231
123231121121
112123321121
112123331322
112131123331
111222232312
111222222331
121333113211
123332212333
112312113212
122333323312
112322131112
111232123222
112312122131
111222222212
121322212231
112323313331
121212331121
111222222221
121311112322
111112323212
122313222112
111222222133
122231212231
111123222311
122122211332
123321332233
123121321121
112333213122
122213313213
111222223213
111211332331
111222223312
112231131212
122132311222
121312211312
121332111221
112111332212
112331131213
121332232232
121332113223
111222212323
123233111311
122221332233
121232321212
121331212211
111222211313
112322223323
122231122213
112231133232
122131133113
122131113313
123333312223
111112321131
121332132132
123211313113
111233121212
111222321223
121321133113
112333223323
111222333231
122123232121
112123322331
111211211111
111223133322
112232332333
112133113231
111222323111
122133112222
111223132211
121313213113
111211212233
121122312223
123221331312
123333223123
122231111321
111221132231
112312133333
112212132333
112321232122
111222331211
112121123123
111222332122
112213313223
112211112222
111222333312
111222312131
123131121133
121223332232
123313132212
122221211211
111222312232
123212321221
111111233323
111233122323
111222312223
123331123122
123131223132
111223322221
111222312311
112212221233
112312222132
112313133112
123221113112
112333133132
111211213311
111112222212
112133322123
112332122122
111221232333
123132312123
111222311321
111211331222
123112123222
111123213221
111222112133
122332213322
111233211133
123312113311
111121322321
112323211332
121121223333
111222311132
111112212323
123322313332
122212323211
123131231333
111222221121
122233111211
112223113323
112312121321
121113311222
123211232111
112111111112
111221211121
122233321311
123331111132
111221211233
112132212333
111221212313
123113121133
123322121111
111222313233
112321111131
111211113321
112223313123
111221233121
112233223333
121122112122
123113332111
123133233131
121111121212
111111222121
123213312321
112123112321
121131231331
112123212223
112233312123
112313321322
111211332212
121221213311
123112231323
112211212111
122122131322
111221232113
122123133312
122112231223
123321233233
122121123131
111221232131
123133232332
123312211112
111123233333
111222223123
111121231322
112222223333
111222323133
121132123233
112122112331
112221322123
112211332121
121111322132
112312311221
123231323332
111221231231
111221231312
111111112112
123232212112
121312121132
111211112111
122321122312
112212112212
111222321131
123123232223
112131132122
112123231211
112212122112
111122322131
111223132332
111213221132
123111232323
112311131332
122131133232
121123111311
122312232332
121131211232
111221223322
122312121333
121333131323
121331132232
111221223333
123221233311
123323333331
112122121122
111221221331
111221221111
121232231331
123311331121
121131121131
111212112233
112133122332
111222221332
112231112132
111221311322
123133133312
111221311311
123211121231
111231331312
122232211213
121221223123
112321122333
112133311321
112133212222
111213132221
123323313113
121121132312
112233211323
122112213232
111221313212
111221313221
111223313232
123313132111
122233131312
122311123222
123123121323
111221312321
111221323112
112223222322
122331222112
121223223211
123322113321
111222212211
111221111313
123111313312
111221323121
111212133122
112221111323
111223123233
112213313232
122331213321
121221333132
112322323232
123213311223
112312112123
111212312312
112222132312
112313132311
122312131332
121122212211
112123212232
122231333332
112231213112
112113331123
112133213131
111222312113
121222212122
111221323332
112233112211
112112233112
111221112233
111221322311
112323121332
112132121231
123113231232
111212232232
111221321213
121323332323
112122112122
123331223222
123132222211
111112322123
112122113213
112133311123
111221321123
112322331132
121231231211
111221332332
123131123232
121221111112
112312321233
121322213212
121111112313
111222331121
111221332323
111212133331
123122122312
122312122312
123132133313
112313313211
112323312312
112312132323
121131211311
111123132221
122133233112
111111223131
122123233113
123331322323
122112133121
112323311113
112132212113
111123112333
123323131221
111223222321
112213312112
112211332323
123123231123
122322312112
121323113311
111221333322
123112212223
123331233223
112213332321
121331121331
112133233133
111221331331
111211123311
111213223323
112213331113
111233121221
111221331122
112312231121
123123113322
121131313312
111222122211
111221131131
121331122222
111221131232
112331133332
121223221132
111221131322
123333121122
121121113113
111211112122
123223132333
123211331322
111223211312
111112121313
112222123123
112113223332
123321121233
121331221332
123332133311
112333221123
121321322133
123133112113
112312331232
123131111323
123131313121
121221312223
121222131131
111221133212
112111122112
123212131211
123223131213
121323313133
123312111111
112321122232
112313233331
123221333211
111221133122
123113213232
112222232223
121113132331
121123231121
122231312111
112133311231
111231323322
121121332211
122111122133
121221332122
123323333122
121132313131
123333331332
122132313312
112223213221
111212321321
112233323323
112233211121
112132122311
123331121232
121131121223
111221121112
121111311213
111221312123
111221121121
111223113122
121233233323
121121133331
122211133211
111221121222
112112221313
112311221321
111221121233
121232312313
112132331223
112311123331
122322312233
112132111311
112313113321
112333332311
112323232223
123123221331
111221123321
111221112121
111123211113
122112123311
122213132212
112331123322
121121333223
111212322113
121223222311
112133321232
112131212312
112112122212
121222132132
121312313131
112122311321
112133231113
111221113322
123331232222
123312131232
111112232231
112232132111
111212233211
121223123212
123233331333
112313223213
112323233332
111232111131
121213133322
111223323312
111232111223
111121221323
111112213333
112333321111
123132131131
112212212211
123221211131
111112312333
111211313121
121111111233
112213122232
112122323212
122223222123
123311323133
122232123121
111232113122
112113213331
122123332311
121333213111
111232112213
112311233113
111232112321
123123113232
112223231133
123233233231
112122113123
122221112332
123131231311
112332231312
112222122331
122122313313
112123332321
111122312213
122221322232
111121112212
111123222131
112322333121
112232122213
112231132233
123212322233
111233122233
111232123233
123333112331
123321311232
122311221223
111123232112
111123131233
112111223123
122333313311
112321232212
121311311332
123323132121
112313313121
123121222321
112231322331
112123232212
112211323211
111232122311
123312222112
112313121331
111232121123
121123322122
122112211221
121212133233
112133131312
121221131213
121333121113
112313223321
111233113132
121311211311
123323332321
123331322332
112222313111
111232132233
112232323311
111122312321
122123311222
112312112132
112121333322
111122221212
122133211233
111122112323
123131232123
111232133333
122333111131
112213311133
122333213121
121322112311
121112111221
111232131122
112223312111
112313222133
123312321321
122333233321
111232131111
122222322123
121322122123
111232331131
112331323221
121132313223
122211211212
121233221331
111211232312
123323132211
123332133223
121122322231
123331231212
111232331322
121222212313
111213211311
112232233311
111231213133
112211223223
112313132322
111221132132
111232331311
111221212133
111211312113
111233312333
111122322311
111112231232
123311323313
123122312212
123232331233
111212323112
123231131311
123112321323
112212122233
112311332113
111232332231
111231132122
121111313233
112222212221
121211112222
111223121132
112222332211
123223231223
111232321112
112212222212
111232321332
111122233233
111221211332
111221112222
123312133212
112223113233
111232322331
112222131232
123111312212
112121212111
121131312111
122231211131
111223233321
123213333311
111232322122
122321133312
121322111312
111121332331
121212233313
121322331213
111232322133
111122113311
111122111313
112123111333
111232323321
121211322131
112313133211
122122331221
121213233123
111231232222
112323332211
123311221121
122231132331
123221311121
121232112113
112121331111
112123333313
112323211233
112311233311
121332312231
112322321313
121331233111
121133323221
112112132321
112331232231
123122231133
112312231323
111232312121
111223332231
123333122222
111211131312
111232113331
123111111231
123212221213
121231213323
111231221231
121112232333
111232212223
123333313332
111221313111
121111223312
111232313113
121233213213
123132112211
112323212313
123313312331
121321313223
123111113211
112232332131
122232332213
111231111321
111112123232
121123332231
121331131231
111112111211
111232313232
111221313122
122321123111
111212123312
112211123321
112122131231
112312221311
121122111121
111233131213
111222133112
123123121112
122131222312
111211122222
122311331223
123131323122
121232112322
123132333232
123332322313
123233211123
112122313233
122221133122
111212111313
123121133322
123123311232
112333233113
123311212233
112333211333
122233312131
122321332311
121332321123
111232221131
111212212221
112223212123
121233112112
123323323231
111123211311
112221111233
112311323232
112233223223
121323212221
111221313331
112112213321
112211111133
112122123223
122233313222
112231222321
123112331311
111232223221
122223221322
121112223232
111232223122
111232222213
112211123312
123111222113
122313313133
121111121111
122231121322
112232231111
111112133121
112113123111
111212222332
112312321112
112212311213
112123132222
123223121221
111232222321
121122332313
122132122321
111222332313
111122122221
123211313311
123121223313
122132113323
122211223123
111223311221
112322211223
123123212122
122133311333
121211222121
111223231323
111112212121
121211223223
121321313333
123333213223
121332323222
112113323311
111232231112
123323211132
121322331132
123333311312
112232312331
112311323223
123332222213
112233333223
111123331132
122233223132
122321321133
121133333213
111221333311
123333111323
122211333312
111232231233
122231213221
111232232331
123133312212
123321221331
111232232122
122313233323
112121331212
123332232212
112322222113
123112121231
111221322333
112312323132
122233322132
111232213323
111232223111
112121223232
112322332322
111232213222
123211331232
121233121112
122313332211
112112123312
112313311231
121331333123
111232212131
112111121331
122113231323
111232212322
121321221131
123312312231
121132132323
112232211322
121122133233
111232212333
111212232113
112323333232
123113321113
111211233212
112231212232
112121212221
122312222113
111232211132
122321223211
122322122311
112321331322
121122211111
111212131311
111233111121
112233113322
112112332332
111233222313
123222231222
123223111211
111233111332
122133233323
123111113112
112323121323
111212111212
111233112313
112223321331
112321311313
122131232212
112322133231
112212311132
123231233121
123233221131
123121333111
111123333222
112321213211
121311131121
111121221222
123131322312
123132211112
111223312233
112212312223
112121211211
112221131132
121233122313
112231232221
111233112111
122313212122
123113231223
121331113132
112112211211
111222332331
111233113321
121232221123
123132312213
112223231212
123332333221
121123232331
111122322223
112212221332
111233133332
111212211112
123313332131
111233133233
112232123111
111233133211
123222321112
111211321131
111233132113
112321223133
123312233323
112122322321
111222121331
112233212221
123222113331
112132122223
111211332133
111123132122
112211233121
112311111132
111212323332
112312221232
121223321122
122313132321
121121112211
112333233333
123113133112
111211132113
111122313212
111233131231
123312122331
111212332222
111233131321
111232211312
123311121313
123322333123
121131111123
123212331213
122221112222
112331223123
111123322233
112331313323
112223112113
111233122112
123221222131
111122222222
111222331222
123212132221
122233233313
112123232221
112111332133
111233323122
111233122332
123112331322
112212321223
121212321311
111213133132
111233123131
112123313333
121122221332
121313211221
112321322133
123132223322
122312213313
123333222313
123333222212
111233123333
111212311113
122232113313
123113311123
123222113212
121322333323
111121213131
123312133313
111233121111
122112322132
123321311333
122233233221
123322332331
123123313133
111233231232
112223132133
122221233323
121323113333
111233233313
111233222133
111233233221
122323113132
111212332211
112113112322
111221113113
123321333223
111122333322
123211122113
112122131213
111212231321
112233333232
111123233131
123111311323
111223133311
111222313121
122233133222
122212332233
112321223122
112231222213
111112322231
123223221211
121232211333
123132123213
111122323121
121232321331
111232233132
112212322123
112331113231
111231231221
121331112313
111112221121
112132122131
111213222223
122121133332
111211233111
122332333312
122232133322
111212322232
112213232221
121321132222
111212213132
123112323312
112311133123
123111313231
121232211311
123332232313
111123132133
111231111213
123322131123
123231132321
122223313223
122212232131
123122232233
122332132113
111221113311
112213322212
123123312123
112323122122
111112133233
123113333132
121322332223
111213212213
122222221323
111233333213
111121213232
121132313232
123321113232
111123233113
112233311333
111231133213
111122213123
123133332232
123322333321
112212133233
122221123321
112121233121
111112133323
111123123111
112113213133
123333331211
112232131121
123331133213
111121133332
122223322313
123133311233
112233123312
112112112233
111212333223
111213111132
112321221131
111123122213
111232321222
111123122123
121132113111
123332211123
112332113333
121323331111
112212131321
123311233111
111212311131
112112311223
123123232131
112213232133
112122132113
112312313322
121221312113
111122133212
112213112321
111212123213
122322133311
121112312213
112133131231
111213113211
121312232221
121311222113
121212212222
121331333231
111123322121
111221131223
123132312321
123111331132
121313231333
123113333123
112332313331
123323123112
123113211221
123123212221
112333211322
112311212132
121233213123
123113113132
111111222323
112221122121
111123121333
111121221211
112211313221
112232331312
122313233121
111122311113
112121323323
122111221133
111122311131
111231133123
112131322233
111123321221
121111131321
111122111331
111122313331
112223133312
123333132223
111231321111
111123312212
121133231223
111123112131
112233212313
111222133211
121122133211
111222332212
123121111232
112122221112
122131132211
111223131111
111212213231
123221321221
112332312123
112323223311
112223133213
111221112112
111233232321
112332322223
123332221131
111122312231
123221311112
112112112112
111122312123
112333222113
111112222111
122133223311
123321333333
111121131213
122231212132
112111332331
111231133321
123131113321
122211311123
112233112323
111122323233
111122132123
121331212233
111121222111
122111311322
112212131123
123131222122
111212222211
111111231132
123331113121
111233333312
112222312231
112133123232
111213113233
112332113131
112333323311
123331311112
111123131121
122212113322
112233233332
123132333131
122121223213
112112122133
123212132111
122232232133
121133322132
112332131113
121112323121
123321123312
122311333313
111213223112
122333311133
111233211313
111221222332
111122321123
111123133213
122113212131
123321131223
123112131111
123112323213
111231321133
111122333223
111121311312
112112312132
123133112131
122112321232
122333313232
122312122231
111233231311
121322232233
112311123313
111122332112
111211222221
123113323212
111233212121
111111211323
123121311111
111222231131
112331331233
112311212231
122113333212
111122232333
111122332323
112222313313
123112223111
122212111313
111223231233
111213131332
122312122213
111222112331
123323323213
121113312122
111231122231
122322223122
112111313211
112331323122
122131121132
123311232132
111122332233
112233332211
123112332213
111231212312
112211322113
123122333112
111211323122
112221132322
111232233231
123133322332
123313312111
111123113112
123131211212
121113132111
111112321311
112131332131
121211312231
111122222233
112113333112
112322231221
123121133113
111123332232
123313331312
111233112122
112211322232
111212231213
123232111211
112131313321
111221323323
111112121221
123133123133
121213221322
112221133211
121231213121
123121111322
122223333133
112223222311
121312313223
111222313332
112323312231
121211211121
111112231113
112222333333
111122212212
111121231232
111122332121
123323322313
111111123231
111223132323
112312331223
121233313221
111223132222
122113233213
123121112123
123312322322
123133111132
123323312112
123112111322
123133333121
121223311323
112121113131
122232322111
122211121212
122333332213
111222322312
122131232122
122321121311
112123211231
112222233323
111223333212
111232231121
123211321112
112332311333
111233322231
122311231222
112212213223
121131322121
121111321131
111122122111
112313212211
121312232313
111223321332
123323111322
121313231232
112112311131
123122123313
111123121113
122111132123
123332121231
112211113311
122311132211
123133113121
112212122211
112111121133
112313321232
111233323221
122321213133
122332113213
121322232121
121323132312
112212123333
122322213211
111213331132
122121123223
122123233131
112313311132
112211313111
123133312111
111121121212
111223112132
123231121332
112323113113
121333233322
112331222331
112332323112
123221212123
123112233312
122322311313
121221333312
112212323221
111233332111
123122322121
112332132312
112123223212
123312112121
123133313123
111122313111
121312111322
123223212121
111212311223
111232321121
111112222313
121222222121
111231231212
123312312321
123331322121
112213131212
111121122121
111122231132
123321213321
112231313322
121311231212
123322331332
111212132132
121132111223
111223322111
112231233123
111123332113
122312223211
111123121311
112332233332
122121231232
123331132212
111211133112
111213131323
111122322322
111222112122
112312333331
111232121231
123132222121
112222232113
112323131113
112211223113
111122223113
112121312231
123211323132
111221331111
111213331213
123113221222
111213211131
122112323122
122331331313
111213132313
112231323231
112222212133
123332312222
111233221121
121322121113
112213323213
123112111232
112322331123
121122121111
112323212122
112213211123
122221121211
123121112321
112133211212
111123223233
112323113223
112113232233
111223222312
122232132211
122212232322
123121123332
112313111112
112322221123
123122112322
122133131131
111122322113
111121123131
123231321123
122233332212
112112333322
112231223122
122332321322
111231213212
123231323211
123133212321
111122121112
123122323113
123232131213
111123333323
111222333321
111221322322
111112312232
112322312313
111212213123
123131313211
122313231213
112221213322
112122232321
122213331213
123232323111
111232223313
111213121113
111222313323
123331213111
111221211323
111122133133
123131312232
122223111322
121313331222
111122321321
122231222131
111122122212
123311333231
123113331332
122133111111
112123321222
121322111231
112112231213
111211111121
111213213122
121321221113
112332131311
112212121212
122232311122
121232321221
111122331212
112221323313
111233332122
112222131223
122122313331
122312331213
112212333231
123322131213
112212123131
112212113123
111111211112
112233332222
123132321213
123221311332
123132322322
111231121223
112333321221
111223333313
111222323212
111122123312
112111131231
111211311321
123323321222
112132211132
111112223231
111123212132
121323121323
111223321112
111222211221
111123311112
111232323213
111112323331
112312311122
122321333323
122233221121
111122222211
111111121112
112213221322
112222312213
123113333231
112231313232
121133322213
112113113121
112111321333
123231232311
112221231322
122332122112
111212223113
122331133111
112111312113
111122131131
123221312221
112132112213
122311321222
123111323311
112222232232
123112122322
111223111333
111233233331
111122133331
112211211332
112332223131
111232332132
111221233332
112112132132
111221221133
123222132332
121122322123
122311113133
112131121322
112221323331
121132312112
112211321123
122231221231
112113213212
122133131113
123123311311
122233211122
121122233313
122112332221
112132113212
111221112211
112223223222
122231113121
123123211323
112122211331
111213112223
111112233212
123213221221
112232231122
112233311322
112323233112
122113111232
111222313112
123133321122
122231311211
123222332312
111212112222
112333212213
112231331333
121222221122
112313331121
112113311211
111212211211
111121222313
122133333232
122222212121
112233133122
111122131311
121222213123
112313133222
111123111321
122221333322
121222321123
122133222211
111122231123
123123223232
122313322311
111223123211
112223211113
111121313323
112233221122
112221212233
112332112332
112213133333
123121211312
112232131211
121123223331
122113111322
111222121133
111232123332
111122212111
123113212233
112333123221
112123323123
122111221111
121212233331
111221123231
111122113223
111223211132
122231211311
112122312113
121311312111
111121233212
112232213212
121121212331
121223131222
112221213113
111231123133
123323212131
121232233232
112122312131
112212322312
111123133312
112333312122
122132122213
112221333312
123233212322
122131333111
111222231322
122231121311
112232121113
111122231231
112322311222
122313132132
121212322231
111122112112
112123122131
112213222321
123131113231
112131333323
111123333233
112123233321
112222122313
111112332212
111231233223
123231221221
122131233213
111122323211
121212232213
123322211313
111123313213
123112231211
123311133121
122123333121
111122111122
112313313323
111212321132
112333331231
111112321232
111112111112
112113111123
123232312232
123211222231
112322333233
111211122233
112211211222
111112111332
123222323312
123133222223
122331112211
111112233221
123322321311
112123222312
123231111221
122213213212
122332313233
111223122311
123113213131
121313232321
111123121223
122132312111
111231113211
111112111233
112313332313
112221223132
111112112212
111111212331
123211312112
123311313323
123231332211
121112213321
122321132122
112323213321
111231211113
112312233231
123332132112
122233311312
111123323223
111222231113
112322232121
123313231133
112333223211
122121231131
111221132123
123123331212
123311111332
121312122322
112321211213
111112333321
111233132311
111222111211
121321332312
112112313111
112222322311
111231322222
111212331221
112333111132
123333111211
112332121121
112132213323
112322231212
111112113213
122211111112
111222321232
112132321211
112233131223
122333211312
112223321221
122111113113
112213213112
112112113223
112222221133
123112232221
121312113313
111123132331
112122231232
111222321333
112122223231
112322212132
111212232322
112312333212
111122113131
112311232211
111112132232
123133323223
123233211321
111111231321
112213122322
123312112233
121221212112
111121223213
111221211222
112123323213
111223212333
122332123131
121321232221
111123123331
122133333131
112212223213
112312212311
111221312231
122331231123
121213112213
121231323231
122331313133
112213222312
123231323121
111123122231
111221322131
111232113133
112121131333
111111121222
112332132321
123232112221
112111312131
111122121233
112213313311
111231232121
123333121221
122121331222
123111132111
112113212132
123222323132
122333321323
111112212211
123121332312
111232211231
121312312112
111231311211
111213332322
111112221112
111231332322
111213132133
111112311231
121311222131
111123321212
112123213332
112231321112
111223312332
123332311133
123323111333
123222323123
122222221233
111212213321
111212231132
112121321321
122332233221
111111222112
112231213222
122212313133
122112112212
112113232332
122231132111
122223123222
123211312121
111223123323
111211133233
123322233221
111122121211
122111132231
123321312231
121232223323
123332112312
121232131233
112332311223
112312333221
123132322232
112331211133
121323122313
111111213321
121232231133
111232112312
112222311333
111123123133
123221121322
112322321111
111233323212
111121323122
112213322221
123132212133
111223332123
111223111311
122211333123
111123211131
111111211222
122211331112
112222331313
111121111332
123332311111
123223222122
123112313232
121123132121
122122311232
122231111123
122323112122
112112122331
111222323122
121232123331
122211321223
111221232311
112331111323
111231211311
123132123312
111213322323
123121213121
122121313323
111221112323
112323322223
111212113333
111212121211
111231121131
121123311221
111111111122
112222113333
111112322321
112231222312
121222121222
111111212133
123313313213
112111231311
112213113212
123131122222
111111112233
112312121132
112131123111
121122332122
112322332311
112331222212
112312212131
111231231133
111112121331
112311322233
111122112121
112213221333
121133221323
112232211223
111222223132
121223322323
121131333112
111111212212
121131333121
112231332321
121311333233
111212221122
111213131222
123321232333
122121221121
122213112223
112321321332
112222132123
111122223232
112121333232
122212132231
123321122133
111233231223
122132113233
123331211311
112111233221
111231331132
123113123232
123121113122
112312321323
111231133312
111111232113
123232321311
123131233133
111111232232
121313313323
121112333333
122121211221
123231311113
112121313111
111233223312
112122333312
121223121131
111122323323
121311123122
112332321321
112113212321
111211122112
123111321313
122111312321
111223212223
112221232231
121123333221
111112211122
111122233222
122133322333
112321113122
121321323132
112122333231
111123323322
122232223133
121232332333
121332323323
112211322223
111223112123
112121331221
121323332233
112333233311
123222232331
121123322313
123323311111
123233133223
122232223331
112223221312
111233131123
112311313123
122333111322
111122333333
123131321131
112313311123
111122132213
123322312223
123231311311
123321122313
111111233121
111233113231
121233222323
112111211313
112123232313
112331231322
111122333113
122233222133
123321231132
111122213321
112221131312
122131232313
111232322111
111111222222
111231311112
122312133123
121332332332
112131131323
111232133223
122223121312
122331311232
112111233133
111212123132
123323122311
122313323233
112332312132
111232333221
112332123213
122133223223
121331221323
111212222112
123221323232
122223112231
123112313311
112111311123
111111122133
122321231122
111112123311
112112131322
111121133222
111222123311
123111222333
123321112332
122113131111
122323322213
111123111312
111121232213
111121112331
122212333131
112332112233
121313123333
122133131322
111122122313
123111132122
121131311121
111121323331
123212311211
123331133132
123132121233
123331131211
112113233223
111232333212
111112311312
112333213221
121212232132
112112331313
121232231313
121333223332
112322213111
123312332323
111112313121
122112313323
123122331132
112211112211
122223121123
123121231332
122213332311
123132131322
123233232133
111211312322
112321223111
111233313222
121231323321
122121223132
122212133212
112211213213
121211332332
112312132332
121321332213
121132111232
111212323211
121312231121
111223221113
111232323312
111112121212
123311222221
111112332122
123211232221
123122311211
111121111233
111112133222
112332133111
123332213323
111121112111
123212332322
112213112213
121212111222
123332123323
111212121323
112312122232
123313222223
111123111231
123331223121
122221113223
111213322222
112113112131
122233112221
122331313221
111223123332
123222111322
122111113322
112323223322
112111213311
111221112332
122232121123
112311333211
112321133322
122331232232
122313311131
111111122111
111221313133
121333312331
112123211312
111223211123
123113222133
111233323331
122231312331
111221233233
121313312113
123121121132
112123321112
111231131332
111212233323
123112223122
112333312212
112211313133
121221213322
111112222221
121132212322
112122331222
112231312222
111112233313
123111111132
121322311323
123121232133
112212133222
112311323131
111233121331
122222232312
122333331322
123123233332
111233233212
123311321113
122321222322
123122133321
111121133121
122213213331
121312221223
122332221332
122132132313
112323312132
122132121333
122222231223
121213211213
111123111123
112131313123
111123132212
123123322311
112211222121
121331233221
111111232311
123311211221
123211312211
122132112232
111112213113
111222221112
111231233311
122331223333
122333213332
123312231213
112233221212
112222123312
112211213123
122311333133
112122131312
112312113221
111112312223
123323113111
112333312221
123133221231
121331123113
111112233133
112222211112
122331122111
123122332311
112211121112
123321221212
123321323222
123233323231
121213221333
111122223311
111222111222
112313123311
122311211312
112132221311
112221323111
123223232132
111221332121
111111211121
123311112221
123121122333
112212323212
123332232111
123311113213
122323312223
112332211332
112132222213
121223211333
112321223212
111123323131
111221331313
111111112323
121333212132
112232123122
122222212211
123122312133
111122122122
121131132122
111213212321
121131123133
123332123222
111231223233
111112321113
111212232131
121232223233
111121222331
111112323313
121233221133
112113221132
112211232131
111232313311
123132132231
123131131132
121113122123
112331133233
112222133331
111222212121
123121111131
111121232231
121233312231
112131313132
112212123232
112222133212
112231323132
122122221212
121311222223
121333333222
121122123113
122231313132
111111232131
123113213223
111111223333
123132322113
122121233111
123321131113
121131111132
122111123213
112113211131
111122212122
112132313322
123222331333
121232133123
112122312223
112322112223
122233123322
122213231212
123333311231
123331113233
122123331231
122231113211
112313232312
112233131113
122122332211
111111122313
111112213223
112313212112
121323131113
121123313333
123323132332
112212113132
111121111211
111223111322
111112333123
111111123132
123232123311
123223313211
111211313332
123123322113
112312223133
111232333133
122132333112
112332232223
121332231312
123121131221
112332123312
123121323312
123213321321
123133132221
112111121212
112211133111
122232133113
111233111222
123111212132
122312213133
112233131333
123121133232
112322331213
111111223311
112213223133
123132122212
111232131133
112223332223
112311122231
111123122312
123332313131
123232132311
123232212332
112223133132
111211321322
123121313322
122312223233
123112211312
112223123212
122222211331
112323122212
111222132322
123321331331
122322231211
121231132121
123333113231
111233222111
111233213322
122222221121
121213333313
111232121312
122321313123
112123213323
111112232312
123231313212
112321212131
112213133223
111121311213
122232122232
121233233112
112123122333
112211233332
111211223123
111211331332
121111233111
111112212233
111121122211
123322331323
121123121213
122112211111
123131133233
112223333222
111221332112
112312332231
122323231113
112331323133
121121331133
123121132112
111111221331
123111131323
111111122212
122121122211
111231212321
112212132131
121211221122
121322112131
112232133321
111122233121
122332131132
121211112211
123323322221
112211222233
112131221123
121121311322
112323222222
111122233112
111121313332
111213112333
121212111233
123233222231
123323221333
123322212233
111112213131
123221321133
123232122323
111233221323
112111311312
122111323121
111111213231
111123132313
112133221323
111221311333
112132131212
111213321313
121132221223
111123223323
123113322321
122111223322
123133322323
112311213111
112333132212
111223223212
111212233332
121312131111
123321321123
123233113331
123132132312
121331111121
121232223222
111121321322
111111221122
123233232221
121211131232
123233232122
112333113112
112333113121
121213222132
123133323131
112131131332
111211322321
122112131312
123323323123
122223213222
122223322122
122223121231
112212231131
111112111222
121232333332
112132213121
123112322133
123333211313
121231213211
122231112333
121312231332
111112331211
112123333212
112131332311
122122223333
111112213322
112122111112
121331233122
123211122232
122312231313
112233321231
111112313332
111213322211
112213122311
121212221332
111221122221
111121311132
123332131133
122112133233
122123323223
121231111333
123121112231
123111331312
111212333113
111221111122
123131222221
111123322222
111222232321
121213212333
123112113212
121112132213
112321233213
111121312223
121331211313
112322232211
111121112133
112223222223
112313332122
122331333333
111112221233
123121232111
112133333312
112313211331
112321223313
122313113311
123333322321
111121221121
122232312211
112212312113
111211223321
112233232322
122113332213
121223322233
111121323313
112121333311
122333311221
123133233113
111233331323
112113323322
123312131322
122122233121
123112133113
122311231332
122311321121
121222311113
111213232222
122313112323
122213132221
111223331311
121123113133
111223123112
122313131322
111111231213
111232222132
123131213232
121232131121
111212311333
111212131113
111212131232
121211331221
112212121221
111123312122
111221323233
112322313231
111112331222
123222111232
123311312223
112133312311
111223131313
111121312322
122111321321
121233111111
112313311312
123311132333
111223121321
111222132131
112221222331
122211323133
123233132233
123122213133
122211322213
121131223211
123213332332
112112321312
112223331321
111221133221
111111112222
121212222212
112232331231
123222213233
111222133222
112231322313
111222232231
121112312132
123323223313
123132211222
121211111133
121233113322
123322212211
111123332322
111211231322
111212313212
112311123111
111122332332
123323322111
123233312233
111122231321
111231233131
123311232312
111233231322
122222222133
112131311211
112213321332
111221333113
122132131233
112212333213
111122331221
123232131123
111122313221
111123333121
112221133332
111123222322
111221121332
111111221313
111123223121
111221133133
112123133223
112212233331
121232331213
112112332233
123222333111
123213333131
112211331221
111213123331
121233311311
112112111212
121321122232
123111122321
111232331232
111212332323
111222322231
112223231111
123332231222
112213233132
122133313212
111112213232
111233122211
122121222111
123121211321
122333332312
111232132121
111122311232
111122133111
112113233232
112212132113
112322232332
111213233322
121221123232
121133323212
112312111232
123331313132
112312131212
122121313233
112221123322
123113231131
123311211133
111231123331
123222111113
121231311133
112132133232
121112111111
123111312313
112131131233
121131122312
123112312332
123212111321
111112313112
123111233311
121213112132
121221133233
111123211333
123312322232
123213113113
123212321133
111111213123
111223323321
122123133321
121313122112
111112311132
111121111112
121321213112
111121233221
123213133122
112222223131
122121122323
121232321111
112213323231
112333332131
112122233133
111112212112
122231332311
111112223123
111231221312
123331231331
111231113112
111122231312
112223312331
112333321122
111233232123
112211112121
123332212113
112112212313
112311331123
123313321331
122111313111
112213331232
111223132233
122111131322
112312212113
111212212111
111112122112
123313312221
123212331231
112133233331
112232311233
112123332213
112112122313
112222321321
112323331122
111231321221
122122111331
122321233333
123121111113
121213233231
111122212133
121332221212
112113231212
123321333322
111112323111
111112222122
111221232223
112313323313
112333322233
111212133212
112331132223
123211132332
112311222131
111112222331
123132322131
112121131232
123312213321
123323311221
121333322323
112322323113
111231222131
112333331312
122233111222
111122312132
123222131122
121222121332
111122132312
122311333331
112221121212
123213333232
121211233233
122211233221
121211232333
111122311333
123112232212
122311312222
123121322221
112121123312
111222132311
112321123112
123322232213
111122213231
123312132321
121313121313
111112313222
122333123323
122231123331
111222122323
123113113213
111111222233
121312132323
111111223232
122333212333
112313332221
112321233132
112321233321
111112332133
112132333122
111213333112
112213213222
121112133221
121231321222
111121211111
112313212222
111231333233
111231313132
112133113123
123123221111
123213223131
121133321232
112223321111
112233323233
123213132123
123333221233
111233133112
123331122321
111123113332
123121131122
123131331112
111232131212
123232232123
111122112332
111212313313
112312133131
111112233122
112311111123
111223332312
122232322133
122223322212
112313213113
111111111212
112122222111
111111123123
121121222211
123123211233
123313121311
112222231132
111213331312
123111123133
123131112133
123233122223
112213212232
123133123331
112222321231
112133111112
122321213212
111222233122
112212313323
121122223132
121132333331
111231121232
121131232121
112313233313
121323332121
111232111232
121112231312
121312131212
123112312222
121111123322
111223113313
111231221132
111211333321
122111232131
112113232211
112312312323
112332131232
111122322333
122333113133
111112231322
121113133132
111221122313
112122123333
111211213223
123212312133
123221111312
112133312113
111123121322
121322223323
111221213231
123332333133
121232232332
112313311213
111223213332
111211122211
112213131133
123132112323
112313113123
121231322221
123111213122
111123133321
122221112211
121211233121
112222123321
111123231212
112111233331
111112231311
111223313131
123233232331
111112321333
112131132111
111121323111
121131323333
112132231332
112313232132
111112123131
111233331112
123212133132
112122332133
112331313121
112113123221
111221331221
121233311333
112221211331
122121321322
111112211313
123211233123
112133132232
111112131321
121313133222
111231332232
111233332133
123111221312
121223231122
111123123313
123333323331
111232132211
121122223123
112122323313
111212123321
121332133122
112131213221
111121113132
122123131323
112311211113
122222332122
111121232132
123322331233
111122113232
123312133133
111232122322
123212321331
123333132232
123112232133
111112113132
121122212121
123223111332
122111312312
111223122131
112313232231
121121311311
121211131322
122333211321
121323112233
121323322223
123331132133
123313113222
122322331113
121322332232
111112132311
123113122332
123312223113
123332211321
111121313211
111112221222
112331231113
122333231323
111112323221
112232121333
122222131312
112111223231
112133213223
112231331223
121123313131
111223232111
123223333123
111221113333
111123313123
123311222122
112133132322
123321113223
111232312211
111112132223
112211123231
112231132211
123332122322
123221221321
121111133121
111221222112
123132213321
111123333112
112223131233
112131331231
123132311311
123232121212
112321312211
111112133211
122231223332
111212113232
123331123313
112213313333
123111232112
112221113312
111213233223
121223121113
111121121111
121111321311
123221313123
112213232313
111122322232
123312121112
123333213113
111231211322
112322231331
121222322311
112133232312
112132111333
112111221233
112323333322
112222222211
111212332332
123121323321
122232213332
121322121311
112331223132
123121311133
111122232311
111221332211
122322221113
111231232323
112221111211
121313331233
112133113213
111112212332
112232213313
111121333321
112123221311
123333332221
112332111122
121121133221
122322222312
111123333211
121321121213
111121312333
123212131233
111223121312
112312332213
112333131121
111233111211
123122323131
111212113322
111122323332
122213211131
111211122323
111232213332
111123332223
123231231213
122132212123
112231232111
111233313332
123131311321
111112233331
112222221313
111222111121
111221231213
123331312111
112333223233
123131233221
112332213132
112131312212
123131211122
111213122231
111122211211
112332212133
122223331113
123113331112
123232211133
111231112311
111231232332
111123313321
123311331332
112111232321
111232132222
122133332112
111123222113
121323213213
111232132323
123322233133
121231332321
123131212121
112113121322
123132212221
123132331212
123121213323
123113112221
111222111112
123133121322
122123111132
123112211231
111121132322
123331221123
112322231122
123113321131
112233133221
111112223321
123122212312
112333211113
121223213221
111212232223
112311223222
112111333231
111123211232
121313211133
112233332233
111211131231
111212122313
112223311332
122211233122
112211112323
112121113223
111222233221
112322223112
111223132112
111123233322
112312233213
111211231311
111123311233
112323131131
123112323231
112213212223
111223133333
123313221321
121211322113
112331323212
111231213111
121321331232
121321133311
111223311313
112321313322
112111213131
111223331333
111122311311
112111211122
123333211331
123111212123
123311111121
123122221132
111123221231
122121233221
122232111333
121113322112
111123311323
123232312223
111123311121
112311321122
111232332213
111222111332
112331321223
121221313211
111123231111
123333212112
122332231223
111123222232
111232131221
111123231313
121233212122
111211211212
111232232111
121123113111
111122213312
123112123211
121112232322
123112222231
111111232223
121222112332
111221213321
112111212323
121321213323
112322111213
112233312213
112223123111
123122213122
112122333132
112132233123
111231313312
112232332322
112211323323
111211322123
121213131122
112231321233
112112133221
123333211133
112321133333
112222231231
112231113212
111123131112
121133322123
111123232211
112121223322
111123232233
122121223123
121113331132
111211331121
111232112132
122312321331
112233213213
111123232332
112231322122
123121323213
111231322112
111232322221
112311333222
123333332133
121212121313
111123232121
111211123223
122331312321
121213313311
121223232323
111233222221
122112231232
123132313133
122123121311
111233211122
123323231222
121233233233
121232132331
111112131132
111122311322
111122111111
123311223213
112223223233
123113322231
111123221321
112231332123
111123221312
112113132221
123212133321
122111111111
122322333111
121211313331
112322123331
112123233231
111213131112
122332123113
112313132131
123333213333
112213231332
111211221332
112313313222
121223211311
111111111111
121312311111
123121311212
112111211331
111112132131
121213222231
111123223332
121131311233
112122323331
112311223211
121221133323
111213133213
121112131311
111111111221
122221213321
111213133231
122331211233
111231222223
111231333323
111123222333
111121133211
121213311331
112212111112
121233332121
111112231333
122111122331
122333123332
111231223121
111123212213
123122332232
112131211131
112113131211
111221121211
123111112322
112111323331
123221233223
122312211113
123321222323
111121113231
111123213111
112121223223
111212323233
123133321212
121322113332
111231212123
112333332232
122121221332
123321113311
111221223311
112322321133
111212123231
121312223111
111123213212
112333122321
111223121123
111231112232
111213231212
111123211223
121231123121
123123112211
121232311112
121321213121
112231312112
112332211233
123132332211
111121311123
112322131121
121333131112
112331313112
122222131321
111121311321
112223232112
123313332311
111212233112
112232323113
122133132312
122211111121
123131213322
111232323123
111111121233
123213131223
123132332332
123131132131
121123112231
111123131332
121211122331
111121312311
121332111313
112133233212
111233213311
111121322231
121123312121
122121331323
112333213133
121312333111
111213313123
123122211232
112311213331
111123122321
111233321131
123132133122
122132212213
111222323331
111222112221
121312121312
112222112323
121131212231
123333133112
111223311111
123212123212
123321231321
112231123233
122223113122
122312221123
112231113221
121213111232
112123133113
112222323233
112112223333
111213211232
122113311212
112333212312
111121332111
111112132113
111212211332
112223332333
112223132331
123222331223
122311232331
111232213112
123111333211
112313312322
112212123311
111122223322
111233212332
111222133121
123131331233
122111111221
111213211322
122331111221
122311111131
111112223132
112133133121
123221133231
111232333331
123111131121
112211132123
111121331233
121212212211
111121221112
111213112232
112331221112
111122123213
122233312113
111222212332
121131323232
111121211122
112212121133
121212122112
123111231313
112233223131
122112321322
123331133231
122333321121
123121311122
123233122131
111121211331
122111233112
122123132212
111233322312
112121132231
111112312311
112313231113
122113213233
112233313133
111212232333
112232131112
122231123133
111111221212
112333131112
112333322112
121332121222
123121313333
111121212211
112112133122
111212122221
123112212311
122321131112
111112113321
121111221121
122321322222
122231331231
112233211233
112311221132
111221231132
122212231321
123121223133
111111233233
112233121121
112133323331
111112112331
121121222121
123333131312
122213333332
112332222121
123131123131
123111331123
112322122312
121333311112
111121213322
111223122322
123133233232
111231111312
112223111231
112213211231
121312133113
111231112322
122113321121
122121332313
122121222212
122231232332
123111123111
112123311111
122311312121
111232333313
121232312212
123322233331
111231333112
123221211113
112221332313
122311233321
112132323321
122213111231
112131223323
112311221312
112333121322
111121233331
111222223231
123232332313
123212311222
122113322212
111122113113
123111223211
122232223221
112223131332
123332313322
111112313233
122222132113
112332131322
123221313321
111223213112
122111333131
123131121111
112333232121
111121222122
122233113213
122122122331
123133231313
111121222212
112112222112
111223221322
121223311233
123323221113
112213123222
111223332132
123231221212
112312121213
111121221233
112111312322
111232133232
123223222212
121232122132
112232113112
123331111123
111211122332
112132231211
112132332132
121313131312
121211132132
112233233121
122321331321
111122312312
111223221223
112112311322
112332113223
112313133233
122312133231
111121121122
111112121122
112332332112
111121322213
121311211322
111111222211
111233131132
122133311113
112312211123
123312333333
121323321213
111233121313
123331323333
112121131131
112213333111
112332311322
112133321333
111121113321
122222332331
121213331113
111121121221
112211212313
122132122312
121231312121
123131212222
111212132321
111121122233
123222322313
122312311332
122322311331
111212312132
122113113331
112313131213
112233232223
111121123311
112232223211
123323322133
112132211321
122222212332
121233332233
121231231222
121121131333
111231132212
122331331111
112122212233
112231231233
112312311212
111222132223
123133133132
122322122322
111233232132
122211212222
121221211212
112323331221
111222223321
121311212132
111223112213
121321322313
112122231223
112211231231
112332123231
121322311332
121323131232
111211311123
111233132322
122132332223
122232232313
111121131132
111213232211
122331213213
112311122321
112131222223
111122132231
123332121132
121333111321
111112323122
112121322223
123133333112
122222333231
112332212212
111233332221
111111121211
121313313112
111121133112
121313322123
111123133123
111231211223
112312131133
111123323333
112232211113
122232332312
112332211222
121312212223
111121132232
122122222332
112223322222
122132322112
123332321323
112332313221
122311323321
122133132213
122211111323
112112231312
112311212213
111121132113
111221322223
112112322333
123131222313
112133122112
122333121321
123233111333
112131133231
112211113333
122123112232
111213121223
111232123121
122232223313
112312311313
112213112132
112213112312
122211131321
112212212121
121311233232
111121113213
112323133331
112212212222
111211213232
111233221222
121221112122
111213323322
123233222312
111121112313
111222311312
111221233211
111123311332
122231233223
122212211222
123221111132
123123121121
122221133133
112112231321
122332232123
121333113323
123212233333
112113131233
112331313211
111123133231
111211333213
123131313222
112221221222
123213232322
111121111121
122131223313
112112233332
123323131133
112133211331
111212223322
111211113123
121332212133
112131222131
123331332232
122211113132
122211131123
111211333231
112211131311
112223323232
111231111132
123312222211
122332312232
111123321313
121112132132
122322221223
121312112231
112333312313
123132231312
111121331323
111231112333
111212233233
123113211313
112123212131
111111212313
123331232112
122323233122
123122121113
123132211211
111221111212
123212112131
123312323211
112212333132
112211323121
123211113221
123113131231
123322133112
123212312313
122311311133
121113332311
112312313131
122331313111
123321321213
123323332312
111122131232
112133121221
121323122212
111231132111
112131231331
123332232122
111121122323
123313333112
111223312112
123112112123
123332112231
122222231131
112311231313
123313233311
122221311311
123133132111
122123223211
112132121213
112333123212
123113233212
112222322232
111212232311
111233222212
112212331332
121332112332
112333223121
123123133313
121221133121
112322322332
123313223233
123113122112
112311231111
111231132331
122333322221
111211211122
123123332323
111231131222
111112131123
111231131323
112321222321
111122211222
111231131112
112113212123
122222213322
122213211232
121323113113
111222312322
121332112233
112331322123
123333331222
111221111221
122322321233
123132131232
111222213322
122212311131
112131132133
112112331122
111231122321
122312322332
111233312131
123312221212
122111132213
122113331333
112112331221
112233221133
121311123212
112223211232
112233322223
121221123322
122313322232
111231311233
122111121323
121211222112
111221213312
111121323221
112232323333
112333233322
123112223331
112223332311
121131332322
123323213211
123133211223
111231123221
112323331111
121123232122
111232232313
111233213232
111122212221
123212121223
111213111213
121131132221
123113221332
112232112322
121323221212
121211311311
111221231321
123333212233
112231113133
112223311233
121213112123
111233121133
121231232331
111121231113
111231121113
122132132122
122313132312
111111122331
121321133333
122311111113
123333231311
121131311112
112133121111
111223321323
111121131231
112333111123
121323131311
111233331233
111222233133
112123331232
121223231313
112113313213
112311221213
112222123213
123323312222
121223121232
123332133333
111231222322
112131233223
112332322333
122333223221
111221121323
121331323313
123122222333
123122332322
111233213223
123132131113
112212211133
123122231212
111231223211
112211331133
112221231223
112323131333
112112331111
112331221222
121311121311
123111321331
111231223332
111221113223
111121321223
123331333121
111232133311
111211333132
123312332332
111231223112
111233111233
123122121131
112311112232
112122312311
122222113321
123312323222
111232222231
121221112111
111112311321
112332313111
112331133222
111233221332
123321212331
112323331313
121221213333
112123332123
112113222333
122121131132
111233321333
121123123112
121333233223
111211211221
122123321111
111213313231
112232311211
111112133332
112113233333
123123322232
121221221112
123122232323
123223312223
123112123323
111231211333
122322323231
112211221111
123221233333
121323221221
112112232322
121113231221
121222131232
111122213132
112233133212
122323323313
121323332112
122121231322
121312223212
111221323222
111221222233
111231231122
122121311312
111223212311
111121333132
112232332113
111211222122
111231231313
111122132321
123321133133
123123313111
111213213313
112233312132
111231322211
123323233132
122313133221
123111333112
111231322323
123111321111
121323221122
121333231212
123323211123
122311122322
112312223221
123311322231
112232212312
123331332322
122232231233
111231331123
123213113311
122123232112
111222222313
111231331213
121222223131
112333233223
122222113231
121221232321
123132323211
112231221333
123213111212
112111212233
111223131122
112332333322
121212221233
111112311213
123322131132
121112232113
123323212311
123132233332
121212211133
112213222231
122333231222
112333311112
122313213312
123113233133
111231313123
112132311133
112232311222
112122332122
111122221313
112213111232
121322123111
123322313222
112311331213
111222131312
111123312313
111111123312
121323223333
112311233131
111223211231
121323312312
123113223312
123131233122
122223132121
123133231133
122323112221
112233123213
111223111131
111123213133
111122222121
111231311222
112323221313
111212333311
123112313113
122321313213
112223232332
111211231223
122333131133
112331332313
111231311332
112232111213
123111113121
112232312133
122311113212
123312321123
123232112212
112211131232
123322222122
111232231211
122323132322
121322323333
112111313332
111121123223
111121112221
121111311312
122211113312
111212321123
122323212332
111112122211
112313131132
122323333312
112312213121
111123111132
122132211232
112313113132
123211233132
111233312322
112323222112
123122111321
121221232132
112122111332
123233113111
112221332212
121322132221
111233312223
112311232332
112313221211
112132132211
122112111233
112231321222
112313121212
111223322331
112121313133
112232121131
112212332111
111223323132
112121113333
112331212121
112211211211
122222131213
112313331323
112231131122
123133221213
112122231322
111231232112
111233313121
122333312233
112123333331
112311123221
121212112221
123313233113
112232213133
121231321121
111232232212
111123312111
122212331122
111211223231
123113323111
112231332213
122111223311
111211212121
121112133331
123131121122
122232311133
121232313213
111121133323
122221111212
111233313112
121113233131
112213322133
112323311333
112321231112
123313122231
111211112331
111233331222
122333333313
123112122232
121323112211
123323333212
112333213313
123113313121
123113323221
112221113123
121311313213
112112231123
111233331332
123112223133
112212133211
111123123122
112221331211
111221132213
111121333213
122122113311
121121221122
123223133323
121333223211
111213121322
123112232331
112233223232
123123133111
111231323311
123213231213
112222332323
112213223212
111111121121
111121211313
112231132222
112232311112
111212333232
123111232121
111112232123
122312332113
112123223313
122131213233
123333312131
123231212122
121211213213
123321121121
112111111211
112221133121
121333231221
111233223321
122221232113
112233222233
111223331223
123311122222
111211132223
123322133233
112211123123
111222122121
121233323323
112231311221
112312313333
112212211212
123222121123
112222111331
123121212311
122213331231
111121212233
112212232231
122331332121
112332113311
111112331323
121313313332
111233221211
123132311333
121232122312
112113232121
121231333111
111121332133
112212321322
123223133233
121131313132
111233221112
122211232132
112233213132
121121123321
112213222213
111222121212
123311131312
111213321111
121312321233
112121233211
111213211113
111233211221
121132111333
112331211331
121131131233
123321211332
112233122221
122121113213
122333122232
123323311313
112213212131
111122131322
123313211333
122223312121
111211212332
111211133323
123332233321
123332231332
111211212112
123331221231
112333313231
112231322221
123312322223
123323233312
122332123223
112322122132
112332111313
112232313132
112213212322
111123223211
112331332111
111211222212
123122312313
111211221211
112113231221
112123121231
111211221233
112113133321
123223323221
111211221222
112331131231
112223212231
122113321332
122321212321
111232233213
122212233112
112113321122
111211221112
122322231112
112122322312
111211232123
112313213333
112212213333
123323333221
112131231111
112322123313
111211232321
112133221121
111121333231
111211232231
112331212233
122212321321
121223133213
112213313113
112221212112
111121321311
122122213321
112232313321
121321221311
123132323233
122313313212
111211233122
123122322323
112213223331
112133332111
121132322331
112113213313
112222223223
112123213121
121322222223
123131112212
123332323312
112322232323
123222313113
111211233331
112323211211
112311321331
112232132122
112122333123
121213132332
122111211233
111232111322
111211231333
122311321233
111211231131
122211112212
111222231311
112311333233
123113333312
123111122213
122313123132
123231331122
122112133112
121212221222
111211231113
111222111323
111211121122
122221133331
112113132313
111211121331
121132223212
123312111212
123323223221
123112112213
112313222111
121222331221
123322332313
112232221132
112113223222
112231331311
121123331232
122221332222
111211122121
123332221113
111211131123
123231313221
123112311111
111223221311
111211131132
121222211121
122211113213
123323321211
112222313122
112323213231
123233131313
112212231113
122213231133
112313222331
112112333131
121211133111
112233311131
123212321313
122233121221
111211132322
112122311231
111221221313
112221221332
111122231213
111211132232
112211111111
111231111123
122132312212
123131113132
111211132131
111112221323
111211133222
111233212233
123132232223
111211113132
121321313113
111231121333
112221233331
111211133211
112232212321
123122321133
111211113231
111212231123
112221321113
112231113331
123213323332
112312333111
112232112232
111211112313
112312322313
111211111211
111211111233
123111323322
122132231111
112323132123
123322323313
123131221121
123233131221
123121112312
112211111122
112222221221
112211111331
121332231213
123121221322
112312323123
121311332113
121131332113
112211111313
111213222333
112323123123
123313322323
123123331221
123233123112
122113112312
112121313212
112123231112
112113122123
122223231222
112331311213
121131311323
112311113323
112212313222
112222321213
122211333213
112332211112
112332222332
123313211322
123211323213
112211113131
112211132231
123122233223
112221113231
121121212313
112311133312
112211132213
112321221232
121233132321
123122123331
112211132321
112212213113
112223212132
123321121323
112122132131
112132113133
121332213312
112211132132
112233313331
112132323231
111112112221
123313113332
121232111321
121131232112
112211133133
112123311331
123333131132
112331333123
121222333232
112211133313
112312322133
112213112123
112231333212
121333312122
123132311223
111211111222
112313331233
112333132133
111233121122
112313121122
122321331312
122333231332
123332133131
121133222221
112132212223
111211133121
123231331331
111123231122
111212333322
121231211312
112223212213
122122112332
112313131123
112221123311
123332312211
112232111123
112111113312
112113112311
111211113312
123132133221
122122132213
112311112131
112211131131
121322131222
112331331332
112211131113
121311213122
112122122112
111222322123
112212223123
112211123132
112212213131
111232323231
123122212123
121213313223
122311231211
123123323112
123321121112
112132123323
111211312223
111212221212
112211122133
112123313232
123123321132
121323233233
112312232212
112123223111
112211122331
112211122221
123113332122
123122121333
112332111212
122123121322
112311121311
121111132223
122123211311
121311212213
122112111222
111222131132
112211121323
121211212221
112332311311
112311223332
121312311133
112123331311
122121212211
112211121121
121211112112
111233332212
112222211222
121323313313
122131222123
123112213323
122321321221
123332122333
111121231223
123123313331
112112213231
112211221313
112222133313
112223123221
111112211133
111122122133
122231332131
112211221221
111111123213
111232332312
111222221323
123332313232
112113323223
121212222122
112211222211
112313122332
121321231121
112211222332
111123121232
111233222331
112311213313
112211222323
112212112331
111213233311
123311213113
112131132313
112211223322
112333332322
112211223131
112121212331
111221322113
112211231132
121322133123
112121133111
122113113111
111231322121
112213123323
123322231333
123213211211
121121122313
122222211313
121113322233
111231332333
112312131111
123133131233
112332312321
111121111222
121313331332
122311312332
112211231213
111121112122
112333111231
112212132311
112122333321
123332123112
112211231312
111112323133
112313212233
121323132213
123123133212
112123123323
112331312232
121223322112
112211232232
112211232223
123331231133
112211232113
112213312332
111233211212
112112113131
122233111332
123222113122
112133213232
112213233312
112211213231
112211213321
112312112231
112223221132
121322321221
111122211233
112323321213
111223331131
123123221221
112211212122
123321232223
111221133313
122222133332
112211212133
121131332311
112221321131
122313323332
122112233313
112231321211
112211211323
123312132132
122233113231
112211211112
123221232332
112212222133
112233123123
111211323111
123212121311
121131112333
121131213133
112211331122
121223311222
112323321231
112312212223
123133313321
123212112322
111231122123
121311332322
112232312221
121232311332
121223123331
121111221211
111213311222
112211331313
111233122121
123212212321
121322313213
111123122132
112313332111
122132321313
112131311121
112311212321
112223111132
123133131332
121312123121
112211333311
123131322231
122323323111
112211333322
112121221221
112231123211
112211333333
121331331112
123331322211
111121333312
112211333223
123331333211
111122121121
123111112311
112211333131
112311333112
123212131121
111213321212
112211333113
112233212111
112122311213
112233332323
112213312323
111223232212
112211321132
112233231231
112233232113
112311322323
122231233113
121332331313
112211321321
123313233333
112313211212
122232331322
111213312331
122321121113
121121233332
122132211333
112113223323
112323112211
112232212123
123233112123
122331312132
123222123323
112213221131
112211323112
111233132131
122231133312
111223213222
111223131331
121312231112
111221321321
121212112331
112223133123
112123333221
122131313113
112232321111
121311111231
111232323132
112313231333
121213311313
111231113222
121133223231
123133121232
123232111332
111232313223
123113123131
112211322131
122213123212
112211312321
122133222323
122122211222
112221223213
121311333121
112211312312
122331322223
112321332321
121211312312
112213221311
112212132232
112223211223
122213213313
111121323212
111121123232
121323122122
122223212113
112211313331
112211313212
123321111221
123123132132
121333232323
112133131321
112211311322
121132122223
123312223232
121313112313
112323113322
122121333321
112211311232
111232233321
123312123312
123232332122
112133133112
112312213211
123131221222
111211112221
112332331221
111111233211
121333332322
122121311123
112112312312
122313322223
112232331213
112213211213
121321121312
111212331212
111221131311
112223213313
122233132232
121333133312
121131211223
112213213233
112213213323
112223311112
111211123131
123221213221
122123223233
112213222123
111233211111
111211123232
123132233323
123221131121
122211211111
112221312232
123323212223
122311311331
121211331313
123322133121
123112333331
123133211131
121212221323
112332322232
112213233123
112213233231
123231232131
121121122133
112213233213
112212213322
112213233321
122112133323
112121211233
111231231111
112213232122
123332313311
112223223121
112213232331
123321213231
112131323223
123221232121
122212312312
122233233212
121321133131
123123322322
122311213121
112131111123
112311331321
121131222322
112312232221
122121322213
112112332112
122113223221
123333313222
121121223322
112111311231
112231213211
111211111332
112213231121
112333222232
122232131221
112213311122
112321331311
122233321131
123213331133
112213311331
123333313121
112213311313
112333323322
123132111122
121321121231
121213221223
112213311221
111112332221
112213311212
112313333213
112212232312
123331223112
112222111133
111112333231
123331213331
111232312332
123313112333
112212211313
123131113123
112312332321
111123233232
112313213223
122312231122
112212111332
112213313322
121223211232
112313131312
112222332233
122233132333
121321321233
123323311331
112312312211
122131131212
112121121222
111122223223
123121223221
112332223333
112213313131
112221213131
111121233111
112232211333
123213321213
123331212123
111213112322
112213332231
123213123231
112122212112
122321111231
112323111122
121331321131
123121331131
112233131131
112121333113
112213332312
123132312231
121112133122
122221323222
112223211311
121212312113
112213333122
112332133133
112233313111
121233232322
112232113222
112221112133
122322231323
112113231122
112213333221
112233332332
121123333331
123111211113
122132211322
123122113121
112213333212
123222131212
112213331322
123111113222
122212321132
122213221231
123222112231
112211221331
112213331333
111121212222
112213331223
122223231211
122123313132
112211133331
122211121221
121123322111
112213331131
122111332323
112213323123
112213323321
112133132223
112321113313
112213323312
122222221211
112213322111
122112232123
112213322122
112313223312
121123221333
122132123221
112232212213
112221113213
112213322331
123113223123
122212311223
121131323113
123333323212
123232133112
112113113323
121222232232
112232221231
123131333231
122112111121
123212122231
112323121112
111223312211
121121231231
122132332333
123231213213
112112322232
112213321233
121132131111
111212133133
121223111312
111121213113
112331122121
112333131323
121211231123
112222122133
121233121332
112213321323
112213321121
111222211111
112213321112
123122311323
112111311213
112331311321
122323312322
112231223212
123311333132
112321121213
111211311231
111122233211
112213132211
112223223323
121311232222
122323332221
112213132323
112213132112
123311311231
112333132221
112213133311
112323132231
123133212213
111221311113
112213133232
123321222211
112221113321
112332233211
121123313113
112313311321
121322322332
123121313223
112132313131
112213121123
112213121231
112231333331
123332331322
112213121321
111231222311
122123132331
122232232122
122223131313
112221112212
111211121212
122112221332
121333213331
112213123211
121123233231
122221113322
123213131232
123323333111
112213123233
112213123332
123133322211
121313233111
112232231313
112213123112
112123133333
122313312132
123113213311
112211322322
121311311233
121122213232
121131131222
122321131233
112311313132
122321322332
112333212132
112322232222
112213122223
111213123221
112213122113
122331111133
112313212323
112322121333
123211133232
122312113222
112322123133
112213112231
123321222121
112121232232
112221123232
123311333312
122221131333
111222221233
121313121221
123313331123
111231221213
122131222213
111221212221
111123113323
112221123113
122112113132
112231231332
123311223231
121132312323
121321233231
123313133132
122123213221
112313211133
123223121212
112213111311
112323231321
112211233222
112213111322
123232232321
112213111333
122212222112
112213111131
112212311123
111213112113
111112131213
112323123231
121221221233
112111113231
121323123132
121111223123
121132331223
112212311321
121331122233
121333212312
123312333223
112212313233
112123332312
112331333312
112212313121
123113323122
122321211223
123133213331
112322111312
112212312311
111221213123
112323233323
122332213131
112333333211
112212312322
112122233331
112332132123
112233322131
111122323112
123111223222
112212312131
123131231113
111212122212
122331132312
121323123123
111232123112
111123313312
112212322132
122123221213
123312313212
111121212121
123321121332
112212322213
123313111312
123122233113
111212121233
112231331232
111122222112
123233132121
122232113133
121131233232
111221323211
112212323122
123233121132
112212113231
123333123113
112132331311
112312321211
121112222233
123333113312
111231223222
112131221213
112131322222
123211332231
112233323332
121233212133
111223122333
112231223221
122233223123
112232232323
112212321333
123121321332
112333112232
121232212213
112212333321
112333131222
122213112333
112212332122
112133132333
112312132211
121213131331
121311132122
112212332133
121122311123
112232132212
112212332331
111232112231
112212332221
112333332113
111212223333
112223111213
111122313122
121312323312
123332212131
123332133113
112323221212
122223213121
123211332123
121311133231
111222222122
112212331211
112212331233
112222323211
123132113113
112111312232
112212331121
111221223223
123311113123
123122323322
112212331112
112232312313
123232121331
112212211111
122311313333
112212212233
112312222312
123211113133
112332232131
122332331112
111123212231
121331133211
121323212331
112333333222
122323331211
112232311121
123231223333
112321322122
112212122332
112112213123
123231313331
112111333312
111233132223
111221231123
121313232231
123331211322
112212232132
112212232123
123121223122
123133121333
121313322321
112212212332
122233112133
122221113311
112212232213
112212232321
123322311213
121123133311
123121232122
112221321232
112331331211
122121211212
111111222332
112232133132
122313121332
121211133212
112232233322
123233322212
112212233313
112122121212
112121112323
123212233223
112212223132
112333231111
123113223321
112212223312
121112111313
122121121221
121232322121
121332321321
112212222122
111233311213
112213312121
121121323332
123222213222
112233222211
122321112333
112212221121
122211312232
112332213312
122133221313
112212121111
112212121122
112313122211
122221113232
112311332223
123311213223
123312223311
122211323111
112332232322
112212122222
121211123321
112332232113
112233112233
123311132232
112212123322
122233121111
123122223323
123313132221
122321122321
112313213311
122311123233
112122331233
112123311212
121121223232
122113231211
122332312131
112212123223
112123233312
122221231123
112212123113
112232112333
123112131212
122211222133
112322121223
112231131221
111233131312
112212131132
121121313212
112333231313
122213322121
121331132322
112212131312
122313311311
123333332212
121222231312
112212133323
112331311231
123231131113
123232323331
112222132132
112212222221
122113123112
123321332112
123123233233
112131312221
112212112122
112231132332
123211323312
123131112331
112332233112
112332231213
112113111132
112131123313
122123311112
111112313323
112212112133
123131321322
112221312333
112231212311
112321111311
111121332313
112212111211
121113121232
112113333233
111123213122
112212111233
122211111332
112133221112
112222111111
112222111313
112222111221
111232231222
112231232331
111223223111
112211233112
121233113131
123212222131
112231213332
112313222122
123121312233
112222112233
122113132323
121333232222
112222112332
112112212331
121221323313
112333311332
122112233122
121133312311
112222113311
122321323113
121332122122
112112311333
122131332123
112213223122
123112223313
112231133131
112222132231
112223213133
112222133133
123322123131
112312132112
122122131113
122311323312
121333331231
112222133221
123223223312
112222131311
112222131322
112322223211
121213133131
111233232231
122331222323
123133212312
122313322322
123131122121
121311222311
112222131113
123121333133
123322312113
112223123122
121223333112
112313331222
112131213133
112222123231
112222133111
112311112223
123233112321
112222121222
123213213213
112222121233
112233223322
123333333123
122221222222
112232321133
112112122221
122132232323
112333123313
121221312232
112232111312
121223222223
112313321223
111213322112
121211221212
112131331321
123212323322
121131121311
121333222322
112221232213
121311122132
112222221111
122123123221
111231222113
123212113112
112223223211
122323121122
122312232222
112222221122
112222221212
123211121132
112222222233
122231313321
122311331311
123332122232
123231212133
112222222323
123332132233
111123212321
111223223221
122121222122
123231113311
112331223231
112222223232
122313232333
121312112132
122112323212
122233331332
111121233313
112311222232
111211312333
122113212333
121223132111
112312212333
112222231321
123313321313
122333223212
112112312231
112112211323
123311213131
122213121223
123111112131
121211311322
112222233222
112222233233
112331223213
112222233332
112111113213
112321132211
122131322133
121232213313
112222233121
111213333222
123323223212
112222232333
111112333213
112222213231
123331223332
112222213213
112222213321
123213111111
112322112322
112222213312
112111222122
112222212111
123323121321
112222131131
112222212331
123133321313
122213121322
121213121312
112132231323
122232121321
111232112123
123221231331
122221231312
112222212313
112222212212
111122121332
112222211211
112132312121
123212133231
121231313232
111222131321
123131123223
122122232333
112222211332
122332113231
121212231232
122133311232
112322212312
111212111331
122222323111
121332211222
112213121213
121122222212
122111131311
111111231123
123333112111
112222331133
123322211212
112131213331
111213122132
123222321222
122123333323
112222331221
122112313112
112112321213
122211123311
122311322221
112221222221
123333221112
112333222333
112222332222
123112213112
122312112333
123323113313
112222332332
123221113222
112222332121
112222332112
111222311213
123232111121
122131111113
112222333311
111232331333
111233311132
111112122323
123133133321
112222333232
122133121323
112222333113
112122222122
112222321123
112112323332
122112211122
112313312311
112323332222
111213333121
122131212131
112311121113
123132223333
122213211223
112233122331
112222321312
122311123323
121312321332
111212313122
121333322112
112232121232
111222233111
111222131231
122112111211
122213121333
123133123111
111223133131
112213133322
112333312133
112122221121
122111122313
112222312312
123132221313
111223123222
122223323213
112222313133
112332331111
123322123322
112222313331
112221212323
112123113313
121221122211
112213113122
122231131233
112223312212
112231333313
112222311322
123231323222
122133333322
123331331312
123331313213
121331332212
123223122233
112222311232
112222311223
123131223321
112222311131
112222311113
112223233322
112211133221
112233223311
122131311111
112232333112
123111313123
111213312122
112223111123
122313222233
111121223312
112223113211
112331322213
112232112311
112223113121
123232331332
123331311222
112223113112
112312213323
122111213321
112223112322
112212211122
122312332311
123331322222
123213333223
122113222123
123132333311
112333323131
112111313112
123121231233
111222313211
112223112232
111122133221
122332311132
112232331123
112323312321
123131133332
111222213113
112132112231
112113322112
112321311122
122113233231
111232213121
112331133211
112223112223
123323313333
121231133232
112122212332
112223122132
111212322333
121221332313
111122133313
112322232112
112332331212
112223122231
122321312212
112223122213
121211233112
121223333211
123111121322
112212231311
121133133323
112223122321
111233132232
122313321231
111231122213
111211213322
112233333131
121113211333
112322221321
112313233212
123131232213
123133131121
123122121223
112223123133
111223231121
123111323232
122333112321
112223123313
121321222132
121131123221
123321111331
112132132323
123312332112
123321121211
121123122322
112131232323
111121122112
112223133231
111231331231
111112123223
121311312221
112223133321
123133123313
123223331211
112332231123
112231111333
122133231123
121321111322
112223132313
122133133313
112222223322
112222333131
112223132212
123311323111
123331331213
123113212121
112223131222
123223112133
112313333123
123113212112
112223131112
123133221321
112223321133
123313111123
112223321212
112222231123
123333233212
112223322211
123232313121
112112211112
112231313113
111121332122
111111212122
112221112122
112312122322
112131113112
122332313222
112223322332
121322123313
112121131311
123321313331
112223322121
122313233222
112232313231
122131112312
121113213111
111231312221
112223222131
111213211223
112223322112
111222211122
111222232132
112331131123
112113133132
112211322333
122323313233
123331221312
122313321213
112223323311
112323122221
121211111313
121221131132
112233321312
121332112211
112331113213
112212222111
112223323322
112223132221
121232312221
112231223133
123123122221
112223331132
122131221333
112333231122
112223331231
123121123233
123233122322
121212122211
112212211221
112131321111
112223331213
112221211122
123131311213
121213331311
123113221323
123231312321
111232122223
112223333211
112223333233
112311232233
122331222121
121231232111
121233333333
123321311113
111122221133
112312322221
122332212112
112312232313
112112111313
111112332111
121131221312
122123213212
112223313231
112223313321
121133222111
111221132312
111211112212
112223312122
112223312133
123313221123
121323323211
123331211232
112311131211
123122113222
122232332132
121221122332
121213332231
112232231331
121222222112
112223311121
112121232113
123213331221
112223231122
112123221223
112111122332
111122113333
121131212312
112223231221
122231322222
112133213113
111232132112
112213132332
123232213131
112111133211
122223322221
112313331332
122221212122
122212213231
112333313132
123322121212
112132132233
122323232321
112313312333
112223232211
112122222212
112311331231
112121223131
112122111222
112313221323
122333313333
122323211212
121232331123
112111213223
112121321213
122221321123
123112113122
112223322323
121312311331
112223233333
112133133332
123333313323
112331111332
122121111112
123321212133
112223233232
123113212222
122332323133
121312113111
112113132212
112223233223
112123212322
121211111212
121223133312
121221331211
112313113231
121222333131
112223233131
122333132233
112223233113
123231222112
122223232221
112312121312
112223221123
112223221231
121221313121
112223221213
111112223312
112223223332
122323111323
112312221322
112233311113
112223112131
112223223112
112232132331
112333231331
123311331211
122221121323
112131111231
112223212321
111122131113
111231111231
112231221232
122213332131
112312131221
112321332231
112313233133
121322112322
111213122123
111211121313
112312232122
111223122232
112331233111
112223213331
122233221323
122333133333
121213123233
123232311213
111232311212
112223213212
112221311132
123131313332
123221221231
122131323132
112333223332
122311213233
112332322322
112233211332
122113222321
112313333132
121211123123
122221333113
122333332231
112221311213
112321112231
111231332223
123122113211
123122333121
123331312331
122211332133
112221311312
123323332213
123132313111
111212333333
112221313211
112122122323
112221313233
122312232233
112221313332
123333213322
112333321313
123221333332
123321131333
112221313323
112221312311
112221312113
122332311312
122313111111
121322322121
123123212212
123222232111
112221322231
111123312133
122131123121
122213233311
112221322213
123111122231
112231321121
112231221322
111221311223
122111312231
112112233121
112221322312
121312312121
112223122123
111231123313
111121312131
122323121133
122222322312
112332131223
122322313322
123212333233
112221323133
122121231333
123222112321
123312321132
122131212223
123112312233
111123321111
122133221122
123122223332
122113111223
121133221211
112213221232
122331313122
112221321322
112321321222
123332231121
122231132133
112213221223
122123123122
112221321333
112122233111
122113323132
123331233131
122223122311
112221321223
111223332321
123112311221
112233112222
121333221132
121331322132
111232131331
112221333123
123211221131
121311232112
111222231333
122232323312
111211332122
111112122332
112221333213
121321212223
112221333321
112331122233
112221332111
123333122332
112221332122
122112322123
123111132133
121211321321
123311213232
122322131212
122223212232
112221332133
112333322332
112222222332
112312321121
123332223313
112331332331
112221332331
123121122113
122311223122
121332131113
121311323232
112212333312
111231323113
112221332221
112221331222
112221331233
123222221131
123112223212
112132332231
122323232213
112221331332
112221331121
122222121133
121212213113
121321223221
112221211133
121232133312
111122331111
112221211212
112131331123
112333223112
112213231222
123133311332
112131322332
112131122132
112322212231
112211112233
112331223321
112221212222
122133111122
122323132131
123332233132
112311222322
122133213132
121333333332
112222132213
112221213311
111122332211
123132331133
122131331333
112221232132
122133222121
112221232123
112221232321
112221333132
112221232312
112231123323
123211313322
112221233122
112221233133
122112113312
123323232111
112132232221
121221231232
122312123111
112112111111
112222113322
111231112223
112311223233
112132221232
123321221133
112221123333
122132313132
121123331131
123121233123
121312221113
112221223123
122322212232
112221223312
121133332133
121332111111
123133211322
112332212111
121211332233
112221222122
112222122111
121122112111
112211131223
112232121223
123213121121
123212332131
112231211132
112221222133
121232111231
112221222313
112221222212
112312131331
123232123322
122313123213
121312131221
112221221233
112122332331
111223133223
111111221221
112221221323
112221221112
121312332321
121133112122
122332333321
111211322213
112221121111
111222123131
112221121122
111233331121
112231221131
121331121212
123323113133
112332232232
112221122332
111121323133
111223133232
112221123223
122211131231
123322121313
122131331322
112221123131
122133312132
122232212333
112221131123
112221131231
121322333211
112221133323
112123231121
112221133112
112331122332
121133312322
122121312333
112221113132
121331313233
112233222121
112332332332
112112333223
111223113221
112221111222
112121133133
121132212333
112332333311
112221111332
112122223321
112333121311
111232123211
112221111121
122232231112
112331113132
123312132213
112312332132
112233111122
122233233331
111213222131
111121231333
123231112233
112233111331
122333322122
112233111221
112233112332
123223132322
121233112121
123323113331
121232123313
112313322123
123312333113
111212211121
112233113223
112331321311
122333131331
112233113131
123211313232
123323233231
121323233222
112233122133
111122211112
123221312212
112333123133
112132131111
122313231123
123232211313
123132333223
123122131211
122133112211
112233132213
111233123311
112233133111
121311113121
112233133313
112321112312
112132313333
112233322232
121213123121
111121232312
112233131232
112323121211
122133233233
112233123231
112113322233
111232133322
111233223132
112233122111
123312322333
123132112233
112313123113
121332221133
123323111113
112233122313
111221333333
112221313222
121123131331
121121111212
112233122212
122213122132
112232212231
112233121211
111232132332
111223311331
123121211231
112233121233
111232221322
121121222323
122113112231
112233221111
111212221221
123331133321
112332313313
112331312311
123331231221
112322313213
112111233111
111232221113
111213333211
112233223113
112333213331
123132231321
112132221333
122331321231
121321121321
122121132223
122221311232
112233231123
112232323232
123313311112
112331332212
112313313332
123222133223
123111221123
121233122212
112233231213
122323122332
112232222322
112233231312
122313331313
121333231111
112233233323
121123131133
112233233112
112233232311
123123331111
123133332322
112232122321
123321322322
122322111131
112233232131
112233213312
112213211321
122221131232
112233212122
122131221223
112313212332
112233212133
123122132313
123211331333
111123213313
123131223312
112112221133
112321132233
111123132111
123331211223
112123123332
121311113332
112212111121
112233211211
112121231321
123313133231
121212113312
112233211222
112323333131
112233331331
112121111111
112222323222
112113332311
122211113123
112233331313
121331322312
112223313213
112123122113
121231132332
121122113231
112111133233
112233331212
121231311221
112312111333
121112211211
112332221212
121223322332
112233333311
111212122133
112331132322
112233333333
121332121112
122332312223
123132322311
122212232223
121123221113
121122321232
123111232222
112211332112
122321131121
121332113322
112212323313
123313222131
111223132121
112233321213
112313121111
123321322113
121232321313
111232122113
112233321321
123312331313
121222323222
123312223131
121313212112
112233323211
112311321221
112222132321
112121211323
123223213322
122323331332
111121212323
112233322311
123313233131
112112121233
122232111322
112312232331
122122133133
123213221331
112322233232
122212331133
121322213111
112233312321
123122233333
121211332222
112233312312
123222131111
112233313313
112233313221
123123222323
121222333322
111213222113
112233311311
112322133132
123221312111
123232233133
111212223311
112131112322
112312221223
121322223121
112232222223
123131312311
112333121113
112233311223
111222113213
123121123323
112232111132
112333333121
121222133111
121322123331
112232113233
121322112232
112232113332
122111112121
123333321311
112232113323
112232112113
112222112211
111213322233
112113222223
122223221232
112232233131
112232122312
122232113111
121231223221
122112223231
122311233231
111212223223
123133222311
122121112221
112323231312
112232123331
112231323123
121111312333
123121221113
111222312333
121213233321
112211332233
121313332221
112131231221
121133332331
121222113223
112211131322
112232123313
123223112331
112213131331
112333112131
121313111323
123131323111
112233113113
122122233211
122233132113
112123222123
121133331112
123321322311
112232123221
112122122332
112232121322
123131332111
112331113123
121231313311
112232133123
112213132233
121323331212
112331211221
112312312332
112212231333
112232133231
112232133213
123133233322
112232133312
121231333221
112232132133
112331323331
111112232213
121323131131
121122111233
123321113113
111123222223
123311113321
112232131222
111122232322
121133233221
123331331132
122121312113
112123233213
122333312222
122231333211
123321322131
112232321122
121333133213
122322112321
112323121222
112232321221
112222113113
123222113111
122132111132
121332311322
112211311113
122213231122
112232322211
123123231312
123132332222
122222122323
123221321212
122333131212
112232322233
123222233213
122211231311
121323223113
123112133322
112232322332
122212333113
122121322312
121233112332
112232322112
123213212313
112321223221
112311311233
122313321132
111121331332
121323123321
112232323223
112213113133
112321222231
121112212331
121312131133
122121111121
122231113233
123133131323
112121311333
112221333231
112333112322
112131123212
112311311332
112231333221
121123211321
111232321211
122233222313
112232333211
122311212131
112232331321
112132131313
111112232132
122331322232
112232333222
112232333332
112313112331
112113121311
123113111222
122231211223
112232333323
123233112312
122111213132
112232333121
112123131122
112111323212
111213223222
123113133323
112211323222
123331131233
112311111321
121321311122
112232332232
112111122222
122232111311
112232313123
112232313312
122312123221
122231222311
112321233123
121131212321
112322321122
123321211121
123221322121
121211322311
123323212232
123212211333
112311131112
112112311311
123133211311
123311223123
112232231133
112231111311
123322111112
112232231221
111111212111
112121133313
112232231212
112232232211
112331233122
112232232233
122211321333
112232232332
123322231223
122212122111
112232232121
112232232112
123112113331
121313222212
122212113223
112121332332
111212313133
123211112123
112232233232
112231332231
122212122331
112232233223
123322122211
122111213213
112212121331
111222333132
123112313333
112221312223
111211213333
112232221321
112232221312
123123121211
123132212122
112211221212
122212211211
121231121312
112232223222
112232223233
112312331113
121212322132
112232223332
121131331123
112232223121
112232223112
121113322121
121211113322
122231221132
112232222311
112232222232
112232222131
112133123113
122121112331
121322111321
121332212212
112232222113
121212312311
123112331223
112232212132
111222311123
122311221232
123322312333
121313333213
123321333113
122312212312
112111132223
111211131321
112111211133
112112113113
122322223111
112122321311
112232213122
122133122313
112312211312
123313331231
123311122323
111223333331
123323232331
123311121111
112223331123
112232213331
123131133112
112232321313
123132132321
112211113113
121231123222
112232213221
121321211312
123333221211
123222132121
112232211131
122233133323
112223111312
121323213132
121133331222
122323133233
112231211213
112231213121
122231232121
111112121111
112231212322
112232322121
122221233121
112231212333
111231212132
123113222212
112113232222
112231212131
112322313132
123311112133
123313322112
112132133333
121113333323
123132122331
121211333322
112231222132
123131331332
122113211312
112332321231
112231223111
112221122112
111122331331
123312311322
112231223313
123121323132
122211112122
112313111222
121323131223
111212132231
112231221311
111221221122
112322331231
111233331211
112212313332
112333133321
112313111332
122133112323
122322332132
123132312312
121223123133
121233133221
121312111223
111211112133
122113113122
112333211232
112231233213
112222113131
122323232312
112112123123
121132221131
122133321312
112231231211
112313332331
112233211112
123321331122
112222222222
112122221323
123332122311
112231231112
121332313313
111122311223
123231211233
111232113111
112121233112
112232321331
122131333313
123132233112
112231312233
123333112122
112112122111
112231312332
112231312323
121322212132
123113111323
111233322123
121122231322
111112113312
122212322311
121322122231
121331222122
123131332221
111123332131
112332213213
122311122232
111211223312
122221213132
112231313131
111232233312
123223132223
112231333122
111231333332
112231331113
122123122312
123321112233
123112233213
121332222211
112231322133
112323212212
112121211332
112221331112
123113223132
122323231131
112231321323
123132121211
122313122212
112231131313
112231132121
121223232332
121231312323
112121112222
121313133332
111123311211
112312131122
121111213131
112231133322
112231133113
123121213332
112331133112
123321122111
111123231331
122331323233
121332122111
123212122132
112231121312
112231123222
112223213122
112231123121
122123322112
123323121213
111122333232
112231122322
112133211111
123121323123
122321311332
123113131321
112231122232
112333322323
112323123132
112231122131
122212213312
123221212213
123233223331
112331131312
121231333313
112231122113
121131222223
112133113132
112231112231
122212233332
112231112213
123233121213
112312121123
112231113111
123321331133
111232113313
122113313223
112231111322
112313123131
112231111232
121133332111
112111222221
122132132221
121331113123
112132322331
123233323123
123312312123
123133223211
112211311223
112311111231
122233122332
122213331321
111231333211
112311111213
123231111313
112122212323
122113112123
112311111312
112311113211
123321223131
111221311232
123223312232
122213323223
112311113332
122113232111
122222231333
112221112331
112311113121
112131122123
112311112311
112311112322
122133133331
111112211111
112333131211
112232122231
123133121113
112323111111
111212332233
112321322212
112311122132
122121332122
123312323323
123131312333
112113312212
112311122123
121212132113
112311122312
112123321323
121213233213
112311123122
123223113132
123112213121
112212233111
112311123212
123131212112
111223213323
112212131213
112311121333
123213212212
121313231322
123113312131
121123311133
112311121232
123232221222
112311121223
112122123232
112222222121
112311133132
112331222122
112112123321
121313133112
123332213222
123313312133
111222331233
112333112113
123322223123
112311133321
121321133322
111222321311
112331112221
122213232332
112311132122
112311132331
121131213111
112311132212
112321333111
112311131222
111231312313
112132221113
123222333221
112123122232
112311131323
112112133111
123231113232
123231313122
121212222221
123232331121
122233123333
112212221323
112313333321
112311321133
122332211111
123311231113
123322333213
122323123333
112311321313
121133311213
122122211233
121213332321
112311321212
123222311212
122313122111
123123333322
122233123223
111231321313
123123322223
112311322112
112311323113
111211121133
111223232122
112311331132
112312323312
111231223323
123231311223
112231132112
112311333332
121321221232
111211111323
112311132111
121221312131
112122121111
112311332322
112322121322
121322331231
112221212211
112322333112
112311332333
122122123132
111233321311
112312231332
112311313321
122311211132
112311313312
112311312122
122111132321
122323323133
123133311222
112311311222
111212323323
112311231221
121313122121
121112223311
111213331231
123223121133
123122322112
123232232132
112323133111
112111323122
112311233333
112331331323
112232311323
123122211333
122333331232
112122331211
112121313221
112313223123
122333221311
122221331133
121323311232
112311222311
112311222113
123122222311
112211211121
112321312323
111221213213
111211132333
112121221212
122132212312
122223321112
121212312232
112322312331
112311211311
112311211322
112122313112
112133312232
121212131132
112311211131
122112123322
121313122323
123121331113
122233323313
122331111111
123333113123
112312211231
112312211321
112321311331
121333113222
112312213233
121123113221
112321133311
123322122332
112312213332
112112331212
112311233223
111123331213
122323211331
123231112323
111213131233
112312222123
123323332123
112312223111
123323122232
123331113211
122231122312
112312223313
123323311133
123132321231
122113312112
123122121311
123121131212
112312223212
122213312331
123312121121
112112131333
112122112111
123212312221
122233333123
112312233132
112113121333
122312322222
112312233123
111232331223
122331111331
121222232223
111112221211
121212123113
112333133123
123211131212
123313131233
112121312132
123221333112
111123121131
121333333211
112312233321
123333223321
123113223231
123332332312
112122231131
123132313122
112312231222
111122321132
123231223232
121133123311
122213211322
111233233122
123113111233
112313313112
121321113212
112312311111
112121322232
123132212331
112311223112
122222332111
121322133132
112312122113
112312312112
112313211221
112213331311
112213122131
112312313311
112331132311
122313111313
121133123223
112312332312
122121313112
121313332331
112312333122
111233223123
112312333133
112321313311
112312331311
112312331322
122322122333
122222212323
123133231331
112312323231
112313121313
112312323213
112312323321
112332212221
121312231211
121323133122
112232211311
112312322122
112312322212
122232221223
112111232231
112312321222
111221212331
112312321332
123111111321
111233311231
111223112231
123132221221
122222211111
122132332131
123312111221
112321313131
112312133311
121332332112
123233233132
122311213222
112321133131
112312133232
112132333221
123132313313
122231222113
111222122222
112312123112
121322222131
121121211323
112111333213
112333333332
112211312231
111233332313
111211313233
123131232321
112312123332
112131232121
112312122311
111212333131
111223311212
123132323112
112311323322
123112132323
121322121232
112131313231
111211332221
121223333222
121232113222
112312122223
122333121231
123322312322
112312113133
112312113331
121133132232
112313211111
123221332223
112312111223
123131331323
112312111131
111123321331
122112122332
112311322332
121212321131
121332312132
112313313233
112312133113
123331332333
112333122213
112333132122
121223112322
112313312232
112133212211
122313322113
112313312223
112313322132
112313322231
111211322312
122322321332
111231333121
112313322213
112331233221
123232321322
112313322321
121223112131
121332313212
112313223231
112313323111
112313323122
122133122221
111123112113
122321112223
121132123323
112313323331
112211212331
112313323221
112211222222
112313321311
111233223231
112313321333
122123323333
123323111232
112331322231
112131233232
122323113213
112313332133
123132212212
123213111313
121231221311
122221331331
112332123132
123123112233
112333311323
111223313113
112123311313
122113121231
111222321113
122332321232
121212213333
112333222322
111112331121
112313211313
123131112221
123132121121
123213311113
122223333212
121212122332
112313112133
112323322232
122113312211
122312133312
112223113332
123323231233
121223111213
112132111131
122323222331
112313213131
122312133132
112313232213
112313232321
123112212333
112313233111
112313233221
122222133233
112313231311
112122331332
123331132331
121221313323
122231132313
121122333321
112121211121
112313231223
112111322312
111212312213
121311322233
112132132222
121211121323
111233231131
112313222221
123312221122
123132123132
123112133232
122133312312
123233111131
123321133221
112232111321
112313221233
123133213111
123212311323
112313221112
112113111321
123333122233
121131331213
123121231222
123321223311
112313122323
112313122112
112222323112
112313132223
112123131331
112133132311
112313132113
122312222333
112313112111
123332322133
112113113332
122131311212
121231222123
112313112122
111232131313
122332113321
121311112333
122212133331
111213222322
112313112221
112313112212
121223311211
123123211332
123111333332
123113311132
112333221321
122133222112
123332113212
121131221132
122123321133
112313111233
123122231313
112322111231
121222131311
112322323223
122313112233
112231333111
112231121213
121213322122
111112223213
123232113312
112331333213
123223322123
112332112323
122322321121
123132111212
111121331121
112113222131
112221313112
111232311221
112332113232
112332132132
112332132231
121231312112
112122133323
112332132213
112312133322
123133131211
112332133331
121311331213
121322312331
112332322113
123221221132
122213132331
112332133212
121211311223
123131321333
123123223333
121311122123
112233321123
112312121231
112332123321
112332122111
111122221122
111231131233
112332122331
111212121121
123313112131
111233313323
121212231113
112322333323
112332122313
112322122231
111231132313
121333131211
111121131321
123332211132
112332122221
112332121222
122132132331
121111232213
112332121323
123313331213
121333333121
123121231323
112332121112
123221223211
112111322213
112212312333
123211222321
112313111211
112332222323
112121123132
122133321231
123221222322
112113311121
121321111311
123323222312
121332223223
112332223322
123121132332
123313311211
123131122211
112323232333
112332223113
111223223331
112332231132
112332231231
112133232213
121231132211
112332213123
112332213231
112211323332
112113323232
112332213321
123233111322
112133221211
121211213123
121221321232
112332212331
112212111222
123113322312
123311121122
112113233131
111221122133
121213131111
112332212313
112332211323
123212222322
122132311112
122312311211
111212121332
123213212122
112332332233
122222331121
112321323321
112133323133
123213212111
112332332121
112332333333
122231131211
123133332131
122112121212
112332333223
123332312332
112332333113
122121123322
123133231122
122133313313
112332321132
112332321123
112332321312
122132213122
112332323233
122233331211
112111232312
122113311221
112332323121
112323312123
123131213131
112221223321
123223331222
112332322311
123123132123
121312112123
112331233133
112221233212
112332322131
112332312213
121121132132
112332312312
122231333222
112223111321
112233132132
121321332321
112332313122
123212213111
112332311131
112332311113
112332123123
121233213321
112331122211
112132113331
122212122313
122232131111
111233231113
112333111312
112333113222
123113212332
112333112333
112333323333
123232211212
121221331112
121213313131
112333122132
112333122312
122113113221
112333123111
112231211321
122123112322
122321111123
121211211323
112333123331
111121321333
112333121333
112223313312
112333133213
123112122333
112333132111
112333132313
123313231331
112213222132
111233111323
123312313313
112333321133
112133221222
122322121321
112333321212
122121233313
121311211113
123211333122
112112213132
112333323223
123321132231
123233323213
112311123133
121331313332
123123122122
111121122332
112322333332
112332121332
122331121332
112211313313
111111112332
112313232123
112333331123
121112222112
112113123313
111121233133
111123113121
112333331213
121211123312
123333333312
112333333323
123132113311
122321312111
122322311212
112333332333
122121233331
121111333321
112113231313
121213122113
122112331211
112333313321
111221333232
122222123322
112113322332
121313233133
123132113223
112333313312
122311332231
112322213212
112333312111
122231311233
112333312331
122133321321
112311322211
112333311222
112333311233
123111221231
123231123123
121322213133
112111222111
112322321331
121133322321
112333231133
121223123313
112233111212
121133333123
112333231221
121223222322
121111122211
112233312231
112333231212
112132232122
112333232332
112331321113
112333232323
121232221231
112322332232
123121112213
111213311233
123332332123
123232123232
122213332232
123112332231
122222332221
112213323132
112333221132
112232311332
112333221231
111122221221
123222133113
112113311233
121233311232
123322123333
111122222323
123312122221
112322131233
112112332222
112322132122
112333222131
112333212123
112333212321
123223323212
112333213212
112221112221
122323321232
123321333232
123221132313
111223223313
121131211131
112333211131
123332211231
123331123212
122221312213
112331311123
122122212331
112231313333
111232311313
111213123133
111211321232
111211321333
121213322313
112331312333
111111212221
112331322132
112333233131
111232213211
121232311121
112122333213
111213223211
112122233122
112331322312
123323133322
112312231211
121213331333
122222123232
123122112232
111213222232
122332223213
123331232323
121332233211
112311231212
121311321133
121132113212
123333211111
112331323313
123312333232
121211222323
112331321322
112331321333
122123132221
122332333231
121231122333
122322131133
122312331312
112331332133
111231313213
112331331112
112321112321
112233332121
112331211122
122312233232
111213132111
122332332221
123322131231
112331212211
112331212222
122333211213
112331212323
123312233222
123312233332
123312233121
123312233112
122233322213
122223312323
123312213132
121133313112
123312213312
111233232312
123312213213
121132333133
111121131312
123312212111
123312212133
123211212232
123312212122
123211213323
121331232123
123312212212
122122113333
123212313213
123312212331
123312211211
123312211222
122321211113
123312211323
112122313121
123311113312
123313111132
121212311312
112223323113
123313111321
112121223311
112121313331
123313111231
112213211132
121311323333
123313111213
121331211331
123213113322
121133321322
122212331111
123313112311
112123121132
123313112322
123313112223
112333132331
122331111212
112223121113
123313112232
123313112113
122232213323
123313113211
123313113233
123313113323
123223213223
123313113121
123313113112
123313133123
122132111213
123313133321
123313132331
122232313232
122121232321
123313131222
123313131332
111233333321
121313211212
121232121131
123313131112
122212121323
123313122123
121212132232
111211212323
123313122132
123313122321
111123332333
123313122312
122322312211
112333213111
123313122213
111223221232
123313123111
112311212312
112313213232
123313123133
123313123122
122111112211
123313123331
111123322211
122113122131
123313123313
123313121333
122232233132
111222322321
123313121322
123313121223
123313121131
122312212321
123313121113
123213332233
121321321121
121122132232
123313231111
111223232331
112113333332
123313231221
123313231212
123313223332
123313231313
123213113223
121133222313
112311232112
122321131222
122221221313
123313233223
111123331312
121323312132
123313232211
123313232233
121323311311
123313232222
123313232323
123313232112
123313221132
121111222122
121131111321
123313221312
122132213331
122112322321
123313222311
123312232322
123313222333
123313222322
123311212121
112222322223
123313222232
123313223323
123313212132
112311312313
123313212321
123313212312
123233131133
122132112322
123313212231
123313212213
112112323222
121332311333
123313213111
123313213133
123313213221
111112313211
123311231131
123313213331
112212221211
123313213313
123232221332
123312323332
122122222112
123313211311
123313211232
121212313222
112212132223
123313211131
112221231232
123313321111
122311311313
121121132123
123313321133
122222212233
122322222231
123313321212
123313323322
121121122212
112122111233
123313323223
123313323232
123313132122
123313323131
122322123211
123313322211
123313322222
123222132211
123313322332
122313211233
123313331132
123313332223
112223211333
121331133332
123313332232
122313132213
123323311212
123121222213
123313332113
123212311233
112322233322
123313333211
123313333222
123131221112
123211312332
123313333332
122212212111
121222321231
123313333121
123313313123
123313313132
121213122311
123313313321
121212221121
122222121313
123313313312
123313313231
123313312122
121223231212
123313312212
121222333311
123123222112
111223313223
123313311323
122232312323
112121112332
123313311332
122312123133
123311311123
123311311132
123311311321
123131213223
123311311312
112332323222
123311311213
123311312333
123311312322
123333222111
121231322212
123311312232
111121121313
123221222311
121222332233
121313321333
123311312113
123121321323
122211321131
121312111113
123311313222
123311323221
123131231232
121321113133
123311313112
122212322333
123311333123
122332331323
121321333212
123311333213
123311332111
122222321113
123311332122
122222311213
123311332221
122132112131
123311332212
122311113331
121213322111
122313223311
123311332331
123311332313
123311331222
123311331323
111221111133
123313211223
123311322123
112312111311
123213322223
123311322132
121331322231
123311323122
123311323212
123311323331
111123123212
112311213122
123311321333
123311321322
123311321223
122123131211
123311321232
123311211111
123311212211
123311212222
111233321322
123231332332
123311212323
112213111113
123211122333
123311212332
121211122313
122231232222
123311212112
123123211222
112223321122
122222123131
121213212322
123113121331
123311223132
123311223312
123212312111
112233333322
122121323331
123311222111
123311222133
123222223313
123311222212
123311222331
123311222313
112321213121
123311221211
123311221332
123211323123
123311232123
123311232231
123311233221
111222231232
121232222322
123311233212
123311233313
123311231311
121131312313
123311231322
122323333123
123311231223
122221322223
123311121133
121222213132
121121133122
123311121221
123311121212
121122233133
123311121331
123333232231
112223131323
121213222321
122222233331
123311123322
123311123223
122112232321
112311323333
123311123131
123311123113
123311122332
123311131123
123311131132
123311131321
111223232221
123233211132
112331213223
123311131231
111111223322
122132223332
123221133312
112321131212
122331231321
111233132333
123311132311
123311132322
123232222212
123311132113
111121213311
121332122221
121112331331
123311133211
123322213311
123221122132
123311133233
123311133222
123311133323
123311113231
123311112111
123311112122
123321233121
123311112212
122322221131
123311112331
111221113232
123311111233
122232222132
123311111222
123211123233
122132312133
123331111321
112133333132
123311111323
111232311122
122312121113
123311111112
123221111123
111123321133
123221111321
121312333313
112111323313
122122112233
123221112311
122233311123
112122222313
121332232131
123221112322
112212312232
123221112223
122313313331
123221322233
123221112131
122231223121
123221113211
123221113233
123221113121
121233211121
123221133123
123221133213
123221132111
123221132133
121131122231
123221132212
123221313312
123221132331
123321112222
123221131211
122212311232
123221131233
123221131323
122221331313
123221131332
123221131112
121313213311
112322123221
123221122123
123221122321
123221122312
122133211222
123221122213
122222332133
123221123111
122132111312
123111333222
123221123133
112212321113
122331111122
123211322122
123221123221
112112222222
122111233332
123221123212
122331333131
123211311133
123221123331
122112232132
123221121311
123221121333
123213331212
123211123332
123221121223
123221121131
123113312113
123221121113
121313312322
112312112213
123221231111
123221231133
123221231221
112311222223
123221233322
123221233232
112323223113
122333133223
112321331232
112212321232
123221232211
123221232233
123212133123
122123213313
122223122223
123332111113
123221232222
123131132113
121323112112
121331232321
123221232112
123221221312
123221221213
121312311313
123221222223
123221222232
123221223323
121323323222
121112211112
123221212132
123221212321
123221212312
121222232131
121312322111
123221212231
121221231131
122222323221
123221213122
111231233113
111222213223
122333131122
122332223321
123312111313
123322113213
123221213331
112112112323
112231232133
123221213313
123221211333
123233212131
111111221133
123221211322
121133121212
123221211223
123221211232
123221321111
123221321122
123221321331
122113313113
123221321313
123221323311
121122213333
123321211112
123221323333
123221323322
123221323223
123221323131
123122211311
122113122232
112331333132
123221322211
122113111113
123221322222
121323323323
121112221331
123221322323
123221322332
121212133332
121133111332
123221322112
122122332112
123221331123
122133312231
123221331321
111223113111
123221331213
123221332311
122132233322
123221332333
121221212211
122312213221
123221332322
122112131213
123221332232
123221332131
121113111231
123221332113
123221333233
111211222133
112331333321
122211121331
123222232212
123221333121
112231233132
122222113123
123221313132
122332233122
121321132332
121332332323
123221313231
121222212221
123221312133
121232332223
121321222231
123221312331
122331212133
123221312313
112211132312
122223212131
123221311211
123221311233
122331121211
122111232113
121131122132
121123213112
123221311222
122231133123
123221311323
122313121121
122231112322
123321321132
122222122233
123223311132
123223311321
123223311312
123323312121
122123132111
123223311213
121121213213
121131322332
123223312311
123223312333
111211222331
123232332212
123223312322
112132113111
123223312131
121112122313
122311333221
123223312113
121112111212
121132231121
123223313233
123123232322
123312121323
123223313222
112322212123
123211113212
123223313323
123331221321
123223313332
123223313121
123223313112
123223333321
112223131121
123223333312
123223333231
123233112213
123223333213
123223332133
111122221331
123223332221
111111122221
122321122213
112313231322
123223332212
123223332331
111222211212
123223331233
122132333222
123223331121
122122133212
123223331112
122211233313
122311231121
123223322132
121333232233
123311122121
122121111332
123331113222
112231321332
123223322312
123122232211
123223322231
122111322113
122112233212
123223322213
123131232132
123223323133
112133312131
123223323122
123121131331
123223323313
122111132312
122132111123
123223321333
123223321322
123223321232
112332111133
112321232111
122122222121
122121221112
122322213233
123223321131
123223321113
123223111121
122221332323
123223211111
123223211122
123223211212
123223211331
121221122121
123311313211
123223213333
121333112131
122131132121
123223212233
123223212222
112111222133
123223212323
123223212332
123223212112
122221311223
123223223132
122111212313
123223223213
123223222133
123332322331
123222122322
121322332131
123223222221
121311233113
123223222313
123223221233
112132312222
121131123331
123223221332
123223221121
123223221112
123223232321
123223232312
123223232231
123223232213
112133231333
122132331213
112331113321
123223233111
123223233133
123113233313
123223233122
123223233212
123223233331
121121133313
121322111213
123223233313
122223213323
123223231311
123223231322
112221312322
123223231232
121323211121
123223121122
123223121331
111121131123
121223312221
111123111213
123223123311
121222323211
123322131321
123223123333
123223123322
123223123232
121313323122
123223122211
123223122222
123313131323
123223122332
112213213211
123223122112
123223131132
123223132311
123223132232
123223132131
111111112211
123223132113
122333332132
123223133332
121131321313
123223133121
123223133112
123223113123
123223113321
122221312321
112331131321
112212311312
123223113312
121322233131
121322312313
123331122312
123223113231
121222311333
123223113213
112331132131
123223112111
123223112122
123223112221
123223112212
122313333113
112321133232
123223112313
122232211123
112232123133
123223111233
123223111323
123222211123
123222211321
123222211312
123222211231
123222211213
123222212311
121211333131
123222212333
112331232312
123222212322
112121122331
123222212232
112113222322
123222213211
122211222111
123222213332
123232233221
123222213121
121211132123
123222233123
123313323113
122211232231
123222233321
121312113212
123232121133
122232122311
122131221113
121131213331
123222233312
123222233231
123222232133
122312112131
123222232122
112333112223
123222232221
122331121323
123222232313
122322233321
123222231233
123222231323
122321323223
123222231332
123222231121
123222231112
123132232333
123222222123
123222222132
121232213221
123222222321
122311311122
123222222312
122231323322
123222222231
122231223112
123222223122
122212213123
123222223212
123311231333
123222221311
112332111221
123222221322
121323311322
112322311323
123222221223
123222221232
123222221113
122332112111
123222311111
122112311312
123222311133
123323131212
121311112131
111212222222
123222311221
121212332212
123222311331
123222313333
123222313322
112123312233
123222312211
121331331222
123222312222
123222312332
123333133222
121231212232
123222312121
123211112321
123222312112
122133323332
123222323321
112222222112
123222323231
121123223122
123222323213
123112211132
123222322111
112322233311
121213333212
112113322121
123222322122
112123112231
122223123332
123121312211
111123113211
122322323132
123222322221
123222322331
123222321233
123222321323
123222321332
123222332123
121233223131
123222332132
123222332321
123222332231
123131113312
123222332213
123222333133
123222333212
111223233213
123222333331
123233312121
122311222132
122132222232
122232123222
123222331311
123222331322
112223221321
123222331232
123222331131
123222131133
123222131221
121132232122
122112211133
121233331221
123222131331
123322111323
123222133311
122233322321
123133111321
122313133313
123222133333
123222133322
122332123311
122131311221
123222133232
122333113313
123222133131
121321223313
123222132233
123222132222
121332322333
123222132323
123212332232
122133313111
123222132112
111213232112
112222112121
121322321133
112321121132
112233221331
123222121132
123222121312
122121112122
112232132221
123222121231
123231232322
122211322231
123222121213
123222122223
121323231321
123222122113
123213233323
122321231221
122321222223
121122111332
123223323331
123222123211
123222123233
123222123222
123222123332
123322223312
122331311131
123222123121
123222123112
123222112123
123113332221
123222112132
122311122333
123221222333
123222112312
123222112213
112331121122
112322321221
123222111223
123231111111
122113313322
123231111133
121232232121
121231131122
123311123311
123231111122
123231111212
112332232311
122113333122
123231111331
123231113322
123231113223
123231113131
122323122323
123231113113
123231112211
123231112222
123231112332
123231112121
112231121321
122331311311
112133111332
123231123132
123231123312
112321313232
112112333232
123231123231
123231123213
123231122133
122332233212
122231111213
112311311323
123231122221
123323222123
112312211132
122121233133
123231122331
123231121211
122121133233
123223231333
112312212322
123231132132
123231132231
123231132213
122211313211
123231133133
112312223122
123233212113
123231133122
123231133212
123231133331
123231133313
123233113133
122312121322
121212221112
123231131333
123132122111
123231131322
123231331111
122213131222
123231331133
112313332212
123231331221
123231333311
112233113311
123231333333
123332323321
123231333322
122133333333
121313322213
123231333223
123231332233
123231332222
111211311132
111211323313
123312232223
122133331212
123333332122
123231332323
123231321132
122331113311
121311212231
123231321321
121212333123
123121212322
123231321312
121321121132
123231321213
123113112111
121231221322
123331312212
123231322311
123231322223
123231322232
123231322131
123212313132
123231322113
123231323233
121122212222
123231312132
122123312133
112111233122
123231312312
123231312231
112231221113
123231313111
123231313133
121312112312
123231313313
123231311333
112222121121
122322232212
112233213231
122332112313
111112131312
123231311322
123231311232
123231311131
121113231133
123231221111
123231221133
112211123213
122222323212
123231221122
121112123312
123231221331
123231221313
123231223311
123231223223
112111211111
123231223131
112212211331
123231222211
123231222233
123231222222
111121312113
122121212332
121323321321
112211131333
123231222323
123231222332
112311232323
123231231321
123231231312
122333111232
123231232333
123231232223
123231232232
112231231323
123231232113
123231233233
122113313333
112231212113
123231233323
121331332122
121122232312
123231233112
123213122313
123231213123
121312223313
123231213132
123231213321
123231213312
123231213231
112321232221
122222132333
121211311333
123231212111
123231212212
122332323221
123231212331
122213222131
123231211211
122132133231
123231211323
112111323111
122231211333
123231211332
123232223231
123231211112
121313333132
123232311132
123232311321
121333212321
123232311231
123232312311
123232312333
123232312131
122221221133
123232312113
123111332131
123232313211
123232313233
111223331232
123232313222
123123131223
121312233132
112132223122
123232313323
123232313332
122323331222
123232313112
123232333123
123232333132
123232333312
123232333231
123232333213
122213232112
123232332133
123211112231
121333312111
123232332331
123233333212
123232331323
123232321131
123232331112
123232322123
112221223231
122331123132
112223333121
112233311232
123233332321
123232322321
122223311122
123232322312
112132131133
123232322231
121312121213
122122312132
123232322213
122331123213
123232323133
123232323122
123232323221
123221233113
122232113122
123232323212
112212213232
123232323313
121331311132
123232321333
123232211122
121331333321
121223233223
111223233231
123232211331
112311332131
123232213333
123333111233
123232213223
123232213232
123232213113
111111213312
123232212211
123122211223
123232212233
122113331311
123332111322
112112333333
123232212121
123232223123
112132231121
123232223132
122132113211
112321231233
122113223133
123232223213
123232222111
122133133122
123232222133
122123213122
123232222122
123231131131
123232222221
123123123123
123232222331
112323121121
123213133212
121312221131
123232222313
112132332123
112123213222
122233323111
123232221233
123232221121
123133223222
123232232312
112113313321
123233213121
121331113321
121333322211
123232232213
123232233212
123331222311
123232233331
122113211231
123232233313
123232231232
122311223221
121131313321
111221122331
123232231131
123311322321
123232121111
123232121221
123233121312
122121322321
123232121313
123232123131
111211232213
121332122212
123232123113
123232122211
112232313213
123232122233
111211123333
122232221311
123233222132
112131211322
123213132213
122221111122
121323121332
121123333111
123112121132
123232122332
123232122121
123232122112
123232131312
122233333321
122321312122
121231223133
121222133331
123232132322
121331212112
121322132313
123232132223
123232132131
123232132113
112211231321
123232133233
123232133323
121332211121
123322133211
123232133332
121232112311
123232113132
122131212113
121112331313
123232113231
123232112111
121221132223
123232112331
121223223121
122212213213
123232111112
123233211312
123233211231
112112122122
122233323221
122322213222
123233211213
123223123223
122112321113
123233212232
122311313113
123233213233
123233213222
111233311321
123213123132
122321123313
123233213332
121221321131
112121323112
123233213112
122212231231
122233112331
122312213331
112331212112
121321332231
123233233321
121112313111
123233233213
123233232212
122212121112
121233133133
123333313112
123322313121
121222232113
123233232313
122133122212
123233231211
121223221321
123233231233
121232222223
123233231323
112322211131
123233231332
122311111223
123233231121
123313323333
122332111211
121223112333
123233231112
123233222213
111223111232
122122331111
121211113311
123221112113
123233223111
112221221211
122212132123
123233223212
123233223313
112323332332
123233221311
123233221333
123233221322
122113133113
123233221223
123233221113
121313332313
112231313223
123233311111
123233311133
123233311221
123233311212
122222323122
123233311331
112223323131
123233311313
122131321233
121133332122
123233313311
111221221212
121213223212
123233313333
122331123123
123233313223
112313123322
123233313232
123233313131
123233312222
123233312332
123233323132
123233323312
123233322111
123233322133
123233322122
123233322221
122213111123
123233322331
123233321211
123233321222
123333223231
123233321332
121232221321
121133211221
121332323233
123233321112
121321122333
123233332132
123233332312
123233332231
121332331111
123233332213
123233333111
122211331121
123233333133
123233333331
123233333221
123111323131
111122123132
122323331121
123233331311
123233331322
123211131331
121233322223
123233331223
121212333321
111122121323
123233331113
122232232331
123233131111
123232211111
123233131122
123132311113
123233131331
121223331312
123233133333
112132221322
123233132222
112323213132
122221321213
123233132323
122121331112
123233132332
121223212321
123233132112
123233121231
112233333113
123233122311
123233122232
121211213321
112331133121
123233123222
111212131223
123233123332
123233123121
112122223123
112221323122
123233112231
121331213333
123122321111
123233113221
111232233123
123233113313
112311132313
123233111223
122111121112
123221211311
123233111232
123233111113
121213221232
122131311122
123213111133
123211223212
122213313231
123213111122
123221213212
121213331223
123133312221
112211221122
123213111221
123213112211
123132211323
123213112233
122333232313
112311312133
123213112121
123213112112
112112322322
123213123321
123233311122
123122313213
123213123213
123332332231
123213122111
123211113111
111221133331
111121331112
123213122122
123213122221
122223133311
123333321232
122213331312
123213122212
123213121211
123213121323
123213121332
112123231323
122111212122
122223333122
123213121112
122212323121
123213132132
112212233133
123213132321
122111213231
122123132313
123331113323
123213132231
123213133111
123213133221
123213133331
123213133313
123213331111
123213331122
123213331331
123213331313
123213333333
123213333322
122123133132
112333121131
123213333113
122222213223
121112323112
121322321212
112231122223
123213332211
123333122211
122333213222
123132131333
121332333311
123213332222
123213332323
123213332121
123123313313
112212322231
123213321123
123213321312
123213321231
123213322311
123213322333
123213322322
123213322232
123213322131
121112312123
123213323211
121213132121
123213323233
122121111222
122331212313
123213323222
123213323121
122312313231
121333112223
112332313212
123213323112
123213312123
123213312132
123213312312
123213312231
111233322321
122331311113
123213312213
123213313122
123213313221
123213313212
121212223231
123213313331
123213313313
123213311311
123213311333
123213311322
123232221323
122333213211
123213311232
112131211333
123213311131
123213221111
112232312122
123213221133
112121213321
123213221122
121112332121
123213221313
112232131323
123213223311
122222123333
123213223333
123213223322
122232131212
122333312211
123213223223
112321332123
111122123321
112332121233
123213223232
123211331311
122123122213
111223231332
111221222121
121232311323
121221232123
112113121113
121213122232
123213222211
112221233313
112223122312
122331211222
123213222233
111211322231
123221223112
123213222222
123213222323
121311213133
122312333211
123213222332
123213222121
123211132233
123213222112
123313221231
123213231123
123213231132
111231323223
121222332332
123213231312
112212323331
112112233211
123213232311
123331312122
122213122213
123223222111
121331321322
123213313111
123213232333
123213232223
123213232131
122113321211
121113221123
123213232113
123213233211
123221132221
123213233222
121132211321
123213233332
123211331131
123213233112
123213213123
112122321113
122333331131
122111312123
123213213321
123213213312
112111231131
123231121233
121322312122
123213213231
123213212133
123213212331
123213211332
123213211121
122131331232
112113321221
112131232211
123122312111
123212111123
123212112333
122113221223
111221131113
123212112223
123212112113
122233112122
123212113233
123212211131
123212113332
123212113121
123212133312
123212132122
122212131333
122212232311
123132322333
123212132212
123212132331
123212131222
112113112333
123212131323
122332323122
123212131332
112322221312
121222113322
123212122123
123212122321
123131321311
122233313233
123212122312
123212122213
123212123111
123212123133
123212123122
122312111321
123212123221
123212123331
121121213231
123212123313
123212121322
123312132312
122112121331
121323231231
122213313312
123212121232
123212121131
123212121113
112331211313
123212231111
123212231133
122222312311
121332122313
123212231122
123212231212
123212231331
123212231313
123212233311
123212233322
121122213131
123212233113
122133223232
123212232211
123212223222
112231113313
122313333311
112221231131
121311321111
112221132311
123212232233
123212232323
123212232121
123212232112
112132131221
122211333132
123212221123
111213112131
123212221132
112322113121
111221312312
122322333212
123212221312
121321311133
111111211332
123212222311
122323321311
122313123123
122113232133
112213213121
123212222333
112332112222
123212222232
123212222113
122222131132
122121321311
112132312323
123212223323
121323313331
112133133211
123212223332
121133223213
122213221312
123212223121
121222121112
123212223112
123212212132
123212212312
122232331223
123212212231
123212212213
121322322323
123223331323
123212213133
123212213212
123212213313
111223212113
123212211311
111231221321
123212211322
122332213333
111213333332
123212211223
123212211113
112122221233
112213332123
123212321122
123212321212
122231323311
123122131222
123212323311
123212323333
111223222132
123212323131
123212323113
123212322211
122323122121
112213133131
123212322222
112112233222
123311321131
123212322323
111212332121
123212322332
122313211222
123212322112
112223121322
123212331123
123212331132
123212332311
122221313313
123312131223
123313311233
123212332223
121222212133
123212332113
123311322312
121212323313
123212333222
123212333323
122222133222
123212333332
123212313123
123212313321
122333322111
121331121122
122233322231
123212312122
121323313212
112133133323
123212312212
123212311332
123131332212
123212311121
122233232312
121231311122
123212311112
123211211123
123331112322
123211211132
123211211312
111231333222
121233322131
121232222232
122321122123
123211211231
112121231213
123211212311
123211212333
112322231111
123211212322
123211213211
112121121323
123211213121
123211213112
122223313232
123131312223
123211233231
112232221123
123212132133
111231212231
123131132322
122233123131
123211233213
123211232133
112312123222
123211232212
112331112133
123211232331
122332321333
123211231211
123331211113
112132332312
123211231233
122113331131
123211231222
122111331331
112121323233
122132212321
122131112231
112311231122
123211321211
123211231323
123211231332
122222223321
121321321332
123211222123
112323111313
123211222132
122123213331
112123112213
121313331323
112313222212
123211222312
122312231111
121123221322
123211223133
123211223331
121133111121
123211223313
112323211121
121323331313
122133332233
121233131311
123211221333
123211221223
123221133321
123211221232
123211221113
111121123333
122322212113
123211311111
121332233332
121133211133
123211311122
123211311331
123211311313
122111213312
122212323222
123211313333
122213233223
123211313131
123211312233
112121322333
123211312222
111211313222
123211312323
123121212131
123211323321
122113313311
122121232132
121312112213
123211323231
123312323121
123122123133
122131121312
123312213123
122131112321
111222311231
111222121313
122133133212
123211322221
123211322313
112322321212
122331311333
123211331113
122131312121
123211321233
122123313123
121122112221
122122331212
123211321222
123211321332
123121112132
111121233122
121313311321
122211213131
123211332312
122223211321
121223221213
123211332213
123211333111
111223112312
123211333221
122232321112
123211333212
121112112222
123211333331
123211333313
123211331223
122113131331
122122321231
123211131133
112123312222
123211131122
123211131221
122311211321
123211131313
123211133311
123211133131
122113221322
121213322212
121331121221
123211132323
122221131223
123211132121
121211111331
123211121123
121213232221
121221212121
123313123212
121332331122
123332232133
123311321311
123211121213
122312132221
123211122322
123211122223
122133331313
123211123211
121321312222
123211123323
123232321113
123211123112
112111121122
123211112132
112322233113
112332212122
123211112312
123211112213
123233123211
123211113122
123211113313
111111211233
122222333132
122313222222
123211111322
123333123131
123211111223
122311313223
123123331331
123211111232
123211111131
123312331111
111112232321
121323333232
123211111113
122332333123
122111111212
122111111331
111122233323
122111111313
122111113311
112312123121
122133221111
122233123113
122111113232
121212331211
122111113131
122111112233
122132223233
121223233322
123331321313
122111123132
122111123321
122111112332
122311112312
122111123312
122211233133
112322223121
122111123231
122231122231
122111122111
112332221111
122111122122
122111122221
123111222223
122111122212
122131122131
122111121211
121222113311
122111121233
122111121222
122111121332
111232312323
123223213311
122111121121
122111132132
121123122333
112221213223
111213333323
122111133111
123223333132
121311322222
122111133133
122111133122
112132211213
123132311322
122111133212
122111133331
122121112313
122111133313
121333311121
122313113131
122111131333
122111131223
122111131113
122111331111
123121332132
112211333232
122111331133
122111331122
112331312223
122111331313
122111333333
122111333223
122111333113
122122232113
122111332211
122322122223
122111332222
121212223312
121233323332
122111332121
122111332112
123121121321
111121223132
122111321123
122323221332
122311333122
122111321132
122112133332
122111321213
122111322311
123212113211
123332121213
121311322332
122111322322
123131331222
122111322232
122111322131
121323111122
122111323211
122111323233
111212212331
121211213312
121111111323
112311332232
122111323222
122212311311
122133113333
122111312132
122111312213
122122123321
121332311113
122111313133
122111313122
123111232233
122111313221
122111313212
122231121232
122111313331
121323311333
122111311311
123313332322
122111311333
122111311113
121333211311
122111221122
122111221221
123133311211
121212322321
122111221313
112312331333
122111223333
122111223223
121221221323
121121232322
123221223233
122111223232
122111223131
122111223113
122111222211
121121312213
122222213113
122321221312
122111222233
122111222222
122111222323
122111222332
121231231121
111232313131
122111222121
121311331123
121233333311
122111231123
122111231132
122111231321
122111231312
123131323221
122132332311
122321332232
122111232333
122111232322
122111233211
123123233112
122111233222
122131113331
122111233323
122111213123
123311132131
122111212111
122111212133
122111212221
123113222221
122111212212
122111212331
121232233311
111231323333
112112323121
122111211222
123132132213
122111211323
122111211332
122111211121
112332221221
122112311321
112233113232
122112311231
122323222133
122112311213
122112312311
122112312333
122112312322
122112312223
121333121311
112133313323
122112312232
122121331233
112232213111
122112312113
123212323232
122222213333
122112313211
123322333312
122112313222
123122312221
121313312232
122112313332
122112223321
122112333123
122333221113
122112333132
122312321133
122112333321
122112333213
123112311313
122122312213
122112332111
122112332133
122112332122
111213311112
122112332212
122112331233
122112331222
122112331323
122112331332
121133122121
122112331121
122221223333
122222132322
121213121132
122112331112
121212122323
111223321211
122112322312
122112323111
121111333123
122333123112
122112323133
122112323331
121331312333
122213222113
122112323313
121332112121
122112321333
121221131231
122112321131
122112211212
122112211313
121222323112
122233323122
122112213311
122112213333
122131122322
122112213322
122112213131
122133333223
123131222133
112212333123
122112212211
122112212233
122112212222
122112212121
122112212112
122112223123
122112223132
122112223312
122112223213
122112222133
121222111133
112311131233
122112222122
121321112132
112112322113
122112222212
123312113113
122112222313
112112231132
122112221211
122331122221
122112221233
122112221222
122112221323
121122131231
123232132333
122112221121
121133231333
111231312133
122112221112
122112232312
122112232231
121312231222
122112232213
122112233133
122112233221
122323323221
122112231311
122112231322
122221222112
112322113211
122321123133
122112231131
121232232323
122112231113
122311211213
122112121111
122112121122
122112121221
121322321331
122112123333
122221313122
123312132231
122112123223
122222321131
122112122222
123333333213
122112122121
123112333133
122112131123
112223313132
122112131132
121323223131
121332233112
122112131321
122112131231
122112132311
122312333332
122112132333
122112132322
122321212132
122112132223
122112132232
122112132131
123113133211
111231122132
122112132113
123213121222
122211323313
112321212232
122331122331
122112133222
121311311222
122112113321
122112113231
112322132313
121321131212
123211132112
122313122221
122112112111
122112112133
122112112122
122112112221
121211112121
111121223123
112123113133
122112112331
122112112313
122112111323
122112111332
123232123333
122112111112
122113211123
122113211132
112311231133
122113211321
122113211213
112132213222
122113212311
122113212322
122121332221
122113212223
122113212232
123131131321
122113212113
123123212313
123232133222
122113213222
123112321222
122113213332
122312222223
122113213121
122113233132
122113232122
122113232331
121111223231
122113231332
111211121111
122113231112
122113222312
122113222231
112231131111
121231321112
122113222213
121322113233
112323311131
122113223111
121123211231
121132213222
122221321132
121213331232
111111213213
112231211123
121233321213
112222323332
122113223212
122113223331
121113312111
122211311132
111213213331
122113223313
111123322112
122113221232
122113311111
122232112312
122233121331
112221132113
122113311133
122113311122
122321311121
122113311331
111213222311
122113311313
122113313232
123131132333
122113312233
112311311121
122113312222
122113312323
122113312332
122123331321
121223131323
122113323123
123212331321
122113323321
122113323312
122113323231
112232332311
122113323213
121123111232
112232323131
121331211221
122113322111
121311333323
112331132113
112313113213
121311111132
122113322133
122113322122
122113322331
112222323323
121222233323
122113322313
121322223112
112132313232
122113321233
122131111333
122113321323
122232223111
122113321112
123133223233
112121212212
122113332132
122113332321
122212112112
123322221323
122331223232
122113333111
111213213111
111221312132
122113333133
122113333221
122113333331
122113333313
122113331322
122321233113
112323233121
123313231122
122312121223
122113331223
122131132222
122113331232
122113331113
122113131133
121213221131
121233321321
122113131122
121132322212
122113131212
123211212113
121322332333
121131131121
122113133311
112121332211
122113133333
122113133322
122113133223
122113132211
122112121133
122113132222
112332133122
122113132332
122113132112
122113121123
122113121132
122221331221
121223113332
121321131111
122113121321
122113121312
122133232311
122113121213
122113122223
121223323311
121211311131
122113123233
122113123323
122113123332
122113112321
112211213312
122113113133
122132111321
122113113313
121233112233
121233332323
121113232233
121333132133
122113111333
111123331231
122133111133
122133111331
123112313131
123111231221
122133111313
122133113311
122133113322
121311322211
122133113223
121233222121
122133113232
111232223212
121131231133
122133113131
122223213211
121313112133
121122132311
122133112332
123233113122
122133112112
122133123123
122133123321
122133123312
122133123231
122133123213
122133122111
122133122331
121231211213
122133121211
122113332231
122313211332
122133121332
121213323321
123211133322
123232331222
122133121112
121311312313
112133321113
122133132321
122133132231
122133133111
122133133133
122131113111
121313221121
122133133221
111232211321
122133131311
122233121212
112212133121
122133131223
122123232233
123213313133
122133331331
122133333311
121133322312
122133333113
122133332211
122133332222
111111231231
122133332323
122122333131
122331121112
122122313221
112231323321
122133332332
122311121213
111123221213
122133332121
121321321112
122133321123
121313213223
122133321132
122133321213
122133322311
111213123313
122213333211
111121123113
122133322223
122133322232
122133323233
112122113132
112313132232
122233222111
112113333211
122133323222
123222333122
122123131222
122133323112
122133312123
111222133332
122331232131
122133312213
122312322211
122133313133
122133313122
112211312123
122133313221
122133311311
122221222233
122133311223
122222122112
121232213212
122133311131
122133221133
122133221221
122133221212
123231223322
122212111111
121213321211
112131312313
122133221331
123331121113
122133223333
111212112112
112333122123
122133223322
111123312331
122133223113
122111112222
121333133123
121331311231
122313232223
122133222332
122133231132
112321112132
122133231321
122312331132
122133231312
112313123333
122133231231
122133231213
123331131323
121212121212
122133232333
112211321213
122133232322
122133232223
122133232232
122133232113
122133233211
121321123211
122133233222
122133233332
122133213123
122133213321
123311211122
123222212131
122133213312
122133213231
122133213213
112212233221
122133212111
122131323231
122133212133
122133212221
122133212212
122312333233
121211322322
121222113113
122133212313
122133211323
122131123332
122133211112
122311133223
122112333312
122322331131
122132112311
121112313122
122132112333
122132112223
122132112113
122322122113
122132113222
112111123333
121233212331
121231312332
123231122313
122132113332
122132133132
121113332232
122132133213
123232131321
121211322223
122132132111
122132132133
122323312333
122113132233
122132132212
122132131222
111112221332
112332121211
121233131113
122132131323
122132131121
121133232321
122132131112
122132122123
121312321323
122333333221
121221211111
121221231113
122211123113
122132122231
122132123111
122132123133
122132123212
121211213231
122222222331
123212211232
122132123313
123312233211
122132121311
123311122112
122132121322
122132121223
112333221312
122132121232
122132121131
122132121113
112312332123
122132231122
122132231221
122132231212
123112321233
121331122112
122132231331
122132231313
123132133331
122123312111
122132233311
122132233333
122132233113
123221111231
123222212223
122132232211
122132232222
123131221233
123233333122
121212212323
123223231131
122132232332
112211322311
122132232121
122132232112
122223113221
122132221123
122132221132
122132221312
122211221323
122132221231
122112123232
122132222311
122212322232
122132222333
111222213131
121231332213
122132222322
122132222131
122132222113
122132223222
122132223323
122132223121
122123231221
112212331323
122132223112
123121311331
121222332112
122132213111
122132213133
123132221133
122132213212
121322231221
123221112333
121332311311
111122313313
122132213221
121222122331
122213222322
122132213313
122132211311
121333212123
122132211223
112233212331
122132321111
122132321133
123121133131
122132321122
122332332122
111222122233
122132321212
122132321331
122132323311
123131223213
123212121333
122132323333
122132323232
122132323131
122132323113
121231331223
121213133232
122132322211
121211133221
122132322233
112232131233
122132322323
111221123123
123123213123
122332233111
122132322332
123322122222
121322311121
122132322121
122132331123
122132331132
122132331312
123121213222
121332211233
122132331231
122132332322
122232123112
123232211221
122123231331
122132332232
122132333211
122123313312
123121131111
121221233133
112322211311
112212323111
122132333233
122132333332
122132333121
122132313123
122132313321
122331323332
112311322121
123311112313
122332123322
123222333313
122132313231
122213323311
122132313213
111223211321
122132312122
111112123322
122213323113
122132312221
123313233322
122132312331
122132312313
122132311211
121231333122
122323213223
122132311233
122313231132
122132311332
122113233312
122132311121
112233322322
121212222133
122131211132
122211321232
122131211321
122131211312
122131211213
112223232323
122221323233
121311333112
123331332223
112113231111
122112212332
122131212333
122131212322
121223133123
122131212232
122131213211
123121312112
123311231232
122131213323
122131213332
122131213112
123121221131
122131233123
122131233132
121333311233
122131233321
122131233231
122331133122
122131232133
122131232331
111212212313
121313222133
122131231211
121233132312
121332232113
122131231233
122131231222
122131231323
122222311132
122131231121
123333221222
121323222323
122131231112
122312232112
122131222132
123322312232
123212233131
122131222321
123311213322
122131223111
121221233212
122131223133
112131212231
122131223122
122131223221
111211132311
121313132113
121331322321
122131223331
123321212122
122131221311
122131221322
122131221232
122212333333
112311323311
122112123131
121222123321
121223113233
122131221131
112132121132
122131311133
122331133133
122131311331
122333232331
122131311313
122131313311
122211122112
122131313322
122121211122
112232122123
122131313223
122131313232
122131312211
112321222213
112211313122
121313222221
112223321313
122131312222
122131312323
122131312112
111213211333
122131323123
112223322233
122313222323
111121212332
122131323321
122131323213
123232212323
122131322111
122113233321
122313112332
122112122211
122131322122
111212122122
121223113121
122131322221
122322311122
121213111322
123333223132
111112331112
122221222121
122131321211
122131321222
122223222321
122131321323
112212122323
122131321332
122221331122
122131321121
112232321212
122121212222
121222322333
121123321323
121321213332
121111323331
122131332132
122131332321
122131332312
122131332231
122131332213
121131312122
122131333133
122131333122
121112121211
122131333221
121212123131
122131333212
122131333331
122131331311
121232112333
121323133221
111223111223
122131331223
121213111131
122131331131
122131331113
122131131133
122131133311
122123211322
123111312111
122131122311
122131133322
123312313221
122131133223
123121122223
122132321221
122131132323
122122122313
122131121123
122131121321
122131121231
123211113331
122131121213
122131122333
111223222213
122131122223
111232312112
122131122232
121211321213
121111231223
121131132133
122131123233
122131112132
121232313321
123122113332
122131112213
122131113133
122131113122
121221132322
123212112232
122131113212
122131111311
122131111322
121123122232
122131111232
122122111111
122111321312
122122111133
122122111122
112321311133
122122111212
121312232212
122122111313
122122113322
122121221233
122122113223
112233233233
122122113232
122221122221
123233321121
122122113131
122211113321
122122112211
122323313222
122122112222
121222323332
112211121211
122122112121
122121312311
122122112112
122122123312
122122123213
122122122133
122122122221
122223211312
112111213232
121313311231
112213131111
122122122212
123212213122
122122121211
121112233222
122123323113
122122121233
122122121222
122122121323
122122121332
122121333132
122122121121
122122132123
122122132132
123121231112
122122133122
122122133221
122122133331
122122131223
112213231112
122122131232
122122131131
122122331133
122122331122
112223212312
122122331331
112112221331
122122331313
112323311232
122122333311
122122333333
122122333232
122122333113
122122332222
122122332323
122233233111
122123121223
122122332332
112233313212
121211223311
121311121333
122122332121
121213132112
122122321123
121332223322
122122321312
122122321213
122122322311
122122322333
122122322322
122332221222
122122322223
122121223321
122122322232
122122322131
122332131321
112113133213
122233312223
121111331222
122122323211
122122323222
121222233332
121231232133
122122323323
122222211133
122122323332
122331232113
122122312123
123233313113
122122312321
122213131323
121222321132
122233233133
122122312312
122122313111
122311331131
122221112121
122122313133
112223222333
122122313212
122122311311
122122311333
121331133112
122122311131
112111313222
122122221111
122122221133
123311233331
112333113323
122122221122
111111223113
122122221221
123322211221
121212133323
122213313123
122122221331
121112131333
112311312221
122122221313
122122223311
121231313223
111112222133
122122223322
121212321223
122122223223
121231212322
122122223131
122122122111
122122311223
122122223113
122122222233
122122222222
111211323133
123232232231
122122231123
122122231132
112323332323
122122231312
122122231231
122122231213
122122232322
122122232223
122213332113
123311213311
123231133111
122122232232
112231111223
122322211213
122122233233
122122233332
122122213312
112112121121
122312312122
122122213231
112332122133
122221323112
122312233333
122122213213
122133331133
122321231212
122122212111
122122212133
122122212122
122122212221
112312231233
122122212313
122232322331
122122211121
121321313311
122122211112
112121133331
122123111321
111232312233
122123111231
112312313223
111123232222
122123112311
121311221321
122123112333
122123112223
112231213323
122123112131
122123112113
122123113211
112211231123
122123113233
122123113222
122123113323
122123113332
122123113121
122123113112
121222221331
122123133123
122232231222
122123132133
122123132122
112111112313
122123131233
111112212222
122123131112
112332111331
122123122123
122123122321
122123123133
122123123212
122123123331
111222213311
122123123313
122322311111
122123121333
122123121232
122312313321
122123121131
123323123121
123332233231
122123231111
122123231122
122123231313
122223113331
122123233311
111123112322
122223231112
122123233322
122123232222
121221131312
121323333113
122123221123
122123221132
122123221321
123312132123
122123221312
122123221231
122123222311
112322222322
122333111333
121323312231
122123222333
122233221332
122222133323
122123222223
121112332332
121311123313
122312211311
122123222131
122233132311
112233113333
111232332123
122123223222
122123223323
121132132112
122123223332
122123223121
112233231132
123121111333
122221313212
122123223112
122123212123
121231212311
122123212321
122123212312
122123211131
122123212231
122123213111
111221211112
122123213133
121231123323
121122231223
112131322112
111231112113
122123211333
122123211223
122123211232
122123321122
123312212221
122123321212
122212332332
121321322111
121212311321
122123323311
122123323322
122313231312
122123323131
121331221211
122123322222
122123322332
122123331123
122213333121
123122132221
122123331132
123222312323
122123332322
122123332223
122123332232
122123333211
122211121111
112222121332
112231322212
122123333233
121221332111
122321322112
112312312121
122123333222
123121313311
122123333332
121111212211
122123333112
122123313321
111121312232
112311221123
122221323323
112331313222
122123313213
122123312122
121131121322
122123312221
122123312331
111212311311
122123312313
122123311211
122123311323
122123311332
122322232331
122123311121
122121311321
122121311231
122121311213
122121312322
122121312223
122121312232
122121312131
111233213113
122123122132
122121313211
122121313222
111212222233
122121313332
121232212231
112112132312
122121313121
122121333123
123333213311
122323233133
122121333231
122121333213
122121332111
112133322321
122121332133
122231133321
112322322211
122121332212
122212111212
112321112123
122121331332
112323112323
122121331121
122121322132
112232312111
121222233121
122121322231
111212321231
122121323133
122121323221
122121323212
122121323313
122121321333
122121321223
112222331212
122121321232
123112221333
122121321131
122121321113
122322321323
122121211111
121213322331
111121332221
122121211133
122121211313
123111121113
122133113113
122121213311
122322323321
121133321131
122213311332
122121213322
122121213232
122121213113
123122213212
122313112222
122121212323
122121212112
122121223312
122121223231
122121222133
122121222331
122121222313
121122112212
112112311113
121312213211
122121221211
121122333213
122121221222
122121221323
121312132121
112223333112
122121232123
122311122131
122121232231
111231133231
121331212323
122121232213
112323232113
122121231311
123133111213
122331321123
121233131333
122121231223
122121231113
122121121133
123111122123
121231133333
121322233223
123213131131
122121121122
122121121212
123121322331
112212231232
122121121331
122121123311
122121123333
121123321211
111232313333
122121123113
122121122233
122121122222
122121122332
122121122121
122111113333
122121122112
122121212233
122121131123
122311211123
111212112121
122121131321
122121131312
122113232313
121222322232
122121131231
122121131213
122232313131
121223131112
122121132311
121223133132
122121132333
122121132322
121322232211
121311313132
123311131213
122121132131
122121111233
122121132113
122121133211
122121133222
121132131122
122121133323
123332223212
122121133112
122121113132
112132111322
123131122233
121212123311
112132222321
122121113312
122121113231
123213113333
123123212331
122121112212
122333113111
123132233222
122121111211
122121111323
122231111312
122231112311
111122232131
122231112223
122231112232
122231112131
122121332331
122231113323
112131212321
111112121133
122231113332
122231113112
122231133132
123211322111
122231133213
121123221311
122231132122
112221312131
122231132221
122231131332
122231131121
121223111132
122231122123
122231122321
122231123111
122231123212
123322313211
112132231112
122231123313
122231121333
112323132132
122231121223
122231121113
122231231111
122331333311
122231231133
112233213123
122231231122
123212231221
121332111212
122231231221
111211221323
122231231212
121323111212
122111313313
122231231313
121123331333
122231233322
122231233232
122231233131
122311313232
122231232211
122231232323
121321322221
112231311313
122231232112
122231221123
122231221321
123221231313
122231221312
122231221213
121231123332
122231222333
122231222223
121333332223
121133121111
112133232123
122231222232
122231223211
123332311313
123332323132
122232333331
122231223233
122231223323
122133212122
121232232222
122231212321
122212132321
122231212312
121221223321
111232231323
121332132321
123121221232
122222113312
122231213111
122231213122
122322313223
122231213212
121312211321
122231213313
122231211232
122132123122
122231211113
121333313213
121311231221
112113331312
122231321111
122231321133
122231321331
123211223221
121233213132
122231321313
122231323333
122231323232
122233232321
122231323131
121223233232
122231322323
122231331132
122231331321
122231331213
112213231233
122322212223
122312113121
122231332322
122231332223
122231332113
122133131232
122231333233
123321223113
122332113132
122231333112
122231313123
122231313312
122231313231
122231313213
122231312133
122231312221
111221311131
122231312212
122231311323
122333232133
122231311332
122113213112
122231311112
123311133112
121211333113
121231122322
123311122211
123133313213
122233311132
122233311321
122233311213
122233312311
122321313231
122111332332
122233312333
122233312232
122321212231
122233313211
122233313332
122233313121
122233313112
121132211231
122233333132
122233333312
112113211311
122233332111
122233332221
111212132213
122233332331
123131333312
122233331233
122233331323
111223212232
122233331121
122233331112
123323121132
122233322123
122233322312
122331323211
122233323133
122233323212
121321311331
122233323331
121333312313
123212313231
122233321322
122233321232
122311213332
122233321113
122233211111
122233211133
121121322131
121222122221
122122321132
122233211212
121131323131
122233211331
123233212311
121223132122
112233132321
122233211313
122323232132
122233213311
122233213333
122233213322
112323232131
122233213232
122233213131
121133331121
122233212323
122233112313
122233212112
122233223321
112211113232
121212213131
122233223312
122233223231
112123212311
122233223213
122233222122
122332312113
122313111122
122233222221
112112131113
122233222212
121131113222
122233222331
121312211123
121212121331
121321122113
122233221211
122233221233
123223231113
122233221222
122233221112
123111221213
112113233322
122121113321
122233232123
122233232231
121233123132
122233233122
112112113333
111223323231
122332122121
122233231311
122233231333
122221223322
122233231223
112211312132
121321111232
112231222123
112213212113
121133211331
122233231232
122323222221
122233121133
112123123112
111232212232
121332221221
112131322323
122233123311
112112212212
123311211331
111231233322
122331112112
122332313121
122233123232
123321221313
122231133231
122233122211
122233122233
122312221213
121323232131
121322231111
122233122323
122233122121
121212233221
122233131132
122233131231
122331322333
122233131213
121211121211
123132333113
122233132322
122233132223
122233132131
122233133233
122233133121
122123322121
122313333223
122233133112
122233113123
111212132123
122311212333
122233113321
122233113312
112133322231
122233112111
112231131133
122312113233
122233112212
122233111323
122233111112
122122332233
122232211132
122232211312
121323212212
121322232112
123332312323
123322222221
122131131122
122232212223
122232212131
122232213211
122232213222
122232213121
122132333323
122232213112
121312231233
112113211333
122232233123
122232233312
123122111231
122232232111
123111313132
122232232221
121122332212
121232313312
122232231323
122232231121
122232222321
122232222312
122232222213
122223112213
122232223122
122232223212
122232221333
122232221322
121333213212
112211332222
122232221232
122313312213
122232221113
122212112211
122131322331
121323113322
111223231211
111111233332
122232311111
122232311221
122232311212
122213323131
122232311313
121213133223
122232313311
121232111213
123331323131
121331232231
122232313333
122232313322
122232313223
122232312222
122232312332
121322132122
112121312312
122232312121
122232312112
122232323123
122232323321
112223311323
122232323213
123332132121
123223322321
122232322221
122232322212
122232322313
122232321211
122232321233
111222121221
121222313133
112332331331
122232321222
121232311222
122232321323
123223121111
122232321332
122232321121
122232332123
122232332231
122232333133
111122212313
121333123133
122232333122
122232333212
122232331311
112332332222
122232331333
122232331131
122232331113
122232131133
122211211133
122232131122
121212122233
122232131331
121133231232
122232131313
122232133311
123122123212
112231121231
122221312123
123131112122
122321132313
122232133223
122232132222
112232333233
122232132332
122232121312
122232121231
122232121213
123311332133
122232122333
122222222212
122232122322
122232122223
122232122131
122232123211
123331233322
122232123233
122213321133
122232123332
121233332222
121211231132
112312211213
122232112231
122232112213
122232113221
121131323223
122232113331
122232111223
122232111232
112322223332
122232111113
112313323133
121223121322
122221111111
122311111322
122221111221
122332123232
122221111313
122221113333
122221113113
122221112323
121333313321
121111323122
122221112112
121213323213
123133321111
112221233221
122221123123
122221123132
123321111111
122221123312
122221123231
122221123213
122221122122
122221122331
122221131322
123132211233
122221122313
122221121233
111121333123
122311121132
122221121222
121112112233
122221121121
122221121112
122221132132
123332121321
122221132312
122221132231
121232122213
122331231231
121332211323
122112133211
122221132213
122221133111
122221133212
123323322122
122221133313
122221131311
121211222211
122123231133
121333113332
121333331123
111233312232
122221131131
122221131113
122221331111
122323231232
122221333311
121313121331
122221333333
122221333223
122221333232
122221332211
122221332332
122221332121
122221321321
121231122131
122312213122
123221313213
122221321312
122133331122
122221321231
122212123321
122213333323
122221322333
122221232311
122322333133
122221322322
122221322113
112111332221
122132122132
122312331231
122221323332
122221323121
122221312132
122221312312
122221313111
122221313133
122221313331
122221311333
122221311322
123233222123
122221311113
112312111113
122221221122
112112223322
122221221221
122221221212
121131133231
121213113221
122221221331
121312123112
122221223311
122221223223
122312233223
122221223131
122221223113
122221222211
123133132212
122221222323
122221222332
121213333331
123323123222
122221231321
122221231231
122221231213
122323131132
122323132333
122221232223
122221232232
121133332221
122221232131
122313133133
121321231222
112212223231
122333221131
122312111312
122221233211
122221233233
123231322333
122221233222
123112123121
122221233332
122221213312
121222223223
122221213213
123233212223
122221212212
122221212331
122221212313
122221211222
122221211121
123322111332
122221211112
122222311123
122222311231
122222312333
122222312322
112321211231
121321223111
123223311123
122222312223
122222313211
122222313323
122222313332
122321222131
123111223332
122222313121
122222313112
122222333123
123311223321
122332111323
122222333312
122222332212
122222332313
122222211212
122222331211
123211121321
112222311311
123223332111
122222331233
122222331222
122222331323
121222313212
121111221332
122211221112
122222331112
122222322132
122222322321
111121132131
122222322231
122222322213
122222323133
122222323331
122222323313
121213333111
122222321311
122222321322
121311313231
121323233121
122222321232
121311312122
122222211122
123211313223
122222213311
122222213131
122223211231
122222212112
111221123312
122222223132
122222223312
122222223231
111221122212
122222223213
112131211223
123322311231
122222222111
122222222122
122222221332
122332212233
122222232321
122222232213
122222233133
122222233122
121321211123
112113312133
112131323333
111213123122
122222233221
122222233212
122233332133
122312112311
122222233313
121322333222
123213122133
122222231311
122222231232
122222231113
122222121111
122222121122
122222121221
122222121212
122222123223
123223211133
111213133123
121311121232
122222123113
122133132132
122222122211
122222122332
112121113322
121312323132
112312122333
122222122121
122312132111
122222131123
122222132311
122222132232
123132212111
122222132131
122222133211
123133113233
111232123323
122222133112
112331231232
122222113213
122222112111
123332132332
121322123212
122232233321
122222112133
122222112212
111222211331
112323323323
122222112331
122332233331
122123233333
122222112313
122222111211
112113333222
122222111121
122222111112
122131211123
122223211123
122211311213
122223211132
122223211213
112113331231
112331132232
122223212333
122133322131
122223212322
122223213332
122223213112
122223233123
122223233132
122223233321
122223233312
122122223232
121133313222
122223233231
122223233213
121223223233
122223232133
122223232122
122123232211
122231131323
122222321223
122223232331
123133232222
121213231112
122223232313
122223231233
121212131231
122121213333
122331113333
123211231112
122311131133
122223231121
112331231131
121231211132
121332213123
122223222132
121132211312
122223222312
122223222213
121312313113
122311113221
122223223111
112231311133
121213223331
122223223133
122223223122
122223223212
112311311112
112213232212
122223223313
111121123322
121321222321
122223221311
122223221333
122223221113
122223311111
122223311133
112311113222
123222122333
122223311212
121211323121
122223311331
122223311313
121313233331
122223313311
122223313333
111213332232
122213313321
121331213232
111231123122
121323212313
122223313322
112132211312
122223313131
122223313113
122223312233
112323111212
122223312332
122211322132
122223312112
122223323123
121231221223
122223323312
122223323231
122223322111
122223322133
121311211232
123323232221
122223321233
122223321222
121133321223
122123331213
122223321332
121312221232
123212111312
122223332123
122223332312
122313112121
121332113311
122223332231
121111231322
112221133222
122223333111
123213112332
122223333221
122223333331
112211331212
122223333313
121322313312
122223331333
122333313322
121311232233
123123112323
122223331131
122223111232
122223131111
122223131133
122223131122
122223131212
121332113131
111233113312
122223131331
122322221311
122223133322
122223133232
111232133131
121222131322
112311313231
122223133131
111122331313
121221111332
122223132211
112313122233
123222223221
122223132233
122223132222
122223132112
122223121132
122223111311
122223121321
123123123213
122223122322
122223122232
122221232333
122223122131
122223122113
122223123211
122223123233
121233211211
112123333111
122223123323
122223123121
112322121232
122223123112
122223112123
122223112132
122213332223
123321133212
122223112312
122223113111
122223113133
122223113313
112122113321
121321331131
122223111223
122223111131
123111133321
122223111113
121122121212
122333213112
112231222231
122212111133
122212111221
122212111331
112133123131
121232323113
122212113311
121111233212
112231213233
122212113333
122212113232
121121311131
122213212132
121213113133
122212113131
122212113113
121113112223
123133233223
122212112233
122212112222
112211111221
122212112332
112321312233
122212112121
121133122112
121232133231
121133222133
122212123132
122322122232
121221233221
122212123231
121221133222
122212123213
123312211332
122212122133
122212122122
122212122221
122212122212
122332313211
122212121211
111212211323
122212121233
122212121222
122212121121
123122331213
122212133111
122333323231
122212133122
122212133221
122212133313
122212131322
123113132333
122212131223
121132213112
122212131232
123233313322
122212331221
112112332323
122212331212
122212331313
121232113121
122212333311
122212333322
122212333223
112321111113
122331331212
122212333232
122212332211
123112131122
122212332222
112323232232
122212332323
122212332121
122212332112
111222313222
122212321123
122212321312
122212321213
122212322322
122212322223
121332333333
122212322131
122212323323
122212323332
121211212133
122132323223
122332232213
122212323112
121213111311
122212312132
121121221313
121211321132
122212312321
122131123222
122212312231
122212312213
122322111223
122212313111
122212313122
122212313212
122212313331
122323133222
122212313313
122212221111
122131313131
121212231333
122212221133
122212221221
121332131322
122212221212
122212221331
122212221313
121323321312
122212223333
122212223223
121322112333
122212223232
123333212211
122212223113
121131221213
122212222233
122212222323
123221233131
122212222332
121311232323
122212222121
112132331333
122212231123
123132223113
122212231312
122321223233
122212231213
122212232333
121313331211
121113221321
121233323112
122212232232
122212232113
111231121311
122212233211
112123231233
122212233233
121212231223
123211221322
121131332223
121111311231
123332113313
122212233222
122212233121
122212213132
122212212133
121113223222
122223212311
121332221313
123111222131
122212212122
122212212331
122212212313
112233321132
121333313132
122212211323
122212211121
122213111132
122213111321
121311121131
122213111213
122213112131
122323222212
112231322111
122223331232
122213112311
122213112322
111211133332
122221213231
122213112113
122213113211
122213113233
121323331221
122213113222
122213113332
122213113121
123333112221
121223311121
122213133123
122213133132
122331131113
112131322121
121211131113
122133211211
122213133231
122213133213
122213132122
123133333233
122213132313
122111221331
122213131211
121123112123
111222112111
122213131233
121223223332
121332123123
122213122123
122213122231
121222312132
122213123111
122213123133
122213123122
122332222331
111121331222
122213121311
122213121232
122213121131
121222111122
122213121113
111112133112
122213231111
122213231331
121211211332
122213231313
122123232332
122213233333
121311333222
122213233322
123132211121
123213332112
122213233232
122213233131
122213233113
112323322131
122333113122
122213232211
121322321122
122213321313
112122232231
122213232233
122331132213
122213232323
122213221123
121231123112
111221331133
122213221321
122213221213
123323222132
123111112232
122213222311
122323321333
121312133322
122321111132
122213222333
121111312113
112113312111
122213222223
122213223332
122213212321
122213332322
121131313231
123333221121
122213212312
122213212213
111122222332
122213213111
122311111311
122213213133
122213213122
112123223122
122213213221
121121312312
122213211333
122213211113
122213321111
122213321122
112321121321
122323231322
122213321331
112221323221
121221311132
122213323333
122213323322
111212213213
122213322211
123121322313
122333133232
121123223313
122213322233
122213322323
122113133131
122323132311
123231211121
122213322112
112131333222
121233331111
112332113322
122213331123
122213331132
122213332333
121221312311
123331122213
122213333233
122213333222
122213333112
121132213121
121311123133
122213313132
122311222321
121213113212
122213312111
122231211322
122213312122
123111311112
122333231233
122213312221
121111123232
122213312313
123223213232
122213311233
121112311333
122213311222
122213311112
123222113221
122211311321
123113232123
122211311312
122211311231
112331312322
122211312333
122211312322
122211312223
121211231321
122211312131
122211312113
121322221312
121133111112
111211312311
122211313222
122211313332
122211313121
121321112231
122211313112
121333312221
122211333321
123213221212
122211333231
121322123221
122211332111
112133323122
112133233313
121223213133
121133222212
122211332122
122211332221
122211332212
122211332331
122211331211
122121232312
122211331222
122211331323
122211331332
122211322321
122211322312
122321121333
121331233313
122322233231
122333111113
122211323122
122211323221
123123233323
112223131211
122211323212
122211323331
122211321311
122233122112
122211321322
122211211122
122211211331
122211213311
122332211313
112213213332
111111122122
122211213223
122211213232
122211213113
122211212211
122211212323
122211212332
122211212112
112333113211
122211223321
112321323231
122211223231
122211223213
112233131311
112232312212
122211222122
123231321231
122211222212
122211222313
122211221211
122211221222
122211221332
122211232321
122211232312
122211233111
122211233212
122211233331
121121131113
111232332321
121332113232
121222133133
112323131322
122211231333
111231213331
122211231223
122211231232
122211231131
122211231113
123322232312
121323233332
122131211231
122211121122
112231323312
121232133213
122211121313
122311233213
122211123322
122211123223
122211123232
122211123131
122211122233
122211122222
122322211321
121213122333
112332232333
122211122323
111222213232
122323211313
121121322113
122312313312
122211122332
123321321321
122211131132
122211131312
122211131213
122211132311
111211233221
122211132333
121111232123
122211132223
122211132232
121323112222
122211132131
121222221133
121313213333
122211132113
121113133231
112232113121
122333132121
112131333112
112213232111
121333311332
122211133222
122211133323
112131123133
122321223112
121323221331
122211133332
122211133112
122211113231
122211112111
123231322322
123322121331
112213211312
122211112133
122211112221
122131321112
122132211131
122211112331
121212312333
111122313133
111233333231
121222123123
123231132123
122211111211
121232331132
112133223132
122211111233
122211111222
122112313121
122323113312
122321112311
122323231311
122321112322
112112331133
121212313211
122311231323
122321112232
122321112131
123312313122
122321112113
123323231323
121233212111
122321113211
122321113222
122321113323
122321113332
121323111221
122313311322
123322233122
122321113121
122331112121
122321133321
112222233112
122321133231
123131313323
122321133213
121131112113
122321132111
121113212312
121131333222
122321132133
121211323211
122321132221
121331113231
122223331223
122321132331
122321122231
123232322132
121232111123
122321123122
121311233322
122321123221
123212321111
122321123212
122321123331
121333331213
122321121322
122311222123
112111133112
121232212321
112112113322
122321121232
123213213132
121233232333
122321121131
122321231133
122321231331
122321233311
122321233322
123312232113
121231233321
121232322211
121221122233
122321233223
122333122322
122321233232
121332221331
122332112221
122321233131
122321232211
112112333311
112222323121
122321232233
122321232222
122322113111
122321232323
122323112313
122321232112
122321221132
121322122213
122321221321
122133122122
122321221231
122312233113
122321221213
122321222311
122321222333
123232221211
122321222232
111122111212
122321223323
122321312331
122331323112
122321223121
121212212233
122321212123
121311132111
111231123111
121322313231
122321212312
122321212213
121223212231
122321213111
122321213122
122321213221
122321213331
122332122323
122213113323
122321211311
122321211322
122321211232
122132111231
122321321111
121321311212
122321321212
123312321312
122321321331
123123213321
122332333213
121122223321
121313122332
122321323311
122321323322
122321323232
123131211331
122321323131
121321222123
112133232231
122321322211
122321322233
123223111112
121331113213
122321322323
111223333111
121213212232
122321322121
122322322313
122321331123
122321332333
122321332322
122321332223
122321332113
122321333211
122232122113
122321333233
122111323112
122321333332
122133111212
122321333121
122321333112
123323212333
122321313132
122321313312
121333311222
122321312133
111213131211
122321312221
121211231312
122321312313
122321311211
122321223332
122321311222
122321311323
122321311112
122312131112
122323311123
112331112212
121313112111
122323311132
112221212332
123223131312
122323311231
121322233333
121222331313
122323312311
123111211322
122323312232
122323312113
121313223213
122323313323
122323313332
111213231221
122323333132
122233212332
122323333231
121323321231
123313312313
122323333213
122323332111
121231311331
121313113123
122323332133
122323332122
112112123213
122323332212
122323332313
122221322131
122312211131
123332231112
122323331233
122323331323
122323331112
122323322132
122323322321
121122321223
123121132323
122133112121
121223322211
122323322312
122323322231
122323323212
122313113333
123321323233
122323323331
122323321322
122323321113
122323211111
112133332331
122331213132
122323211122
121331222313
123232132232
122323213311
122323213333
122323213322
122323213113
122331132321
122313213132
122323212211
111211311213
123313131211
122323212233
112312313113
121312331333
122323212222
112113221213
122323212323
121221113321
122323212121
122323212112
122323223123
122323223132
122323223321
112112323323
121231313322
122323223213
122323221211
122323221222
121321133223
122323221121
122332213113
122323221112
121212312322
122323232231
122323233111
122323233221
122323233212
122323233313
122321313321
122222312131
121223213212
112323131311
122323231333
123312311113
122323121221
122323123311
121313223321
123322222331
122312113323
122323123322
122323123223
121233131232
112333222223
122323123232
122323123131
122323123113
121331131132
122323122211
122323122233
111112312322
122323122222
122323131321
123222313131
122323131312
122323131231
122231321212
122323131213
122323132223
122323132232
122323132113
122323133211
122323133323
122323133332
123323233213
122323113123
122323113321
122323112111
122113122113
122332311231
121223323113
122323112133
121221211122
122323112212
122323112331
122323111233
122323111222
121131331231
122323111332
122323111121
121113313123
122223221223
122323111112
122322211123
112332223311
122322211132
122322211312
122322212311
122322212333
112222131333
122223331311
122322212131
122322213332
112331311312
121323213321
122322213121
122322233123
122322233132
123231333113
122322232111
111121113123
122322232122
122131123211
121221132333
122322232313
122322231233
122322231222
112323122313
122322231332
122322231121
112222122221
122322222123
122322222132
122322222213
122322223212
122322223331
122322223313
122322221333
121132232133
112111322321
123233133131
122322221322
122322311133
123232122222
122322311221
111232121321
122322313232
122322313131
122322313113
111123223222
123233213211
122322312222
123313311222
122322312323
123222311122
121223211223
111213111231
122212111122
122322312332
121122122222
122322312121
122322323123
121211333333
123331312133
122113122311
121233312132
112131311112
122322323213
121322132111
122322322133
123132221122
121311223332
112221133233
121323123213
122322322221
112112223223
121313222122
122322322212
122322321211
123131211133
121321222312
121221133211
122322321222
121113122132
122322321112
123122331231
122322332123
111223231112
122112323221
122322332213
122322333122
112233132123
122322333221
122322333331
111122232113
122322331333
122322331322
112332331122
122322131111
122231322332
122322131122
122322131221
122322131331
123133331231
121231132233
122322131313
122322133322
112312233312
123211311212
122322133223
122322133113
123132232311
122322132211
122322132233
122322132323
121112222211
122322132121
122322121312
122322121231
122333311331
122322121213
123323321233
122322122131
122322123233
122322123222
123113112313
121333332311
123232311123
112323333223
122322123332
122322123121
123211132222
122322123112
122322112123
122322112312
122322112231
122322112213
112123222321
122322113133
111231113233
122322113122
122322113221
122322113313
122322111311
122331211323
122322111322
122322111232
122331113322
122331113232
121321312112
122331113131
122331113113
111213233333
122331112323
123312222233
111233212222
122331112332
121211232311
112322122213
122331123321
121232211113
112132212311
122331123312
122331123231
121121211211
122331122133
122331122122
123221232323
121331123311
122331122212
121232121322
123222113313
112223132122
122331122313
123133222131
111232231332
122331121222
122331113223
122331121121
121121323112
122331132123
122331132132
122331133221
122331133331
123231312123
122221122133
121233232113
122331133313
123121232313
122222112221
122331131322
122331131223
122331131131
112133322312
121311233333
122212132132
122331331133
121131223323
122331331122
122331331221
122331331331
122132233131
121331112122
123111332333
122331333223
122331332211
121313323212
112222121211
111122223333
123212113323
122331332233
123331311211
122331332222
112321212223
112111332313
122331332323
121233122331
112231122333
122331332332
112231211312
122331332112
112322112333
123331221132
122331321132
121231332231
121131122321
122331321312
111231221123
122331321213
122331322311
122331322322
122331322131
121333321331
122331322113
122331323222
122331323323
122331312123
122331312312
111213323131
112311233232
122331312231
122331312213
122331313212
122331313313
122211232123
122331311322
112222231312
123232213322
121322131112
121222323323
121121112112
122331311223
122331221133
121323132231
112121313122
121332322311
122331221122
121331313112
122331221221
122331221212
122331221331
122331221313
123332211312
122331223311
122331223322
121211233323
121222322113
122331223223
112132333313
122331223131
123321123213
122331222211
122331222222
122223222231
122331231132
122331231312
122331231213
122331232311
122331212122
112131232112
121213332123
122331232322
122331232223
122331233211
122213223211
122331233222
122331233323
122331233332
122331233121
122331233112
122331213123
122331213231
123131112111
122331212111
122331212221
112211213132
122331212331
112221132131
122331211211
121223131332
122331211332
122133211332
122331211121
122332312311
121213112312
122332312333
122332312322
122332313323
122332313332
121132212232
122332313112
121333133231
121312222123
122332333132
122332332133
122332332331
122332332313
111123213331
122332331233
122332331222
111231323131
122332331121
122332322123
122332322132
121113313231
122332322312
121212123322
121233122122
122332322231
122332323111
122332323212
111221332222
123313321221
122332323313
122332321311
121131213122
122332321223
112121132123
123221312122
121131121113
122332321131
122332321113
121313121212
122332211133
112213111223
122332211221
122332211212
122332211331
111233113213
122332213223
122332213232
122332212211
122332212222
122332212332
111121232123
122232331232
121133211313
122333231112
122332223123
122332223312
123112131331
122332222111
122332222133
111211331233
112122211313
122332222122
122332222221
122332221323
122332221112
122332232312
122332232231
121132112213
122332233133
123322213131
122332231311
121213222213
121121322311
122332231333
121221321311
121313111211
112223311222
122123222232
122332231322
121323331133
122332231131
122332231113
122312112232
112232121311
122332121111
122332121133
122332121221
122332121212
123313133213
122332121331
123312331133
122332121313
122332122211
122332122233
121211132213
122232132121
122332122222
122332122332
122332131231
121131211333
122332132311
123321111313
122212213321
121222213312
122332132333
122332132322
122332132223
121233113232
112121322113
123313321122
122332132232
123313123221
122332132131
121333123221
123323231112
111123233311
122332133211
123111332322
122332133222
122332133332
122332133121
112133312333
122332133112
122222123311
122332113312
122332112133
122332112122
122332112331
122332111233
122332111332
122332111112
121311131211
122333211123
123211122131
121231123233
123212313312
122333212311
122333212322
111211321113
122221221111
121313231131
122333212223
121113233322
122333212232
112331331222
121323233211
122333212131
123112313223
111213221321
122333212113
121211123231
112112223113
122333213233
122333213323
122333233123
123232221112
121332313133
122333233312
111221212111
121211331111
123322321223
122231121131
122333233213
112113323333
122333232122
122333232221
123231122122
122333231121
122333222123
123211131111
122333222321
122333222312
122333223111
122333223133
112321322331
121212323111
122333223122
112323132312
121223132313
112233221313
122333223313
122333221333
122333221322
112321333212
122333221223
112222333322
122333221232
122333311111
121232232233
122333311122
122333233132
122333311212
123321122212
122333313223
122333313131
123212223211
122333313113
122333312332
121313212222
122333312121
122333312112
122333323132
112133321131
122333323321
122333323213
121122232132
121212211313
122333322331
122333322313
122333321233
122333321222
121112131232
121232112232
122333321112
122311212322
122333332123
122333332321
122333333133
122333333122
111211123322
122333333212
112231232122
122333333331
112133211122
122333331311
111231222333
122333331333
122333331113
121333322121
122312233311
122333131313
122333133311
122233212233
122333133131
121311121322
122333132211
122312223112
122333132222
121233323121
123123332233
122333132323
112132111232
112312132222
112313331112
122333132332
122333132112
122333113331
122333121123
122333121132
122333121213
123323212113
121312122232
122333122311
122333122333
111232311111
122333122131
122333122113
122333123222
122333123121
111122123231
122333112123
122333112132
122321231111
122333112312
123323332132
122333112231
112111122121
122133121121
121211332121
122333112213
122333113221
122333111311
122333111223
121221211313
122313111133
122313111221
122313111212
122313111331
123121221311
122313113223
121311322112
122313113232
122313113113
111221223113
122313112112
123122312331
122313123321
122313123312
122111222112
122313333322
121322133321
123323113221
122313123231
112321221333
122313122122
122313122313
122333131221
122313121211
122313121222
121233132213
122313121323
122313121112
122313132123
122313132231
122313133122
121331211133
111121132311
121333123313
122313133212
122313133331
122313131333
122313131232
123322213322
122313131113
122313331111
122313331133
122313331221
112123112132
122313331212
122313331331
121232123111
122313333333
122313333232
122313333131
112321313223
123212332333
122313332233
122131222231
121332232333
121333121322
112133212332
122313332222
121311223211
122313332323
121232123221
122313332121
122313332112
111223331322
122313321321
122313321312
122313322131
122313323211
122313323222
122313323323
112213113221
122313323121
122313323112
122313312321
122313312312
122313312231
123321232322
121211222233
122313313111
112313121221
112223121232
122313313122
122313313221
122313311223
122313221111
122313221133
122313221122
122313221331
122313221313
122313223333
122313223322
122313223223
122313223232
121231121132
121322231122
123132112222
122313223131
122313223113
122313222211
123312332121
122313222332
122313222121
121213313322
122313231321
123233312323
111223322122
122313231231
122313232311
121312212232
122313232322
122313232232
122313232131
112322311211
122111113223
122313232113
122313233211
122313233332
123121333313
122313233112
122313213123
121233333223
111112331332
122313212111
112223333332
122313212133
123132313221
122313212221
122132221213
121232323333
121323231213
122313212212
122313212331
122313212313
121112322333
122212133133
122313211211
112233122122
122312312331
122313211121
122313211112
122312111123
112221323212
122312111132
123323122113
122312111231
123131221211
122312111213
111213311211
122312112322
122312112223
123231233332
122312112113
122312113211
122312113332
122123311233
122312113112
122312133321
122312133213
122312132133
122312132122
122312132331
121322112113
122312132313
123312131333
112221322132
122312131211
121212123333
111222323313
122312131233
122312131222
111122333311
122233231113
122312131323
121121313331
122333222132
122312122123
112213333331
121222211233
123213112323
122312122132
122233133211
112232322323
112213122333
122312122321
122113111311
122312123122
123211232313
112332221133
122312123212
122312123313
121312333331
122312121232
122312121131
122312231133
121332313331
121231331113
122312231221
122312231212
122312233131
121123333133
122312232211
111121322312
122312232323
121311112232
121231312222
123113331121
122312221132
122312221321
123322222313
122312221312
121213213121
122312221231
121213311212
123223122323
121213123323
111211222313
121211221111
122312222311
121223323322
122312222322
122312223222
121332333113
122312223323
122231122132
122312223332
121131313123
122312223121
122312212123
122311123121
121233113223
122312212231
122112321311
122323133112
121222112211
122312213111
111222232123
122312211333
122312211322
121313112122
121333222311
121221322123
112331332122
122312211223
112311112113
121313212211
121213231323
122312321111
112131321212
121333122312
123122313321
122122322113
122312321122
121321233132
112122133211
122312321212
122312321313
121212121221
121221221222
122312323333
121232212132
122312323322
121313123311
122312323223
122312323131
122312323113
122312322233
122123332333
122312322323
121233233211
111231332131
112323311322
122312322121
111122113322
122231123122
121312223221
122312322112
122121311132
122312331123
122213232222
122312331321
122312332333
122212312123
122312332322
122312332131
122312333323
122312333121
122312333112
122312313132
122312313213
122312312111
121231233231
122312312221
122322132332
122312312313
112111131132
122312311323
121311131323
121213311133
121323322232
122312311112
122311211231
122311212311
122311212223
122311212232
121123213233
122311212113
122133322322
122311213323
123211223111
122311233123
123213321132
122311233132
121121111111
122311233312
122311232111
112311212123
122311232212
122311231233
121212211111
112132322212
122311231112
122311222312
122311222231
123311211313
122311222213
122311223111
122311223212
122311223313
123123333131
121231221131
122311221322
123113213113
122311221113
111213121333
122311311111
123112212113
122311311212
122311313322
122311313131
122311312323
122311312112
112132233213
112322323311
122311323132
121211113113
122311322212
121113113332
122311322331
122311321211
122311321323
121321322331
122311321332
122311332132
122311332321
121131231313
123213122331
122311332213
112331231223
122311333111
122311333212
122311331333
111221313313
123212111132
122311331322
111212322131
121331131312
122311331232
122311331113
122311131111
122311131221
122311131212
123311312131
122311131313
122311133333
121212112133
112322113323
122311133232
122311133131
122311132222
121212133112
122311132323
123332223331
122311132121
122311132112
122311121123
111233231333
121313211313
112133223123
122311121312
122311121231
121113211223
123311313233
122311122311
121321113122
122311122223
112331213333
122122212212
122311122113
112333113233
121322211322
122311123211
122311123332
122311112123
122223311221
122311112132
122311112321
122311112231
122232222231
122112213223
122311112213
122311113111
123332111223
123211211213
112112321123
121231132112
122311113313
122311111333
112323221221
122311111232
121331121133
121211111122
121211113333
121211113232
121332212313
121211112233
121311132221
121211112323
123131213333
121211123132
123223311231
121311321313
121211123213
121211122133
121211122221
121211121222
121211121121
122313321123
121211121112
122123312212
121211132321
111222332221
121311211333
123313322121
121211132231
121211133313
123231121323
112313333312
121211131311
121212223321
123333111332
111213231313
112332233222
121211131333
121211131131
121211331212
121211333223
121211333232
121211332211
112221311123
121211332323
121312111232
121211332112
121211321123
121232211322
121211321312
112222112112
121222232311
121313122211
121211321231
121211322333
122331333322
121211322232
122233333213
121211323233
121132232212
121211323222
121333312133
123333232312
121212123223
121211323323
121211323332
121211312123
112121123213
121211312132
121211312213
121211313133
112112312321
121221223132
121211313221
121211313212
123111211232
121211311232
121211311113
123112331232
121211221221
121211223232
122233332313
121211223131
121122212112
121211223113
121211222222
121211222332
121211231231
121232233131
121211231213
112111113321
121211232223
121323322311
122222312113
121211232232
123122221123
121231311111
122321331231
121211232113
121223121333
121211213132
121211212111
121211212122
121211212331
121211212313
121321333331
121133311132
121211211211
121211211233
121211211222
121211211112
121212311123
112122311132
121212311132
121212311213
121212312223
121212312131
123122333332
121212313233
122223132323
122123313231
121212313323
123211321121
121212313332
123122331321
121212313121
121212313112
121232332322
121212333132
121212333312
121212333231
121212332111
123333222133
121212332133
121212332122
123212322121
121232323311
122123111312
121212332221
121332312213
121212332331
121212332313
121212331222
121213232331
121212331323
121212331332
121212322123
123322211122
121131213212
123111133312
121212322312
122332331211
121212323133
112132211231
122233331222
121212323122
121212323221
121212323331
123232112313
121213321233
121212321333
121212321322
121212321232
121212321113
121212211122
121212211221
121212211212
121212211331
121212213311
123133322112
123333231333
121212213322
121212213223
123321131322
122212211112
121212213232
121122312232
121212212332
112222223311
121231323312
112313111323
121333111231
121113121333
123221223332
121212212112
123231131223
121212223123
123222313311
121212223132
112331212332
121212223213
121212222331
121212222313
112212223321
121212221211
121311223233
122212323233
121212232321
123232331211
121212232312
123233233123
121212232231
121212233111
121212233133
121312331311
121212233122
121212233212
121212231311
121212231322
122131322212
122232322122
121213333221
112113213122
123232213311
122331112222
121212121111
122311322122
123233232111
121331123223
121212121133
121212123232
121112122212
122331232333
121212122222
123132331313
121212131123
123311133332
121212131321
121212131312
121213221311
121111132113
121212132311
121212132333
121212132322
111221122122
121212132223
121322321111
121212133222
121331122332
123132221111
121212113123
121212113132
121212113321
123223213113
121212113231
111212113223
121212113213
121322331321
121212112111
111223211213
121212111323
121212111112
123132313331
123211123121
121213211123
111223322212
121213211132
112111112133
121213211321
121213211312
121213211231
122223231332
123221213111
121213212223
122232312233
121313133121
121213212131
121213212113
121213213211
121213213112
112311211223
121213233132
121213232122
121213232212
121213232313
111213133321
112222212122
121222312312
121213231211
122113221311
121213231233
121213231222
121313132333
121213231332
121313323331
121322333233
122332212121
121213231121
121213223133
123223221222
121213223221
121133321333
121213223313
123231211222
121213221113
121113213221
112113321331
121321113331
121213311111
121213311122
112133113321
121213311221
112112322223
111221222222
121213313113
121213312211
121213312233
121313313121
121133211212
121333123122
121213312222
112133311312
122321211131
121213312323
121322222113
121113223121
112323333333
121213312121
112133111121
121213323123
121213323132
121213323231
121213322133
122121211331
121213322221
121213321222
123211133223
121213321323
112311331312
121213321332
121213321112
121213332132
121213332312
121213332213
121213333122
122213122312
121213331322
121213213323
121213331131
123321332222
122333122223
121213131133
121213131212
121213131313
121213133311
121221331332
122312323311
121213132211
121213132233
123123232232
121213132222
121331221222
123321113322
121213132323
121213121321
121213121231
121213122322
121213122223
122321111321
122122312231
121213122131
121213123211
121213123222
121213123332
121213123112
121213112321
112112113311
121213112231
121213113111
121331231113
121213113122
121213113331
111232222312
121213111333
121213111223
121213111113
121233111133
121323211211
121233111122
121233111221
123233221232
121333323311
121233111212
121233111331
123211222213
121322322211
122312321221
121233113311
121233113333
111112131231
121233113113
121333123212
121233112211
121233112323
122333232212
121233123123
122331321321
121233123321
123332131313
121233123213
121233122111
121233122133
121233122221
121233121211
121233121121
121233132132
121233133111
122322133131
121233133212
121233133331
121233133313
121233131322
121233131223
111232222123
121233131131
111223323213
121233331133
121233331212
121233331331
123131313112
112222231213
121233331313
111223221131
121233333232
121233333113
121233332112
112212331222
121233321132
121333321111
122213131332
121233321312
121233321231
121233322311
121112211323
121233322333
121311321122
123133322233
121233322322
121233322232
111232122131
121233322113
121233323233
122221133221
121233323222
121121311223
122221322311
121233312123
112232233333
121231232212
121233312321
121233312312
121223313123
123323223122
112233323222
121233312213
121233313111
112333313213
123233121321
121323311131
121233313331
122223312222
121233311322
123323321112
121233311223
121233311113
121233221111
123111233131
121233221122
121233221221
121233221212
121233221313
121211323112
121233223333
121233223223
121233223232
122223213233
121233223113
123121223212
121233222211
121233222233
122212131113
121233222222
121233222332
121233231321
112331232123
121233231312
121233231231
121233232311
121233232223
121233232232
121233232131
121233233332
121233233121
121233213312
111211313211
121233213231
121321313131
121233212221
123333231223
121233212212
112223232121
121233212313
121233211233
121233211332
123311333321
121233211112
121232111132
121232111312
123321231312
121232113323
121232113332
121313221332
121232113112
123122211131
121232133132
121232132133
121232132221
121311232332
112222321132
112211233323
121232132212
112322313312
121232132313
121223332322
111233213131
121232131211
112333333233
112233212212
121311311323
121232131323
121232131332
123113331233
121232131112
121313232213
121232122321
112222331331
121232123133
121232123122
121232121311
121232121333
122323322123
121232121223
121232121232
121132132121
112233112121
121232121113
121232231221
121232231212
121232233322
121232233223
112333211223
122331323121
121232233113
121232232211
121232232112
121232221312
121232221213
111221321231
123331333112
121232222311
121231233132
122222221112
121232222131
121232223211
121232223332
121232223121
112321322111
121232223112
123331322233
121232212123
121232212312
123112331131
121232213133
121232213122
121232213331
121232211232
112333323113
121232211131
121232321133
112121333333
121232321122
112221311321
112311221231
121232323322
121232323223
121232322233
121232322222
123312231231
121232322323
121122312113
121232322332
111221131333
121312233321
121232322112
121232331231
123323122131
121232332311
112312312233
123323113212
121232332232
112131121232
121232332131
121232333211
112122132223
121232333233
121232333222
121322222333
111122221111
121232333323
111213312313
123311233133
122231131112
122311113122
121232333112
121232313123
121232313132
121123212232
121232312111
122211122211
121232312133
121232312331
122133212331
121232311211
121313112212
121232311233
112222121112
121231211123
123312311131
121231211321
121231211231
121231212333
123212222223
121231212113
121231213233
121231213222
121231213112
112222331111
121221131321
121231233123
121231233312
121231232122
121231232221
121231232313
121231231233
121231231323
121231231332
122311221311
121231222132
121231222321
111231211232
121231222312
121121111133
112312131313
121231222213
121231223331
121231223313
121231221232
123222223133
121231221113
121231311313
121231313333
112213212333
121231313131
121231312211
121231312233
121231323213
121231322111
121121313122
121231322133
121231322122
121231322331
121231322313
121231321233
112223232233
121212212121
121231321323
121231321332
121231332123
121231122113
121231332132
122122113113
121231333133
121321111333
121131111312
121231333212
112112121112
121222211222
121231333331
121231331311
121231331333
121332132312
122213131112
121231331322
121231331232
123121223111
121231331131
121231131111
123322133323
121231131221
123233133232
121321312323
121112123132
122313131131
121231131313
121221221332
121231133322
121233123312
121231133131
121231132222
121231121123
122221111331
121231121321
123332312112
121212323212
123311331233
123232112133
121231121231
121231121213
121231122311
112233123321
121211112332
121231122223
112331123232
121231123211
121231112123
121231112132
111211323331
121231112321
121231112231
122312123331
121231112213
121113113121
112112231231
122211211221
121231113111
121223113222
121231113133
112112132231
121231113221
121231113212
121231113331
121231113313
111122333131
123223212211
122133132123
121231111311
111233112331
121231111322
121231111223
123331323113
122321133132
121221232231
121232222113
121231111131
121231111113
121222111111
121222111221
111121331211
121222111331
121222111313
112322123212
121222113333
121222113232
121222113131
121222112233
112212122121
121222112222
121231212131
123213223113
121222112112
122113123222
121222123312
121222123231
122322332231
112121311322
121222123213
121222122111
121222122133
112111132113
121222122122
121311122231
111123123221
121222121211
121222121233
121321233123
121222121323
121222121121
112222133122
121222132123
123223221323
121222132231
121222132213
121222133122
111233323133
112321111223
121222133212
111112123113
121222131333
121222131113
122131111131
121222331111
121222331133
121222331122
121312133333
121222331212
121313223123
123213131322
121222331331
121222333223
123312123132
121222333113
123121312222
121222332222
121222332323
121222332121
111223233312
121222321213
123211121312
121222322322
121133122222
121222322223
112333133231
121222322131
121322211311
121222323233
121231233213
121222323121
121222312321
121222312231
121121312321
121222312213
121222313122
123323133311
121222313221
121222313313
112313123232
121222311311
121222311223
121222221111
122222232231
121222221313
121222223333
121113231331
111223222231
121222223113
121222222211
121222222233
121222222222
122232133232
112131121333
121222222323
121333211232
121222222332
121332131333
112332333232
121222231123
123112231121
122211322123
121222231132
121222231321
122131231332
121222231231
121131112232
121222232333
121222233211
112211311131
112333331132
121222233222
122332221121
121222213321
121313222111
121222213231
121222213213
121222212111
111211123113
121233313122
121222212212
121221231223
122123231212
121222212331
121113132133
112211122111
123122223211
112323211222
121222211211
122321331213
121222211323
111213132212
121222211332
122212223311
121223111123
121223111321
122331221111
121331222212
112121111331
112332131333
121223112311
121223112223
121223112232
121223112113
121223113211
121331312223
123232111323
121223113323
121223113112
121111331323
122131312233
122222223123
121133333231
111222322213
121223133321
121223133231
121223132133
121223132212
121223132331
121223131211
121223131233
121223131121
122322323312
121223122123
121223122132
121223122321
121223122312
121223122231
112331122222
123221113323
121223122213
121222332211
121223123111
121223123122
121223123221
121132211132
121223121223
121223231111
122131322313
121223231133
121223231331
121223233333
121213312332
121223233113
123232223312
121223232233
122122231321
121223232222
122322313311
123113221121
121223232121
121223232112
111232223133
121223221231
121122133332
123122112311
121223222333
121223222232
121223222131
122121132232
121223222113
121223223323
121223223112
122333133113
121223212132
121223212312
121223212213
121223213331
121223213313
121223211322
123333232132
121223211113
121223321133
112213312222
121223321221
121223321212
122311213112
112112312123
121223321331
122122323121
121223321313
121223323333
123222213323
121223323223
123131311132
123123211121
123313323311
121223323131
123133333222
121223322121
121223331123
121223331132
122233311231
122323313112
121223331321
121223331213
121223332311
121223332333
122222313233
121223332223
111112311123
121223332131
121223333233
121223333323
121223333332
123211122311
123121122311
121223333121
121223313132
121223313321
112123322133
121223313312
121223313231
111221122111
122231333121
121223312111
121223312133
121223312212
121223311332
121223311112
121221311321
112312123323
121221311312
121221311213
121221312333
123322221121
123221333222
121221312322
121221313233
121221313332
122232133131
121221313112
121221333123
121221333321
121221333231
121221333213
121221332221
121221332331
123312211233
121221331233
123122111132
121221331222
121221331323
121221331121
121221322321
123132232232
121221322312
111122211332
121221322231
121321232313
121221322213
121221323221
111212322322
121221323212
121221323331
121221321333
111231313231
123233133113
121221321322
122131133333
121221321113
121221211221
121221211331
121221213232
121311133321
121221212222
121221212323
121221223312
112331333231
121221223213
121131333211
121221222111
121221222122
121221222221
121221222331
112323232311
121221222313
112323222211
121221221211
121221221121
121311213221
121221232312
111213133312
121221232213
112231121132
121221233122
112233133133
112311233322
123313221213
121221233331
121221233313
121221231333
121123131221
121221121111
122111232223
121221121133
121221121122
121221121221
121221121331
121221121313
121221123333
112322133321
121323212133
111111232333
121221123223
121113131121
121221123131
121221123113
121221122222
121311331231
121221122323
121221122112
121221132311
122323321131
121221132232
121113321313
121221132131
121221132113
121221133332
122112122112
123333111121
121221113123
121221113312
123122213313
121221113231
121221113213
123323313311
121221112133
121221112221
122221232322
121221112331
111212332112
121221111211
111222322132
121313312311
121221111233
121312221322
121221111222
121133212121
121221111323
121221111121
121311111123
121311111321
121311111312
121311111213
121311112311
121311112223
123113133222
121311113233
121311113222
121311113112
121311133132
121311133312
121311133213
121311132133
121311132331
122331222233
121311132313
121311131222
122223113212
112222312132
121311131332
121311131112
121212333213
121311122213
121311123111
121222223311
123111111312
122113233123
121311123221
121311123331
123211123222
121311121223
121311121113
121311231111
111232322212
121311231133
121311231122
121311231331
121321123121
111123311222
121311233311
123231333232
121311233223
121213222312
121311232211
121311232121
121311221312
123113312311
121311221231
121311222333
121112321132
121132313311
121311223222
112213332213
121311223121
122211332313
121311223112
121211313111
121311212123
121311212321
121311212312
121321112213
121311213331
121312221311
121311213313
121311211131
111212231312
122213223222
121311321221
121311321212
121311321331
121311323311
122222111222
121311323322
121311323113
121311322121
112333111213
121311331132
112211113322
121311331321
121231223111
121311332333
121311332223
123132232113
112213123121
121311332232
123112332312
123231223113
121311332131
112313223132
112332112211
121311333211
122113112213
121311333332
121313212332
121311313123
121311313321
112132221223
121313133211
121311313312
112312232133
121311312133
121311312212
112223231331
121311312331
123111231133
111112332313
121311311211
121311311112
121313311123
121313311132
123231112112
121313312223
121313312131
121313313233
121313333123
121222122313
121313333321
121332332211
121313333312
121313333231
121313332111
121313332133
123123223322
112212221222
121313332122
112122332221
112321132332
121313332212
121312321222
121313331121
121313331112
121313322132
122221323211
121313322231
121313323111
123122131332
121313323133
121112212133
112123121213
121313323313
121313321311
121313321322
121313321223
121313321232
121321323213
121313321131
121313321113
121313211111
112223123331
121313211331
121313213322
121313213131
122132331321
121313212323
123122333222
121313212121
112233322113
121233323211
121313223132
121122311213
122323113231
121313223231
112333121223
121313222331
121222131223
121313222313
121313221211
121313221233
112222221331
123112231233
121313221222
121313232123
121313232312
121313233221
112123332132
121313233212
121313231311
121313231223
121333132313
121313231113
121313121122
121313123322
121122131123
121313123232
121313123131
121313123113
121313122222
121313131123
121313131132
121313131321
121313131231
121313131213
111211233133
121313132311
121313132322
121313132232
121313113312
121313113213
121313112331
122231111231
122212123312
121313111233
121313111332
123322232123
123112312323
121313111121
121312211132
121312211231
112233231321
121312212322
121321321211
121312213233
121312213323
121312213332
121312213121
121312213112
123111113233
121312233231
111231321331
121312233213
121312232111
121312232133
121312212333
121323223311
112121222121
121312232122
112113331132
121312232331
121312222132
121312222321
121312222312
112132223221
121223313213
123231323112
121312222213
121312223133
121312223122
122131312332
121312223331
121323331331
121312221333
121123123211
121312311221
121131233131
111213332131
122233213223
121312311212
121313121133
122112222221
121133313233
111232333111
121312313311
121312313333
112321232331
122122323233
121312313232
121332332222
121312312211
121312312233
123211111311
121312312222
121312312332
121312323123
121321331311
121312323321
121312323231
121322333112
121333132331
111123212123
121131131112
121312323213
121312322133
123223133222
121312322122
121123323231
121312322212
121312322331
121312321211
122113231233
121312321121
121312332123
123231323323
121322113112
121312332132
121312332312
121312332231
122211122121
121332113113
112313112313
112211133212
122323211221
121312131331
112233132231
123222113133
121312333133
121312333122
121331313323
121312333212
121312331322
111211312131
123313212123
121312331232
123311232213
121312331131
121312131122
121312131313
121312133311
121131122213
121312133223
121312133232
121312133131
121312132332
121233121222
121312132112
121312121321
121312122311
123323133113
121312122333
121312122223
121312122131
121312122113
121312123211
121312123233
121312123222
121332112222
121212232123
121312123323
123332321233
121312123332
123313322233
121312112321
123333123232
121312113133
121312111311
121312111333
112123123222
121323111111
111123133132
121323111331
123123112222
121323111313
121323113232
122321223222
121323113131
122313311232
121323112323
111211311312
121323112332
121322232332
121323123312
111123131323
121323123231
112331131132
121323122111
121323122133
121323122221
121323122331
121323121211
121233222112
121323121233
121323121222
121323121121
121323121112
121323132132
111221111111
121323133133
111223223122
112223121333
121323133212
121323133331
123222121321
121322333121
111121211212
122233212121
121323133313
121323131333
121323131322
121323331122
121123323213
121323333333
121323333322
121132321332
123121232331
112222122212
121323333223
121323332222
121322122312
121331132333
121323322333
121323322322
123232311312
121323322131
112323322333
121323322113
112123133322
121323323233
121232231122
121323323121
121332323332
121323323112
122231323113
121323312321
121132233132
112312311331
121323312213
121323313111
112123313131
122213231221
121323313122
121312333221
121323313221
122312312133
121323311223
122333222231
122211123333
121323221111
122322232133
121332222222
121323223322
111222212112
121213312112
121323223223
121323223232
121323222211
121113322211
123321233332
121323222233
121323222222
121322211223
121323222332
121323222112
121131121232
121323231123
121323231132
123212221231
121323231312
112332223223
122122321321
121323232333
121131232332
121323232322
121323232223
121233133122
121323233323
121323233112
112232323322
121131222232
112131112311
122111231231
121323213123
121323213231
112312222231
121323212111
123331212321
122311133311
121323212122
121323211222
121323211323
121323211332
122112213113
121323211112
121322111123
121322111132
121322112223
121132332312
121322113222
121322113323
122331333113
121322113121
121322133231
121322132133
121322132212
121322131211
122132131211
121322131233
122131232221
121322131323
121322131332
121322131121
121321123233
121322122321
121322123133
121322123122
122311132332
121322121333
121322121322
121322121223
112321311212
121322231133
112233331133
121322231212
122231331312
121321223212
122112222111
121322231331
121322233311
121312121231
121322233322
121322233232
111112211221
121322233113
121322232222
123113233221
121322232323
121322221132
121212111121
121322221321
121322221213
123333123311
121322222311
121322222322
121322222232
111211233313
121322223211
122333211231
111212122111
121322223233
111211131213
121322223222
121322212312
111122331133
121322212213
121322213122
121322213221
121322213331
122231322121
121322213313
121322211333
122122121112
122221312231
121322211232
121322211131
121322211113
121322321313
121322323322
121322323223
121322323131
112222121323
121322323113
121322322233
121322322222
121322322112
121322331123
111121213333
122112113213
121322331312
111121222133
122122111221
122111112112
121322332311
112221231333
121322332322
121322332113
121322313123
121323113223
121322313132
121322313321
121322312111
111122233332
122331111313
121322312133
121322312221
121322312212
121322311211
123322221233
121322311233
121322311222
122332221233
121322311112
123123313122
121131323322
121321211321
122132211113
121223221312
121321211231
121321212333
121321212232
112211122122
121321212113
121321213211
121321213233
121321233312
123312112112
121321233213
121321232111
121321232133
121321232212
121321232331
121321231211
121321231233
121232332113
112332122212
121321231323
112231212223
123123133133
121331231333
112322312111
121321231332
121321231112
123221223121
121321222213
121321223133
121321333111
121321223122
122311213211
121321223331
121213321121
121321221333
121321221322
121321221223
121321311111
121321311221
121321313322
112111223312
112213311111
111112122222
123131231131
121321313232
111223322313
121321312211
121133212323
121321312233
111123331321
121321312332
121321312121
112233233211
121321323123
121321323321
121321323312
123123323332
121321323231
122321231313
121321322212
121321321222
121321321323
121321332132
122212221122
121321333122
121321333221
123113212323
121321331333
121213131221
111211211313
121321331113
121321131133
121321131122
112111112111
121321131331
121321131313
121321133232
121133123113
122131232111
121321132211
121321132233
123112121321
121321212322
121321132323
123332121312
121321132121
121321132112
123312123321
111212233222
121322212321
121321121123
121321122311
121321122322
112233222112
121321122223
112213131221
121321122131
121321123222
123113313332
123222331113
121321123323
122332322213
121321123112
123313131121
121321112123
112312112312
121321112321
121332123321
121321112312
123321312321
112212113312
122311221333
121321113313
123221112232
121321111131
123122123111
121321111113
121332111133
121332111122
121332111331
121332112323
121233132231
121332122133
112113312331
121321311313
121332122331
122311232221
121332121211
121332121233
112122233221
121332121332
121222122212
121332121121
121332132123
123323331322
121332133111
123221123313
121332133133
122311312233
121332133221
121233123231
121332133212
121113313132
121332133331
121332133313
121332131223
121332131131
123321322333
121332331212
121332331331
121332333223
121312233123
112111123113
121332333232
112212113321
121332333131
122332311321
121332332233
121122221222
121332332121
111223223133
121332321132
121332321312
121332321213
121332322223
121332322232
121332322131
121323112121
121332322113
122323221233
121332323121
121332323112
121332312123
121332312321
123121313131
121332312312
121223111231
122233231322
121332313122
121332313221
111232113221
122231212213
121332311232
112131211113
121332311131
121332221122
123112233231
121332223232
121332223113
123232231322
121332222233
112333232233
121332222323
121332222332
121332222121
112331132333
121332231123
121332231132
121332231321
123313333323
121332231231
121332232311
122211331233
121332232223
122212212212
121332233222
111212212122
121332233323
121332213132
121332213213
121332212111
121332212122
121211333311
121332212221
121332212331
121332211211
112312322111
123211133113
121333111132
111231232233
121333112311
121333112322
111211232132
122312222131
121333112113
112122331121
122131213222
121333113112
121333133132
111221111331
121333133321
121333132111
112231112123
121333132122
121333132221
122322221232
121333122321
122211313323
121333132212
121333131233
121333131222
121333131121
121333122123
121333122132
123123121222
121131322222
121333123111
121333123331
121331311213
123112111131
122222311312
121333121333
121222133221
121333121223
121333121232
122232232212
121333121131
121333231133
121333231122
121333231331
111221322232
121333231313
121333233311
121333233232
122222112122
121333233131
121333233113
121333232211
112212111323
121333232332
121333221123
121333221321
123223213131
121333221312
121333221213
121333222333
121333222223
121333222232
121333222131
121333222113
121333223233
121333223222
121333223323
121333223121
121121323222
121333212231
121331313121
121333212213
112311232121
121333213133
121333213122
121333213313
112221121133
121333211333
111213312133
121333211322
121333211223
121333321133
121331323331
123211221311
121333321221
121333321212
121333321313
121333323333
122213112232
121333323322
123332332213
121332112112
122223312211
121333323223
121333323232
121333323131
112321122131
111232311331
121333323113
112133222331
121333322233
121333331132
121333331321
123322121122
121131131332
121333331312
111123323232
121333332333
123323132233
121333332232
123132131223
122312212213
121333332131
111112112122
122211133121
121333332113
121333333233
111121223321
123311221323
121333333112
121333313312
121333313231
121331311321
121333312212
121333311211
123111213331
121333311323
123313223222
121331311312
121331312311
121331312322
121112323222
121331312232
121331312131
121331312113
123112331113
121331313211
121331313222
123221223222
112323121233
121331333132
123222322212
121331332111
121331332133
112113312221
122323332331
121331332221
121331332331
121331332313
121331331233
121331331323
122222331332
123331111213
121331322123
121111312131
121331322213
121222233112
121331323111
121331323122
121331323212
122212231132
121331321311
121331321333
121331321232
121331211122
121331211212
121331213311
121331213322
122312232121
112333133312
121331213223
121331213113
121331212222
121331212332
123331311323
121331223123
121331223132
123133311112
121331223321
112213121312
121331223312
112332233323
111232311133
121331223231
121331223213
121133323331
121331222111
123233122113
121331222133
121331222221
121331221121
121331221112
121332321231
121331232132
121111123113
121333111213
121331232312
123331313123
121331233133
122223321121
121331233212
121331233331
121331231311
121331231223
121331231232
123233112132
112332211121
121331231131
121331323221
112112111133
121331121111
123323211312
121331121313
121331123333
121331123232
122233113132
121331123131
112231331131
121331122211
123332112123
122213132111
121331122323
121133221332
123223123131
121331122121
121331131123
121311213212
121331131321
122232211321
123223233221
123213211222
121331131213
121331132311
123111322211
112221212121
121331132223
111112111323
121331132113
121331133233
121331133222
112211133122
121331133323
122112233331
121331133121
112311333121
122231232233
121331113312
123113331222
111213221213
121331111211
121331111233
121331111222
121131111231
121112232232
111212331331
121131111213
121131112311
122231333323
121131112322
121233332211
121131112223
121131112131
121131113323
112222322131
121131113332
121131113112
121131133123
121131133132
121131133321
121131133312
121332123231
121131133213
121131132111
121131132212
121131132331
121131132313
123113213333
121131131323
121131122123
121131123122
121131123212
121131123313
121233311131
122121233122
121131121333
121131231221
121131233311
111233123113
121131233322
121333112232
121131233223
121311311121
121131233113
121131232233
122223133333
121131232222
123113232321
121131232323
112211232322
123311123333
121131221321
121123121321
121131222311
121131222333
121131222113
121131223233
123123221313
121131223222
123111311211
123113311312
121131223332
121131223121
112322132221
121131223112
121131212123
121131212132
121131213221
121131213313
121122211313
121131211322
121131321111
121131321122
111231121322
121131321212
121131322211
123323131313
123232112122
121131322323
121131322112
121131331132
121131332131
122122333322
121131333233
122213223121
121131333332
121123222132
123232231333
121131313213
122131112123
121131312133
111123322332
121131312212
121131311222
121131311332
121133311123
121133311321
112211233233
121133311312
111112122233
121133311231
123121123112
112313221332
121133312223
121133312232
121133312113
123123312213
121133313211
121133313323
111232221232
121133313332
111231311121
121133313121
121133333321
121133333312
121133332212
121133332313
121133331211
122123233232
121133331233
122122222323
121133331332
121322121131
123231123321
121133322231
121133323313
121133211111
